ISO-10303-21;
HEADER;
/* Generated by software containing ST-Developer
 * from STEP Tools, Inc. (www.steptools.com) 
 */
/* OPTION: using custom renumber hook */

FILE_DESCRIPTION(
/* description */ ('STEP AP242',
'CAx-IF Rec.Pracs.---Representation and Presentation of Product Manufa
cturing Information (PMI)---4.0---2014-10-13',
'CAx-IF Rec.Pracs.---3D Tessellated Geometry---0.4---2014-09-14','2;1',
'CAx-IF Rec.Pracs.---User Defined Attributes---1.5---2016-08-15'),
/* implementation_level */ '2;1');

FILE_NAME(
/* name */ '69062bc0d49f16a08f539417',
/* time_stamp */ '2025-11-01T15:48:17Z',
/* author */ (''),
/* organization */ (''),
/* preprocessor_version */ 'ST-DEVELOPER v20',
/* originating_system */ 'ONSHAPE BY PTC INC, 1.206',
/* authorisation */ '  ');

FILE_SCHEMA (('AP242_MANAGED_MODEL_BASED_3D_ENGINEERING_MIM_LF { 1 0 10303 442 1 1 4 }'));
ENDSEC;

DATA;
#10=SHAPE_REPRESENTATION_RELATIONSHIP('','',#4215,#11);
#11=ADVANCED_BREP_SHAPE_REPRESENTATION('',(#4213),#7731);
#12=ORIENTED_CLOSED_SHELL('',*,#4204,.F.);
#13=(
BOUNDED_SURFACE()
B_SPLINE_SURFACE(3,2,((#7259,#7260,#7261),(#7262,#7263,#7264),(#7265,#7266,
#7267),(#7268,#7269,#7270),(#7271,#7272,#7273)),.UNSPECIFIED.,.F.,.F.,.F.)
B_SPLINE_SURFACE_WITH_KNOTS((4,1,4),(3,3),(2.22261445359528E-18,0.00129856449788442,
0.00259712899576883),(0.,1.),.UNSPECIFIED.)
GEOMETRIC_REPRESENTATION_ITEM()
RATIONAL_B_SPLINE_SURFACE(((1.,0.866025403784523,1.),(1.,0.866025414220791,
1.),(1.,0.989097231847796,1.),(1.,1.00000000489756,1.),(1.,1.,1.)))
REPRESENTATION_ITEM('')
SURFACE()
);
#14=(
BOUNDED_SURFACE()
B_SPLINE_SURFACE(3,2,((#7279,#7280,#7281),(#7282,#7283,#7284),(#7285,#7286,
#7287),(#7288,#7289,#7290),(#7291,#7292,#7293)),.UNSPECIFIED.,.F.,.F.,.F.)
B_SPLINE_SURFACE_WITH_KNOTS((4,1,4),(3,3),(-7.47557397928755E-17,0.00129856449788437,
0.00259712899576881),(0.,1.),.UNSPECIFIED.)
GEOMETRIC_REPRESENTATION_ITEM()
RATIONAL_B_SPLINE_SURFACE(((1.,0.866025403784523,1.),(1.,0.866025414217877,
1.),(1.,0.989097231849198,1.),(1.,1.00000000489759,1.),(1.,1.,1.)))
REPRESENTATION_ITEM('')
SURFACE()
);
#15=(
BOUNDED_SURFACE()
B_SPLINE_SURFACE(3,2,((#7348,#7349,#7350),(#7351,#7352,#7353),(#7354,#7355,
#7356),(#7357,#7358,#7359),(#7360,#7361,#7362)),.UNSPECIFIED.,.F.,.F.,.F.)
B_SPLINE_SURFACE_WITH_KNOTS((4,1,4),(3,3),(-1.16768573976689E-16,0.00129856449788411,
0.00259712899576834),(0.,1.),.UNSPECIFIED.)
GEOMETRIC_REPRESENTATION_ITEM()
RATIONAL_B_SPLINE_SURFACE(((1.,0.866025403784521,1.),(1.,0.86602541440648,
1.),(1.,0.98909723175507,1.),(1.,1.00000000489759,1.),(1.,1.,1.)))
REPRESENTATION_ITEM('')
SURFACE()
);
#16=(
BOUNDED_SURFACE()
B_SPLINE_SURFACE(3,2,((#7368,#7369,#7370),(#7371,#7372,#7373),(#7374,#7375,
#7376),(#7377,#7378,#7379),(#7380,#7381,#7382)),.UNSPECIFIED.,.F.,.F.,.F.)
B_SPLINE_SURFACE_WITH_KNOTS((4,1,4),(3,3),(-3.87060175577325E-17,0.00129856449788406,
0.00259712899576815),(0.,1.),.UNSPECIFIED.)
GEOMETRIC_REPRESENTATION_ITEM()
RATIONAL_B_SPLINE_SURFACE(((1.,0.866025403784489,1.),(1.,0.866025414238727,
1.),(1.,0.989097231838754,1.),(1.,1.00000000489766,1.),(1.,1.,1.)))
REPRESENTATION_ITEM('')
SURFACE()
);
#17=B_SPLINE_CURVE_WITH_KNOTS('',3,(#6989,#6990,#6991,#6992,#6993),
 .UNSPECIFIED.,.F.,.F.,(4,1,4),(0.,0.00171674241923467,0.00343348483846934),
 .UNSPECIFIED.);
#18=B_SPLINE_CURVE_WITH_KNOTS('',3,(#7000,#7001,#7002,#7003,#7004),
 .UNSPECIFIED.,.F.,.F.,(4,1,4),(0.,0.0017167424192347,0.0034334848384694),
 .UNSPECIFIED.);
#19=B_SPLINE_CURVE_WITH_KNOTS('',3,(#7006,#7007,#7008,#7009,#7010),
 .UNSPECIFIED.,.F.,.F.,(4,1,4),(0.,0.0017167424192347,0.0034334848384694),
 .UNSPECIFIED.);
#20=B_SPLINE_CURVE_WITH_KNOTS('',3,(#7016,#7017,#7018,#7019,#7020),
 .UNSPECIFIED.,.F.,.F.,(4,1,4),(0.,0.00171674241923467,0.00343348483846934),
 .UNSPECIFIED.);
#21=B_SPLINE_CURVE_WITH_KNOTS('',3,(#7100,#7101,#7102,#7103,#7104),
 .UNSPECIFIED.,.F.,.F.,(4,1,4),(0.,0.0016973092192763,0.0033946184385526),
 .UNSPECIFIED.);
#22=B_SPLINE_CURVE_WITH_KNOTS('',3,(#7112,#7113,#7114,#7115),
 .UNSPECIFIED.,.F.,.F.,(4,4),(1.98014024210595E-7,0.00212881180432909),
 .UNSPECIFIED.);
#23=B_SPLINE_CURVE_WITH_KNOTS('',3,(#7116,#7117,#7118,#7119),
 .UNSPECIFIED.,.F.,.F.,(4,4),(-1.23233668592746E-5,0.00211629042344458),
 .UNSPECIFIED.);
#24=B_SPLINE_CURVE_WITH_KNOTS('',3,(#7127,#7128,#7129,#7130),
 .UNSPECIFIED.,.F.,.F.,(4,4),(-1.23233668592649E-5,0.00211629042344463),
 .UNSPECIFIED.);
#25=B_SPLINE_CURVE_WITH_KNOTS('',3,(#7136,#7137,#7138,#7139),
 .UNSPECIFIED.,.F.,.F.,(4,4),(1.98014011579236E-7,0.00212881180432906),
 .UNSPECIFIED.);
#26=B_SPLINE_CURVE_WITH_KNOTS('',3,(#7143,#7144,#7145,#7146),
 .UNSPECIFIED.,.F.,.F.,(4,4),(-1.23233668592494E-5,0.0021162904234446),
 .UNSPECIFIED.);
#27=B_SPLINE_CURVE_WITH_KNOTS('',3,(#7154,#7155,#7156,#7157),
 .UNSPECIFIED.,.F.,.F.,(4,4),(1.98014011580954E-7,0.00212881180432908),
 .UNSPECIFIED.);
#28=B_SPLINE_CURVE_WITH_KNOTS('',3,(#7158,#7159,#7160,#7161),
 .UNSPECIFIED.,.F.,.F.,(4,4),(-1.23233668592638E-5,0.00211629042344458),
 .UNSPECIFIED.);
#29=B_SPLINE_CURVE_WITH_KNOTS('',3,(#7169,#7170,#7171,#7172),
 .UNSPECIFIED.,.F.,.F.,(4,4),(1.98014011574205E-7,0.00212881180432906),
 .UNSPECIFIED.);
#30=B_SPLINE_CURVE_WITH_KNOTS('',3,(#7173,#7174,#7175,#7176),
 .UNSPECIFIED.,.F.,.F.,(4,4),(-1.23233668592789E-5,0.00211629042344458),
 .UNSPECIFIED.);
#31=B_SPLINE_CURVE_WITH_KNOTS('',3,(#7182,#7183,#7184,#7185),
 .UNSPECIFIED.,.F.,.F.,(4,4),(1.98014011580217E-7,0.00212881180432907),
 .UNSPECIFIED.);
#32=B_SPLINE_CURVE_WITH_KNOTS('',3,(#7189,#7190,#7191,#7192),
 .UNSPECIFIED.,.F.,.F.,(4,4),(-1.23233668592758E-5,0.00211629042344459),
 .UNSPECIFIED.);
#33=B_SPLINE_CURVE_WITH_KNOTS('',3,(#7198,#7199,#7200,#7201),
 .UNSPECIFIED.,.F.,.F.,(4,4),(1.98014011630138E-7,0.00212881180432913),
 .UNSPECIFIED.);
#34=B_SPLINE_CURVE_WITH_KNOTS('',3,(#7206,#7207,#7208,#7209,#7210),
 .UNSPECIFIED.,.F.,.F.,(4,1,4),(0.,0.00160297180352631,0.00320594360705262),
 .UNSPECIFIED.);
#35=B_SPLINE_CURVE_WITH_KNOTS('',3,(#7212,#7213,#7214,#7215,#7216),
 .UNSPECIFIED.,.F.,.F.,(4,1,4),(0.,0.0016973092192763,0.0033946184385526),
 .UNSPECIFIED.);
#36=B_SPLINE_CURVE_WITH_KNOTS('',3,(#7218,#7219,#7220,#7221,#7222),
 .UNSPECIFIED.,.F.,.F.,(4,1,4),(0.,0.00171674241923467,0.00343348483846935),
 .UNSPECIFIED.);
#37=B_SPLINE_CURVE_WITH_KNOTS('',3,(#7231,#7232,#7233,#7234,#7235),
 .UNSPECIFIED.,.F.,.F.,(4,1,4),(8.39147267120964E-17,0.00160297180352635,
0.00320594360705262),.UNSPECIFIED.);
#38=B_SPLINE_CURVE_WITH_KNOTS('',3,(#7244,#7245,#7246,#7247,#7248),
 .UNSPECIFIED.,.F.,.F.,(4,1,4),(0.,0.00171674241923467,0.00343348483846935),
 .UNSPECIFIED.);
#39=B_SPLINE_CURVE_WITH_KNOTS('',3,(#7250,#7251,#7252,#7253,#7254),
 .UNSPECIFIED.,.F.,.F.,(4,1,4),(0.,0.00171674241923489,0.00343348483846977),
 .UNSPECIFIED.);
#40=B_SPLINE_CURVE_WITH_KNOTS('',3,(#7274,#7275,#7276,#7277,#7278),
 .UNSPECIFIED.,.F.,.F.,(4,1,4),(0.,0.00159437744123426,0.00318875488246851),
 .UNSPECIFIED.);
#41=B_SPLINE_CURVE_WITH_KNOTS('',3,(#7294,#7295,#7296,#7297,#7298),
 .UNSPECIFIED.,.F.,.F.,(4,1,4),(0.,0.00159437744123428,0.00318875488246857),
 .UNSPECIFIED.);
#42=B_SPLINE_CURVE_WITH_KNOTS('',3,(#7304,#7305,#7306,#7307,#7308),
 .UNSPECIFIED.,.F.,.F.,(4,1,4),(0.,0.00159437744123384,0.00318875488246768),
 .UNSPECIFIED.);
#43=B_SPLINE_CURVE_WITH_KNOTS('',3,(#7310,#7311,#7312,#7313,#7314),
 .UNSPECIFIED.,.F.,.F.,(4,1,4),(0.,0.00171674241923488,0.00343348483846976),
 .UNSPECIFIED.);
#44=B_SPLINE_CURVE_WITH_KNOTS('',3,(#7327,#7328,#7329,#7330,#7331),
 .UNSPECIFIED.,.F.,.F.,(4,1,4),(0.,0.00159437744123376,0.00318875488246752),
 .UNSPECIFIED.);
#45=B_SPLINE_CURVE_WITH_KNOTS('',3,(#7363,#7364,#7365,#7366,#7367),
 .UNSPECIFIED.,.F.,.F.,(4,1,4),(0.,0.00160297180352625,0.00320594360705249),
 .UNSPECIFIED.);
#46=B_SPLINE_CURVE_WITH_KNOTS('',3,(#7383,#7384,#7385,#7386,#7387),
 .UNSPECIFIED.,.F.,.F.,(4,1,4),(8.32667268468867E-17,0.00160297180352614,
0.0032059436070522),.UNSPECIFIED.);
#47=B_SPLINE_CURVE_WITH_KNOTS('',3,(#7416,#7417,#7418,#7419),
 .UNSPECIFIED.,.F.,.F.,(4,4),(1.98014024290562E-7,0.00212881180432928),
 .UNSPECIFIED.);
#48=B_SPLINE_CURVE_WITH_KNOTS('',3,(#7420,#7421,#7422,#7423),
 .UNSPECIFIED.,.F.,.F.,(4,4),(-1.23233668593732E-5,0.00211629042344418),
 .UNSPECIFIED.);
#49=B_SPLINE_CURVE_WITH_KNOTS('',3,(#7435,#7436,#7437,#7438),
 .UNSPECIFIED.,.F.,.F.,(4,4),(-1.23233668600809E-5,0.00211628959822599),
 .UNSPECIFIED.);
#50=B_SPLINE_CURVE_WITH_KNOTS('',3,(#7444,#7445,#7446,#7447),
 .UNSPECIFIED.,.F.,.F.,(4,4),(3.91719629315656E-5,0.00216777843793029),
 .UNSPECIFIED.);
#51=B_SPLINE_CURVE_WITH_KNOTS('',3,(#7454,#7455,#7456,#7457),
 .UNSPECIFIED.,.F.,.F.,(4,4),(-1.23233668594438E-5,0.00211628310813528),
 .UNSPECIFIED.);
#52=B_SPLINE_CURVE_WITH_KNOTS('',3,(#7463,#7464,#7465,#7466),
 .UNSPECIFIED.,.F.,.F.,(4,4),(1.31621336799882E-5,0.00214177509876416),
 .UNSPECIFIED.);
#53=B_SPLINE_CURVE_WITH_KNOTS('',3,(#7479,#7480,#7481,#7482),
 .UNSPECIFIED.,.F.,.F.,(4,4),(-1.23233668591726E-5,0.00211628959822683),
 .UNSPECIFIED.);
#54=B_SPLINE_CURVE_WITH_KNOTS('',3,(#7483,#7484,#7485,#7486),
 .UNSPECIFIED.,.F.,.F.,(4,4),(3.91719629314797E-5,0.00216777843793551),
 .UNSPECIFIED.);
#55=B_SPLINE_CURVE_WITH_KNOTS('',3,(#7496,#7497,#7498,#7499),
 .UNSPECIFIED.,.F.,.F.,(4,4),(1.31621336799989E-5,0.00214177509876483),
 .UNSPECIFIED.);
#56=B_SPLINE_CURVE_WITH_KNOTS('',3,(#7505,#7506,#7507,#7508),
 .UNSPECIFIED.,.F.,.F.,(4,4),(-1.23233668590081E-5,0.00211628310813821),
 .UNSPECIFIED.);
#57=B_SPLINE_CURVE_WITH_KNOTS('',3,(#7513,#7514,#7515,#7516),
 .UNSPECIFIED.,.F.,.F.,(4,4),(-1.2323366859166E-5,0.00211629042344477),
 .UNSPECIFIED.);
#58=B_SPLINE_CURVE_WITH_KNOTS('',3,(#7517,#7518,#7519,#7520),
 .UNSPECIFIED.,.F.,.F.,(4,4),(1.98014024141893E-7,0.00212881180432912),
 .UNSPECIFIED.);
#59=B_SPLINE_CURVE_WITH_KNOTS('',3,(#7558,#7559,#7560,#7561,#7562),
 .UNSPECIFIED.,.F.,.F.,(4,1,4),(0.,0.00171674241923472,0.00343348483846943),
 .UNSPECIFIED.);
#60=B_SPLINE_CURVE_WITH_KNOTS('',3,(#7568,#7569,#7570,#7571,#7572),
 .UNSPECIFIED.,.F.,.F.,(4,1,4),(0.,0.00171674241923472,0.00343348483846943),
 .UNSPECIFIED.);
#61=TOROIDAL_SURFACE('',#4372,0.00865,0.002);
#62=TOROIDAL_SURFACE('',#4380,0.00865,0.002);
#63=TOROIDAL_SURFACE('',#4382,0.00865,0.002);
#64=TOROIDAL_SURFACE('',#4387,0.00865,0.002);
#65=TOROIDAL_SURFACE('',#4436,0.00975,0.002);
#66=TOROIDAL_SURFACE('',#4442,0.00975,0.002);
#67=TOROIDAL_SURFACE('',#4443,0.00975,0.002);
#68=TOROIDAL_SURFACE('',#4448,0.00975,0.002);
#69=TOROIDAL_SURFACE('',#4453,0.00865,0.002);
#70=TOROIDAL_SURFACE('',#4462,0.00865,0.002);
#71=TOROIDAL_SURFACE('',#4464,0.00865,0.002);
#72=TOROIDAL_SURFACE('',#4469,0.00865,0.002);
#73=TOROIDAL_SURFACE('',#4523,0.00865,0.002);
#74=TOROIDAL_SURFACE('',#4536,0.004,0.002);
#75=TOROIDAL_SURFACE('',#4540,0.004,0.002);
#76=TOROIDAL_SURFACE('',#4541,0.004,0.002);
#77=TOROIDAL_SURFACE('',#4545,0.004,0.002);
#78=TOROIDAL_SURFACE('',#4549,0.004,0.002);
#79=TOROIDAL_SURFACE('',#4553,0.004,0.002);
#80=TOROIDAL_SURFACE('',#4554,0.004,0.002);
#81=TOROIDAL_SURFACE('',#4558,0.004,0.002);
#82=TOROIDAL_SURFACE('',#4563,0.00865,0.002);
#83=TOROIDAL_SURFACE('',#4581,0.00975,0.002);
#84=TOROIDAL_SURFACE('',#4590,0.0024,0.002);
#85=TOROIDAL_SURFACE('',#4591,0.00975,0.002);
#86=TOROIDAL_SURFACE('',#4594,0.00865,0.002);
#87=TOROIDAL_SURFACE('',#4599,0.00865,0.002);
#88=TOROIDAL_SURFACE('',#4603,0.0024,0.002);
#89=TOROIDAL_SURFACE('',#4653,0.004,0.002);
#90=TOROIDAL_SURFACE('',#4657,0.004,0.002);
#91=TOROIDAL_SURFACE('',#4661,0.004,0.002);
#92=TOROIDAL_SURFACE('',#4665,0.004,0.002);
#93=TOROIDAL_SURFACE('',#4678,0.004,0.002);
#94=TOROIDAL_SURFACE('',#4680,0.004,0.002);
#95=TOROIDAL_SURFACE('',#4690,0.004,0.002);
#96=TOROIDAL_SURFACE('',#4699,0.004,0.002);
#97=TOROIDAL_SURFACE('',#4714,0.00865,0.002);
#98=TOROIDAL_SURFACE('',#4719,0.00865,0.002);
#99=TOROIDAL_SURFACE('',#4729,0.00975,0.002);
#100=TOROIDAL_SURFACE('',#4738,0.00975,0.002);
#101=TOROIDAL_SURFACE('',#4753,0.00865,0.002);
#102=TOROIDAL_SURFACE('',#4755,0.00865,0.002);
#103=TOROIDAL_SURFACE('',#4819,0.00975,0.002);
#104=TOROIDAL_SURFACE('',#4821,0.00975,0.002);
#105=SPHERICAL_SURFACE('',#4366,0.002);
#106=SPHERICAL_SURFACE('',#4375,0.002);
#107=SPHERICAL_SURFACE('',#4377,0.002);
#108=SPHERICAL_SURFACE('',#4390,0.002);
#109=SPHERICAL_SURFACE('',#4397,0.002);
#110=SPHERICAL_SURFACE('',#4406,0.002);
#111=SPHERICAL_SURFACE('',#4408,0.002);
#112=SPHERICAL_SURFACE('',#4415,0.002);
#113=SPHERICAL_SURFACE('',#4417,0.002);
#114=SPHERICAL_SURFACE('',#4421,0.002);
#115=SPHERICAL_SURFACE('',#4423,0.002);
#116=SPHERICAL_SURFACE('',#4434,0.002);
#117=SPHERICAL_SURFACE('',#4440,0.002);
#118=SPHERICAL_SURFACE('',#4444,0.002);
#119=SPHERICAL_SURFACE('',#4446,0.002);
#120=SPHERICAL_SURFACE('',#4451,0.002);
#121=SPHERICAL_SURFACE('',#4476,0.002);
#122=SPHERICAL_SURFACE('',#4481,0.002);
#123=SPHERICAL_SURFACE('',#4483,0.002);
#124=SPHERICAL_SURFACE('',#4485,0.002);
#125=SPHERICAL_SURFACE('',#4487,0.002);
#126=SPHERICAL_SURFACE('',#4489,0.002);
#127=SPHERICAL_SURFACE('',#4491,0.002);
#128=SPHERICAL_SURFACE('',#4495,0.002);
#129=SPHERICAL_SURFACE('',#4525,0.002);
#130=SPHERICAL_SURFACE('',#4527,0.002);
#131=SPHERICAL_SURFACE('',#4533,0.002);
#132=SPHERICAL_SURFACE('',#4559,0.002);
#133=SPHERICAL_SURFACE('',#4582,0.002);
#134=SPHERICAL_SURFACE('',#4584,0.002);
#135=SPHERICAL_SURFACE('',#4586,0.002);
#136=SPHERICAL_SURFACE('',#4588,0.002);
#137=SPHERICAL_SURFACE('',#4614,0.002);
#138=SPHERICAL_SURFACE('',#4616,0.002);
#139=SPHERICAL_SURFACE('',#4618,0.002);
#140=SPHERICAL_SURFACE('',#4620,0.002);
#141=SPHERICAL_SURFACE('',#4622,0.002);
#142=SPHERICAL_SURFACE('',#4624,0.002);
#143=SPHERICAL_SURFACE('',#4651,0.002);
#144=SPHERICAL_SURFACE('',#4666,0.002);
#145=SPHERICAL_SURFACE('',#4668,0.002);
#146=SPHERICAL_SURFACE('',#4671,0.002);
#147=SPHERICAL_SURFACE('',#4703,0.002);
#148=SPHERICAL_SURFACE('',#4705,0.002);
#149=SPHERICAL_SURFACE('',#4712,0.002);
#150=SPHERICAL_SURFACE('',#4721,0.002);
#151=SPHERICAL_SURFACE('',#4724,0.002);
#152=SPHERICAL_SURFACE('',#4726,0.002);
#153=SPHERICAL_SURFACE('',#4743,0.002);
#154=SPHERICAL_SURFACE('',#4745,0.002);
#155=SPHERICAL_SURFACE('',#4747,0.002);
#156=SPHERICAL_SURFACE('',#4749,0.002);
#157=SPHERICAL_SURFACE('',#4759,0.002);
#158=SPHERICAL_SURFACE('',#4761,0.002);
#159=SPHERICAL_SURFACE('',#4787,0.002);
#160=SPHERICAL_SURFACE('',#4789,0.002);
#161=SPHERICAL_SURFACE('',#4791,0.002);
#162=SPHERICAL_SURFACE('',#4793,0.002);
#163=SPHERICAL_SURFACE('',#4809,0.002);
#164=SPHERICAL_SURFACE('',#4811,0.002);
#165=SPHERICAL_SURFACE('',#4813,0.002);
#166=SPHERICAL_SURFACE('',#4815,0.002);
#167=SPHERICAL_SURFACE('',#4825,0.002);
#168=SPHERICAL_SURFACE('',#4827,0.002);
#169=CYLINDRICAL_SURFACE('',#4283,0.00665);
#170=CYLINDRICAL_SURFACE('',#4286,0.00775);
#171=CYLINDRICAL_SURFACE('',#4289,0.00775);
#172=CYLINDRICAL_SURFACE('',#4292,0.00775);
#173=CYLINDRICAL_SURFACE('',#4295,0.00665);
#174=CYLINDRICAL_SURFACE('',#4298,0.00665);
#175=CYLINDRICAL_SURFACE('',#4301,0.00665);
#176=CYLINDRICAL_SURFACE('',#4304,0.00665);
#177=CYLINDRICAL_SURFACE('',#4307,0.00665);
#178=CYLINDRICAL_SURFACE('',#4318,0.00325);
#179=CYLINDRICAL_SURFACE('',#4319,0.00435);
#180=CYLINDRICAL_SURFACE('',#4320,0.00325);
#181=CYLINDRICAL_SURFACE('',#4321,0.00325);
#182=CYLINDRICAL_SURFACE('',#4322,0.00325);
#183=CYLINDRICAL_SURFACE('',#4325,0.00665);
#184=CYLINDRICAL_SURFACE('',#4328,0.00775);
#185=CYLINDRICAL_SURFACE('',#4331,0.00665);
#186=CYLINDRICAL_SURFACE('',#4354,0.0004);
#187=CYLINDRICAL_SURFACE('',#4357,0.000400000000000145);
#188=CYLINDRICAL_SURFACE('',#4360,0.000399999999999947);
#189=CYLINDRICAL_SURFACE('',#4363,0.002);
#190=CYLINDRICAL_SURFACE('',#4369,0.002);
#191=CYLINDRICAL_SURFACE('',#4384,0.002);
#192=CYLINDRICAL_SURFACE('',#4392,0.002);
#193=CYLINDRICAL_SURFACE('',#4394,0.002);
#194=CYLINDRICAL_SURFACE('',#4399,0.002);
#195=CYLINDRICAL_SURFACE('',#4401,0.002);
#196=CYLINDRICAL_SURFACE('',#4404,0.002);
#197=CYLINDRICAL_SURFACE('',#4410,0.002);
#198=CYLINDRICAL_SURFACE('',#4412,0.002);
#199=CYLINDRICAL_SURFACE('',#4419,0.002);
#200=CYLINDRICAL_SURFACE('',#4425,0.002);
#201=CYLINDRICAL_SURFACE('',#4427,0.002);
#202=CYLINDRICAL_SURFACE('',#4429,0.002);
#203=CYLINDRICAL_SURFACE('',#4432,0.002);
#204=CYLINDRICAL_SURFACE('',#4437,0.002);
#205=CYLINDRICAL_SURFACE('',#4449,0.002);
#206=CYLINDRICAL_SURFACE('',#4455,0.002);
#207=CYLINDRICAL_SURFACE('',#4457,0.002);
#208=CYLINDRICAL_SURFACE('',#4460,0.002);
#209=CYLINDRICAL_SURFACE('',#4466,0.002);
#210=CYLINDRICAL_SURFACE('',#4471,0.002);
#211=CYLINDRICAL_SURFACE('',#4473,0.002);
#212=CYLINDRICAL_SURFACE('',#4478,0.002);
#213=CYLINDRICAL_SURFACE('',#4493,0.002);
#214=CYLINDRICAL_SURFACE('',#4497,0.002);
#215=CYLINDRICAL_SURFACE('',#4499,0.002);
#216=CYLINDRICAL_SURFACE('',#4501,0.002);
#217=CYLINDRICAL_SURFACE('',#4503,0.002);
#218=CYLINDRICAL_SURFACE('',#4505,0.002);
#219=CYLINDRICAL_SURFACE('',#4508,0.002);
#220=CYLINDRICAL_SURFACE('',#4510,0.002);
#221=CYLINDRICAL_SURFACE('',#4513,0.002);
#222=CYLINDRICAL_SURFACE('',#4515,0.002);
#223=CYLINDRICAL_SURFACE('',#4517,0.002);
#224=CYLINDRICAL_SURFACE('',#4520,0.002);
#225=CYLINDRICAL_SURFACE('',#4530,0.002);
#226=CYLINDRICAL_SURFACE('',#4538,0.002);
#227=CYLINDRICAL_SURFACE('',#4543,0.002);
#228=CYLINDRICAL_SURFACE('',#4547,0.002);
#229=CYLINDRICAL_SURFACE('',#4551,0.002);
#230=CYLINDRICAL_SURFACE('',#4556,0.002);
#231=CYLINDRICAL_SURFACE('',#4562,0.002);
#232=CYLINDRICAL_SURFACE('',#4564,0.002);
#233=CYLINDRICAL_SURFACE('',#4565,0.002);
#234=CYLINDRICAL_SURFACE('',#4567,0.002);
#235=CYLINDRICAL_SURFACE('',#4570,0.002);
#236=CYLINDRICAL_SURFACE('',#4572,0.002);
#237=CYLINDRICAL_SURFACE('',#4573,0.002);
#238=CYLINDRICAL_SURFACE('',#4575,0.002);
#239=CYLINDRICAL_SURFACE('',#4578,0.002);
#240=CYLINDRICAL_SURFACE('',#4580,0.002);
#241=CYLINDRICAL_SURFACE('',#4592,0.002);
#242=CYLINDRICAL_SURFACE('',#4596,0.002);
#243=CYLINDRICAL_SURFACE('',#4601,0.002);
#244=CYLINDRICAL_SURFACE('',#4604,0.002);
#245=CYLINDRICAL_SURFACE('',#4606,0.002);
#246=CYLINDRICAL_SURFACE('',#4609,0.002);
#247=CYLINDRICAL_SURFACE('',#4611,0.002);
#248=CYLINDRICAL_SURFACE('',#4626,0.002);
#249=CYLINDRICAL_SURFACE('',#4628,0.002);
#250=CYLINDRICAL_SURFACE('',#4630,0.002);
#251=CYLINDRICAL_SURFACE('',#4633,0.002);
#252=CYLINDRICAL_SURFACE('',#4635,0.002);
#253=CYLINDRICAL_SURFACE('',#4637,0.002);
#254=CYLINDRICAL_SURFACE('',#4640,0.002);
#255=CYLINDRICAL_SURFACE('',#4642,0.002);
#256=CYLINDRICAL_SURFACE('',#4645,0.002);
#257=CYLINDRICAL_SURFACE('',#4647,0.002);
#258=CYLINDRICAL_SURFACE('',#4649,0.002);
#259=CYLINDRICAL_SURFACE('',#4655,0.002);
#260=CYLINDRICAL_SURFACE('',#4658,0.002);
#261=CYLINDRICAL_SURFACE('',#4663,0.002);
#262=CYLINDRICAL_SURFACE('',#4674,0.002);
#263=CYLINDRICAL_SURFACE('',#4675,0.002);
#264=CYLINDRICAL_SURFACE('',#4683,0.002);
#265=CYLINDRICAL_SURFACE('',#4685,0.002);
#266=CYLINDRICAL_SURFACE('',#4686,0.002);
#267=CYLINDRICAL_SURFACE('',#4687,0.002);
#268=CYLINDRICAL_SURFACE('',#4692,0.002);
#269=CYLINDRICAL_SURFACE('',#4694,0.002);
#270=CYLINDRICAL_SURFACE('',#4697,0.002);
#271=CYLINDRICAL_SURFACE('',#4701,0.002);
#272=CYLINDRICAL_SURFACE('',#4707,0.002);
#273=CYLINDRICAL_SURFACE('',#4709,0.002);
#274=CYLINDRICAL_SURFACE('',#4716,0.002);
#275=CYLINDRICAL_SURFACE('',#4723,0.002);
#276=CYLINDRICAL_SURFACE('',#4728,0.002);
#277=CYLINDRICAL_SURFACE('',#4731,0.002);
#278=CYLINDRICAL_SURFACE('',#4733,0.002);
#279=CYLINDRICAL_SURFACE('',#4736,0.002);
#280=CYLINDRICAL_SURFACE('',#4740,0.002);
#281=CYLINDRICAL_SURFACE('',#4751,0.002);
#282=CYLINDRICAL_SURFACE('',#4757,0.002);
#283=CYLINDRICAL_SURFACE('',#4763,0.002);
#284=CYLINDRICAL_SURFACE('',#4768,0.00775);
#285=CYLINDRICAL_SURFACE('',#4775,0.002);
#286=CYLINDRICAL_SURFACE('',#4778,0.002);
#287=CYLINDRICAL_SURFACE('',#4781,0.002);
#288=CYLINDRICAL_SURFACE('',#4784,0.002);
#289=CYLINDRICAL_SURFACE('',#4795,0.002);
#290=CYLINDRICAL_SURFACE('',#4797,0.002);
#291=CYLINDRICAL_SURFACE('',#4799,0.002);
#292=CYLINDRICAL_SURFACE('',#4802,0.002);
#293=CYLINDRICAL_SURFACE('',#4804,0.002);
#294=CYLINDRICAL_SURFACE('',#4806,0.002);
#295=CYLINDRICAL_SURFACE('',#4817,0.002);
#296=CYLINDRICAL_SURFACE('',#4823,0.002);
#297=CYLINDRICAL_SURFACE('',#4829,0.002);
#298=CIRCLE('',#4218,0.004);
#299=CIRCLE('',#4220,0.004);
#300=CIRCLE('',#4222,0.004);
#301=CIRCLE('',#4224,0.004);
#302=CIRCLE('',#4225,0.004);
#303=CIRCLE('',#4226,0.004);
#304=CIRCLE('',#4227,0.004);
#305=CIRCLE('',#4229,0.004);
#306=CIRCLE('',#4231,0.004);
#307=CIRCLE('',#4233,0.004);
#308=CIRCLE('',#4235,0.004);
#309=CIRCLE('',#4236,0.004);
#310=CIRCLE('',#4237,0.004);
#311=CIRCLE('',#4238,0.004);
#312=CIRCLE('',#4240,0.0024);
#313=CIRCLE('',#4241,0.00325);
#314=CIRCLE('',#4242,0.00325);
#315=CIRCLE('',#4243,0.00435);
#316=CIRCLE('',#4244,0.00325);
#317=CIRCLE('',#4245,0.00325);
#318=CIRCLE('',#4247,0.0024);
#319=CIRCLE('',#4248,0.00325);
#320=CIRCLE('',#4249,0.00325);
#321=CIRCLE('',#4250,0.00435);
#322=CIRCLE('',#4251,0.00325);
#323=CIRCLE('',#4252,0.00325);
#324=CIRCLE('',#4255,0.00865);
#325=CIRCLE('',#4256,0.00975);
#326=CIRCLE('',#4257,0.00865);
#327=CIRCLE('',#4259,0.00865);
#328=CIRCLE('',#4260,0.00865);
#329=CIRCLE('',#4261,0.00975);
#330=CIRCLE('',#4263,0.00865);
#331=CIRCLE('',#4264,0.00975);
#332=CIRCLE('',#4265,0.00865);
#333=CIRCLE('',#4267,0.00865);
#334=CIRCLE('',#4268,0.00975);
#335=CIRCLE('',#4269,0.00865);
#336=CIRCLE('',#4271,0.00865);
#337=CIRCLE('',#4272,0.00865);
#338=CIRCLE('',#4273,0.00975);
#339=CIRCLE('',#4275,0.00865);
#340=CIRCLE('',#4276,0.00975);
#341=CIRCLE('',#4277,0.00865);
#342=CIRCLE('',#4279,0.00865);
#343=CIRCLE('',#4280,0.00865);
#344=CIRCLE('',#4281,0.00975);
#345=CIRCLE('',#4284,0.00665);
#346=CIRCLE('',#4285,0.00665);
#347=CIRCLE('',#4287,0.00775);
#348=CIRCLE('',#4288,0.00775);
#349=CIRCLE('',#4290,0.00775);
#350=CIRCLE('',#4291,0.00775);
#351=CIRCLE('',#4293,0.00775);
#352=CIRCLE('',#4294,0.00775);
#353=CIRCLE('',#4296,0.00665);
#354=CIRCLE('',#4297,0.00665);
#355=CIRCLE('',#4299,0.00665);
#356=CIRCLE('',#4300,0.00665);
#357=CIRCLE('',#4302,0.00665);
#358=CIRCLE('',#4303,0.00665);
#359=CIRCLE('',#4305,0.00665);
#360=CIRCLE('',#4306,0.00665);
#361=CIRCLE('',#4308,0.00665);
#362=CIRCLE('',#4309,0.00665);
#363=CIRCLE('',#4311,0.004);
#364=CIRCLE('',#4313,0.004);
#365=CIRCLE('',#4326,0.00665);
#366=CIRCLE('',#4327,0.00665);
#367=CIRCLE('',#4329,0.00775);
#368=CIRCLE('',#4330,0.00775);
#369=CIRCLE('',#4332,0.00665);
#370=CIRCLE('',#4333,0.00665);
#371=CIRCLE('',#4335,0.00865);
#372=CIRCLE('',#4336,0.00865);
#373=CIRCLE('',#4337,0.00975);
#374=CIRCLE('',#4355,0.0004);
#375=CIRCLE('',#4356,0.0004);
#376=CIRCLE('',#4358,0.000400000000000145);
#377=CIRCLE('',#4359,0.000400000000000145);
#378=CIRCLE('',#4361,0.000399999999999947);
#379=CIRCLE('',#4362,0.000399999999999947);
#380=CIRCLE('',#4364,0.002);
#381=CIRCLE('',#4365,0.002);
#382=CIRCLE('',#4367,0.002);
#383=CIRCLE('',#4368,0.002);
#384=CIRCLE('',#4370,0.002);
#385=CIRCLE('',#4371,0.002);
#386=CIRCLE('',#4373,0.002);
#387=CIRCLE('',#4374,0.002);
#388=CIRCLE('',#4376,0.002);
#389=CIRCLE('',#4378,0.002);
#390=CIRCLE('',#4379,0.002);
#391=CIRCLE('',#4381,0.002);
#392=CIRCLE('',#4383,0.002);
#393=CIRCLE('',#4385,0.002);
#394=CIRCLE('',#4386,0.002);
#395=CIRCLE('',#4388,0.002);
#396=CIRCLE('',#4389,0.002);
#397=CIRCLE('',#4391,0.002);
#398=CIRCLE('',#4393,0.002);
#399=CIRCLE('',#4395,0.002);
#400=CIRCLE('',#4396,0.002);
#401=CIRCLE('',#4398,0.002);
#402=CIRCLE('',#4400,0.002);
#403=CIRCLE('',#4402,0.002);
#404=CIRCLE('',#4403,0.002);
#405=CIRCLE('',#4405,0.002);
#406=CIRCLE('',#4407,0.002);
#407=CIRCLE('',#4409,0.002);
#408=CIRCLE('',#4411,0.002);
#409=CIRCLE('',#4413,0.002);
#410=CIRCLE('',#4414,0.002);
#411=CIRCLE('',#4416,0.002);
#412=CIRCLE('',#4418,0.002);
#413=CIRCLE('',#4420,0.002);
#414=CIRCLE('',#4422,0.002);
#415=CIRCLE('',#4424,0.002);
#416=CIRCLE('',#4426,0.002);
#417=CIRCLE('',#4428,0.002);
#418=CIRCLE('',#4430,0.002);
#419=CIRCLE('',#4431,0.002);
#420=CIRCLE('',#4433,0.002);
#421=CIRCLE('',#4435,0.002);
#422=CIRCLE('',#4438,0.002);
#423=CIRCLE('',#4439,0.002);
#424=CIRCLE('',#4441,0.002);
#425=CIRCLE('',#4445,0.002);
#426=CIRCLE('',#4447,0.002);
#427=CIRCLE('',#4450,0.002);
#428=CIRCLE('',#4452,0.002);
#429=CIRCLE('',#4454,0.002);
#430=CIRCLE('',#4456,0.002);
#431=CIRCLE('',#4458,0.002);
#432=CIRCLE('',#4459,0.002);
#433=CIRCLE('',#4461,0.002);
#434=CIRCLE('',#4463,0.002);
#435=CIRCLE('',#4465,0.002);
#436=CIRCLE('',#4467,0.002);
#437=CIRCLE('',#4468,0.002);
#438=CIRCLE('',#4470,0.002);
#439=CIRCLE('',#4472,0.002);
#440=CIRCLE('',#4474,0.002);
#441=CIRCLE('',#4475,0.002);
#442=CIRCLE('',#4477,0.002);
#443=CIRCLE('',#4479,0.002);
#444=CIRCLE('',#4480,0.002);
#445=CIRCLE('',#4482,0.002);
#446=CIRCLE('',#4484,0.002);
#447=CIRCLE('',#4486,0.002);
#448=CIRCLE('',#4488,0.002);
#449=CIRCLE('',#4490,0.002);
#450=CIRCLE('',#4492,0.002);
#451=CIRCLE('',#4494,0.002);
#452=CIRCLE('',#4496,0.002);
#453=CIRCLE('',#4498,0.002);
#454=CIRCLE('',#4500,0.002);
#455=CIRCLE('',#4502,0.002);
#456=CIRCLE('',#4504,0.002);
#457=CIRCLE('',#4506,0.002);
#458=CIRCLE('',#4507,0.002);
#459=CIRCLE('',#4509,0.002);
#460=CIRCLE('',#4511,0.002);
#461=CIRCLE('',#4512,0.002);
#462=CIRCLE('',#4514,0.002);
#463=CIRCLE('',#4516,0.002);
#464=CIRCLE('',#4518,0.002);
#465=CIRCLE('',#4519,0.002);
#466=CIRCLE('',#4521,0.002);
#467=CIRCLE('',#4522,0.002);
#468=CIRCLE('',#4524,0.002);
#469=CIRCLE('',#4526,0.002);
#470=CIRCLE('',#4528,0.002);
#471=CIRCLE('',#4529,0.002);
#472=CIRCLE('',#4531,0.002);
#473=CIRCLE('',#4532,0.002);
#474=CIRCLE('',#4534,0.002);
#475=CIRCLE('',#4535,0.002);
#476=CIRCLE('',#4537,0.002);
#477=CIRCLE('',#4539,0.002);
#478=CIRCLE('',#4542,0.002);
#479=CIRCLE('',#4544,0.002);
#480=CIRCLE('',#4546,0.002);
#481=CIRCLE('',#4548,0.002);
#482=CIRCLE('',#4550,0.002);
#483=CIRCLE('',#4552,0.002);
#484=CIRCLE('',#4555,0.002);
#485=CIRCLE('',#4557,0.002);
#486=CIRCLE('',#4560,0.002);
#487=CIRCLE('',#4561,0.002);
#488=CIRCLE('',#4566,0.002);
#489=CIRCLE('',#4568,0.002);
#490=CIRCLE('',#4569,0.002);
#491=CIRCLE('',#4571,0.002);
#492=CIRCLE('',#4574,0.002);
#493=CIRCLE('',#4576,0.002);
#494=CIRCLE('',#4577,0.002);
#495=CIRCLE('',#4579,0.002);
#496=CIRCLE('',#4583,0.002);
#497=CIRCLE('',#4585,0.002);
#498=CIRCLE('',#4587,0.002);
#499=CIRCLE('',#4589,0.002);
#500=CIRCLE('',#4593,0.002);
#501=CIRCLE('',#4595,0.002);
#502=CIRCLE('',#4597,0.002);
#503=CIRCLE('',#4598,0.002);
#504=CIRCLE('',#4600,0.002);
#505=CIRCLE('',#4602,0.002);
#506=CIRCLE('',#4605,0.002);
#507=CIRCLE('',#4607,0.002);
#508=CIRCLE('',#4608,0.002);
#509=CIRCLE('',#4610,0.002);
#510=CIRCLE('',#4612,0.002);
#511=CIRCLE('',#4613,0.002);
#512=CIRCLE('',#4615,0.002);
#513=CIRCLE('',#4617,0.002);
#514=CIRCLE('',#4619,0.002);
#515=CIRCLE('',#4621,0.002);
#516=CIRCLE('',#4623,0.002);
#517=CIRCLE('',#4625,0.002);
#518=CIRCLE('',#4627,0.002);
#519=CIRCLE('',#4629,0.002);
#520=CIRCLE('',#4631,0.002);
#521=CIRCLE('',#4632,0.002);
#522=CIRCLE('',#4634,0.002);
#523=CIRCLE('',#4636,0.002);
#524=CIRCLE('',#4638,0.002);
#525=CIRCLE('',#4639,0.002);
#526=CIRCLE('',#4641,0.002);
#527=CIRCLE('',#4643,0.002);
#528=CIRCLE('',#4644,0.002);
#529=CIRCLE('',#4646,0.002);
#530=CIRCLE('',#4648,0.002);
#531=CIRCLE('',#4650,0.002);
#532=CIRCLE('',#4652,0.002);
#533=CIRCLE('',#4654,0.002);
#534=CIRCLE('',#4656,0.002);
#535=CIRCLE('',#4659,0.002);
#536=CIRCLE('',#4660,0.002);
#537=CIRCLE('',#4662,0.002);
#538=CIRCLE('',#4664,0.002);
#539=CIRCLE('',#4667,0.002);
#540=CIRCLE('',#4669,0.002);
#541=CIRCLE('',#4670,0.002);
#542=CIRCLE('',#4672,0.002);
#543=CIRCLE('',#4673,0.002);
#544=CIRCLE('',#4676,0.002);
#545=CIRCLE('',#4677,0.002);
#546=CIRCLE('',#4679,0.002);
#547=CIRCLE('',#4681,0.002);
#548=CIRCLE('',#4682,0.002);
#549=CIRCLE('',#4684,0.002);
#550=CIRCLE('',#4688,0.002);
#551=CIRCLE('',#4689,0.002);
#552=CIRCLE('',#4691,0.002);
#553=CIRCLE('',#4693,0.002);
#554=CIRCLE('',#4695,0.002);
#555=CIRCLE('',#4696,0.002);
#556=CIRCLE('',#4698,0.002);
#557=CIRCLE('',#4700,0.002);
#558=CIRCLE('',#4702,0.002);
#559=CIRCLE('',#4704,0.002);
#560=CIRCLE('',#4706,0.002);
#561=CIRCLE('',#4708,0.002);
#562=CIRCLE('',#4710,0.002);
#563=CIRCLE('',#4711,0.002);
#564=CIRCLE('',#4713,0.002);
#565=CIRCLE('',#4715,0.002);
#566=CIRCLE('',#4717,0.002);
#567=CIRCLE('',#4718,0.002);
#568=CIRCLE('',#4720,0.002);
#569=CIRCLE('',#4722,0.002);
#570=CIRCLE('',#4725,0.002);
#571=CIRCLE('',#4727,0.002);
#572=CIRCLE('',#4730,0.002);
#573=CIRCLE('',#4732,0.002);
#574=CIRCLE('',#4734,0.002);
#575=CIRCLE('',#4735,0.002);
#576=CIRCLE('',#4737,0.002);
#577=CIRCLE('',#4739,0.002);
#578=CIRCLE('',#4741,0.002);
#579=CIRCLE('',#4742,0.002);
#580=CIRCLE('',#4744,0.002);
#581=CIRCLE('',#4746,0.002);
#582=CIRCLE('',#4748,0.002);
#583=CIRCLE('',#4750,0.002);
#584=CIRCLE('',#4752,0.002);
#585=CIRCLE('',#4754,0.002);
#586=CIRCLE('',#4756,0.002);
#587=CIRCLE('',#4758,0.002);
#588=CIRCLE('',#4760,0.002);
#589=CIRCLE('',#4762,0.002);
#590=CIRCLE('',#4765,0.00975);
#591=CIRCLE('',#4767,0.00975);
#592=CIRCLE('',#4769,0.00775);
#593=CIRCLE('',#4770,0.00775);
#594=CIRCLE('',#4776,0.002);
#595=CIRCLE('',#4777,0.002);
#596=CIRCLE('',#4779,0.002);
#597=CIRCLE('',#4780,0.002);
#598=CIRCLE('',#4782,0.002);
#599=CIRCLE('',#4783,0.002);
#600=CIRCLE('',#4785,0.002);
#601=CIRCLE('',#4786,0.002);
#602=CIRCLE('',#4788,0.002);
#603=CIRCLE('',#4790,0.002);
#604=CIRCLE('',#4792,0.002);
#605=CIRCLE('',#4794,0.002);
#606=CIRCLE('',#4796,0.002);
#607=CIRCLE('',#4798,0.002);
#608=CIRCLE('',#4800,0.002);
#609=CIRCLE('',#4801,0.002);
#610=CIRCLE('',#4803,0.002);
#611=CIRCLE('',#4805,0.002);
#612=CIRCLE('',#4807,0.002);
#613=CIRCLE('',#4808,0.002);
#614=CIRCLE('',#4810,0.002);
#615=CIRCLE('',#4812,0.002);
#616=CIRCLE('',#4814,0.002);
#617=CIRCLE('',#4816,0.002);
#618=CIRCLE('',#4818,0.002);
#619=CIRCLE('',#4820,0.002);
#620=CIRCLE('',#4822,0.002);
#621=CIRCLE('',#4824,0.002);
#622=CIRCLE('',#4826,0.002);
#623=CIRCLE('',#4828,0.002);
#624=ORIENTED_EDGE('',*,*,#1840,.T.);
#625=ORIENTED_EDGE('',*,*,#1841,.T.);
#626=ORIENTED_EDGE('',*,*,#1842,.T.);
#627=ORIENTED_EDGE('',*,*,#1843,.T.);
#628=ORIENTED_EDGE('',*,*,#1844,.T.);
#629=ORIENTED_EDGE('',*,*,#1845,.T.);
#630=ORIENTED_EDGE('',*,*,#1846,.T.);
#631=ORIENTED_EDGE('',*,*,#1847,.T.);
#632=ORIENTED_EDGE('',*,*,#1848,.T.);
#633=ORIENTED_EDGE('',*,*,#1849,.T.);
#634=ORIENTED_EDGE('',*,*,#1850,.T.);
#635=ORIENTED_EDGE('',*,*,#1851,.T.);
#636=ORIENTED_EDGE('',*,*,#1852,.T.);
#637=ORIENTED_EDGE('',*,*,#1853,.T.);
#638=ORIENTED_EDGE('',*,*,#1854,.T.);
#639=ORIENTED_EDGE('',*,*,#1855,.T.);
#640=ORIENTED_EDGE('',*,*,#1856,.T.);
#641=ORIENTED_EDGE('',*,*,#1857,.T.);
#642=ORIENTED_EDGE('',*,*,#1858,.T.);
#643=ORIENTED_EDGE('',*,*,#1859,.T.);
#644=ORIENTED_EDGE('',*,*,#1860,.T.);
#645=ORIENTED_EDGE('',*,*,#1861,.T.);
#646=ORIENTED_EDGE('',*,*,#1862,.T.);
#647=ORIENTED_EDGE('',*,*,#1863,.T.);
#648=ORIENTED_EDGE('',*,*,#1864,.T.);
#649=ORIENTED_EDGE('',*,*,#1865,.T.);
#650=ORIENTED_EDGE('',*,*,#1866,.T.);
#651=ORIENTED_EDGE('',*,*,#1867,.T.);
#652=ORIENTED_EDGE('',*,*,#1868,.T.);
#653=ORIENTED_EDGE('',*,*,#1869,.T.);
#654=ORIENTED_EDGE('',*,*,#1870,.T.);
#655=ORIENTED_EDGE('',*,*,#1871,.T.);
#656=ORIENTED_EDGE('',*,*,#1872,.T.);
#657=ORIENTED_EDGE('',*,*,#1873,.T.);
#658=ORIENTED_EDGE('',*,*,#1874,.T.);
#659=ORIENTED_EDGE('',*,*,#1875,.T.);
#660=ORIENTED_EDGE('',*,*,#1876,.T.);
#661=ORIENTED_EDGE('',*,*,#1877,.T.);
#662=ORIENTED_EDGE('',*,*,#1878,.T.);
#663=ORIENTED_EDGE('',*,*,#1879,.T.);
#664=ORIENTED_EDGE('',*,*,#1880,.T.);
#665=ORIENTED_EDGE('',*,*,#1881,.T.);
#666=ORIENTED_EDGE('',*,*,#1882,.T.);
#667=ORIENTED_EDGE('',*,*,#1883,.F.);
#668=ORIENTED_EDGE('',*,*,#1884,.F.);
#669=ORIENTED_EDGE('',*,*,#1885,.F.);
#670=ORIENTED_EDGE('',*,*,#1886,.T.);
#671=ORIENTED_EDGE('',*,*,#1887,.T.);
#672=ORIENTED_EDGE('',*,*,#1888,.T.);
#673=ORIENTED_EDGE('',*,*,#1889,.T.);
#674=ORIENTED_EDGE('',*,*,#1890,.T.);
#675=ORIENTED_EDGE('',*,*,#1891,.T.);
#676=ORIENTED_EDGE('',*,*,#1892,.T.);
#677=ORIENTED_EDGE('',*,*,#1893,.T.);
#678=ORIENTED_EDGE('',*,*,#1894,.T.);
#679=ORIENTED_EDGE('',*,*,#1895,.T.);
#680=ORIENTED_EDGE('',*,*,#1896,.F.);
#681=ORIENTED_EDGE('',*,*,#1897,.F.);
#682=ORIENTED_EDGE('',*,*,#1898,.T.);
#683=ORIENTED_EDGE('',*,*,#1899,.T.);
#684=ORIENTED_EDGE('',*,*,#1900,.T.);
#685=ORIENTED_EDGE('',*,*,#1901,.T.);
#686=ORIENTED_EDGE('',*,*,#1902,.T.);
#687=ORIENTED_EDGE('',*,*,#1903,.T.);
#688=ORIENTED_EDGE('',*,*,#1904,.T.);
#689=ORIENTED_EDGE('',*,*,#1905,.T.);
#690=ORIENTED_EDGE('',*,*,#1906,.T.);
#691=ORIENTED_EDGE('',*,*,#1907,.T.);
#692=ORIENTED_EDGE('',*,*,#1908,.T.);
#693=ORIENTED_EDGE('',*,*,#1909,.T.);
#694=ORIENTED_EDGE('',*,*,#1910,.T.);
#695=ORIENTED_EDGE('',*,*,#1911,.T.);
#696=ORIENTED_EDGE('',*,*,#1912,.T.);
#697=ORIENTED_EDGE('',*,*,#1913,.T.);
#698=ORIENTED_EDGE('',*,*,#1914,.T.);
#699=ORIENTED_EDGE('',*,*,#1915,.T.);
#700=ORIENTED_EDGE('',*,*,#1916,.T.);
#701=ORIENTED_EDGE('',*,*,#1917,.T.);
#702=ORIENTED_EDGE('',*,*,#1918,.T.);
#703=ORIENTED_EDGE('',*,*,#1919,.T.);
#704=ORIENTED_EDGE('',*,*,#1920,.T.);
#705=ORIENTED_EDGE('',*,*,#1921,.T.);
#706=ORIENTED_EDGE('',*,*,#1922,.T.);
#707=ORIENTED_EDGE('',*,*,#1923,.T.);
#708=ORIENTED_EDGE('',*,*,#1924,.T.);
#709=ORIENTED_EDGE('',*,*,#1925,.T.);
#710=ORIENTED_EDGE('',*,*,#1926,.T.);
#711=ORIENTED_EDGE('',*,*,#1927,.T.);
#712=ORIENTED_EDGE('',*,*,#1928,.T.);
#713=ORIENTED_EDGE('',*,*,#1929,.T.);
#714=ORIENTED_EDGE('',*,*,#1930,.T.);
#715=ORIENTED_EDGE('',*,*,#1931,.T.);
#716=ORIENTED_EDGE('',*,*,#1932,.T.);
#717=ORIENTED_EDGE('',*,*,#1933,.T.);
#718=ORIENTED_EDGE('',*,*,#1934,.T.);
#719=ORIENTED_EDGE('',*,*,#1935,.T.);
#720=ORIENTED_EDGE('',*,*,#1936,.T.);
#721=ORIENTED_EDGE('',*,*,#1937,.T.);
#722=ORIENTED_EDGE('',*,*,#1938,.T.);
#723=ORIENTED_EDGE('',*,*,#1939,.T.);
#724=ORIENTED_EDGE('',*,*,#1940,.T.);
#725=ORIENTED_EDGE('',*,*,#1941,.T.);
#726=ORIENTED_EDGE('',*,*,#1942,.T.);
#727=ORIENTED_EDGE('',*,*,#1943,.T.);
#728=ORIENTED_EDGE('',*,*,#1944,.T.);
#729=ORIENTED_EDGE('',*,*,#1945,.T.);
#730=ORIENTED_EDGE('',*,*,#1946,.T.);
#731=ORIENTED_EDGE('',*,*,#1947,.T.);
#732=ORIENTED_EDGE('',*,*,#1948,.T.);
#733=ORIENTED_EDGE('',*,*,#1949,.T.);
#734=ORIENTED_EDGE('',*,*,#1950,.T.);
#735=ORIENTED_EDGE('',*,*,#1951,.T.);
#736=ORIENTED_EDGE('',*,*,#1952,.T.);
#737=ORIENTED_EDGE('',*,*,#1953,.T.);
#738=ORIENTED_EDGE('',*,*,#1954,.T.);
#739=ORIENTED_EDGE('',*,*,#1955,.T.);
#740=ORIENTED_EDGE('',*,*,#1956,.T.);
#741=ORIENTED_EDGE('',*,*,#1957,.T.);
#742=ORIENTED_EDGE('',*,*,#1958,.T.);
#743=ORIENTED_EDGE('',*,*,#1959,.T.);
#744=ORIENTED_EDGE('',*,*,#1960,.T.);
#745=ORIENTED_EDGE('',*,*,#1961,.T.);
#746=ORIENTED_EDGE('',*,*,#1962,.T.);
#747=ORIENTED_EDGE('',*,*,#1963,.T.);
#748=ORIENTED_EDGE('',*,*,#1964,.T.);
#749=ORIENTED_EDGE('',*,*,#1965,.T.);
#750=ORIENTED_EDGE('',*,*,#1966,.T.);
#751=ORIENTED_EDGE('',*,*,#1967,.T.);
#752=ORIENTED_EDGE('',*,*,#1968,.T.);
#753=ORIENTED_EDGE('',*,*,#1969,.T.);
#754=ORIENTED_EDGE('',*,*,#1970,.T.);
#755=ORIENTED_EDGE('',*,*,#1971,.T.);
#756=ORIENTED_EDGE('',*,*,#1972,.T.);
#757=ORIENTED_EDGE('',*,*,#1973,.T.);
#758=ORIENTED_EDGE('',*,*,#1974,.T.);
#759=ORIENTED_EDGE('',*,*,#1975,.F.);
#760=ORIENTED_EDGE('',*,*,#1976,.T.);
#761=ORIENTED_EDGE('',*,*,#1977,.F.);
#762=ORIENTED_EDGE('',*,*,#1978,.T.);
#763=ORIENTED_EDGE('',*,*,#1979,.T.);
#764=ORIENTED_EDGE('',*,*,#1980,.T.);
#765=ORIENTED_EDGE('',*,*,#1981,.T.);
#766=ORIENTED_EDGE('',*,*,#1982,.T.);
#767=ORIENTED_EDGE('',*,*,#1983,.T.);
#768=ORIENTED_EDGE('',*,*,#1984,.T.);
#769=ORIENTED_EDGE('',*,*,#1985,.T.);
#770=ORIENTED_EDGE('',*,*,#1986,.T.);
#771=ORIENTED_EDGE('',*,*,#1987,.T.);
#772=ORIENTED_EDGE('',*,*,#1988,.T.);
#773=ORIENTED_EDGE('',*,*,#1989,.T.);
#774=ORIENTED_EDGE('',*,*,#1990,.T.);
#775=ORIENTED_EDGE('',*,*,#1991,.T.);
#776=ORIENTED_EDGE('',*,*,#1992,.T.);
#777=ORIENTED_EDGE('',*,*,#1993,.T.);
#778=ORIENTED_EDGE('',*,*,#1994,.T.);
#779=ORIENTED_EDGE('',*,*,#1995,.T.);
#780=ORIENTED_EDGE('',*,*,#1996,.T.);
#781=ORIENTED_EDGE('',*,*,#1997,.T.);
#782=ORIENTED_EDGE('',*,*,#1998,.T.);
#783=ORIENTED_EDGE('',*,*,#1999,.F.);
#784=ORIENTED_EDGE('',*,*,#2000,.T.);
#785=ORIENTED_EDGE('',*,*,#2001,.T.);
#786=ORIENTED_EDGE('',*,*,#2002,.T.);
#787=ORIENTED_EDGE('',*,*,#2003,.T.);
#788=ORIENTED_EDGE('',*,*,#2004,.T.);
#789=ORIENTED_EDGE('',*,*,#2005,.T.);
#790=ORIENTED_EDGE('',*,*,#2006,.T.);
#791=ORIENTED_EDGE('',*,*,#2007,.T.);
#792=ORIENTED_EDGE('',*,*,#2008,.T.);
#793=ORIENTED_EDGE('',*,*,#2009,.T.);
#794=ORIENTED_EDGE('',*,*,#2010,.T.);
#795=ORIENTED_EDGE('',*,*,#2011,.T.);
#796=ORIENTED_EDGE('',*,*,#2012,.T.);
#797=ORIENTED_EDGE('',*,*,#2013,.T.);
#798=ORIENTED_EDGE('',*,*,#2014,.T.);
#799=ORIENTED_EDGE('',*,*,#2015,.T.);
#800=ORIENTED_EDGE('',*,*,#2016,.T.);
#801=ORIENTED_EDGE('',*,*,#2017,.T.);
#802=ORIENTED_EDGE('',*,*,#2018,.T.);
#803=ORIENTED_EDGE('',*,*,#2019,.T.);
#804=ORIENTED_EDGE('',*,*,#2020,.T.);
#805=ORIENTED_EDGE('',*,*,#2021,.T.);
#806=ORIENTED_EDGE('',*,*,#2022,.T.);
#807=ORIENTED_EDGE('',*,*,#2023,.F.);
#808=ORIENTED_EDGE('',*,*,#2024,.T.);
#809=ORIENTED_EDGE('',*,*,#2025,.T.);
#810=ORIENTED_EDGE('',*,*,#2026,.T.);
#811=ORIENTED_EDGE('',*,*,#1884,.T.);
#812=ORIENTED_EDGE('',*,*,#1894,.F.);
#813=ORIENTED_EDGE('',*,*,#1883,.T.);
#814=ORIENTED_EDGE('',*,*,#1895,.F.);
#815=ORIENTED_EDGE('',*,*,#1882,.F.);
#816=ORIENTED_EDGE('',*,*,#1896,.T.);
#817=ORIENTED_EDGE('',*,*,#1881,.F.);
#818=ORIENTED_EDGE('',*,*,#1897,.T.);
#819=ORIENTED_EDGE('',*,*,#1885,.T.);
#820=ORIENTED_EDGE('',*,*,#1893,.F.);
#821=ORIENTED_EDGE('',*,*,#2027,.T.);
#822=ORIENTED_EDGE('',*,*,#2028,.T.);
#823=ORIENTED_EDGE('',*,*,#2029,.T.);
#824=ORIENTED_EDGE('',*,*,#2030,.T.);
#825=ORIENTED_EDGE('',*,*,#2031,.T.);
#826=ORIENTED_EDGE('',*,*,#2032,.T.);
#827=ORIENTED_EDGE('',*,*,#2033,.T.);
#828=ORIENTED_EDGE('',*,*,#2034,.T.);
#829=ORIENTED_EDGE('',*,*,#2035,.T.);
#830=ORIENTED_EDGE('',*,*,#2036,.T.);
#831=ORIENTED_EDGE('',*,*,#2037,.T.);
#832=ORIENTED_EDGE('',*,*,#2038,.T.);
#833=ORIENTED_EDGE('',*,*,#2039,.T.);
#834=ORIENTED_EDGE('',*,*,#2040,.T.);
#835=ORIENTED_EDGE('',*,*,#2041,.T.);
#836=ORIENTED_EDGE('',*,*,#2042,.T.);
#837=ORIENTED_EDGE('',*,*,#2043,.T.);
#838=ORIENTED_EDGE('',*,*,#2044,.T.);
#839=ORIENTED_EDGE('',*,*,#2045,.T.);
#840=ORIENTED_EDGE('',*,*,#2046,.T.);
#841=ORIENTED_EDGE('',*,*,#2047,.T.);
#842=ORIENTED_EDGE('',*,*,#2048,.T.);
#843=ORIENTED_EDGE('',*,*,#2049,.T.);
#844=ORIENTED_EDGE('',*,*,#2050,.T.);
#845=ORIENTED_EDGE('',*,*,#2051,.T.);
#846=ORIENTED_EDGE('',*,*,#2052,.T.);
#847=ORIENTED_EDGE('',*,*,#2053,.T.);
#848=ORIENTED_EDGE('',*,*,#2054,.T.);
#849=ORIENTED_EDGE('',*,*,#2055,.T.);
#850=ORIENTED_EDGE('',*,*,#1999,.T.);
#851=ORIENTED_EDGE('',*,*,#2056,.T.);
#852=ORIENTED_EDGE('',*,*,#2039,.F.);
#853=ORIENTED_EDGE('',*,*,#2057,.T.);
#854=ORIENTED_EDGE('',*,*,#2058,.T.);
#855=ORIENTED_EDGE('',*,*,#2059,.T.);
#856=ORIENTED_EDGE('',*,*,#2060,.T.);
#857=ORIENTED_EDGE('',*,*,#2061,.T.);
#858=ORIENTED_EDGE('',*,*,#2062,.T.);
#859=ORIENTED_EDGE('',*,*,#2063,.T.);
#860=ORIENTED_EDGE('',*,*,#1977,.T.);
#861=ORIENTED_EDGE('',*,*,#2064,.T.);
#862=ORIENTED_EDGE('',*,*,#2041,.F.);
#863=ORIENTED_EDGE('',*,*,#2065,.T.);
#864=ORIENTED_EDGE('',*,*,#2066,.T.);
#865=ORIENTED_EDGE('',*,*,#2067,.T.);
#866=ORIENTED_EDGE('',*,*,#1975,.T.);
#867=ORIENTED_EDGE('',*,*,#2068,.T.);
#868=ORIENTED_EDGE('',*,*,#2069,.T.);
#869=ORIENTED_EDGE('',*,*,#2070,.T.);
#870=ORIENTED_EDGE('',*,*,#2071,.T.);
#871=ORIENTED_EDGE('',*,*,#2072,.T.);
#872=ORIENTED_EDGE('',*,*,#1981,.F.);
#873=ORIENTED_EDGE('',*,*,#2073,.T.);
#874=ORIENTED_EDGE('',*,*,#2074,.T.);
#875=ORIENTED_EDGE('',*,*,#2075,.T.);
#876=ORIENTED_EDGE('',*,*,#2076,.T.);
#877=ORIENTED_EDGE('',*,*,#2077,.T.);
#878=ORIENTED_EDGE('',*,*,#2078,.T.);
#879=ORIENTED_EDGE('',*,*,#2079,.T.);
#880=ORIENTED_EDGE('',*,*,#2080,.T.);
#881=ORIENTED_EDGE('',*,*,#2081,.T.);
#882=ORIENTED_EDGE('',*,*,#2082,.T.);
#883=ORIENTED_EDGE('',*,*,#2083,.T.);
#884=ORIENTED_EDGE('',*,*,#2084,.T.);
#885=ORIENTED_EDGE('',*,*,#2085,.T.);
#886=ORIENTED_EDGE('',*,*,#2086,.T.);
#887=ORIENTED_EDGE('',*,*,#2087,.T.);
#888=ORIENTED_EDGE('',*,*,#2088,.T.);
#889=ORIENTED_EDGE('',*,*,#2089,.T.);
#890=ORIENTED_EDGE('',*,*,#2090,.T.);
#891=ORIENTED_EDGE('',*,*,#2091,.T.);
#892=ORIENTED_EDGE('',*,*,#2092,.T.);
#893=ORIENTED_EDGE('',*,*,#2093,.T.);
#894=ORIENTED_EDGE('',*,*,#2094,.T.);
#895=ORIENTED_EDGE('',*,*,#2095,.T.);
#896=ORIENTED_EDGE('',*,*,#2096,.T.);
#897=ORIENTED_EDGE('',*,*,#2097,.T.);
#898=ORIENTED_EDGE('',*,*,#2098,.T.);
#899=ORIENTED_EDGE('',*,*,#2099,.T.);
#900=ORIENTED_EDGE('',*,*,#2100,.T.);
#901=ORIENTED_EDGE('',*,*,#2101,.T.);
#902=ORIENTED_EDGE('',*,*,#2102,.T.);
#903=ORIENTED_EDGE('',*,*,#2103,.T.);
#904=ORIENTED_EDGE('',*,*,#2104,.T.);
#905=ORIENTED_EDGE('',*,*,#2105,.T.);
#906=ORIENTED_EDGE('',*,*,#2106,.T.);
#907=ORIENTED_EDGE('',*,*,#2107,.T.);
#908=ORIENTED_EDGE('',*,*,#2108,.T.);
#909=ORIENTED_EDGE('',*,*,#2109,.T.);
#910=ORIENTED_EDGE('',*,*,#2110,.T.);
#911=ORIENTED_EDGE('',*,*,#2111,.T.);
#912=ORIENTED_EDGE('',*,*,#2112,.T.);
#913=ORIENTED_EDGE('',*,*,#2113,.T.);
#914=ORIENTED_EDGE('',*,*,#2114,.F.);
#915=ORIENTED_EDGE('',*,*,#2115,.T.);
#916=ORIENTED_EDGE('',*,*,#2116,.T.);
#917=ORIENTED_EDGE('',*,*,#2117,.T.);
#918=ORIENTED_EDGE('',*,*,#2021,.F.);
#919=ORIENTED_EDGE('',*,*,#2118,.T.);
#920=ORIENTED_EDGE('',*,*,#2114,.T.);
#921=ORIENTED_EDGE('',*,*,#2119,.T.);
#922=ORIENTED_EDGE('',*,*,#2116,.F.);
#923=ORIENTED_EDGE('',*,*,#2120,.T.);
#924=ORIENTED_EDGE('',*,*,#2023,.T.);
#925=ORIENTED_EDGE('',*,*,#2121,.T.);
#926=ORIENTED_EDGE('',*,*,#2122,.F.);
#927=ORIENTED_EDGE('',*,*,#2035,.F.);
#928=ORIENTED_EDGE('',*,*,#2123,.F.);
#929=ORIENTED_EDGE('',*,*,#2088,.F.);
#930=ORIENTED_EDGE('',*,*,#2124,.F.);
#931=ORIENTED_EDGE('',*,*,#2125,.F.);
#932=ORIENTED_EDGE('',*,*,#2122,.T.);
#933=ORIENTED_EDGE('',*,*,#2126,.F.);
#934=ORIENTED_EDGE('',*,*,#1971,.F.);
#935=ORIENTED_EDGE('',*,*,#2127,.F.);
#936=ORIENTED_EDGE('',*,*,#2082,.F.);
#937=ORIENTED_EDGE('',*,*,#2128,.F.);
#938=ORIENTED_EDGE('',*,*,#1970,.F.);
#939=ORIENTED_EDGE('',*,*,#2129,.F.);
#940=ORIENTED_EDGE('',*,*,#1954,.F.);
#941=ORIENTED_EDGE('',*,*,#2127,.T.);
#942=ORIENTED_EDGE('',*,*,#2128,.T.);
#943=ORIENTED_EDGE('',*,*,#2130,.F.);
#944=ORIENTED_EDGE('',*,*,#2131,.F.);
#945=ORIENTED_EDGE('',*,*,#2132,.F.);
#946=ORIENTED_EDGE('',*,*,#2126,.T.);
#947=ORIENTED_EDGE('',*,*,#2132,.T.);
#948=ORIENTED_EDGE('',*,*,#1915,.F.);
#949=ORIENTED_EDGE('',*,*,#2133,.F.);
#950=ORIENTED_EDGE('',*,*,#1972,.F.);
#951=ORIENTED_EDGE('',*,*,#2125,.T.);
#952=ORIENTED_EDGE('',*,*,#1942,.F.);
#953=ORIENTED_EDGE('',*,*,#2134,.F.);
#954=ORIENTED_EDGE('',*,*,#2036,.F.);
#955=ORIENTED_EDGE('',*,*,#2135,.F.);
#956=ORIENTED_EDGE('',*,*,#2037,.F.);
#957=ORIENTED_EDGE('',*,*,#2136,.F.);
#958=ORIENTED_EDGE('',*,*,#2094,.F.);
#959=ORIENTED_EDGE('',*,*,#2137,.F.);
#960=ORIENTED_EDGE('',*,*,#2038,.F.);
#961=ORIENTED_EDGE('',*,*,#2138,.F.);
#962=ORIENTED_EDGE('',*,*,#1927,.F.);
#963=ORIENTED_EDGE('',*,*,#2123,.T.);
#964=ORIENTED_EDGE('',*,*,#2137,.T.);
#965=ORIENTED_EDGE('',*,*,#2139,.F.);
#966=ORIENTED_EDGE('',*,*,#2124,.T.);
#967=ORIENTED_EDGE('',*,*,#2087,.F.);
#968=ORIENTED_EDGE('',*,*,#2140,.F.);
#969=ORIENTED_EDGE('',*,*,#1943,.F.);
#970=ORIENTED_EDGE('',*,*,#2141,.F.);
#971=ORIENTED_EDGE('',*,*,#1969,.F.);
#972=ORIENTED_EDGE('',*,*,#2142,.F.);
#973=ORIENTED_EDGE('',*,*,#2092,.F.);
#974=ORIENTED_EDGE('',*,*,#2129,.T.);
#975=ORIENTED_EDGE('',*,*,#2141,.T.);
#976=ORIENTED_EDGE('',*,*,#2143,.F.);
#977=ORIENTED_EDGE('',*,*,#2130,.T.);
#978=ORIENTED_EDGE('',*,*,#1953,.F.);
#979=ORIENTED_EDGE('',*,*,#2144,.F.);
#980=ORIENTED_EDGE('',*,*,#2083,.F.);
#981=ORIENTED_EDGE('',*,*,#2145,.F.);
#982=ORIENTED_EDGE('',*,*,#2084,.F.);
#983=ORIENTED_EDGE('',*,*,#2146,.F.);
#984=ORIENTED_EDGE('',*,*,#1973,.F.);
#985=ORIENTED_EDGE('',*,*,#2131,.T.);
#986=ORIENTED_EDGE('',*,*,#2085,.F.);
#987=ORIENTED_EDGE('',*,*,#2147,.F.);
#988=ORIENTED_EDGE('',*,*,#1916,.F.);
#989=ORIENTED_EDGE('',*,*,#2136,.T.);
#990=ORIENTED_EDGE('',*,*,#2134,.T.);
#991=ORIENTED_EDGE('',*,*,#2148,.F.);
#992=ORIENTED_EDGE('',*,*,#2138,.T.);
#993=ORIENTED_EDGE('',*,*,#2135,.T.);
#994=ORIENTED_EDGE('',*,*,#2149,.F.);
#995=ORIENTED_EDGE('',*,*,#2139,.T.);
#996=ORIENTED_EDGE('',*,*,#1926,.F.);
#997=ORIENTED_EDGE('',*,*,#2150,.F.);
#998=ORIENTED_EDGE('',*,*,#2089,.F.);
#999=ORIENTED_EDGE('',*,*,#2151,.F.);
#1000=ORIENTED_EDGE('',*,*,#2086,.F.);
#1001=ORIENTED_EDGE('',*,*,#2152,.F.);
#1002=ORIENTED_EDGE('',*,*,#1979,.F.);
#1003=ORIENTED_EDGE('',*,*,#2140,.T.);
#1004=ORIENTED_EDGE('',*,*,#2151,.T.);
#1005=ORIENTED_EDGE('',*,*,#2153,.F.);
#1006=ORIENTED_EDGE('',*,*,#2142,.T.);
#1007=ORIENTED_EDGE('',*,*,#2133,.T.);
#1008=ORIENTED_EDGE('',*,*,#2154,.F.);
#1009=ORIENTED_EDGE('',*,*,#2143,.T.);
#1010=ORIENTED_EDGE('',*,*,#2091,.F.);
#1011=ORIENTED_EDGE('',*,*,#2155,.F.);
#1012=ORIENTED_EDGE('',*,*,#1955,.F.);
#1013=ORIENTED_EDGE('',*,*,#2146,.T.);
#1014=ORIENTED_EDGE('',*,*,#2144,.T.);
#1015=ORIENTED_EDGE('',*,*,#2156,.F.);
#1016=ORIENTED_EDGE('',*,*,#2147,.T.);
#1017=ORIENTED_EDGE('',*,*,#2145,.T.);
#1018=ORIENTED_EDGE('',*,*,#2157,.F.);
#1019=ORIENTED_EDGE('',*,*,#2154,.T.);
#1020=ORIENTED_EDGE('',*,*,#1914,.F.);
#1021=ORIENTED_EDGE('',*,*,#2158,.F.);
#1022=ORIENTED_EDGE('',*,*,#2093,.F.);
#1023=ORIENTED_EDGE('',*,*,#2148,.T.);
#1024=ORIENTED_EDGE('',*,*,#1941,.F.);
#1025=ORIENTED_EDGE('',*,*,#2159,.F.);
#1026=ORIENTED_EDGE('',*,*,#2095,.F.);
#1027=ORIENTED_EDGE('',*,*,#2160,.F.);
#1028=ORIENTED_EDGE('',*,*,#2096,.F.);
#1029=ORIENTED_EDGE('',*,*,#2161,.F.);
#1030=ORIENTED_EDGE('',*,*,#2043,.F.);
#1031=ORIENTED_EDGE('',*,*,#2149,.T.);
#1032=ORIENTED_EDGE('',*,*,#2097,.F.);
#1033=ORIENTED_EDGE('',*,*,#2162,.F.);
#1034=ORIENTED_EDGE('',*,*,#1928,.F.);
#1035=ORIENTED_EDGE('',*,*,#2152,.T.);
#1036=ORIENTED_EDGE('',*,*,#2150,.T.);
#1037=ORIENTED_EDGE('',*,*,#2163,.F.);
#1038=ORIENTED_EDGE('',*,*,#2153,.T.);
#1039=ORIENTED_EDGE('',*,*,#1978,.F.);
#1040=ORIENTED_EDGE('',*,*,#2164,.F.);
#1041=ORIENTED_EDGE('',*,*,#1944,.F.);
#1042=ORIENTED_EDGE('',*,*,#2165,.F.);
#1043=ORIENTED_EDGE('',*,*,#2090,.F.);
#1044=ORIENTED_EDGE('',*,*,#2166,.F.);
#1045=ORIENTED_EDGE('',*,*,#2003,.F.);
#1046=ORIENTED_EDGE('',*,*,#2155,.T.);
#1047=ORIENTED_EDGE('',*,*,#2165,.T.);
#1048=ORIENTED_EDGE('',*,*,#2167,.F.);
#1049=ORIENTED_EDGE('',*,*,#2156,.T.);
#1050=ORIENTED_EDGE('',*,*,#1952,.F.);
#1051=ORIENTED_EDGE('',*,*,#2168,.F.);
#1052=ORIENTED_EDGE('',*,*,#1974,.F.);
#1053=ORIENTED_EDGE('',*,*,#2157,.T.);
#1054=ORIENTED_EDGE('',*,*,#1976,.F.);
#1055=ORIENTED_EDGE('',*,*,#2169,.F.);
#1056=ORIENTED_EDGE('',*,*,#1917,.F.);
#1057=ORIENTED_EDGE('',*,*,#2161,.T.);
#1058=ORIENTED_EDGE('',*,*,#2159,.T.);
#1059=ORIENTED_EDGE('',*,*,#2170,.F.);
#1060=ORIENTED_EDGE('',*,*,#2162,.T.);
#1061=ORIENTED_EDGE('',*,*,#2160,.T.);
#1062=ORIENTED_EDGE('',*,*,#2171,.F.);
#1063=ORIENTED_EDGE('',*,*,#2163,.T.);
#1064=ORIENTED_EDGE('',*,*,#1925,.F.);
#1065=ORIENTED_EDGE('',*,*,#2172,.F.);
#1066=ORIENTED_EDGE('',*,*,#1980,.F.);
#1067=ORIENTED_EDGE('',*,*,#2164,.T.);
#1068=ORIENTED_EDGE('',*,*,#2063,.F.);
#1069=ORIENTED_EDGE('',*,*,#2173,.F.);
#1070=ORIENTED_EDGE('',*,*,#1945,.F.);
#1071=ORIENTED_EDGE('',*,*,#2166,.T.);
#1072=ORIENTED_EDGE('',*,*,#2158,.T.);
#1073=ORIENTED_EDGE('',*,*,#2174,.F.);
#1074=ORIENTED_EDGE('',*,*,#2167,.T.);
#1075=ORIENTED_EDGE('',*,*,#2002,.F.);
#1076=ORIENTED_EDGE('',*,*,#2175,.F.);
#1077=ORIENTED_EDGE('',*,*,#1947,.F.);
#1078=ORIENTED_EDGE('',*,*,#2168,.T.);
#1079=ORIENTED_EDGE('',*,*,#1951,.F.);
#1080=ORIENTED_EDGE('',*,*,#2176,.F.);
#1081=ORIENTED_EDGE('',*,*,#2068,.F.);
#1082=ORIENTED_EDGE('',*,*,#2177,.F.);
#1083=ORIENTED_EDGE('',*,*,#2069,.F.);
#1084=ORIENTED_EDGE('',*,*,#2178,.F.);
#1085=ORIENTED_EDGE('',*,*,#1965,.F.);
#1086=ORIENTED_EDGE('',*,*,#2169,.T.);
#1087=ORIENTED_EDGE('',*,*,#2070,.F.);
#1088=ORIENTED_EDGE('',*,*,#2179,.F.);
#1089=ORIENTED_EDGE('',*,*,#1918,.F.);
#1090=ORIENTED_EDGE('',*,*,#2174,.T.);
#1091=ORIENTED_EDGE('',*,*,#1913,.F.);
#1092=ORIENTED_EDGE('',*,*,#2180,.F.);
#1093=ORIENTED_EDGE('',*,*,#2004,.F.);
#1094=ORIENTED_EDGE('',*,*,#2170,.T.);
#1095=ORIENTED_EDGE('',*,*,#1940,.F.);
#1096=ORIENTED_EDGE('',*,*,#2181,.F.);
#1097=ORIENTED_EDGE('',*,*,#2044,.F.);
#1098=ORIENTED_EDGE('',*,*,#2182,.F.);
#1099=ORIENTED_EDGE('',*,*,#2045,.F.);
#1100=ORIENTED_EDGE('',*,*,#2183,.F.);
#1101=ORIENTED_EDGE('',*,*,#2098,.F.);
#1102=ORIENTED_EDGE('',*,*,#2171,.T.);
#1103=ORIENTED_EDGE('',*,*,#2046,.F.);
#1104=ORIENTED_EDGE('',*,*,#2184,.F.);
#1105=ORIENTED_EDGE('',*,*,#1920,.F.);
#1106=ORIENTED_EDGE('',*,*,#2172,.T.);
#1107=ORIENTED_EDGE('',*,*,#1924,.F.);
#1108=ORIENTED_EDGE('',*,*,#2185,.F.);
#1109=ORIENTED_EDGE('',*,*,#2064,.F.);
#1110=ORIENTED_EDGE('',*,*,#2186,.F.);
#1111=ORIENTED_EDGE('',*,*,#2062,.F.);
#1112=ORIENTED_EDGE('',*,*,#2187,.F.);
#1113=ORIENTED_EDGE('',*,*,#1900,.F.);
#1114=ORIENTED_EDGE('',*,*,#2173,.T.);
#1115=ORIENTED_EDGE('',*,*,#2186,.T.);
#1116=ORIENTED_EDGE('',*,*,#2188,.F.);
#1117=ORIENTED_EDGE('',*,*,#2189,.F.);
#1118=ORIENTED_EDGE('',*,*,#2001,.F.);
#1119=ORIENTED_EDGE('',*,*,#2190,.F.);
#1120=ORIENTED_EDGE('',*,*,#2104,.F.);
#1121=ORIENTED_EDGE('',*,*,#2175,.T.);
#1122=ORIENTED_EDGE('',*,*,#2189,.T.);
#1123=ORIENTED_EDGE('',*,*,#2191,.F.);
#1124=ORIENTED_EDGE('',*,*,#2178,.T.);
#1125=ORIENTED_EDGE('',*,*,#2176,.T.);
#1126=ORIENTED_EDGE('',*,*,#2192,.F.);
#1127=ORIENTED_EDGE('',*,*,#2179,.T.);
#1128=ORIENTED_EDGE('',*,*,#2177,.T.);
#1129=ORIENTED_EDGE('',*,*,#2193,.F.);
#1130=ORIENTED_EDGE('',*,*,#2183,.T.);
#1131=ORIENTED_EDGE('',*,*,#2181,.T.);
#1132=ORIENTED_EDGE('',*,*,#2194,.F.);
#1133=ORIENTED_EDGE('',*,*,#2184,.T.);
#1134=ORIENTED_EDGE('',*,*,#2182,.T.);
#1135=ORIENTED_EDGE('',*,*,#2195,.F.);
#1136=ORIENTED_EDGE('',*,*,#2187,.T.);
#1137=ORIENTED_EDGE('',*,*,#2185,.T.);
#1138=ORIENTED_EDGE('',*,*,#2196,.F.);
#1139=ORIENTED_EDGE('',*,*,#2188,.T.);
#1140=ORIENTED_EDGE('',*,*,#1899,.F.);
#1141=ORIENTED_EDGE('',*,*,#2197,.F.);
#1142=ORIENTED_EDGE('',*,*,#1946,.F.);
#1143=ORIENTED_EDGE('',*,*,#2190,.T.);
#1144=ORIENTED_EDGE('',*,*,#2180,.T.);
#1145=ORIENTED_EDGE('',*,*,#2198,.F.);
#1146=ORIENTED_EDGE('',*,*,#2191,.T.);
#1147=ORIENTED_EDGE('',*,*,#2103,.F.);
#1148=ORIENTED_EDGE('',*,*,#2199,.F.);
#1149=ORIENTED_EDGE('',*,*,#1948,.F.);
#1150=ORIENTED_EDGE('',*,*,#2192,.T.);
#1151=ORIENTED_EDGE('',*,*,#1950,.F.);
#1152=ORIENTED_EDGE('',*,*,#2200,.F.);
#1153=ORIENTED_EDGE('',*,*,#1966,.F.);
#1154=ORIENTED_EDGE('',*,*,#2193,.T.);
#1155=ORIENTED_EDGE('',*,*,#1968,.F.);
#1156=ORIENTED_EDGE('',*,*,#2201,.F.);
#1157=ORIENTED_EDGE('',*,*,#1919,.F.);
#1158=ORIENTED_EDGE('',*,*,#2198,.T.);
#1159=ORIENTED_EDGE('',*,*,#1912,.F.);
#1160=ORIENTED_EDGE('',*,*,#2202,.F.);
#1161=ORIENTED_EDGE('',*,*,#2105,.F.);
#1162=ORIENTED_EDGE('',*,*,#2203,.F.);
#1163=ORIENTED_EDGE('',*,*,#1869,.F.);
#1164=ORIENTED_EDGE('',*,*,#2204,.F.);
#1165=ORIENTED_EDGE('',*,*,#2102,.F.);
#1166=ORIENTED_EDGE('',*,*,#2194,.T.);
#1167=ORIENTED_EDGE('',*,*,#1939,.F.);
#1168=ORIENTED_EDGE('',*,*,#2205,.F.);
#1169=ORIENTED_EDGE('',*,*,#2099,.F.);
#1170=ORIENTED_EDGE('',*,*,#2206,.F.);
#1171=ORIENTED_EDGE('',*,*,#2100,.F.);
#1172=ORIENTED_EDGE('',*,*,#2207,.F.);
#1173=ORIENTED_EDGE('',*,*,#1873,.F.);
#1174=ORIENTED_EDGE('',*,*,#2195,.T.);
#1175=ORIENTED_EDGE('',*,*,#2101,.F.);
#1176=ORIENTED_EDGE('',*,*,#2208,.F.);
#1177=ORIENTED_EDGE('',*,*,#1921,.F.);
#1178=ORIENTED_EDGE('',*,*,#2196,.T.);
#1179=ORIENTED_EDGE('',*,*,#1923,.F.);
#1180=ORIENTED_EDGE('',*,*,#2209,.F.);
#1181=ORIENTED_EDGE('',*,*,#1901,.F.);
#1182=ORIENTED_EDGE('',*,*,#2210,.F.);
#1183=ORIENTED_EDGE('',*,*,#2211,.F.);
#1184=ORIENTED_EDGE('',*,*,#1898,.F.);
#1185=ORIENTED_EDGE('',*,*,#2212,.F.);
#1186=ORIENTED_EDGE('',*,*,#2213,.F.);
#1187=ORIENTED_EDGE('',*,*,#1997,.F.);
#1188=ORIENTED_EDGE('',*,*,#2214,.F.);
#1189=ORIENTED_EDGE('',*,*,#2112,.F.);
#1190=ORIENTED_EDGE('',*,*,#2215,.F.);
#1191=ORIENTED_EDGE('',*,*,#2000,.F.);
#1192=ORIENTED_EDGE('',*,*,#2216,.F.);
#1193=ORIENTED_EDGE('',*,*,#2051,.F.);
#1194=ORIENTED_EDGE('',*,*,#2214,.T.);
#1195=ORIENTED_EDGE('',*,*,#2215,.T.);
#1196=ORIENTED_EDGE('',*,*,#2217,.F.);
#1197=ORIENTED_EDGE('',*,*,#2218,.F.);
#1198=ORIENTED_EDGE('',*,*,#2219,.F.);
#1199=ORIENTED_EDGE('',*,*,#2213,.T.);
#1200=ORIENTED_EDGE('',*,*,#2220,.F.);
#1201=ORIENTED_EDGE('',*,*,#1862,.F.);
#1202=ORIENTED_EDGE('',*,*,#2221,.F.);
#1203=ORIENTED_EDGE('',*,*,#2210,.T.);
#1204=ORIENTED_EDGE('',*,*,#2222,.F.);
#1205=ORIENTED_EDGE('',*,*,#2005,.F.);
#1206=ORIENTED_EDGE('',*,*,#2223,.F.);
#1207=ORIENTED_EDGE('',*,*,#2025,.F.);
#1208=ORIENTED_EDGE('',*,*,#2224,.F.);
#1209=ORIENTED_EDGE('',*,*,#2220,.T.);
#1210=ORIENTED_EDGE('',*,*,#2225,.F.);
#1211=ORIENTED_EDGE('',*,*,#2226,.F.);
#1212=ORIENTED_EDGE('',*,*,#2197,.T.);
#1213=ORIENTED_EDGE('',*,*,#2211,.T.);
#1214=ORIENTED_EDGE('',*,*,#2221,.T.);
#1215=ORIENTED_EDGE('',*,*,#1861,.F.);
#1216=ORIENTED_EDGE('',*,*,#2227,.F.);
#1217=ORIENTED_EDGE('',*,*,#2228,.F.);
#1218=ORIENTED_EDGE('',*,*,#1938,.F.);
#1219=ORIENTED_EDGE('',*,*,#2226,.T.);
#1220=ORIENTED_EDGE('',*,*,#2229,.F.);
#1221=ORIENTED_EDGE('',*,*,#2205,.T.);
#1222=ORIENTED_EDGE('',*,*,#2228,.T.);
#1223=ORIENTED_EDGE('',*,*,#2230,.F.);
#1224=ORIENTED_EDGE('',*,*,#1866,.F.);
#1225=ORIENTED_EDGE('',*,*,#2207,.T.);
#1226=ORIENTED_EDGE('',*,*,#2231,.F.);
#1227=ORIENTED_EDGE('',*,*,#2199,.T.);
#1228=ORIENTED_EDGE('',*,*,#2204,.T.);
#1229=ORIENTED_EDGE('',*,*,#1868,.F.);
#1230=ORIENTED_EDGE('',*,*,#2232,.F.);
#1231=ORIENTED_EDGE('',*,*,#2233,.F.);
#1232=ORIENTED_EDGE('',*,*,#1949,.F.);
#1233=ORIENTED_EDGE('',*,*,#2231,.T.);
#1234=ORIENTED_EDGE('',*,*,#2234,.F.);
#1235=ORIENTED_EDGE('',*,*,#2235,.F.);
#1236=ORIENTED_EDGE('',*,*,#2200,.T.);
#1237=ORIENTED_EDGE('',*,*,#2233,.T.);
#1238=ORIENTED_EDGE('',*,*,#2236,.F.);
#1239=ORIENTED_EDGE('',*,*,#1858,.F.);
#1240=ORIENTED_EDGE('',*,*,#2237,.F.);
#1241=ORIENTED_EDGE('',*,*,#2238,.F.);
#1242=ORIENTED_EDGE('',*,*,#1967,.F.);
#1243=ORIENTED_EDGE('',*,*,#2235,.T.);
#1244=ORIENTED_EDGE('',*,*,#2239,.F.);
#1245=ORIENTED_EDGE('',*,*,#2240,.F.);
#1246=ORIENTED_EDGE('',*,*,#2201,.T.);
#1247=ORIENTED_EDGE('',*,*,#2238,.T.);
#1248=ORIENTED_EDGE('',*,*,#2241,.F.);
#1249=ORIENTED_EDGE('',*,*,#1864,.F.);
#1250=ORIENTED_EDGE('',*,*,#2242,.F.);
#1251=ORIENTED_EDGE('',*,*,#2243,.F.);
#1252=ORIENTED_EDGE('',*,*,#1911,.F.);
#1253=ORIENTED_EDGE('',*,*,#2240,.T.);
#1254=ORIENTED_EDGE('',*,*,#2244,.F.);
#1255=ORIENTED_EDGE('',*,*,#2202,.T.);
#1256=ORIENTED_EDGE('',*,*,#2243,.T.);
#1257=ORIENTED_EDGE('',*,*,#2245,.F.);
#1258=ORIENTED_EDGE('',*,*,#1870,.F.);
#1259=ORIENTED_EDGE('',*,*,#2203,.T.);
#1260=ORIENTED_EDGE('',*,*,#2246,.F.);
#1261=ORIENTED_EDGE('',*,*,#2208,.T.);
#1262=ORIENTED_EDGE('',*,*,#2206,.T.);
#1263=ORIENTED_EDGE('',*,*,#1872,.F.);
#1264=ORIENTED_EDGE('',*,*,#2247,.F.);
#1265=ORIENTED_EDGE('',*,*,#2248,.F.);
#1266=ORIENTED_EDGE('',*,*,#1922,.F.);
#1267=ORIENTED_EDGE('',*,*,#2246,.T.);
#1268=ORIENTED_EDGE('',*,*,#2249,.F.);
#1269=ORIENTED_EDGE('',*,*,#2209,.T.);
#1270=ORIENTED_EDGE('',*,*,#2248,.T.);
#1271=ORIENTED_EDGE('',*,*,#2250,.F.);
#1272=ORIENTED_EDGE('',*,*,#2006,.F.);
#1273=ORIENTED_EDGE('',*,*,#2222,.T.);
#1274=ORIENTED_EDGE('',*,*,#2212,.T.);
#1275=ORIENTED_EDGE('',*,*,#2251,.F.);
#1276=ORIENTED_EDGE('',*,*,#2252,.F.);
#1277=ORIENTED_EDGE('',*,*,#2223,.T.);
#1278=ORIENTED_EDGE('',*,*,#2252,.T.);
#1279=ORIENTED_EDGE('',*,*,#1874,.F.);
#1280=ORIENTED_EDGE('',*,*,#2253,.F.);
#1281=ORIENTED_EDGE('',*,*,#2026,.F.);
#1282=ORIENTED_EDGE('',*,*,#2219,.T.);
#1283=ORIENTED_EDGE('',*,*,#1936,.F.);
#1284=ORIENTED_EDGE('',*,*,#2254,.F.);
#1285=ORIENTED_EDGE('',*,*,#1998,.F.);
#1286=ORIENTED_EDGE('',*,*,#2216,.T.);
#1287=ORIENTED_EDGE('',*,*,#2057,.F.);
#1288=ORIENTED_EDGE('',*,*,#2255,.F.);
#1289=ORIENTED_EDGE('',*,*,#2052,.F.);
#1290=ORIENTED_EDGE('',*,*,#2217,.T.);
#1291=ORIENTED_EDGE('',*,*,#2050,.F.);
#1292=ORIENTED_EDGE('',*,*,#2256,.F.);
#1293=ORIENTED_EDGE('',*,*,#2113,.F.);
#1294=ORIENTED_EDGE('',*,*,#2257,.F.);
#1295=ORIENTED_EDGE('',*,*,#2110,.F.);
#1296=ORIENTED_EDGE('',*,*,#2258,.F.);
#1297=ORIENTED_EDGE('',*,*,#1991,.F.);
#1298=ORIENTED_EDGE('',*,*,#2218,.T.);
#1299=ORIENTED_EDGE('',*,*,#2111,.F.);
#1300=ORIENTED_EDGE('',*,*,#2259,.F.);
#1301=ORIENTED_EDGE('',*,*,#1937,.F.);
#1302=ORIENTED_EDGE('',*,*,#2225,.T.);
#1303=ORIENTED_EDGE('',*,*,#2024,.F.);
#1304=ORIENTED_EDGE('',*,*,#2260,.F.);
#1305=ORIENTED_EDGE('',*,*,#1889,.F.);
#1306=ORIENTED_EDGE('',*,*,#2224,.T.);
#1307=ORIENTED_EDGE('',*,*,#1888,.F.);
#1308=ORIENTED_EDGE('',*,*,#2261,.F.);
#1309=ORIENTED_EDGE('',*,*,#1859,.F.);
#1310=ORIENTED_EDGE('',*,*,#2236,.T.);
#1311=ORIENTED_EDGE('',*,*,#2234,.T.);
#1312=ORIENTED_EDGE('',*,*,#2232,.T.);
#1313=ORIENTED_EDGE('',*,*,#1867,.F.);
#1314=ORIENTED_EDGE('',*,*,#2230,.T.);
#1315=ORIENTED_EDGE('',*,*,#2229,.T.);
#1316=ORIENTED_EDGE('',*,*,#2227,.T.);
#1317=ORIENTED_EDGE('',*,*,#1860,.F.);
#1318=ORIENTED_EDGE('',*,*,#2237,.T.);
#1319=ORIENTED_EDGE('',*,*,#1857,.F.);
#1320=ORIENTED_EDGE('',*,*,#2262,.F.);
#1321=ORIENTED_EDGE('',*,*,#2014,.F.);
#1322=ORIENTED_EDGE('',*,*,#2263,.F.);
#1323=ORIENTED_EDGE('',*,*,#1865,.F.);
#1324=ORIENTED_EDGE('',*,*,#2241,.T.);
#1325=ORIENTED_EDGE('',*,*,#2239,.T.);
#1326=ORIENTED_EDGE('',*,*,#2242,.T.);
#1327=ORIENTED_EDGE('',*,*,#1863,.F.);
#1328=ORIENTED_EDGE('',*,*,#2264,.F.);
#1329=ORIENTED_EDGE('',*,*,#1875,.F.);
#1330=ORIENTED_EDGE('',*,*,#2251,.T.);
#1331=ORIENTED_EDGE('',*,*,#2007,.F.);
#1332=ORIENTED_EDGE('',*,*,#2250,.T.);
#1333=ORIENTED_EDGE('',*,*,#2249,.T.);
#1334=ORIENTED_EDGE('',*,*,#2247,.T.);
#1335=ORIENTED_EDGE('',*,*,#1871,.F.);
#1336=ORIENTED_EDGE('',*,*,#2245,.T.);
#1337=ORIENTED_EDGE('',*,*,#2244,.T.);
#1338=ORIENTED_EDGE('',*,*,#2254,.T.);
#1339=ORIENTED_EDGE('',*,*,#1935,.F.);
#1340=ORIENTED_EDGE('',*,*,#2265,.F.);
#1341=ORIENTED_EDGE('',*,*,#2056,.F.);
#1342=ORIENTED_EDGE('',*,*,#2255,.T.);
#1343=ORIENTED_EDGE('',*,*,#2042,.F.);
#1344=ORIENTED_EDGE('',*,*,#2266,.F.);
#1345=ORIENTED_EDGE('',*,*,#2053,.F.);
#1346=ORIENTED_EDGE('',*,*,#2258,.T.);
#1347=ORIENTED_EDGE('',*,*,#2256,.T.);
#1348=ORIENTED_EDGE('',*,*,#2267,.F.);
#1349=ORIENTED_EDGE('',*,*,#2259,.T.);
#1350=ORIENTED_EDGE('',*,*,#2257,.T.);
#1351=ORIENTED_EDGE('',*,*,#2268,.F.);
#1352=ORIENTED_EDGE('',*,*,#2121,.F.);
#1353=ORIENTED_EDGE('',*,*,#2253,.T.);
#1354=ORIENTED_EDGE('',*,*,#2269,.F.);
#1355=ORIENTED_EDGE('',*,*,#2260,.T.);
#1356=ORIENTED_EDGE('',*,*,#2120,.F.);
#1357=ORIENTED_EDGE('',*,*,#2270,.F.);
#1358=ORIENTED_EDGE('',*,*,#2262,.T.);
#1359=ORIENTED_EDGE('',*,*,#2261,.T.);
#1360=ORIENTED_EDGE('',*,*,#2271,.F.);
#1361=ORIENTED_EDGE('',*,*,#2264,.T.);
#1362=ORIENTED_EDGE('',*,*,#2263,.T.);
#1363=ORIENTED_EDGE('',*,*,#2272,.F.);
#1364=ORIENTED_EDGE('',*,*,#2269,.T.);
#1365=ORIENTED_EDGE('',*,*,#1880,.F.);
#1366=ORIENTED_EDGE('',*,*,#2273,.F.);
#1367=ORIENTED_EDGE('',*,*,#2117,.F.);
#1368=ORIENTED_EDGE('',*,*,#2265,.T.);
#1369=ORIENTED_EDGE('',*,*,#1934,.F.);
#1370=ORIENTED_EDGE('',*,*,#2274,.F.);
#1371=ORIENTED_EDGE('',*,*,#2040,.F.);
#1372=ORIENTED_EDGE('',*,*,#2266,.T.);
#1373=ORIENTED_EDGE('',*,*,#2067,.F.);
#1374=ORIENTED_EDGE('',*,*,#2275,.F.);
#1375=ORIENTED_EDGE('',*,*,#2054,.F.);
#1376=ORIENTED_EDGE('',*,*,#2267,.T.);
#1377=ORIENTED_EDGE('',*,*,#2049,.F.);
#1378=ORIENTED_EDGE('',*,*,#2276,.F.);
#1379=ORIENTED_EDGE('',*,*,#1992,.F.);
#1380=ORIENTED_EDGE('',*,*,#2277,.F.);
#1381=ORIENTED_EDGE('',*,*,#1989,.F.);
#1382=ORIENTED_EDGE('',*,*,#2278,.F.);
#1383=ORIENTED_EDGE('',*,*,#2076,.F.);
#1384=ORIENTED_EDGE('',*,*,#2268,.T.);
#1385=ORIENTED_EDGE('',*,*,#1990,.F.);
#1386=ORIENTED_EDGE('',*,*,#2279,.F.);
#1387=ORIENTED_EDGE('',*,*,#1929,.F.);
#1388=ORIENTED_EDGE('',*,*,#2274,.T.);
#1389=ORIENTED_EDGE('',*,*,#1933,.F.);
#1390=ORIENTED_EDGE('',*,*,#2280,.F.);
#1391=ORIENTED_EDGE('',*,*,#2065,.F.);
#1392=ORIENTED_EDGE('',*,*,#2270,.T.);
#1393=ORIENTED_EDGE('',*,*,#2115,.F.);
#1394=ORIENTED_EDGE('',*,*,#2281,.F.);
#1395=ORIENTED_EDGE('',*,*,#1890,.F.);
#1396=ORIENTED_EDGE('',*,*,#2271,.T.);
#1397=ORIENTED_EDGE('',*,*,#1887,.F.);
#1398=ORIENTED_EDGE('',*,*,#2282,.F.);
#1399=ORIENTED_EDGE('',*,*,#2011,.F.);
#1400=ORIENTED_EDGE('',*,*,#2283,.F.);
#1401=ORIENTED_EDGE('',*,*,#2012,.F.);
#1402=ORIENTED_EDGE('',*,*,#2284,.F.);
#1403=ORIENTED_EDGE('',*,*,#2016,.F.);
#1404=ORIENTED_EDGE('',*,*,#2272,.T.);
#1405=ORIENTED_EDGE('',*,*,#2013,.F.);
#1406=ORIENTED_EDGE('',*,*,#2285,.F.);
#1407=ORIENTED_EDGE('',*,*,#1876,.F.);
#1408=ORIENTED_EDGE('',*,*,#2286,.F.);
#1409=ORIENTED_EDGE('',*,*,#2066,.F.);
#1410=ORIENTED_EDGE('',*,*,#2287,.F.);
#1411=ORIENTED_EDGE('',*,*,#2031,.F.);
#1412=ORIENTED_EDGE('',*,*,#2275,.T.);
#1413=ORIENTED_EDGE('',*,*,#2286,.T.);
#1414=ORIENTED_EDGE('',*,*,#2288,.F.);
#1415=ORIENTED_EDGE('',*,*,#2278,.T.);
#1416=ORIENTED_EDGE('',*,*,#2276,.T.);
#1417=ORIENTED_EDGE('',*,*,#2289,.F.);
#1418=ORIENTED_EDGE('',*,*,#2279,.T.);
#1419=ORIENTED_EDGE('',*,*,#2277,.T.);
#1420=ORIENTED_EDGE('',*,*,#2290,.F.);
#1421=ORIENTED_EDGE('',*,*,#2119,.F.);
#1422=ORIENTED_EDGE('',*,*,#2273,.T.);
#1423=ORIENTED_EDGE('',*,*,#2291,.F.);
#1424=ORIENTED_EDGE('',*,*,#2281,.T.);
#1425=ORIENTED_EDGE('',*,*,#2118,.F.);
#1426=ORIENTED_EDGE('',*,*,#2292,.F.);
#1427=ORIENTED_EDGE('',*,*,#2284,.T.);
#1428=ORIENTED_EDGE('',*,*,#2282,.T.);
#1429=ORIENTED_EDGE('',*,*,#2293,.F.);
#1430=ORIENTED_EDGE('',*,*,#2285,.T.);
#1431=ORIENTED_EDGE('',*,*,#2283,.T.);
#1432=ORIENTED_EDGE('',*,*,#2294,.F.);
#1433=ORIENTED_EDGE('',*,*,#2287,.T.);
#1434=ORIENTED_EDGE('',*,*,#2280,.T.);
#1435=ORIENTED_EDGE('',*,*,#2295,.F.);
#1436=ORIENTED_EDGE('',*,*,#2288,.T.);
#1437=ORIENTED_EDGE('',*,*,#2034,.F.);
#1438=ORIENTED_EDGE('',*,*,#2296,.F.);
#1439=ORIENTED_EDGE('',*,*,#2055,.F.);
#1440=ORIENTED_EDGE('',*,*,#2289,.T.);
#1441=ORIENTED_EDGE('',*,*,#2048,.F.);
#1442=ORIENTED_EDGE('',*,*,#2297,.F.);
#1443=ORIENTED_EDGE('',*,*,#2077,.F.);
#1444=ORIENTED_EDGE('',*,*,#2298,.F.);
#1445=ORIENTED_EDGE('',*,*,#2074,.F.);
#1446=ORIENTED_EDGE('',*,*,#2299,.F.);
#1447=ORIENTED_EDGE('',*,*,#1852,.F.);
#1448=ORIENTED_EDGE('',*,*,#2290,.T.);
#1449=ORIENTED_EDGE('',*,*,#2075,.F.);
#1450=ORIENTED_EDGE('',*,*,#2300,.F.);
#1451=ORIENTED_EDGE('',*,*,#1930,.F.);
#1452=ORIENTED_EDGE('',*,*,#2295,.T.);
#1453=ORIENTED_EDGE('',*,*,#1932,.F.);
#1454=ORIENTED_EDGE('',*,*,#2301,.F.);
#1455=ORIENTED_EDGE('',*,*,#2032,.F.);
#1456=ORIENTED_EDGE('',*,*,#2302,.F.);
#1457=ORIENTED_EDGE('',*,*,#2303,.F.);
#1458=ORIENTED_EDGE('',*,*,#2033,.F.);
#1459=ORIENTED_EDGE('',*,*,#2304,.F.);
#1460=ORIENTED_EDGE('',*,*,#2291,.T.);
#1461=ORIENTED_EDGE('',*,*,#1879,.F.);
#1462=ORIENTED_EDGE('',*,*,#2305,.F.);
#1463=ORIENTED_EDGE('',*,*,#2022,.F.);
#1464=ORIENTED_EDGE('',*,*,#2306,.F.);
#1465=ORIENTED_EDGE('',*,*,#2019,.F.);
#1466=ORIENTED_EDGE('',*,*,#2307,.F.);
#1467=ORIENTED_EDGE('',*,*,#1848,.F.);
#1468=ORIENTED_EDGE('',*,*,#2308,.F.);
#1469=ORIENTED_EDGE('',*,*,#2302,.T.);
#1470=ORIENTED_EDGE('',*,*,#2309,.F.);
#1471=ORIENTED_EDGE('',*,*,#1843,.F.);
#1472=ORIENTED_EDGE('',*,*,#2292,.T.);
#1473=ORIENTED_EDGE('',*,*,#2020,.F.);
#1474=ORIENTED_EDGE('',*,*,#2310,.F.);
#1475=ORIENTED_EDGE('',*,*,#1891,.F.);
#1476=ORIENTED_EDGE('',*,*,#2293,.T.);
#1477=ORIENTED_EDGE('',*,*,#1886,.F.);
#1478=ORIENTED_EDGE('',*,*,#2311,.F.);
#1479=ORIENTED_EDGE('',*,*,#2017,.F.);
#1480=ORIENTED_EDGE('',*,*,#2294,.T.);
#1481=ORIENTED_EDGE('',*,*,#2015,.F.);
#1482=ORIENTED_EDGE('',*,*,#2312,.F.);
#1483=ORIENTED_EDGE('',*,*,#1877,.F.);
#1484=ORIENTED_EDGE('',*,*,#2307,.T.);
#1485=ORIENTED_EDGE('',*,*,#2305,.T.);
#1486=ORIENTED_EDGE('',*,*,#2313,.F.);
#1487=ORIENTED_EDGE('',*,*,#2314,.F.);
#1488=ORIENTED_EDGE('',*,*,#2296,.T.);
#1489=ORIENTED_EDGE('',*,*,#2303,.T.);
#1490=ORIENTED_EDGE('',*,*,#2308,.T.);
#1491=ORIENTED_EDGE('',*,*,#1847,.F.);
#1492=ORIENTED_EDGE('',*,*,#2315,.F.);
#1493=ORIENTED_EDGE('',*,*,#2316,.F.);
#1494=ORIENTED_EDGE('',*,*,#2047,.F.);
#1495=ORIENTED_EDGE('',*,*,#2314,.T.);
#1496=ORIENTED_EDGE('',*,*,#2317,.F.);
#1497=ORIENTED_EDGE('',*,*,#2297,.T.);
#1498=ORIENTED_EDGE('',*,*,#2316,.T.);
#1499=ORIENTED_EDGE('',*,*,#2318,.F.);
#1500=ORIENTED_EDGE('',*,*,#1853,.F.);
#1501=ORIENTED_EDGE('',*,*,#2299,.T.);
#1502=ORIENTED_EDGE('',*,*,#2319,.F.);
#1503=ORIENTED_EDGE('',*,*,#1856,.F.);
#1504=ORIENTED_EDGE('',*,*,#2320,.F.);
#1505=ORIENTED_EDGE('',*,*,#2080,.F.);
#1506=ORIENTED_EDGE('',*,*,#2321,.F.);
#1507=ORIENTED_EDGE('',*,*,#2300,.T.);
#1508=ORIENTED_EDGE('',*,*,#2298,.T.);
#1509=ORIENTED_EDGE('',*,*,#1851,.F.);
#1510=ORIENTED_EDGE('',*,*,#2322,.F.);
#1511=ORIENTED_EDGE('',*,*,#2323,.F.);
#1512=ORIENTED_EDGE('',*,*,#1931,.F.);
#1513=ORIENTED_EDGE('',*,*,#2321,.T.);
#1514=ORIENTED_EDGE('',*,*,#2324,.F.);
#1515=ORIENTED_EDGE('',*,*,#2301,.T.);
#1516=ORIENTED_EDGE('',*,*,#2323,.T.);
#1517=ORIENTED_EDGE('',*,*,#2325,.F.);
#1518=ORIENTED_EDGE('',*,*,#1844,.F.);
#1519=ORIENTED_EDGE('',*,*,#2309,.T.);
#1520=ORIENTED_EDGE('',*,*,#2304,.T.);
#1521=ORIENTED_EDGE('',*,*,#2310,.T.);
#1522=ORIENTED_EDGE('',*,*,#2306,.T.);
#1523=ORIENTED_EDGE('',*,*,#2326,.F.);
#1524=ORIENTED_EDGE('',*,*,#2327,.F.);
#1525=ORIENTED_EDGE('',*,*,#2311,.T.);
#1526=ORIENTED_EDGE('',*,*,#2328,.F.);
#1527=ORIENTED_EDGE('',*,*,#2329,.F.);
#1528=ORIENTED_EDGE('',*,*,#2330,.F.);
#1529=ORIENTED_EDGE('',*,*,#2312,.T.);
#1530=ORIENTED_EDGE('',*,*,#2331,.F.);
#1531=ORIENTED_EDGE('',*,*,#2332,.F.);
#1532=ORIENTED_EDGE('',*,*,#1854,.F.);
#1533=ORIENTED_EDGE('',*,*,#2318,.T.);
#1534=ORIENTED_EDGE('',*,*,#2317,.T.);
#1535=ORIENTED_EDGE('',*,*,#2315,.T.);
#1536=ORIENTED_EDGE('',*,*,#1846,.F.);
#1537=ORIENTED_EDGE('',*,*,#2313,.T.);
#1538=ORIENTED_EDGE('',*,*,#1878,.F.);
#1539=ORIENTED_EDGE('',*,*,#2330,.T.);
#1540=ORIENTED_EDGE('',*,*,#2010,.F.);
#1541=ORIENTED_EDGE('',*,*,#2333,.F.);
#1542=ORIENTED_EDGE('',*,*,#2334,.F.);
#1543=ORIENTED_EDGE('',*,*,#2331,.T.);
#1544=ORIENTED_EDGE('',*,*,#2335,.F.);
#1545=ORIENTED_EDGE('',*,*,#1904,.F.);
#1546=ORIENTED_EDGE('',*,*,#2332,.T.);
#1547=ORIENTED_EDGE('',*,*,#2334,.T.);
#1548=ORIENTED_EDGE('',*,*,#2336,.F.);
#1549=ORIENTED_EDGE('',*,*,#2320,.T.);
#1550=ORIENTED_EDGE('',*,*,#1855,.F.);
#1551=ORIENTED_EDGE('',*,*,#2337,.F.);
#1552=ORIENTED_EDGE('',*,*,#2338,.F.);
#1553=ORIENTED_EDGE('',*,*,#2339,.F.);
#1554=ORIENTED_EDGE('',*,*,#1849,.F.);
#1555=ORIENTED_EDGE('',*,*,#2319,.T.);
#1556=ORIENTED_EDGE('',*,*,#2340,.F.);
#1557=ORIENTED_EDGE('',*,*,#2338,.T.);
#1558=ORIENTED_EDGE('',*,*,#1956,.F.);
#1559=ORIENTED_EDGE('',*,*,#2341,.F.);
#1560=ORIENTED_EDGE('',*,*,#2339,.T.);
#1561=ORIENTED_EDGE('',*,*,#2340,.T.);
#1562=ORIENTED_EDGE('',*,*,#2342,.F.);
#1563=ORIENTED_EDGE('',*,*,#1840,.F.);
#1564=ORIENTED_EDGE('',*,*,#2328,.T.);
#1565=ORIENTED_EDGE('',*,*,#1892,.F.);
#1566=ORIENTED_EDGE('',*,*,#2326,.T.);
#1567=ORIENTED_EDGE('',*,*,#1845,.F.);
#1568=ORIENTED_EDGE('',*,*,#2325,.T.);
#1569=ORIENTED_EDGE('',*,*,#2324,.T.);
#1570=ORIENTED_EDGE('',*,*,#2322,.T.);
#1571=ORIENTED_EDGE('',*,*,#1850,.F.);
#1572=ORIENTED_EDGE('',*,*,#2343,.F.);
#1573=ORIENTED_EDGE('',*,*,#2344,.F.);
#1574=ORIENTED_EDGE('',*,*,#2008,.F.);
#1575=ORIENTED_EDGE('',*,*,#2329,.T.);
#1576=ORIENTED_EDGE('',*,*,#2018,.F.);
#1577=ORIENTED_EDGE('',*,*,#2327,.T.);
#1578=ORIENTED_EDGE('',*,*,#1842,.F.);
#1579=ORIENTED_EDGE('',*,*,#2345,.F.);
#1580=ORIENTED_EDGE('',*,*,#2346,.F.);
#1581=ORIENTED_EDGE('',*,*,#2343,.T.);
#1582=ORIENTED_EDGE('',*,*,#2347,.F.);
#1583=ORIENTED_EDGE('',*,*,#2027,.F.);
#1584=ORIENTED_EDGE('',*,*,#2344,.T.);
#1585=ORIENTED_EDGE('',*,*,#2346,.T.);
#1586=ORIENTED_EDGE('',*,*,#2348,.F.);
#1587=ORIENTED_EDGE('',*,*,#2335,.T.);
#1588=ORIENTED_EDGE('',*,*,#2333,.T.);
#1589=ORIENTED_EDGE('',*,*,#2009,.F.);
#1590=ORIENTED_EDGE('',*,*,#2336,.T.);
#1591=ORIENTED_EDGE('',*,*,#1903,.F.);
#1592=ORIENTED_EDGE('',*,*,#2349,.F.);
#1593=ORIENTED_EDGE('',*,*,#2081,.F.);
#1594=ORIENTED_EDGE('',*,*,#2350,.F.);
#1595=ORIENTED_EDGE('',*,*,#2078,.F.);
#1596=ORIENTED_EDGE('',*,*,#2351,.F.);
#1597=ORIENTED_EDGE('',*,*,#1987,.F.);
#1598=ORIENTED_EDGE('',*,*,#2337,.T.);
#1599=ORIENTED_EDGE('',*,*,#2079,.F.);
#1600=ORIENTED_EDGE('',*,*,#2352,.F.);
#1601=ORIENTED_EDGE('',*,*,#1957,.F.);
#1602=ORIENTED_EDGE('',*,*,#2342,.T.);
#1603=ORIENTED_EDGE('',*,*,#2341,.T.);
#1604=ORIENTED_EDGE('',*,*,#2353,.F.);
#1605=ORIENTED_EDGE('',*,*,#2347,.T.);
#1606=ORIENTED_EDGE('',*,*,#2345,.T.);
#1607=ORIENTED_EDGE('',*,*,#1841,.F.);
#1608=ORIENTED_EDGE('',*,*,#2348,.T.);
#1609=ORIENTED_EDGE('',*,*,#2030,.F.);
#1610=ORIENTED_EDGE('',*,*,#2354,.F.);
#1611=ORIENTED_EDGE('',*,*,#1905,.F.);
#1612=ORIENTED_EDGE('',*,*,#2351,.T.);
#1613=ORIENTED_EDGE('',*,*,#2349,.T.);
#1614=ORIENTED_EDGE('',*,*,#2355,.F.);
#1615=ORIENTED_EDGE('',*,*,#2352,.T.);
#1616=ORIENTED_EDGE('',*,*,#2350,.T.);
#1617=ORIENTED_EDGE('',*,*,#2356,.F.);
#1618=ORIENTED_EDGE('',*,*,#2353,.T.);
#1619=ORIENTED_EDGE('',*,*,#1964,.F.);
#1620=ORIENTED_EDGE('',*,*,#2357,.F.);
#1621=ORIENTED_EDGE('',*,*,#2028,.F.);
#1622=ORIENTED_EDGE('',*,*,#2358,.F.);
#1623=ORIENTED_EDGE('',*,*,#2029,.F.);
#1624=ORIENTED_EDGE('',*,*,#2359,.F.);
#1625=ORIENTED_EDGE('',*,*,#2071,.F.);
#1626=ORIENTED_EDGE('',*,*,#2354,.T.);
#1627=ORIENTED_EDGE('',*,*,#2358,.T.);
#1628=ORIENTED_EDGE('',*,*,#2360,.F.);
#1629=ORIENTED_EDGE('',*,*,#2355,.T.);
#1630=ORIENTED_EDGE('',*,*,#1902,.F.);
#1631=ORIENTED_EDGE('',*,*,#2361,.F.);
#1632=ORIENTED_EDGE('',*,*,#1988,.F.);
#1633=ORIENTED_EDGE('',*,*,#2362,.F.);
#1634=ORIENTED_EDGE('',*,*,#1985,.F.);
#1635=ORIENTED_EDGE('',*,*,#2363,.F.);
#1636=ORIENTED_EDGE('',*,*,#2108,.F.);
#1637=ORIENTED_EDGE('',*,*,#2356,.T.);
#1638=ORIENTED_EDGE('',*,*,#1986,.F.);
#1639=ORIENTED_EDGE('',*,*,#2364,.F.);
#1640=ORIENTED_EDGE('',*,*,#1958,.F.);
#1641=ORIENTED_EDGE('',*,*,#2359,.T.);
#1642=ORIENTED_EDGE('',*,*,#2357,.T.);
#1643=ORIENTED_EDGE('',*,*,#2365,.F.);
#1644=ORIENTED_EDGE('',*,*,#2360,.T.);
#1645=ORIENTED_EDGE('',*,*,#2073,.F.);
#1646=ORIENTED_EDGE('',*,*,#2366,.F.);
#1647=ORIENTED_EDGE('',*,*,#1906,.F.);
#1648=ORIENTED_EDGE('',*,*,#2363,.T.);
#1649=ORIENTED_EDGE('',*,*,#2361,.T.);
#1650=ORIENTED_EDGE('',*,*,#2367,.F.);
#1651=ORIENTED_EDGE('',*,*,#2364,.T.);
#1652=ORIENTED_EDGE('',*,*,#2362,.T.);
#1653=ORIENTED_EDGE('',*,*,#2368,.F.);
#1654=ORIENTED_EDGE('',*,*,#2365,.T.);
#1655=ORIENTED_EDGE('',*,*,#1963,.F.);
#1656=ORIENTED_EDGE('',*,*,#2369,.F.);
#1657=ORIENTED_EDGE('',*,*,#2072,.F.);
#1658=ORIENTED_EDGE('',*,*,#2366,.T.);
#1659=ORIENTED_EDGE('',*,*,#1984,.F.);
#1660=ORIENTED_EDGE('',*,*,#2370,.F.);
#1661=ORIENTED_EDGE('',*,*,#1907,.F.);
#1662=ORIENTED_EDGE('',*,*,#2367,.T.);
#1663=ORIENTED_EDGE('',*,*,#1910,.F.);
#1664=ORIENTED_EDGE('',*,*,#2371,.F.);
#1665=ORIENTED_EDGE('',*,*,#2109,.F.);
#1666=ORIENTED_EDGE('',*,*,#2372,.F.);
#1667=ORIENTED_EDGE('',*,*,#2106,.F.);
#1668=ORIENTED_EDGE('',*,*,#2373,.F.);
#1669=ORIENTED_EDGE('',*,*,#1995,.F.);
#1670=ORIENTED_EDGE('',*,*,#2368,.T.);
#1671=ORIENTED_EDGE('',*,*,#2107,.F.);
#1672=ORIENTED_EDGE('',*,*,#2374,.F.);
#1673=ORIENTED_EDGE('',*,*,#1959,.F.);
#1674=ORIENTED_EDGE('',*,*,#2369,.T.);
#1675=ORIENTED_EDGE('',*,*,#1962,.F.);
#1676=ORIENTED_EDGE('',*,*,#2375,.F.);
#1677=ORIENTED_EDGE('',*,*,#1982,.F.);
#1678=ORIENTED_EDGE('',*,*,#2376,.F.);
#1679=ORIENTED_EDGE('',*,*,#1983,.F.);
#1680=ORIENTED_EDGE('',*,*,#2377,.F.);
#1681=ORIENTED_EDGE('',*,*,#2058,.F.);
#1682=ORIENTED_EDGE('',*,*,#2370,.T.);
#1683=ORIENTED_EDGE('',*,*,#2376,.T.);
#1684=ORIENTED_EDGE('',*,*,#2378,.F.);
#1685=ORIENTED_EDGE('',*,*,#2373,.T.);
#1686=ORIENTED_EDGE('',*,*,#2371,.T.);
#1687=ORIENTED_EDGE('',*,*,#2379,.F.);
#1688=ORIENTED_EDGE('',*,*,#2374,.T.);
#1689=ORIENTED_EDGE('',*,*,#2372,.T.);
#1690=ORIENTED_EDGE('',*,*,#2380,.F.);
#1691=ORIENTED_EDGE('',*,*,#2377,.T.);
#1692=ORIENTED_EDGE('',*,*,#2375,.T.);
#1693=ORIENTED_EDGE('',*,*,#2381,.F.);
#1694=ORIENTED_EDGE('',*,*,#2378,.T.);
#1695=ORIENTED_EDGE('',*,*,#2061,.F.);
#1696=ORIENTED_EDGE('',*,*,#2382,.F.);
#1697=ORIENTED_EDGE('',*,*,#1908,.F.);
#1698=ORIENTED_EDGE('',*,*,#2379,.T.);
#1699=ORIENTED_EDGE('',*,*,#1909,.F.);
#1700=ORIENTED_EDGE('',*,*,#2383,.F.);
#1701=ORIENTED_EDGE('',*,*,#1996,.F.);
#1702=ORIENTED_EDGE('',*,*,#2380,.T.);
#1703=ORIENTED_EDGE('',*,*,#1994,.F.);
#1704=ORIENTED_EDGE('',*,*,#2384,.F.);
#1705=ORIENTED_EDGE('',*,*,#1960,.F.);
#1706=ORIENTED_EDGE('',*,*,#2381,.T.);
#1707=ORIENTED_EDGE('',*,*,#1961,.F.);
#1708=ORIENTED_EDGE('',*,*,#2385,.F.);
#1709=ORIENTED_EDGE('',*,*,#2059,.F.);
#1710=ORIENTED_EDGE('',*,*,#2383,.T.);
#1711=ORIENTED_EDGE('',*,*,#2382,.T.);
#1712=ORIENTED_EDGE('',*,*,#2386,.F.);
#1713=ORIENTED_EDGE('',*,*,#2385,.T.);
#1714=ORIENTED_EDGE('',*,*,#2384,.T.);
#1715=ORIENTED_EDGE('',*,*,#2387,.F.);
#1716=ORIENTED_EDGE('',*,*,#2386,.T.);
#1717=ORIENTED_EDGE('',*,*,#2060,.F.);
#1718=ORIENTED_EDGE('',*,*,#2387,.T.);
#1719=ORIENTED_EDGE('',*,*,#1993,.F.);
#1720=ORIENTED_EDGE('',*,*,#2388,.T.);
#1721=ORIENTED_EDGE('',*,*,#2389,.T.);
#1722=ORIENTED_EDGE('',*,*,#2390,.T.);
#1723=ORIENTED_EDGE('',*,*,#2391,.T.);
#1724=ORIENTED_EDGE('',*,*,#2392,.T.);
#1725=ORIENTED_EDGE('',*,*,#2393,.T.);
#1726=ORIENTED_EDGE('',*,*,#2394,.T.);
#1727=ORIENTED_EDGE('',*,*,#2395,.T.);
#1728=ORIENTED_EDGE('',*,*,#2396,.T.);
#1729=ORIENTED_EDGE('',*,*,#2397,.T.);
#1730=ORIENTED_EDGE('',*,*,#2398,.T.);
#1731=ORIENTED_EDGE('',*,*,#2399,.T.);
#1732=ORIENTED_EDGE('',*,*,#2400,.T.);
#1733=ORIENTED_EDGE('',*,*,#2401,.T.);
#1734=ORIENTED_EDGE('',*,*,#2402,.T.);
#1735=ORIENTED_EDGE('',*,*,#2403,.T.);
#1736=ORIENTED_EDGE('',*,*,#2404,.T.);
#1737=ORIENTED_EDGE('',*,*,#2405,.T.);
#1738=ORIENTED_EDGE('',*,*,#2406,.T.);
#1739=ORIENTED_EDGE('',*,*,#2407,.T.);
#1740=ORIENTED_EDGE('',*,*,#2408,.T.);
#1741=ORIENTED_EDGE('',*,*,#2409,.T.);
#1742=ORIENTED_EDGE('',*,*,#2410,.T.);
#1743=ORIENTED_EDGE('',*,*,#2411,.T.);
#1744=ORIENTED_EDGE('',*,*,#2412,.T.);
#1745=ORIENTED_EDGE('',*,*,#2413,.T.);
#1746=ORIENTED_EDGE('',*,*,#2414,.T.);
#1747=ORIENTED_EDGE('',*,*,#2415,.T.);
#1748=ORIENTED_EDGE('',*,*,#2416,.T.);
#1749=ORIENTED_EDGE('',*,*,#2417,.T.);
#1750=ORIENTED_EDGE('',*,*,#2418,.F.);
#1751=ORIENTED_EDGE('',*,*,#2405,.F.);
#1752=ORIENTED_EDGE('',*,*,#2419,.F.);
#1753=ORIENTED_EDGE('',*,*,#2393,.F.);
#1754=ORIENTED_EDGE('',*,*,#2420,.F.);
#1755=ORIENTED_EDGE('',*,*,#2402,.F.);
#1756=ORIENTED_EDGE('',*,*,#2421,.F.);
#1757=ORIENTED_EDGE('',*,*,#2416,.F.);
#1758=ORIENTED_EDGE('',*,*,#2422,.F.);
#1759=ORIENTED_EDGE('',*,*,#2403,.F.);
#1760=ORIENTED_EDGE('',*,*,#2423,.F.);
#1761=ORIENTED_EDGE('',*,*,#2390,.F.);
#1762=ORIENTED_EDGE('',*,*,#2424,.F.);
#1763=ORIENTED_EDGE('',*,*,#2404,.F.);
#1764=ORIENTED_EDGE('',*,*,#2425,.F.);
#1765=ORIENTED_EDGE('',*,*,#2406,.F.);
#1766=ORIENTED_EDGE('',*,*,#2419,.T.);
#1767=ORIENTED_EDGE('',*,*,#2424,.T.);
#1768=ORIENTED_EDGE('',*,*,#2426,.F.);
#1769=ORIENTED_EDGE('',*,*,#2421,.T.);
#1770=ORIENTED_EDGE('',*,*,#2418,.T.);
#1771=ORIENTED_EDGE('',*,*,#2427,.F.);
#1772=ORIENTED_EDGE('',*,*,#2423,.T.);
#1773=ORIENTED_EDGE('',*,*,#2420,.T.);
#1774=ORIENTED_EDGE('',*,*,#2428,.F.);
#1775=ORIENTED_EDGE('',*,*,#2425,.T.);
#1776=ORIENTED_EDGE('',*,*,#2422,.T.);
#1777=ORIENTED_EDGE('',*,*,#2429,.F.);
#1778=ORIENTED_EDGE('',*,*,#2426,.T.);
#1779=ORIENTED_EDGE('',*,*,#2409,.F.);
#1780=ORIENTED_EDGE('',*,*,#2430,.F.);
#1781=ORIENTED_EDGE('',*,*,#2394,.F.);
#1782=ORIENTED_EDGE('',*,*,#2427,.T.);
#1783=ORIENTED_EDGE('',*,*,#2397,.F.);
#1784=ORIENTED_EDGE('',*,*,#2431,.F.);
#1785=ORIENTED_EDGE('',*,*,#2417,.F.);
#1786=ORIENTED_EDGE('',*,*,#2432,.F.);
#1787=ORIENTED_EDGE('',*,*,#2414,.F.);
#1788=ORIENTED_EDGE('',*,*,#2433,.F.);
#1789=ORIENTED_EDGE('',*,*,#2400,.F.);
#1790=ORIENTED_EDGE('',*,*,#2428,.T.);
#1791=ORIENTED_EDGE('',*,*,#2415,.F.);
#1792=ORIENTED_EDGE('',*,*,#2434,.F.);
#1793=ORIENTED_EDGE('',*,*,#2391,.F.);
#1794=ORIENTED_EDGE('',*,*,#2429,.T.);
#1795=ORIENTED_EDGE('',*,*,#2389,.F.);
#1796=ORIENTED_EDGE('',*,*,#2435,.F.);
#1797=ORIENTED_EDGE('',*,*,#2407,.F.);
#1798=ORIENTED_EDGE('',*,*,#2436,.F.);
#1799=ORIENTED_EDGE('',*,*,#2408,.F.);
#1800=ORIENTED_EDGE('',*,*,#2437,.F.);
#1801=ORIENTED_EDGE('',*,*,#2410,.F.);
#1802=ORIENTED_EDGE('',*,*,#2430,.T.);
#1803=ORIENTED_EDGE('',*,*,#2436,.T.);
#1804=ORIENTED_EDGE('',*,*,#2438,.F.);
#1805=ORIENTED_EDGE('',*,*,#2433,.T.);
#1806=ORIENTED_EDGE('',*,*,#2431,.T.);
#1807=ORIENTED_EDGE('',*,*,#2439,.F.);
#1808=ORIENTED_EDGE('',*,*,#2434,.T.);
#1809=ORIENTED_EDGE('',*,*,#2432,.T.);
#1810=ORIENTED_EDGE('',*,*,#2440,.F.);
#1811=ORIENTED_EDGE('',*,*,#2437,.T.);
#1812=ORIENTED_EDGE('',*,*,#2435,.T.);
#1813=ORIENTED_EDGE('',*,*,#2441,.F.);
#1814=ORIENTED_EDGE('',*,*,#2438,.T.);
#1815=ORIENTED_EDGE('',*,*,#2413,.F.);
#1816=ORIENTED_EDGE('',*,*,#2442,.F.);
#1817=ORIENTED_EDGE('',*,*,#2395,.F.);
#1818=ORIENTED_EDGE('',*,*,#2439,.T.);
#1819=ORIENTED_EDGE('',*,*,#2396,.F.);
#1820=ORIENTED_EDGE('',*,*,#2443,.F.);
#1821=ORIENTED_EDGE('',*,*,#2401,.F.);
#1822=ORIENTED_EDGE('',*,*,#2440,.T.);
#1823=ORIENTED_EDGE('',*,*,#2399,.F.);
#1824=ORIENTED_EDGE('',*,*,#2444,.F.);
#1825=ORIENTED_EDGE('',*,*,#2392,.F.);
#1826=ORIENTED_EDGE('',*,*,#2441,.T.);
#1827=ORIENTED_EDGE('',*,*,#2388,.F.);
#1828=ORIENTED_EDGE('',*,*,#2445,.F.);
#1829=ORIENTED_EDGE('',*,*,#2411,.F.);
#1830=ORIENTED_EDGE('',*,*,#2443,.T.);
#1831=ORIENTED_EDGE('',*,*,#2442,.T.);
#1832=ORIENTED_EDGE('',*,*,#2446,.F.);
#1833=ORIENTED_EDGE('',*,*,#2445,.T.);
#1834=ORIENTED_EDGE('',*,*,#2444,.T.);
#1835=ORIENTED_EDGE('',*,*,#2447,.F.);
#1836=ORIENTED_EDGE('',*,*,#2446,.T.);
#1837=ORIENTED_EDGE('',*,*,#2412,.F.);
#1838=ORIENTED_EDGE('',*,*,#2447,.T.);
#1839=ORIENTED_EDGE('',*,*,#2398,.F.);
#1840=EDGE_CURVE('',#2448,#2449,#2774,.T.);
#1841=EDGE_CURVE('',#2449,#2450,#298,.T.);
#1842=EDGE_CURVE('',#2450,#2448,#2775,.T.);
#1843=EDGE_CURVE('',#2451,#2452,#2776,.F.);
#1844=EDGE_CURVE('',#2452,#2453,#299,.T.);
#1845=EDGE_CURVE('',#2453,#2451,#2777,.T.);
#1846=EDGE_CURVE('',#2454,#2455,#2778,.F.);
#1847=EDGE_CURVE('',#2455,#2456,#300,.T.);
#1848=EDGE_CURVE('',#2456,#2454,#2779,.F.);
#1849=EDGE_CURVE('',#2457,#2458,#301,.T.);
#1850=EDGE_CURVE('',#2458,#2459,#2780,.T.);
#1851=EDGE_CURVE('',#2459,#2460,#302,.T.);
#1852=EDGE_CURVE('',#2460,#2461,#2781,.T.);
#1853=EDGE_CURVE('',#2461,#2462,#303,.T.);
#1854=EDGE_CURVE('',#2462,#2463,#2782,.F.);
#1855=EDGE_CURVE('',#2463,#2464,#304,.T.);
#1856=EDGE_CURVE('',#2464,#2457,#2783,.F.);
#1857=EDGE_CURVE('',#2465,#2466,#2784,.F.);
#1858=EDGE_CURVE('',#2466,#2467,#305,.F.);
#1859=EDGE_CURVE('',#2467,#2465,#2785,.F.);
#1860=EDGE_CURVE('',#2468,#2469,#2786,.F.);
#1861=EDGE_CURVE('',#2469,#2470,#306,.F.);
#1862=EDGE_CURVE('',#2470,#2468,#2787,.T.);
#1863=EDGE_CURVE('',#2471,#2472,#2788,.T.);
#1864=EDGE_CURVE('',#2472,#2473,#307,.F.);
#1865=EDGE_CURVE('',#2473,#2471,#2789,.F.);
#1866=EDGE_CURVE('',#2474,#2475,#308,.F.);
#1867=EDGE_CURVE('',#2475,#2476,#2790,.F.);
#1868=EDGE_CURVE('',#2476,#2477,#309,.F.);
#1869=EDGE_CURVE('',#2477,#2478,#2791,.T.);
#1870=EDGE_CURVE('',#2478,#2479,#310,.F.);
#1871=EDGE_CURVE('',#2479,#2480,#2792,.T.);
#1872=EDGE_CURVE('',#2480,#2481,#311,.F.);
#1873=EDGE_CURVE('',#2481,#2474,#2793,.F.);
#1874=EDGE_CURVE('',#2482,#2483,#2794,.F.);
#1875=EDGE_CURVE('',#2483,#2484,#2795,.F.);
#1876=EDGE_CURVE('',#2484,#2485,#2796,.F.);
#1877=EDGE_CURVE('',#2485,#2486,#2797,.T.);
#1878=EDGE_CURVE('',#2486,#2487,#2798,.T.);
#1879=EDGE_CURVE('',#2487,#2488,#2799,.T.);
#1880=EDGE_CURVE('',#2488,#2482,#312,.F.);
#1881=EDGE_CURVE('',#2489,#2489,#313,.F.);
#1882=EDGE_CURVE('',#2490,#2490,#314,.F.);
#1883=EDGE_CURVE('',#2491,#2491,#315,.T.);
#1884=EDGE_CURVE('',#2492,#2492,#316,.T.);
#1885=EDGE_CURVE('',#2493,#2493,#317,.T.);
#1886=EDGE_CURVE('',#2494,#2495,#2800,.F.);
#1887=EDGE_CURVE('',#2495,#2496,#2801,.T.);
#1888=EDGE_CURVE('',#2496,#2497,#2802,.T.);
#1889=EDGE_CURVE('',#2497,#2498,#2803,.T.);
#1890=EDGE_CURVE('',#2498,#2499,#318,.T.);
#1891=EDGE_CURVE('',#2499,#2500,#2804,.F.);
#1892=EDGE_CURVE('',#2500,#2494,#2805,.F.);
#1893=EDGE_CURVE('',#2501,#2501,#319,.T.);
#1894=EDGE_CURVE('',#2502,#2502,#320,.T.);
#1895=EDGE_CURVE('',#2503,#2503,#321,.T.);
#1896=EDGE_CURVE('',#2504,#2504,#322,.F.);
#1897=EDGE_CURVE('',#2505,#2505,#323,.F.);
#1898=EDGE_CURVE('',#2506,#2507,#2806,.T.);
#1899=EDGE_CURVE('',#2507,#2508,#2807,.T.);
#1900=EDGE_CURVE('',#2508,#2509,#2808,.F.);
#1901=EDGE_CURVE('',#2509,#2506,#2809,.F.);
#1902=EDGE_CURVE('',#2510,#2511,#324,.T.);
#1903=EDGE_CURVE('',#2511,#2512,#2810,.F.);
#1904=EDGE_CURVE('',#2512,#2513,#2811,.F.);
#1905=EDGE_CURVE('',#2513,#2514,#2812,.F.);
#1906=EDGE_CURVE('',#2514,#2515,#2813,.T.);
#1907=EDGE_CURVE('',#2515,#2516,#325,.T.);
#1908=EDGE_CURVE('',#2516,#2517,#2814,.F.);
#1909=EDGE_CURVE('',#2517,#2518,#326,.T.);
#1910=EDGE_CURVE('',#2518,#2510,#2815,.F.);
#1911=EDGE_CURVE('',#2519,#2520,#2816,.T.);
#1912=EDGE_CURVE('',#2520,#2521,#2817,.F.);
#1913=EDGE_CURVE('',#2521,#2522,#327,.T.);
#1914=EDGE_CURVE('',#2522,#2523,#2818,.F.);
#1915=EDGE_CURVE('',#2523,#2524,#328,.T.);
#1916=EDGE_CURVE('',#2524,#2525,#2819,.F.);
#1917=EDGE_CURVE('',#2525,#2526,#329,.T.);
#1918=EDGE_CURVE('',#2526,#2527,#2820,.F.);
#1919=EDGE_CURVE('',#2527,#2519,#2821,.T.);
#1920=EDGE_CURVE('',#2528,#2529,#330,.T.);
#1921=EDGE_CURVE('',#2529,#2530,#2822,.T.);
#1922=EDGE_CURVE('',#2530,#2531,#2823,.T.);
#1923=EDGE_CURVE('',#2531,#2532,#2824,.T.);
#1924=EDGE_CURVE('',#2532,#2533,#2825,.F.);
#1925=EDGE_CURVE('',#2533,#2534,#331,.T.);
#1926=EDGE_CURVE('',#2534,#2535,#2826,.T.);
#1927=EDGE_CURVE('',#2535,#2536,#332,.T.);
#1928=EDGE_CURVE('',#2536,#2528,#2827,.T.);
#1929=EDGE_CURVE('',#2537,#2538,#333,.F.);
#1930=EDGE_CURVE('',#2538,#2539,#2828,.T.);
#1931=EDGE_CURVE('',#2539,#2540,#2829,.T.);
#1932=EDGE_CURVE('',#2540,#2541,#2830,.T.);
#1933=EDGE_CURVE('',#2541,#2542,#2831,.T.);
#1934=EDGE_CURVE('',#2542,#2543,#334,.F.);
#1935=EDGE_CURVE('',#2543,#2544,#2832,.T.);
#1936=EDGE_CURVE('',#2544,#2545,#335,.F.);
#1937=EDGE_CURVE('',#2545,#2537,#2833,.T.);
#1938=EDGE_CURVE('',#2546,#2547,#2834,.F.);
#1939=EDGE_CURVE('',#2547,#2548,#2835,.T.);
#1940=EDGE_CURVE('',#2548,#2549,#336,.F.);
#1941=EDGE_CURVE('',#2549,#2550,#2836,.T.);
#1942=EDGE_CURVE('',#2550,#2551,#337,.F.);
#1943=EDGE_CURVE('',#2551,#2552,#2837,.T.);
#1944=EDGE_CURVE('',#2552,#2553,#338,.F.);
#1945=EDGE_CURVE('',#2553,#2554,#2838,.F.);
#1946=EDGE_CURVE('',#2554,#2546,#2839,.F.);
#1947=EDGE_CURVE('',#2555,#2556,#339,.F.);
#1948=EDGE_CURVE('',#2556,#2557,#2840,.F.);
#1949=EDGE_CURVE('',#2557,#2558,#2841,.F.);
#1950=EDGE_CURVE('',#2558,#2559,#2842,.F.);
#1951=EDGE_CURVE('',#2559,#2560,#2843,.F.);
#1952=EDGE_CURVE('',#2560,#2561,#340,.F.);
#1953=EDGE_CURVE('',#2561,#2562,#2844,.F.);
#1954=EDGE_CURVE('',#2562,#2563,#341,.F.);
#1955=EDGE_CURVE('',#2563,#2555,#2845,.F.);
#1956=EDGE_CURVE('',#2564,#2565,#2846,.T.);
#1957=EDGE_CURVE('',#2565,#2566,#2847,.F.);
#1958=EDGE_CURVE('',#2566,#2567,#342,.F.);
#1959=EDGE_CURVE('',#2567,#2568,#2848,.F.);
#1960=EDGE_CURVE('',#2568,#2569,#343,.F.);
#1961=EDGE_CURVE('',#2569,#2570,#2849,.F.);
#1962=EDGE_CURVE('',#2570,#2571,#344,.F.);
#1963=EDGE_CURVE('',#2571,#2572,#2850,.T.);
#1964=EDGE_CURVE('',#2572,#2564,#2851,.T.);
#1965=EDGE_CURVE('',#2573,#2574,#2852,.F.);
#1966=EDGE_CURVE('',#2574,#2575,#2853,.T.);
#1967=EDGE_CURVE('',#2575,#2576,#2854,.F.);
#1968=EDGE_CURVE('',#2576,#2573,#2855,.F.);
#1969=EDGE_CURVE('',#2577,#2578,#2856,.T.);
#1970=EDGE_CURVE('',#2578,#2579,#345,.T.);
#1971=EDGE_CURVE('',#2579,#2580,#2857,.F.);
#1972=EDGE_CURVE('',#2580,#2577,#346,.F.);
#1973=EDGE_CURVE('',#2581,#2582,#2858,.T.);
#1974=EDGE_CURVE('',#2582,#2583,#347,.T.);
#1975=EDGE_CURVE('',#2584,#2583,#2859,.T.);
#1976=EDGE_CURVE('',#2584,#2581,#348,.F.);
#1977=EDGE_CURVE('',#2585,#2586,#2860,.F.);
#1978=EDGE_CURVE('',#2585,#2587,#349,.T.);
#1979=EDGE_CURVE('',#2587,#2588,#2861,.F.);
#1980=EDGE_CURVE('',#2588,#2586,#350,.F.);
#1981=EDGE_CURVE('',#2589,#2590,#2862,.T.);
#1982=EDGE_CURVE('',#2590,#2591,#351,.T.);
#1983=EDGE_CURVE('',#2591,#2592,#2863,.F.);
#1984=EDGE_CURVE('',#2592,#2589,#352,.F.);
#1985=EDGE_CURVE('',#2593,#2594,#2864,.T.);
#1986=EDGE_CURVE('',#2594,#2595,#353,.T.);
#1987=EDGE_CURVE('',#2595,#2596,#2865,.F.);
#1988=EDGE_CURVE('',#2596,#2593,#354,.F.);
#1989=EDGE_CURVE('',#2597,#2598,#2866,.T.);
#1990=EDGE_CURVE('',#2598,#2599,#355,.T.);
#1991=EDGE_CURVE('',#2599,#2600,#2867,.F.);
#1992=EDGE_CURVE('',#2600,#2597,#356,.F.);
#1993=EDGE_CURVE('',#2601,#2602,#2868,.T.);
#1994=EDGE_CURVE('',#2602,#2603,#357,.T.);
#1995=EDGE_CURVE('',#2603,#2604,#2869,.F.);
#1996=EDGE_CURVE('',#2604,#2601,#358,.F.);
#1997=EDGE_CURVE('',#2605,#2606,#2870,.T.);
#1998=EDGE_CURVE('',#2606,#2607,#359,.T.);
#1999=EDGE_CURVE('',#2608,#2607,#2871,.T.);
#2000=EDGE_CURVE('',#2608,#2605,#360,.F.);
#2001=EDGE_CURVE('',#2609,#2610,#2872,.T.);
#2002=EDGE_CURVE('',#2610,#2611,#361,.T.);
#2003=EDGE_CURVE('',#2611,#2612,#2873,.F.);
#2004=EDGE_CURVE('',#2612,#2609,#362,.F.);
#2005=EDGE_CURVE('',#2613,#2614,#2874,.T.);
#2006=EDGE_CURVE('',#2614,#2615,#363,.F.);
#2007=EDGE_CURVE('',#2615,#2613,#2875,.T.);
#2008=EDGE_CURVE('',#2616,#2617,#2876,.T.);
#2009=EDGE_CURVE('',#2617,#2618,#364,.T.);
#2010=EDGE_CURVE('',#2618,#2616,#2877,.F.);
#2011=EDGE_CURVE('',#2619,#2620,#2878,.F.);
#2012=EDGE_CURVE('',#2620,#2621,#2879,.F.);
#2013=EDGE_CURVE('',#2621,#2622,#2880,.T.);
#2014=EDGE_CURVE('',#2622,#2619,#2881,.T.);
#2015=EDGE_CURVE('',#2623,#2624,#2882,.F.);
#2016=EDGE_CURVE('',#2624,#2625,#2883,.T.);
#2017=EDGE_CURVE('',#2625,#2626,#2884,.T.);
#2018=EDGE_CURVE('',#2626,#2623,#2885,.F.);
#2019=EDGE_CURVE('',#2627,#2628,#2886,.T.);
#2020=EDGE_CURVE('',#2628,#2629,#2887,.T.);
#2021=EDGE_CURVE('',#2629,#2630,#2888,.T.);
#2022=EDGE_CURVE('',#2630,#2627,#2889,.F.);
#2023=EDGE_CURVE('',#2631,#2632,#2890,.T.);
#2024=EDGE_CURVE('',#2631,#2633,#2891,.F.);
#2025=EDGE_CURVE('',#2633,#2634,#2892,.F.);
#2026=EDGE_CURVE('',#2634,#2632,#2893,.T.);
#2027=EDGE_CURVE('',#2635,#2636,#2894,.T.);
#2028=EDGE_CURVE('',#2636,#2637,#2895,.F.);
#2029=EDGE_CURVE('',#2637,#2638,#2896,.F.);
#2030=EDGE_CURVE('',#2638,#2635,#2897,.T.);
#2031=EDGE_CURVE('',#2639,#2640,#2898,.F.);
#2032=EDGE_CURVE('',#2640,#2641,#2899,.F.);
#2033=EDGE_CURVE('',#2641,#2642,#2900,.F.);
#2034=EDGE_CURVE('',#2642,#2639,#2901,.T.);
#2035=EDGE_CURVE('',#2643,#2644,#2902,.T.);
#2036=EDGE_CURVE('',#2644,#2645,#365,.T.);
#2037=EDGE_CURVE('',#2645,#2646,#2903,.F.);
#2038=EDGE_CURVE('',#2646,#2643,#366,.F.);
#2039=EDGE_CURVE('',#2647,#2648,#2904,.T.);
#2040=EDGE_CURVE('',#2648,#2649,#367,.T.);
#2041=EDGE_CURVE('',#2649,#2650,#2905,.F.);
#2042=EDGE_CURVE('',#2650,#2647,#368,.F.);
#2043=EDGE_CURVE('',#2651,#2652,#2906,.T.);
#2044=EDGE_CURVE('',#2652,#2653,#369,.T.);
#2045=EDGE_CURVE('',#2653,#2654,#2907,.F.);
#2046=EDGE_CURVE('',#2654,#2651,#370,.F.);
#2047=EDGE_CURVE('',#2655,#2656,#2908,.F.);
#2048=EDGE_CURVE('',#2656,#2657,#2909,.T.);
#2049=EDGE_CURVE('',#2657,#2658,#371,.T.);
#2050=EDGE_CURVE('',#2658,#2659,#2910,.T.);
#2051=EDGE_CURVE('',#2659,#2660,#372,.T.);
#2052=EDGE_CURVE('',#2660,#2661,#2911,.T.);
#2053=EDGE_CURVE('',#2661,#2662,#373,.T.);
#2054=EDGE_CURVE('',#2662,#2663,#2912,.T.);
#2055=EDGE_CURVE('',#2663,#2655,#2913,.F.);
#2056=EDGE_CURVE('',#2607,#2648,#2914,.F.);
#2057=EDGE_CURVE('',#2647,#2608,#2915,.F.);
#2058=EDGE_CURVE('',#2664,#2665,#2916,.T.);
#2059=EDGE_CURVE('',#2665,#2666,#2917,.T.);
#2060=EDGE_CURVE('',#2666,#2667,#2918,.T.);
#2061=EDGE_CURVE('',#2667,#2664,#2919,.T.);
#2062=EDGE_CURVE('',#2668,#2669,#2920,.T.);
#2063=EDGE_CURVE('',#2669,#2585,#2921,.T.);
#2064=EDGE_CURVE('',#2586,#2668,#2922,.T.);
#2065=EDGE_CURVE('',#2649,#2670,#2923,.F.);
#2066=EDGE_CURVE('',#2670,#2671,#2924,.T.);
#2067=EDGE_CURVE('',#2671,#2650,#2925,.F.);
#2068=EDGE_CURVE('',#2583,#2672,#2926,.T.);
#2069=EDGE_CURVE('',#2672,#2673,#2927,.T.);
#2070=EDGE_CURVE('',#2673,#2584,#2928,.T.);
#2071=EDGE_CURVE('',#2674,#2675,#2929,.T.);
#2072=EDGE_CURVE('',#2675,#2590,#2930,.F.);
#2073=EDGE_CURVE('',#2589,#2674,#2931,.F.);
#2074=EDGE_CURVE('',#2676,#2677,#2932,.F.);
#2075=EDGE_CURVE('',#2677,#2678,#2933,.F.);
#2076=EDGE_CURVE('',#2678,#2679,#2934,.F.);
#2077=EDGE_CURVE('',#2679,#2676,#2935,.F.);
#2078=EDGE_CURVE('',#2680,#2681,#2936,.F.);
#2079=EDGE_CURVE('',#2681,#2682,#2937,.T.);
#2080=EDGE_CURVE('',#2682,#2683,#2938,.T.);
#2081=EDGE_CURVE('',#2683,#2680,#2939,.T.);
#2082=EDGE_CURVE('',#2684,#2685,#2940,.T.);
#2083=EDGE_CURVE('',#2685,#2686,#2941,.T.);
#2084=EDGE_CURVE('',#2686,#2687,#2942,.F.);
#2085=EDGE_CURVE('',#2687,#2684,#2943,.T.);
#2086=EDGE_CURVE('',#2688,#2689,#2944,.F.);
#2087=EDGE_CURVE('',#2689,#2690,#2945,.F.);
#2088=EDGE_CURVE('',#2690,#2691,#2946,.T.);
#2089=EDGE_CURVE('',#2691,#2688,#2947,.F.);
#2090=EDGE_CURVE('',#2692,#2693,#2948,.T.);
#2091=EDGE_CURVE('',#2693,#2694,#2949,.T.);
#2092=EDGE_CURVE('',#2694,#2695,#2950,.F.);
#2093=EDGE_CURVE('',#2695,#2692,#2951,.T.);
#2094=EDGE_CURVE('',#2696,#2697,#2952,.F.);
#2095=EDGE_CURVE('',#2697,#2698,#2953,.F.);
#2096=EDGE_CURVE('',#2698,#2699,#2954,.T.);
#2097=EDGE_CURVE('',#2699,#2696,#2955,.F.);
#2098=EDGE_CURVE('',#2700,#2701,#2956,.F.);
#2099=EDGE_CURVE('',#2701,#2702,#2957,.F.);
#2100=EDGE_CURVE('',#2702,#2703,#2958,.T.);
#2101=EDGE_CURVE('',#2703,#2700,#2959,.F.);
#2102=EDGE_CURVE('',#2704,#2705,#2960,.F.);
#2103=EDGE_CURVE('',#2705,#2706,#2961,.T.);
#2104=EDGE_CURVE('',#2706,#2707,#2962,.F.);
#2105=EDGE_CURVE('',#2707,#2704,#2963,.T.);
#2106=EDGE_CURVE('',#2708,#2709,#2964,.F.);
#2107=EDGE_CURVE('',#2709,#2710,#2965,.T.);
#2108=EDGE_CURVE('',#2710,#2711,#2966,.T.);
#2109=EDGE_CURVE('',#2711,#2708,#2967,.T.);
#2110=EDGE_CURVE('',#2712,#2713,#2968,.T.);
#2111=EDGE_CURVE('',#2713,#2714,#2969,.F.);
#2112=EDGE_CURVE('',#2714,#2715,#2970,.F.);
#2113=EDGE_CURVE('',#2715,#2712,#2971,.F.);
#2114=EDGE_CURVE('',#2716,#2717,#2972,.T.);
#2115=EDGE_CURVE('',#2716,#2718,#374,.F.);
#2116=EDGE_CURVE('',#2718,#2719,#2973,.T.);
#2117=EDGE_CURVE('',#2719,#2717,#375,.T.);
#2118=EDGE_CURVE('',#2629,#2716,#376,.T.);
#2119=EDGE_CURVE('',#2717,#2630,#377,.T.);
#2120=EDGE_CURVE('',#2718,#2631,#378,.T.);
#2121=EDGE_CURVE('',#2632,#2719,#379,.T.);
#2122=EDGE_CURVE('',#2644,#2690,#380,.T.);
#2123=EDGE_CURVE('',#2691,#2643,#381,.T.);
#2124=EDGE_CURVE('',#2551,#2690,#382,.F.);
#2125=EDGE_CURVE('',#2644,#2551,#383,.F.);
#2126=EDGE_CURVE('',#2580,#2684,#384,.T.);
#2127=EDGE_CURVE('',#2685,#2579,#385,.T.);
#2128=EDGE_CURVE('',#2579,#2562,#386,.T.);
#2129=EDGE_CURVE('',#2563,#2578,#387,.T.);
#2130=EDGE_CURVE('',#2685,#2562,#388,.F.);
#2131=EDGE_CURVE('',#2524,#2684,#389,.F.);
#2132=EDGE_CURVE('',#2580,#2524,#390,.F.);
#2133=EDGE_CURVE('',#2577,#2523,#391,.T.);
#2134=EDGE_CURVE('',#2645,#2550,#392,.T.);
#2135=EDGE_CURVE('',#2646,#2696,#393,.T.);
#2136=EDGE_CURVE('',#2697,#2645,#394,.T.);
#2137=EDGE_CURVE('',#2643,#2535,#395,.T.);
#2138=EDGE_CURVE('',#2536,#2646,#396,.T.);
#2139=EDGE_CURVE('',#2691,#2535,#397,.F.);
#2140=EDGE_CURVE('',#2552,#2689,#398,.T.);
#2141=EDGE_CURVE('',#2578,#2694,#399,.T.);
#2142=EDGE_CURVE('',#2695,#2577,#400,.T.);
#2143=EDGE_CURVE('',#2563,#2694,#401,.F.);
#2144=EDGE_CURVE('',#2686,#2561,#402,.T.);
#2145=EDGE_CURVE('',#2687,#2581,#403,.T.);
#2146=EDGE_CURVE('',#2582,#2686,#404,.T.);
#2147=EDGE_CURVE('',#2525,#2687,#405,.T.);
#2148=EDGE_CURVE('',#2697,#2550,#406,.F.);
#2149=EDGE_CURVE('',#2536,#2696,#407,.F.);
#2150=EDGE_CURVE('',#2688,#2534,#408,.T.);
#2151=EDGE_CURVE('',#2689,#2587,#409,.T.);
#2152=EDGE_CURVE('',#2588,#2688,#410,.T.);
#2153=EDGE_CURVE('',#2552,#2587,#411,.F.);
#2154=EDGE_CURVE('',#2695,#2523,#412,.F.);
#2155=EDGE_CURVE('',#2555,#2693,#413,.T.);
#2156=EDGE_CURVE('',#2582,#2561,#414,.F.);
#2157=EDGE_CURVE('',#2525,#2581,#415,.F.);
#2158=EDGE_CURVE('',#2692,#2522,#416,.T.);
#2159=EDGE_CURVE('',#2698,#2549,#417,.T.);
#2160=EDGE_CURVE('',#2699,#2651,#418,.T.);
#2161=EDGE_CURVE('',#2652,#2698,#419,.T.);
#2162=EDGE_CURVE('',#2528,#2699,#420,.T.);
#2163=EDGE_CURVE('',#2588,#2534,#421,.F.);
#2164=EDGE_CURVE('',#2553,#2585,#17,.F.);
#2165=EDGE_CURVE('',#2693,#2611,#422,.T.);
#2166=EDGE_CURVE('',#2612,#2692,#423,.T.);
#2167=EDGE_CURVE('',#2555,#2611,#424,.F.);
#2168=EDGE_CURVE('',#2583,#2560,#18,.T.);
#2169=EDGE_CURVE('',#2526,#2584,#19,.F.);
#2170=EDGE_CURVE('',#2652,#2549,#425,.F.);
#2171=EDGE_CURVE('',#2528,#2651,#426,.F.);
#2172=EDGE_CURVE('',#2586,#2533,#20,.T.);
#2173=EDGE_CURVE('',#2554,#2669,#427,.T.);
#2174=EDGE_CURVE('',#2612,#2522,#428,.F.);
#2175=EDGE_CURVE('',#2556,#2610,#429,.T.);
#2176=EDGE_CURVE('',#2672,#2559,#430,.T.);
#2177=EDGE_CURVE('',#2673,#2573,#431,.T.);
#2178=EDGE_CURVE('',#2574,#2672,#432,.T.);
#2179=EDGE_CURVE('',#2527,#2673,#433,.T.);
#2180=EDGE_CURVE('',#2609,#2521,#434,.T.);
#2181=EDGE_CURVE('',#2653,#2548,#435,.T.);
#2182=EDGE_CURVE('',#2654,#2700,#436,.T.);
#2183=EDGE_CURVE('',#2701,#2653,#437,.T.);
#2184=EDGE_CURVE('',#2529,#2654,#438,.T.);
#2185=EDGE_CURVE('',#2668,#2532,#439,.T.);
#2186=EDGE_CURVE('',#2669,#2508,#440,.T.);
#2187=EDGE_CURVE('',#2509,#2668,#441,.T.);
#2188=EDGE_CURVE('',#2554,#2508,#442,.F.);
#2189=EDGE_CURVE('',#2610,#2706,#443,.T.);
#2190=EDGE_CURVE('',#2707,#2609,#444,.T.);
#2191=EDGE_CURVE('',#2556,#2706,#445,.F.);
#2192=EDGE_CURVE('',#2574,#2559,#446,.F.);
#2193=EDGE_CURVE('',#2527,#2573,#447,.F.);
#2194=EDGE_CURVE('',#2701,#2548,#448,.F.);
#2195=EDGE_CURVE('',#2529,#2700,#449,.F.);
#2196=EDGE_CURVE('',#2509,#2532,#450,.F.);
#2197=EDGE_CURVE('',#2546,#2507,#451,.F.);
#2198=EDGE_CURVE('',#2707,#2521,#452,.F.);
#2199=EDGE_CURVE('',#2557,#2705,#453,.F.);
#2200=EDGE_CURVE('',#2575,#2558,#454,.F.);
#2201=EDGE_CURVE('',#2519,#2576,#455,.F.);
#2202=EDGE_CURVE('',#2704,#2520,#456,.F.);
#2203=EDGE_CURVE('',#2478,#2704,#457,.T.);
#2204=EDGE_CURVE('',#2705,#2477,#458,.T.);
#2205=EDGE_CURVE('',#2702,#2547,#459,.F.);
#2206=EDGE_CURVE('',#2703,#2481,#460,.T.);
#2207=EDGE_CURVE('',#2474,#2702,#461,.T.);
#2208=EDGE_CURVE('',#2530,#2703,#462,.F.);
#2209=EDGE_CURVE('',#2506,#2531,#463,.F.);
#2210=EDGE_CURVE('',#2720,#2721,#2974,.F.);
#2211=EDGE_CURVE('',#2507,#2720,#464,.T.);
#2212=EDGE_CURVE('',#2721,#2506,#465,.T.);
#2213=EDGE_CURVE('',#2606,#2714,#466,.T.);
#2214=EDGE_CURVE('',#2715,#2605,#467,.T.);
#2215=EDGE_CURVE('',#2605,#2659,#468,.T.);
#2216=EDGE_CURVE('',#2660,#2608,#21,.F.);
#2217=EDGE_CURVE('',#2715,#2659,#469,.F.);
#2218=EDGE_CURVE('',#2545,#2714,#470,.F.);
#2219=EDGE_CURVE('',#2606,#2545,#471,.F.);
#2220=EDGE_CURVE('',#2468,#2633,#472,.T.);
#2221=EDGE_CURVE('',#2720,#2470,#22,.T.);
#2222=EDGE_CURVE('',#2614,#2721,#23,.T.);
#2223=EDGE_CURVE('',#2634,#2613,#473,.T.);
#2224=EDGE_CURVE('',#2468,#2497,#474,.F.);
#2225=EDGE_CURVE('',#2497,#2633,#475,.F.);
#2226=EDGE_CURVE('',#2546,#2722,#476,.F.);
#2227=EDGE_CURVE('',#2722,#2469,#24,.F.);
#2228=EDGE_CURVE('',#2547,#2723,#477,.T.);
#2229=EDGE_CURVE('',#2723,#2722,#2975,.F.);
#2230=EDGE_CURVE('',#2475,#2723,#25,.F.);
#2231=EDGE_CURVE('',#2557,#2724,#478,.F.);
#2232=EDGE_CURVE('',#2724,#2476,#26,.F.);
#2233=EDGE_CURVE('',#2558,#2725,#479,.T.);
#2234=EDGE_CURVE('',#2725,#2724,#2976,.F.);
#2235=EDGE_CURVE('',#2575,#2726,#480,.F.);
#2236=EDGE_CURVE('',#2467,#2725,#27,.F.);
#2237=EDGE_CURVE('',#2726,#2466,#28,.F.);
#2238=EDGE_CURVE('',#2576,#2727,#481,.T.);
#2239=EDGE_CURVE('',#2727,#2726,#2977,.T.);
#2240=EDGE_CURVE('',#2519,#2728,#482,.F.);
#2241=EDGE_CURVE('',#2473,#2727,#29,.F.);
#2242=EDGE_CURVE('',#2728,#2472,#30,.F.);
#2243=EDGE_CURVE('',#2520,#2729,#483,.T.);
#2244=EDGE_CURVE('',#2729,#2728,#2978,.F.);
#2245=EDGE_CURVE('',#2479,#2729,#31,.F.);
#2246=EDGE_CURVE('',#2530,#2730,#484,.F.);
#2247=EDGE_CURVE('',#2730,#2480,#32,.F.);
#2248=EDGE_CURVE('',#2531,#2731,#485,.T.);
#2249=EDGE_CURVE('',#2731,#2730,#2979,.F.);
#2250=EDGE_CURVE('',#2615,#2731,#33,.F.);
#2251=EDGE_CURVE('',#2483,#2613,#486,.F.);
#2252=EDGE_CURVE('',#2634,#2483,#487,.F.);
#2253=EDGE_CURVE('',#2632,#2482,#34,.T.);
#2254=EDGE_CURVE('',#2607,#2544,#35,.T.);
#2255=EDGE_CURVE('',#2661,#2647,#36,.F.);
#2256=EDGE_CURVE('',#2712,#2658,#488,.T.);
#2257=EDGE_CURVE('',#2713,#2599,#489,.T.);
#2258=EDGE_CURVE('',#2600,#2712,#490,.T.);
#2259=EDGE_CURVE('',#2537,#2713,#491,.T.);
#2260=EDGE_CURVE('',#2498,#2631,#37,.F.);
#2261=EDGE_CURVE('',#2465,#2496,#492,.T.);
#2262=EDGE_CURVE('',#2619,#2465,#493,.T.);
#2263=EDGE_CURVE('',#2471,#2622,#494,.T.);
#2264=EDGE_CURVE('',#2484,#2471,#495,.T.);
#2265=EDGE_CURVE('',#2648,#2543,#38,.T.);
#2266=EDGE_CURVE('',#2662,#2650,#39,.F.);
#2267=EDGE_CURVE('',#2600,#2658,#496,.F.);
#2268=EDGE_CURVE('',#2537,#2599,#497,.F.);
#2269=EDGE_CURVE('',#2719,#2482,#40,.T.);
#2270=EDGE_CURVE('',#2498,#2718,#41,.F.);
#2271=EDGE_CURVE('',#2619,#2496,#498,.F.);
#2272=EDGE_CURVE('',#2484,#2622,#499,.F.);
#2273=EDGE_CURVE('',#2717,#2488,#42,.T.);
#2274=EDGE_CURVE('',#2649,#2542,#43,.T.);
#2275=EDGE_CURVE('',#2663,#2671,#500,.T.);
#2276=EDGE_CURVE('',#2597,#2657,#501,.T.);
#2277=EDGE_CURVE('',#2598,#2678,#502,.T.);
#2278=EDGE_CURVE('',#2679,#2597,#503,.T.);
#2279=EDGE_CURVE('',#2538,#2598,#504,.T.);
#2280=EDGE_CURVE('',#2670,#2541,#505,.T.);
#2281=EDGE_CURVE('',#2499,#2716,#44,.F.);
#2282=EDGE_CURVE('',#2620,#2495,#506,.T.);
#2283=EDGE_CURVE('',#2621,#2624,#507,.T.);
#2284=EDGE_CURVE('',#2625,#2620,#508,.T.);
#2285=EDGE_CURVE('',#2485,#2621,#509,.T.);
#2286=EDGE_CURVE('',#2671,#2639,#510,.T.);
#2287=EDGE_CURVE('',#2640,#2670,#511,.T.);
#2288=EDGE_CURVE('',#2663,#2639,#512,.F.);
#2289=EDGE_CURVE('',#2679,#2657,#513,.F.);
#2290=EDGE_CURVE('',#2538,#2678,#514,.F.);
#2291=EDGE_CURVE('',#2630,#2488,#45,.T.);
#2292=EDGE_CURVE('',#2499,#2629,#46,.F.);
#2293=EDGE_CURVE('',#2625,#2495,#515,.F.);
#2294=EDGE_CURVE('',#2485,#2624,#516,.F.);
#2295=EDGE_CURVE('',#2640,#2541,#517,.F.);
#2296=EDGE_CURVE('',#2655,#2642,#518,.T.);
#2297=EDGE_CURVE('',#2676,#2656,#519,.T.);
#2298=EDGE_CURVE('',#2677,#2460,#520,.T.);
#2299=EDGE_CURVE('',#2461,#2676,#521,.T.);
#2300=EDGE_CURVE('',#2539,#2677,#522,.T.);
#2301=EDGE_CURVE('',#2641,#2540,#523,.T.);
#2302=EDGE_CURVE('',#2732,#2733,#2980,.T.);
#2303=EDGE_CURVE('',#2642,#2732,#524,.T.);
#2304=EDGE_CURVE('',#2733,#2641,#525,.T.);
#2305=EDGE_CURVE('',#2627,#2487,#526,.T.);
#2306=EDGE_CURVE('',#2628,#2451,#527,.T.);
#2307=EDGE_CURVE('',#2454,#2627,#528,.T.);
#2308=EDGE_CURVE('',#2732,#2456,#47,.T.);
#2309=EDGE_CURVE('',#2452,#2733,#48,.T.);
#2310=EDGE_CURVE('',#2500,#2628,#529,.T.);
#2311=EDGE_CURVE('',#2626,#2494,#530,.T.);
#2312=EDGE_CURVE('',#2486,#2623,#531,.T.);
#2313=EDGE_CURVE('',#2454,#2487,#532,.F.);
#2314=EDGE_CURVE('',#2655,#2734,#533,.F.);
#2315=EDGE_CURVE('',#2734,#2455,#49,.F.);
#2316=EDGE_CURVE('',#2656,#2735,#534,.T.);
#2317=EDGE_CURVE('',#2735,#2734,#2981,.F.);
#2318=EDGE_CURVE('',#2462,#2735,#50,.F.);
#2319=EDGE_CURVE('',#2457,#2682,#535,.T.);
#2320=EDGE_CURVE('',#2683,#2464,#536,.T.);
#2321=EDGE_CURVE('',#2539,#2736,#537,.F.);
#2322=EDGE_CURVE('',#2736,#2459,#51,.F.);
#2323=EDGE_CURVE('',#2540,#2737,#538,.T.);
#2324=EDGE_CURVE('',#2737,#2736,#2982,.F.);
#2325=EDGE_CURVE('',#2453,#2737,#52,.F.);
#2326=EDGE_CURVE('',#2500,#2451,#539,.F.);
#2327=EDGE_CURVE('',#2626,#2448,#540,.F.);
#2328=EDGE_CURVE('',#2448,#2494,#541,.F.);
#2329=EDGE_CURVE('',#2616,#2623,#542,.F.);
#2330=EDGE_CURVE('',#2486,#2616,#543,.F.);
#2331=EDGE_CURVE('',#2738,#2739,#2983,.T.);
#2332=EDGE_CURVE('',#2463,#2738,#53,.T.);
#2333=EDGE_CURVE('',#2739,#2618,#54,.T.);
#2334=EDGE_CURVE('',#2738,#2512,#544,.T.);
#2335=EDGE_CURVE('',#2513,#2739,#545,.T.);
#2336=EDGE_CURVE('',#2683,#2512,#546,.F.);
#2337=EDGE_CURVE('',#2565,#2682,#547,.F.);
#2338=EDGE_CURVE('',#2740,#2565,#548,.F.);
#2339=EDGE_CURVE('',#2458,#2740,#55,.F.);
#2340=EDGE_CURVE('',#2740,#2741,#2984,.F.);
#2341=EDGE_CURVE('',#2741,#2564,#549,.T.);
#2342=EDGE_CURVE('',#2449,#2741,#56,.T.);
#2343=EDGE_CURVE('',#2742,#2743,#2985,.T.);
#2344=EDGE_CURVE('',#2617,#2742,#57,.T.);
#2345=EDGE_CURVE('',#2743,#2450,#58,.T.);
#2346=EDGE_CURVE('',#2742,#2635,#550,.T.);
#2347=EDGE_CURVE('',#2636,#2743,#551,.T.);
#2348=EDGE_CURVE('',#2513,#2635,#552,.F.);
#2349=EDGE_CURVE('',#2680,#2511,#553,.T.);
#2350=EDGE_CURVE('',#2681,#2595,#554,.T.);
#2351=EDGE_CURVE('',#2596,#2680,#555,.T.);
#2352=EDGE_CURVE('',#2566,#2681,#556,.T.);
#2353=EDGE_CURVE('',#2636,#2564,#557,.F.);
#2354=EDGE_CURVE('',#2514,#2638,#558,.T.);
#2355=EDGE_CURVE('',#2596,#2511,#559,.F.);
#2356=EDGE_CURVE('',#2566,#2595,#560,.F.);
#2357=EDGE_CURVE('',#2637,#2572,#561,.T.);
#2358=EDGE_CURVE('',#2638,#2674,#562,.T.);
#2359=EDGE_CURVE('',#2675,#2637,#563,.T.);
#2360=EDGE_CURVE('',#2514,#2674,#564,.F.);
#2361=EDGE_CURVE('',#2593,#2510,#565,.T.);
#2362=EDGE_CURVE('',#2594,#2710,#566,.T.);
#2363=EDGE_CURVE('',#2711,#2593,#567,.T.);
#2364=EDGE_CURVE('',#2567,#2594,#568,.T.);
#2365=EDGE_CURVE('',#2675,#2572,#569,.F.);
#2366=EDGE_CURVE('',#2515,#2589,#59,.F.);
#2367=EDGE_CURVE('',#2711,#2510,#570,.F.);
#2368=EDGE_CURVE('',#2567,#2710,#571,.F.);
#2369=EDGE_CURVE('',#2590,#2571,#60,.T.);
#2370=EDGE_CURVE('',#2516,#2592,#572,.T.);
#2371=EDGE_CURVE('',#2708,#2518,#573,.T.);
#2372=EDGE_CURVE('',#2709,#2603,#574,.T.);
#2373=EDGE_CURVE('',#2604,#2708,#575,.T.);
#2374=EDGE_CURVE('',#2568,#2709,#576,.T.);
#2375=EDGE_CURVE('',#2591,#2570,#577,.T.);
#2376=EDGE_CURVE('',#2592,#2664,#578,.T.);
#2377=EDGE_CURVE('',#2665,#2591,#579,.T.);
#2378=EDGE_CURVE('',#2516,#2664,#580,.F.);
#2379=EDGE_CURVE('',#2604,#2518,#581,.F.);
#2380=EDGE_CURVE('',#2568,#2603,#582,.F.);
#2381=EDGE_CURVE('',#2665,#2570,#583,.F.);
#2382=EDGE_CURVE('',#2517,#2667,#584,.T.);
#2383=EDGE_CURVE('',#2601,#2517,#585,.T.);
#2384=EDGE_CURVE('',#2569,#2602,#586,.T.);
#2385=EDGE_CURVE('',#2666,#2569,#587,.T.);
#2386=EDGE_CURVE('',#2601,#2667,#588,.F.);
#2387=EDGE_CURVE('',#2666,#2602,#589,.F.);
#2388=EDGE_CURVE('',#2744,#2745,#2986,.T.);
#2389=EDGE_CURVE('',#2745,#2746,#2987,.F.);
#2390=EDGE_CURVE('',#2746,#2747,#2988,.T.);
#2391=EDGE_CURVE('',#2747,#2748,#2989,.F.);
#2392=EDGE_CURVE('',#2748,#2744,#590,.F.);
#2393=EDGE_CURVE('',#2749,#2750,#2990,.F.);
#2394=EDGE_CURVE('',#2750,#2751,#2991,.T.);
#2395=EDGE_CURVE('',#2751,#2752,#2992,.T.);
#2396=EDGE_CURVE('',#2752,#2753,#591,.T.);
#2397=EDGE_CURVE('',#2753,#2749,#2993,.F.);
#2398=EDGE_CURVE('',#2754,#2755,#2994,.T.);
#2399=EDGE_CURVE('',#2755,#2756,#592,.T.);
#2400=EDGE_CURVE('',#2756,#2757,#2995,.F.);
#2401=EDGE_CURVE('',#2757,#2754,#593,.F.);
#2402=EDGE_CURVE('',#2758,#2759,#2996,.T.);
#2403=EDGE_CURVE('',#2759,#2760,#2997,.F.);
#2404=EDGE_CURVE('',#2760,#2761,#2998,.F.);
#2405=EDGE_CURVE('',#2761,#2758,#2999,.T.);
#2406=EDGE_CURVE('',#2762,#2763,#3000,.T.);
#2407=EDGE_CURVE('',#2763,#2764,#3001,.T.);
#2408=EDGE_CURVE('',#2764,#2765,#3002,.T.);
#2409=EDGE_CURVE('',#2765,#2762,#3003,.F.);
#2410=EDGE_CURVE('',#2766,#2767,#3004,.F.);
#2411=EDGE_CURVE('',#2767,#2768,#3005,.F.);
#2412=EDGE_CURVE('',#2768,#2769,#3006,.T.);
#2413=EDGE_CURVE('',#2769,#2766,#3007,.F.);
#2414=EDGE_CURVE('',#2770,#2771,#3008,.T.);
#2415=EDGE_CURVE('',#2771,#2772,#3009,.T.);
#2416=EDGE_CURVE('',#2772,#2773,#3010,.F.);
#2417=EDGE_CURVE('',#2773,#2770,#3011,.T.);
#2418=EDGE_CURVE('',#2758,#2749,#594,.T.);
#2419=EDGE_CURVE('',#2750,#2761,#595,.T.);
#2420=EDGE_CURVE('',#2759,#2772,#596,.T.);
#2421=EDGE_CURVE('',#2773,#2758,#597,.T.);
#2422=EDGE_CURVE('',#2760,#2746,#598,.T.);
#2423=EDGE_CURVE('',#2747,#2759,#599,.T.);
#2424=EDGE_CURVE('',#2761,#2762,#600,.T.);
#2425=EDGE_CURVE('',#2763,#2760,#601,.T.);
#2426=EDGE_CURVE('',#2750,#2762,#602,.F.);
#2427=EDGE_CURVE('',#2773,#2749,#603,.F.);
#2428=EDGE_CURVE('',#2747,#2772,#604,.F.);
#2429=EDGE_CURVE('',#2763,#2746,#605,.F.);
#2430=EDGE_CURVE('',#2751,#2765,#606,.T.);
#2431=EDGE_CURVE('',#2770,#2753,#607,.T.);
#2432=EDGE_CURVE('',#2771,#2756,#608,.T.);
#2433=EDGE_CURVE('',#2757,#2770,#609,.T.);
#2434=EDGE_CURVE('',#2748,#2771,#610,.T.);
#2435=EDGE_CURVE('',#2764,#2745,#611,.T.);
#2436=EDGE_CURVE('',#2765,#2766,#612,.T.);
#2437=EDGE_CURVE('',#2767,#2764,#613,.T.);
#2438=EDGE_CURVE('',#2751,#2766,#614,.F.);
#2439=EDGE_CURVE('',#2757,#2753,#615,.F.);
#2440=EDGE_CURVE('',#2748,#2756,#616,.F.);
#2441=EDGE_CURVE('',#2767,#2745,#617,.F.);
#2442=EDGE_CURVE('',#2752,#2769,#618,.T.);
#2443=EDGE_CURVE('',#2754,#2752,#619,.T.);
#2444=EDGE_CURVE('',#2744,#2755,#620,.T.);
#2445=EDGE_CURVE('',#2768,#2744,#621,.T.);
#2446=EDGE_CURVE('',#2754,#2769,#622,.F.);
#2447=EDGE_CURVE('',#2768,#2755,#623,.F.);
#2448=VERTEX_POINT('',#6299);
#2449=VERTEX_POINT('',#6300);
#2450=VERTEX_POINT('',#6302);
#2451=VERTEX_POINT('',#6306);
#2452=VERTEX_POINT('',#6307);
#2453=VERTEX_POINT('',#6309);
#2454=VERTEX_POINT('',#6313);
#2455=VERTEX_POINT('',#6314);
#2456=VERTEX_POINT('',#6316);
#2457=VERTEX_POINT('',#6320);
#2458=VERTEX_POINT('',#6321);
#2459=VERTEX_POINT('',#6323);
#2460=VERTEX_POINT('',#6325);
#2461=VERTEX_POINT('',#6327);
#2462=VERTEX_POINT('',#6329);
#2463=VERTEX_POINT('',#6331);
#2464=VERTEX_POINT('',#6333);
#2465=VERTEX_POINT('',#6337);
#2466=VERTEX_POINT('',#6338);
#2467=VERTEX_POINT('',#6340);
#2468=VERTEX_POINT('',#6344);
#2469=VERTEX_POINT('',#6345);
#2470=VERTEX_POINT('',#6347);
#2471=VERTEX_POINT('',#6351);
#2472=VERTEX_POINT('',#6352);
#2473=VERTEX_POINT('',#6354);
#2474=VERTEX_POINT('',#6358);
#2475=VERTEX_POINT('',#6359);
#2476=VERTEX_POINT('',#6361);
#2477=VERTEX_POINT('',#6363);
#2478=VERTEX_POINT('',#6365);
#2479=VERTEX_POINT('',#6367);
#2480=VERTEX_POINT('',#6369);
#2481=VERTEX_POINT('',#6371);
#2482=VERTEX_POINT('',#6375);
#2483=VERTEX_POINT('',#6376);
#2484=VERTEX_POINT('',#6378);
#2485=VERTEX_POINT('',#6380);
#2486=VERTEX_POINT('',#6382);
#2487=VERTEX_POINT('',#6384);
#2488=VERTEX_POINT('',#6386);
#2489=VERTEX_POINT('',#6389);
#2490=VERTEX_POINT('',#6391);
#2491=VERTEX_POINT('',#6393);
#2492=VERTEX_POINT('',#6395);
#2493=VERTEX_POINT('',#6397);
#2494=VERTEX_POINT('',#6400);
#2495=VERTEX_POINT('',#6401);
#2496=VERTEX_POINT('',#6403);
#2497=VERTEX_POINT('',#6405);
#2498=VERTEX_POINT('',#6407);
#2499=VERTEX_POINT('',#6409);
#2500=VERTEX_POINT('',#6411);
#2501=VERTEX_POINT('',#6414);
#2502=VERTEX_POINT('',#6416);
#2503=VERTEX_POINT('',#6418);
#2504=VERTEX_POINT('',#6420);
#2505=VERTEX_POINT('',#6422);
#2506=VERTEX_POINT('',#6425);
#2507=VERTEX_POINT('',#6426);
#2508=VERTEX_POINT('',#6428);
#2509=VERTEX_POINT('',#6430);
#2510=VERTEX_POINT('',#6434);
#2511=VERTEX_POINT('',#6435);
#2512=VERTEX_POINT('',#6437);
#2513=VERTEX_POINT('',#6439);
#2514=VERTEX_POINT('',#6441);
#2515=VERTEX_POINT('',#6443);
#2516=VERTEX_POINT('',#6445);
#2517=VERTEX_POINT('',#6447);
#2518=VERTEX_POINT('',#6449);
#2519=VERTEX_POINT('',#6453);
#2520=VERTEX_POINT('',#6454);
#2521=VERTEX_POINT('',#6456);
#2522=VERTEX_POINT('',#6458);
#2523=VERTEX_POINT('',#6460);
#2524=VERTEX_POINT('',#6462);
#2525=VERTEX_POINT('',#6464);
#2526=VERTEX_POINT('',#6466);
#2527=VERTEX_POINT('',#6468);
#2528=VERTEX_POINT('',#6472);
#2529=VERTEX_POINT('',#6473);
#2530=VERTEX_POINT('',#6475);
#2531=VERTEX_POINT('',#6477);
#2532=VERTEX_POINT('',#6479);
#2533=VERTEX_POINT('',#6481);
#2534=VERTEX_POINT('',#6483);
#2535=VERTEX_POINT('',#6485);
#2536=VERTEX_POINT('',#6487);
#2537=VERTEX_POINT('',#6491);
#2538=VERTEX_POINT('',#6492);
#2539=VERTEX_POINT('',#6494);
#2540=VERTEX_POINT('',#6496);
#2541=VERTEX_POINT('',#6498);
#2542=VERTEX_POINT('',#6500);
#2543=VERTEX_POINT('',#6502);
#2544=VERTEX_POINT('',#6504);
#2545=VERTEX_POINT('',#6506);
#2546=VERTEX_POINT('',#6510);
#2547=VERTEX_POINT('',#6511);
#2548=VERTEX_POINT('',#6513);
#2549=VERTEX_POINT('',#6515);
#2550=VERTEX_POINT('',#6517);
#2551=VERTEX_POINT('',#6519);
#2552=VERTEX_POINT('',#6521);
#2553=VERTEX_POINT('',#6523);
#2554=VERTEX_POINT('',#6525);
#2555=VERTEX_POINT('',#6529);
#2556=VERTEX_POINT('',#6530);
#2557=VERTEX_POINT('',#6532);
#2558=VERTEX_POINT('',#6534);
#2559=VERTEX_POINT('',#6536);
#2560=VERTEX_POINT('',#6538);
#2561=VERTEX_POINT('',#6540);
#2562=VERTEX_POINT('',#6542);
#2563=VERTEX_POINT('',#6544);
#2564=VERTEX_POINT('',#6548);
#2565=VERTEX_POINT('',#6549);
#2566=VERTEX_POINT('',#6551);
#2567=VERTEX_POINT('',#6553);
#2568=VERTEX_POINT('',#6555);
#2569=VERTEX_POINT('',#6557);
#2570=VERTEX_POINT('',#6559);
#2571=VERTEX_POINT('',#6561);
#2572=VERTEX_POINT('',#6563);
#2573=VERTEX_POINT('',#6567);
#2574=VERTEX_POINT('',#6568);
#2575=VERTEX_POINT('',#6570);
#2576=VERTEX_POINT('',#6572);
#2577=VERTEX_POINT('',#6576);
#2578=VERTEX_POINT('',#6577);
#2579=VERTEX_POINT('',#6579);
#2580=VERTEX_POINT('',#6581);
#2581=VERTEX_POINT('',#6585);
#2582=VERTEX_POINT('',#6586);
#2583=VERTEX_POINT('',#6588);
#2584=VERTEX_POINT('',#6590);
#2585=VERTEX_POINT('',#6594);
#2586=VERTEX_POINT('',#6595);
#2587=VERTEX_POINT('',#6597);
#2588=VERTEX_POINT('',#6599);
#2589=VERTEX_POINT('',#6603);
#2590=VERTEX_POINT('',#6604);
#2591=VERTEX_POINT('',#6606);
#2592=VERTEX_POINT('',#6608);
#2593=VERTEX_POINT('',#6612);
#2594=VERTEX_POINT('',#6613);
#2595=VERTEX_POINT('',#6615);
#2596=VERTEX_POINT('',#6617);
#2597=VERTEX_POINT('',#6621);
#2598=VERTEX_POINT('',#6622);
#2599=VERTEX_POINT('',#6624);
#2600=VERTEX_POINT('',#6626);
#2601=VERTEX_POINT('',#6630);
#2602=VERTEX_POINT('',#6631);
#2603=VERTEX_POINT('',#6633);
#2604=VERTEX_POINT('',#6635);
#2605=VERTEX_POINT('',#6639);
#2606=VERTEX_POINT('',#6640);
#2607=VERTEX_POINT('',#6642);
#2608=VERTEX_POINT('',#6644);
#2609=VERTEX_POINT('',#6648);
#2610=VERTEX_POINT('',#6649);
#2611=VERTEX_POINT('',#6651);
#2612=VERTEX_POINT('',#6653);
#2613=VERTEX_POINT('',#6657);
#2614=VERTEX_POINT('',#6658);
#2615=VERTEX_POINT('',#6660);
#2616=VERTEX_POINT('',#6664);
#2617=VERTEX_POINT('',#6665);
#2618=VERTEX_POINT('',#6667);
#2619=VERTEX_POINT('',#6671);
#2620=VERTEX_POINT('',#6672);
#2621=VERTEX_POINT('',#6674);
#2622=VERTEX_POINT('',#6676);
#2623=VERTEX_POINT('',#6680);
#2624=VERTEX_POINT('',#6681);
#2625=VERTEX_POINT('',#6683);
#2626=VERTEX_POINT('',#6685);
#2627=VERTEX_POINT('',#6689);
#2628=VERTEX_POINT('',#6690);
#2629=VERTEX_POINT('',#6692);
#2630=VERTEX_POINT('',#6694);
#2631=VERTEX_POINT('',#6698);
#2632=VERTEX_POINT('',#6699);
#2633=VERTEX_POINT('',#6701);
#2634=VERTEX_POINT('',#6703);
#2635=VERTEX_POINT('',#6712);
#2636=VERTEX_POINT('',#6713);
#2637=VERTEX_POINT('',#6715);
#2638=VERTEX_POINT('',#6717);
#2639=VERTEX_POINT('',#6721);
#2640=VERTEX_POINT('',#6722);
#2641=VERTEX_POINT('',#6724);
#2642=VERTEX_POINT('',#6726);
#2643=VERTEX_POINT('',#6730);
#2644=VERTEX_POINT('',#6731);
#2645=VERTEX_POINT('',#6733);
#2646=VERTEX_POINT('',#6735);
#2647=VERTEX_POINT('',#6739);
#2648=VERTEX_POINT('',#6740);
#2649=VERTEX_POINT('',#6742);
#2650=VERTEX_POINT('',#6744);
#2651=VERTEX_POINT('',#6748);
#2652=VERTEX_POINT('',#6749);
#2653=VERTEX_POINT('',#6751);
#2654=VERTEX_POINT('',#6753);
#2655=VERTEX_POINT('',#6757);
#2656=VERTEX_POINT('',#6758);
#2657=VERTEX_POINT('',#6760);
#2658=VERTEX_POINT('',#6762);
#2659=VERTEX_POINT('',#6764);
#2660=VERTEX_POINT('',#6766);
#2661=VERTEX_POINT('',#6768);
#2662=VERTEX_POINT('',#6770);
#2663=VERTEX_POINT('',#6772);
#2664=VERTEX_POINT('',#6779);
#2665=VERTEX_POINT('',#6780);
#2666=VERTEX_POINT('',#6782);
#2667=VERTEX_POINT('',#6784);
#2668=VERTEX_POINT('',#6788);
#2669=VERTEX_POINT('',#6789);
#2670=VERTEX_POINT('',#6794);
#2671=VERTEX_POINT('',#6796);
#2672=VERTEX_POINT('',#6800);
#2673=VERTEX_POINT('',#6802);
#2674=VERTEX_POINT('',#6806);
#2675=VERTEX_POINT('',#6807);
#2676=VERTEX_POINT('',#6812);
#2677=VERTEX_POINT('',#6813);
#2678=VERTEX_POINT('',#6815);
#2679=VERTEX_POINT('',#6817);
#2680=VERTEX_POINT('',#6821);
#2681=VERTEX_POINT('',#6822);
#2682=VERTEX_POINT('',#6824);
#2683=VERTEX_POINT('',#6826);
#2684=VERTEX_POINT('',#6830);
#2685=VERTEX_POINT('',#6831);
#2686=VERTEX_POINT('',#6833);
#2687=VERTEX_POINT('',#6835);
#2688=VERTEX_POINT('',#6839);
#2689=VERTEX_POINT('',#6840);
#2690=VERTEX_POINT('',#6842);
#2691=VERTEX_POINT('',#6844);
#2692=VERTEX_POINT('',#6848);
#2693=VERTEX_POINT('',#6849);
#2694=VERTEX_POINT('',#6851);
#2695=VERTEX_POINT('',#6853);
#2696=VERTEX_POINT('',#6857);
#2697=VERTEX_POINT('',#6858);
#2698=VERTEX_POINT('',#6860);
#2699=VERTEX_POINT('',#6862);
#2700=VERTEX_POINT('',#6866);
#2701=VERTEX_POINT('',#6867);
#2702=VERTEX_POINT('',#6869);
#2703=VERTEX_POINT('',#6871);
#2704=VERTEX_POINT('',#6875);
#2705=VERTEX_POINT('',#6876);
#2706=VERTEX_POINT('',#6878);
#2707=VERTEX_POINT('',#6880);
#2708=VERTEX_POINT('',#6884);
#2709=VERTEX_POINT('',#6885);
#2710=VERTEX_POINT('',#6887);
#2711=VERTEX_POINT('',#6889);
#2712=VERTEX_POINT('',#6893);
#2713=VERTEX_POINT('',#6894);
#2714=VERTEX_POINT('',#6896);
#2715=VERTEX_POINT('',#6898);
#2716=VERTEX_POINT('',#6902);
#2717=VERTEX_POINT('',#6903);
#2718=VERTEX_POINT('',#6905);
#2719=VERTEX_POINT('',#6907);
#2720=VERTEX_POINT('',#7091);
#2721=VERTEX_POINT('',#7092);
#2722=VERTEX_POINT('',#7126);
#2723=VERTEX_POINT('',#7133);
#2724=VERTEX_POINT('',#7142);
#2725=VERTEX_POINT('',#7149);
#2726=VERTEX_POINT('',#7153);
#2727=VERTEX_POINT('',#7164);
#2728=VERTEX_POINT('',#7168);
#2729=VERTEX_POINT('',#7179);
#2730=VERTEX_POINT('',#7188);
#2731=VERTEX_POINT('',#7195);
#2732=VERTEX_POINT('',#7407);
#2733=VERTEX_POINT('',#7408);
#2734=VERTEX_POINT('',#7434);
#2735=VERTEX_POINT('',#7441);
#2736=VERTEX_POINT('',#7453);
#2737=VERTEX_POINT('',#7460);
#2738=VERTEX_POINT('',#7477);
#2739=VERTEX_POINT('',#7478);
#2740=VERTEX_POINT('',#7495);
#2741=VERTEX_POINT('',#7502);
#2742=VERTEX_POINT('',#7511);
#2743=VERTEX_POINT('',#7512);
#2744=VERTEX_POINT('',#7610);
#2745=VERTEX_POINT('',#7611);
#2746=VERTEX_POINT('',#7613);
#2747=VERTEX_POINT('',#7615);
#2748=VERTEX_POINT('',#7617);
#2749=VERTEX_POINT('',#7621);
#2750=VERTEX_POINT('',#7622);
#2751=VERTEX_POINT('',#7624);
#2752=VERTEX_POINT('',#7626);
#2753=VERTEX_POINT('',#7628);
#2754=VERTEX_POINT('',#7632);
#2755=VERTEX_POINT('',#7633);
#2756=VERTEX_POINT('',#7635);
#2757=VERTEX_POINT('',#7637);
#2758=VERTEX_POINT('',#7641);
#2759=VERTEX_POINT('',#7642);
#2760=VERTEX_POINT('',#7644);
#2761=VERTEX_POINT('',#7646);
#2762=VERTEX_POINT('',#7650);
#2763=VERTEX_POINT('',#7651);
#2764=VERTEX_POINT('',#7653);
#2765=VERTEX_POINT('',#7655);
#2766=VERTEX_POINT('',#7659);
#2767=VERTEX_POINT('',#7660);
#2768=VERTEX_POINT('',#7662);
#2769=VERTEX_POINT('',#7664);
#2770=VERTEX_POINT('',#7668);
#2771=VERTEX_POINT('',#7669);
#2772=VERTEX_POINT('',#7671);
#2773=VERTEX_POINT('',#7673);
#2774=LINE('',#6298,#3012);
#2775=LINE('',#6303,#3013);
#2776=LINE('',#6305,#3014);
#2777=LINE('',#6310,#3015);
#2778=LINE('',#6312,#3016);
#2779=LINE('',#6317,#3017);
#2780=LINE('',#6322,#3018);
#2781=LINE('',#6326,#3019);
#2782=LINE('',#6330,#3020);
#2783=LINE('',#6334,#3021);
#2784=LINE('',#6336,#3022);
#2785=LINE('',#6341,#3023);
#2786=LINE('',#6343,#3024);
#2787=LINE('',#6348,#3025);
#2788=LINE('',#6350,#3026);
#2789=LINE('',#6355,#3027);
#2790=LINE('',#6360,#3028);
#2791=LINE('',#6364,#3029);
#2792=LINE('',#6368,#3030);
#2793=LINE('',#6372,#3031);
#2794=LINE('',#6374,#3032);
#2795=LINE('',#6377,#3033);
#2796=LINE('',#6379,#3034);
#2797=LINE('',#6381,#3035);
#2798=LINE('',#6383,#3036);
#2799=LINE('',#6385,#3037);
#2800=LINE('',#6399,#3038);
#2801=LINE('',#6402,#3039);
#2802=LINE('',#6404,#3040);
#2803=LINE('',#6406,#3041);
#2804=LINE('',#6410,#3042);
#2805=LINE('',#6412,#3043);
#2806=LINE('',#6424,#3044);
#2807=LINE('',#6427,#3045);
#2808=LINE('',#6429,#3046);
#2809=LINE('',#6431,#3047);
#2810=LINE('',#6436,#3048);
#2811=LINE('',#6438,#3049);
#2812=LINE('',#6440,#3050);
#2813=LINE('',#6442,#3051);
#2814=LINE('',#6446,#3052);
#2815=LINE('',#6450,#3053);
#2816=LINE('',#6452,#3054);
#2817=LINE('',#6455,#3055);
#2818=LINE('',#6459,#3056);
#2819=LINE('',#6463,#3057);
#2820=LINE('',#6467,#3058);
#2821=LINE('',#6469,#3059);
#2822=LINE('',#6474,#3060);
#2823=LINE('',#6476,#3061);
#2824=LINE('',#6478,#3062);
#2825=LINE('',#6480,#3063);
#2826=LINE('',#6484,#3064);
#2827=LINE('',#6488,#3065);
#2828=LINE('',#6493,#3066);
#2829=LINE('',#6495,#3067);
#2830=LINE('',#6497,#3068);
#2831=LINE('',#6499,#3069);
#2832=LINE('',#6503,#3070);
#2833=LINE('',#6507,#3071);
#2834=LINE('',#6509,#3072);
#2835=LINE('',#6512,#3073);
#2836=LINE('',#6516,#3074);
#2837=LINE('',#6520,#3075);
#2838=LINE('',#6524,#3076);
#2839=LINE('',#6526,#3077);
#2840=LINE('',#6531,#3078);
#2841=LINE('',#6533,#3079);
#2842=LINE('',#6535,#3080);
#2843=LINE('',#6537,#3081);
#2844=LINE('',#6541,#3082);
#2845=LINE('',#6545,#3083);
#2846=LINE('',#6547,#3084);
#2847=LINE('',#6550,#3085);
#2848=LINE('',#6554,#3086);
#2849=LINE('',#6558,#3087);
#2850=LINE('',#6562,#3088);
#2851=LINE('',#6564,#3089);
#2852=LINE('',#6566,#3090);
#2853=LINE('',#6569,#3091);
#2854=LINE('',#6571,#3092);
#2855=LINE('',#6573,#3093);
#2856=LINE('',#6575,#3094);
#2857=LINE('',#6580,#3095);
#2858=LINE('',#6584,#3096);
#2859=LINE('',#6589,#3097);
#2860=LINE('',#6593,#3098);
#2861=LINE('',#6598,#3099);
#2862=LINE('',#6602,#3100);
#2863=LINE('',#6607,#3101);
#2864=LINE('',#6611,#3102);
#2865=LINE('',#6616,#3103);
#2866=LINE('',#6620,#3104);
#2867=LINE('',#6625,#3105);
#2868=LINE('',#6629,#3106);
#2869=LINE('',#6634,#3107);
#2870=LINE('',#6638,#3108);
#2871=LINE('',#6643,#3109);
#2872=LINE('',#6647,#3110);
#2873=LINE('',#6652,#3111);
#2874=LINE('',#6656,#3112);
#2875=LINE('',#6661,#3113);
#2876=LINE('',#6663,#3114);
#2877=LINE('',#6668,#3115);
#2878=LINE('',#6670,#3116);
#2879=LINE('',#6673,#3117);
#2880=LINE('',#6675,#3118);
#2881=LINE('',#6677,#3119);
#2882=LINE('',#6679,#3120);
#2883=LINE('',#6682,#3121);
#2884=LINE('',#6684,#3122);
#2885=LINE('',#6686,#3123);
#2886=LINE('',#6688,#3124);
#2887=LINE('',#6691,#3125);
#2888=LINE('',#6693,#3126);
#2889=LINE('',#6695,#3127);
#2890=LINE('',#6697,#3128);
#2891=LINE('',#6700,#3129);
#2892=LINE('',#6702,#3130);
#2893=LINE('',#6704,#3131);
#2894=LINE('',#6711,#3132);
#2895=LINE('',#6714,#3133);
#2896=LINE('',#6716,#3134);
#2897=LINE('',#6718,#3135);
#2898=LINE('',#6720,#3136);
#2899=LINE('',#6723,#3137);
#2900=LINE('',#6725,#3138);
#2901=LINE('',#6727,#3139);
#2902=LINE('',#6729,#3140);
#2903=LINE('',#6734,#3141);
#2904=LINE('',#6738,#3142);
#2905=LINE('',#6743,#3143);
#2906=LINE('',#6747,#3144);
#2907=LINE('',#6752,#3145);
#2908=LINE('',#6756,#3146);
#2909=LINE('',#6759,#3147);
#2910=LINE('',#6763,#3148);
#2911=LINE('',#6767,#3149);
#2912=LINE('',#6771,#3150);
#2913=LINE('',#6773,#3151);
#2914=LINE('',#6775,#3152);
#2915=LINE('',#6776,#3153);
#2916=LINE('',#6778,#3154);
#2917=LINE('',#6781,#3155);
#2918=LINE('',#6783,#3156);
#2919=LINE('',#6785,#3157);
#2920=LINE('',#6787,#3158);
#2921=LINE('',#6790,#3159);
#2922=LINE('',#6791,#3160);
#2923=LINE('',#6793,#3161);
#2924=LINE('',#6795,#3162);
#2925=LINE('',#6797,#3163);
#2926=LINE('',#6799,#3164);
#2927=LINE('',#6801,#3165);
#2928=LINE('',#6803,#3166);
#2929=LINE('',#6805,#3167);
#2930=LINE('',#6808,#3168);
#2931=LINE('',#6809,#3169);
#2932=LINE('',#6811,#3170);
#2933=LINE('',#6814,#3171);
#2934=LINE('',#6816,#3172);
#2935=LINE('',#6818,#3173);
#2936=LINE('',#6820,#3174);
#2937=LINE('',#6823,#3175);
#2938=LINE('',#6825,#3176);
#2939=LINE('',#6827,#3177);
#2940=LINE('',#6829,#3178);
#2941=LINE('',#6832,#3179);
#2942=LINE('',#6834,#3180);
#2943=LINE('',#6836,#3181);
#2944=LINE('',#6838,#3182);
#2945=LINE('',#6841,#3183);
#2946=LINE('',#6843,#3184);
#2947=LINE('',#6845,#3185);
#2948=LINE('',#6847,#3186);
#2949=LINE('',#6850,#3187);
#2950=LINE('',#6852,#3188);
#2951=LINE('',#6854,#3189);
#2952=LINE('',#6856,#3190);
#2953=LINE('',#6859,#3191);
#2954=LINE('',#6861,#3192);
#2955=LINE('',#6863,#3193);
#2956=LINE('',#6865,#3194);
#2957=LINE('',#6868,#3195);
#2958=LINE('',#6870,#3196);
#2959=LINE('',#6872,#3197);
#2960=LINE('',#6874,#3198);
#2961=LINE('',#6877,#3199);
#2962=LINE('',#6879,#3200);
#2963=LINE('',#6881,#3201);
#2964=LINE('',#6883,#3202);
#2965=LINE('',#6886,#3203);
#2966=LINE('',#6888,#3204);
#2967=LINE('',#6890,#3205);
#2968=LINE('',#6892,#3206);
#2969=LINE('',#6895,#3207);
#2970=LINE('',#6897,#3208);
#2971=LINE('',#6899,#3209);
#2972=LINE('',#6901,#3210);
#2973=LINE('',#6906,#3211);
#2974=LINE('',#7090,#3212);
#2975=LINE('',#7134,#3213);
#2976=LINE('',#7150,#3214);
#2977=LINE('',#7165,#3215);
#2978=LINE('',#7180,#3216);
#2979=LINE('',#7196,#3217);
#2980=LINE('',#7406,#3218);
#2981=LINE('',#7442,#3219);
#2982=LINE('',#7461,#3220);
#2983=LINE('',#7476,#3221);
#2984=LINE('',#7501,#3222);
#2985=LINE('',#7510,#3223);
#2986=LINE('',#7609,#3224);
#2987=LINE('',#7612,#3225);
#2988=LINE('',#7614,#3226);
#2989=LINE('',#7616,#3227);
#2990=LINE('',#7620,#3228);
#2991=LINE('',#7623,#3229);
#2992=LINE('',#7625,#3230);
#2993=LINE('',#7629,#3231);
#2994=LINE('',#7631,#3232);
#2995=LINE('',#7636,#3233);
#2996=LINE('',#7640,#3234);
#2997=LINE('',#7643,#3235);
#2998=LINE('',#7645,#3236);
#2999=LINE('',#7647,#3237);
#3000=LINE('',#7649,#3238);
#3001=LINE('',#7652,#3239);
#3002=LINE('',#7654,#3240);
#3003=LINE('',#7656,#3241);
#3004=LINE('',#7658,#3242);
#3005=LINE('',#7661,#3243);
#3006=LINE('',#7663,#3244);
#3007=LINE('',#7665,#3245);
#3008=LINE('',#7667,#3246);
#3009=LINE('',#7670,#3247);
#3010=LINE('',#7672,#3248);
#3011=LINE('',#7674,#3249);
#3012=VECTOR('',#4834,1.);
#3013=VECTOR('',#4837,1.);
#3014=VECTOR('',#4840,1.);
#3015=VECTOR('',#4843,1.);
#3016=VECTOR('',#4846,1.);
#3017=VECTOR('',#4849,1.);
#3018=VECTOR('',#4854,1.);
#3019=VECTOR('',#4857,1.);
#3020=VECTOR('',#4860,1.);
#3021=VECTOR('',#4863,1.);
#3022=VECTOR('',#4866,1.);
#3023=VECTOR('',#4869,1.);
#3024=VECTOR('',#4872,1.);
#3025=VECTOR('',#4875,1.);
#3026=VECTOR('',#4878,1.);
#3027=VECTOR('',#4881,1.);
#3028=VECTOR('',#4886,1.);
#3029=VECTOR('',#4889,1.);
#3030=VECTOR('',#4892,1.);
#3031=VECTOR('',#4895,1.);
#3032=VECTOR('',#4898,1.);
#3033=VECTOR('',#4899,1.);
#3034=VECTOR('',#4900,1.);
#3035=VECTOR('',#4901,1.);
#3036=VECTOR('',#4902,1.);
#3037=VECTOR('',#4903,1.);
#3038=VECTOR('',#4918,1.);
#3039=VECTOR('',#4919,1.);
#3040=VECTOR('',#4920,1.);
#3041=VECTOR('',#4921,1.);
#3042=VECTOR('',#4924,1.);
#3043=VECTOR('',#4925,1.);
#3044=VECTOR('',#4938,1.);
#3045=VECTOR('',#4939,1.);
#3046=VECTOR('',#4940,1.);
#3047=VECTOR('',#4941,1.);
#3048=VECTOR('',#4946,1.);
#3049=VECTOR('',#4947,1.);
#3050=VECTOR('',#4948,1.);
#3051=VECTOR('',#4949,1.);
#3052=VECTOR('',#4952,1.);
#3053=VECTOR('',#4955,1.);
#3054=VECTOR('',#4958,1.);
#3055=VECTOR('',#4959,1.);
#3056=VECTOR('',#4962,1.);
#3057=VECTOR('',#4965,1.);
#3058=VECTOR('',#4968,1.);
#3059=VECTOR('',#4969,1.);
#3060=VECTOR('',#4974,1.);
#3061=VECTOR('',#4975,1.);
#3062=VECTOR('',#4976,1.);
#3063=VECTOR('',#4977,1.);
#3064=VECTOR('',#4980,1.);
#3065=VECTOR('',#4983,1.);
#3066=VECTOR('',#4988,1.);
#3067=VECTOR('',#4989,1.);
#3068=VECTOR('',#4990,1.);
#3069=VECTOR('',#4991,1.);
#3070=VECTOR('',#4994,1.);
#3071=VECTOR('',#4997,1.);
#3072=VECTOR('',#5000,1.);
#3073=VECTOR('',#5001,1.);
#3074=VECTOR('',#5004,1.);
#3075=VECTOR('',#5007,1.);
#3076=VECTOR('',#5010,1.);
#3077=VECTOR('',#5011,1.);
#3078=VECTOR('',#5016,1.);
#3079=VECTOR('',#5017,1.);
#3080=VECTOR('',#5018,1.);
#3081=VECTOR('',#5019,1.);
#3082=VECTOR('',#5022,1.);
#3083=VECTOR('',#5025,1.);
#3084=VECTOR('',#5028,1.);
#3085=VECTOR('',#5029,1.);
#3086=VECTOR('',#5032,1.);
#3087=VECTOR('',#5035,1.);
#3088=VECTOR('',#5038,1.);
#3089=VECTOR('',#5039,1.);
#3090=VECTOR('',#5042,1.);
#3091=VECTOR('',#5043,1.);
#3092=VECTOR('',#5044,1.);
#3093=VECTOR('',#5045,1.);
#3094=VECTOR('',#5048,1.);
#3095=VECTOR('',#5051,1.);
#3096=VECTOR('',#5056,1.);
#3097=VECTOR('',#5059,1.);
#3098=VECTOR('',#5064,1.);
#3099=VECTOR('',#5067,1.);
#3100=VECTOR('',#5072,1.);
#3101=VECTOR('',#5075,1.);
#3102=VECTOR('',#5080,1.);
#3103=VECTOR('',#5083,1.);
#3104=VECTOR('',#5088,1.);
#3105=VECTOR('',#5091,1.);
#3106=VECTOR('',#5096,1.);
#3107=VECTOR('',#5099,1.);
#3108=VECTOR('',#5104,1.);
#3109=VECTOR('',#5107,1.);
#3110=VECTOR('',#5112,1.);
#3111=VECTOR('',#5115,1.);
#3112=VECTOR('',#5120,1.);
#3113=VECTOR('',#5123,1.);
#3114=VECTOR('',#5126,1.);
#3115=VECTOR('',#5129,1.);
#3116=VECTOR('',#5132,1.);
#3117=VECTOR('',#5133,1.);
#3118=VECTOR('',#5134,1.);
#3119=VECTOR('',#5135,1.);
#3120=VECTOR('',#5138,1.);
#3121=VECTOR('',#5139,1.);
#3122=VECTOR('',#5140,1.);
#3123=VECTOR('',#5141,1.);
#3124=VECTOR('',#5144,1.);
#3125=VECTOR('',#5145,1.);
#3126=VECTOR('',#5146,1.);
#3127=VECTOR('',#5147,1.);
#3128=VECTOR('',#5150,1.);
#3129=VECTOR('',#5151,1.);
#3130=VECTOR('',#5152,1.);
#3131=VECTOR('',#5153,1.);
#3132=VECTOR('',#5166,1.);
#3133=VECTOR('',#5167,1.);
#3134=VECTOR('',#5168,1.);
#3135=VECTOR('',#5169,1.);
#3136=VECTOR('',#5172,1.);
#3137=VECTOR('',#5173,1.);
#3138=VECTOR('',#5174,1.);
#3139=VECTOR('',#5175,1.);
#3140=VECTOR('',#5178,1.);
#3141=VECTOR('',#5181,1.);
#3142=VECTOR('',#5186,1.);
#3143=VECTOR('',#5189,1.);
#3144=VECTOR('',#5194,1.);
#3145=VECTOR('',#5197,1.);
#3146=VECTOR('',#5202,1.);
#3147=VECTOR('',#5203,1.);
#3148=VECTOR('',#5206,1.);
#3149=VECTOR('',#5209,1.);
#3150=VECTOR('',#5212,1.);
#3151=VECTOR('',#5213,1.);
#3152=VECTOR('',#5216,1.);
#3153=VECTOR('',#5217,1.);
#3154=VECTOR('',#5220,1.);
#3155=VECTOR('',#5221,1.);
#3156=VECTOR('',#5222,1.);
#3157=VECTOR('',#5223,1.);
#3158=VECTOR('',#5226,1.);
#3159=VECTOR('',#5227,1.);
#3160=VECTOR('',#5228,1.);
#3161=VECTOR('',#5231,1.);
#3162=VECTOR('',#5232,1.);
#3163=VECTOR('',#5233,1.);
#3164=VECTOR('',#5236,1.);
#3165=VECTOR('',#5237,1.);
#3166=VECTOR('',#5238,1.);
#3167=VECTOR('',#5241,1.);
#3168=VECTOR('',#5242,1.);
#3169=VECTOR('',#5243,1.);
#3170=VECTOR('',#5246,1.);
#3171=VECTOR('',#5247,1.);
#3172=VECTOR('',#5248,1.);
#3173=VECTOR('',#5249,1.);
#3174=VECTOR('',#5252,1.);
#3175=VECTOR('',#5253,1.);
#3176=VECTOR('',#5254,1.);
#3177=VECTOR('',#5255,1.);
#3178=VECTOR('',#5258,1.);
#3179=VECTOR('',#5259,1.);
#3180=VECTOR('',#5260,1.);
#3181=VECTOR('',#5261,1.);
#3182=VECTOR('',#5264,1.);
#3183=VECTOR('',#5265,1.);
#3184=VECTOR('',#5266,1.);
#3185=VECTOR('',#5267,1.);
#3186=VECTOR('',#5270,1.);
#3187=VECTOR('',#5271,1.);
#3188=VECTOR('',#5272,1.);
#3189=VECTOR('',#5273,1.);
#3190=VECTOR('',#5276,1.);
#3191=VECTOR('',#5277,1.);
#3192=VECTOR('',#5278,1.);
#3193=VECTOR('',#5279,1.);
#3194=VECTOR('',#5282,1.);
#3195=VECTOR('',#5283,1.);
#3196=VECTOR('',#5284,1.);
#3197=VECTOR('',#5285,1.);
#3198=VECTOR('',#5288,1.);
#3199=VECTOR('',#5289,1.);
#3200=VECTOR('',#5290,1.);
#3201=VECTOR('',#5291,1.);
#3202=VECTOR('',#5294,1.);
#3203=VECTOR('',#5295,1.);
#3204=VECTOR('',#5296,1.);
#3205=VECTOR('',#5297,1.);
#3206=VECTOR('',#5300,1.);
#3207=VECTOR('',#5301,1.);
#3208=VECTOR('',#5302,1.);
#3209=VECTOR('',#5303,1.);
#3210=VECTOR('',#5306,1.);
#3211=VECTOR('',#5309,1.);
#3212=VECTOR('',#5634,1.);
#3213=VECTOR('',#5679,1.);
#3214=VECTOR('',#5690,1.);
#3215=VECTOR('',#5699,1.);
#3216=VECTOR('',#5708,1.);
#3217=VECTOR('',#5719,1.);
#3218=VECTOR('',#5880,1.);
#3219=VECTOR('',#5919,1.);
#3220=VECTOR('',#5936,1.);
#3221=VECTOR('',#5957,1.);
#3222=VECTOR('',#5976,1.);
#3223=VECTOR('',#5983,1.);
#3224=VECTOR('',#6140,1.);
#3225=VECTOR('',#6141,1.);
#3226=VECTOR('',#6142,1.);
#3227=VECTOR('',#6143,1.);
#3228=VECTOR('',#6148,1.);
#3229=VECTOR('',#6149,1.);
#3230=VECTOR('',#6150,1.);
#3231=VECTOR('',#6153,1.);
#3232=VECTOR('',#6156,1.);
#3233=VECTOR('',#6159,1.);
#3234=VECTOR('',#6164,1.);
#3235=VECTOR('',#6165,1.);
#3236=VECTOR('',#6166,1.);
#3237=VECTOR('',#6167,1.);
#3238=VECTOR('',#6170,1.);
#3239=VECTOR('',#6171,1.);
#3240=VECTOR('',#6172,1.);
#3241=VECTOR('',#6173,1.);
#3242=VECTOR('',#6176,1.);
#3243=VECTOR('',#6177,1.);
#3244=VECTOR('',#6178,1.);
#3245=VECTOR('',#6179,1.);
#3246=VECTOR('',#6182,1.);
#3247=VECTOR('',#6183,1.);
#3248=VECTOR('',#6184,1.);
#3249=VECTOR('',#6185,1.);
#3250=EDGE_LOOP('',(#624,#625,#626));
#3251=EDGE_LOOP('',(#627,#628,#629));
#3252=EDGE_LOOP('',(#630,#631,#632));
#3253=EDGE_LOOP('',(#633,#634,#635,#636,#637,#638,#639,#640));
#3254=EDGE_LOOP('',(#641,#642,#643));
#3255=EDGE_LOOP('',(#644,#645,#646));
#3256=EDGE_LOOP('',(#647,#648,#649));
#3257=EDGE_LOOP('',(#650,#651,#652,#653,#654,#655,#656,#657));
#3258=EDGE_LOOP('',(#658,#659,#660,#661,#662,#663,#664));
#3259=EDGE_LOOP('',(#665));
#3260=EDGE_LOOP('',(#666));
#3261=EDGE_LOOP('',(#667));
#3262=EDGE_LOOP('',(#668));
#3263=EDGE_LOOP('',(#669));
#3264=EDGE_LOOP('',(#670,#671,#672,#673,#674,#675,#676));
#3265=EDGE_LOOP('',(#677));
#3266=EDGE_LOOP('',(#678));
#3267=EDGE_LOOP('',(#679));
#3268=EDGE_LOOP('',(#680));
#3269=EDGE_LOOP('',(#681));
#3270=EDGE_LOOP('',(#682,#683,#684,#685));
#3271=EDGE_LOOP('',(#686,#687,#688,#689,#690,#691,#692,#693,#694));
#3272=EDGE_LOOP('',(#695,#696,#697,#698,#699,#700,#701,#702,#703));
#3273=EDGE_LOOP('',(#704,#705,#706,#707,#708,#709,#710,#711,#712));
#3274=EDGE_LOOP('',(#713,#714,#715,#716,#717,#718,#719,#720,#721));
#3275=EDGE_LOOP('',(#722,#723,#724,#725,#726,#727,#728,#729,#730));
#3276=EDGE_LOOP('',(#731,#732,#733,#734,#735,#736,#737,#738,#739));
#3277=EDGE_LOOP('',(#740,#741,#742,#743,#744,#745,#746,#747,#748));
#3278=EDGE_LOOP('',(#749,#750,#751,#752));
#3279=EDGE_LOOP('',(#753,#754,#755,#756));
#3280=EDGE_LOOP('',(#757,#758,#759,#760));
#3281=EDGE_LOOP('',(#761,#762,#763,#764));
#3282=EDGE_LOOP('',(#765,#766,#767,#768));
#3283=EDGE_LOOP('',(#769,#770,#771,#772));
#3284=EDGE_LOOP('',(#773,#774,#775,#776));
#3285=EDGE_LOOP('',(#777,#778,#779,#780));
#3286=EDGE_LOOP('',(#781,#782,#783,#784));
#3287=EDGE_LOOP('',(#785,#786,#787,#788));
#3288=EDGE_LOOP('',(#789,#790,#791));
#3289=EDGE_LOOP('',(#792,#793,#794));
#3290=EDGE_LOOP('',(#795,#796,#797,#798));
#3291=EDGE_LOOP('',(#799,#800,#801,#802));
#3292=EDGE_LOOP('',(#803,#804,#805,#806));
#3293=EDGE_LOOP('',(#807,#808,#809,#810));
#3294=EDGE_LOOP('',(#811));
#3295=EDGE_LOOP('',(#812));
#3296=EDGE_LOOP('',(#813));
#3297=EDGE_LOOP('',(#814));
#3298=EDGE_LOOP('',(#815));
#3299=EDGE_LOOP('',(#816));
#3300=EDGE_LOOP('',(#817));
#3301=EDGE_LOOP('',(#818));
#3302=EDGE_LOOP('',(#819));
#3303=EDGE_LOOP('',(#820));
#3304=EDGE_LOOP('',(#821,#822,#823,#824));
#3305=EDGE_LOOP('',(#825,#826,#827,#828));
#3306=EDGE_LOOP('',(#829,#830,#831,#832));
#3307=EDGE_LOOP('',(#833,#834,#835,#836));
#3308=EDGE_LOOP('',(#837,#838,#839,#840));
#3309=EDGE_LOOP('',(#841,#842,#843,#844,#845,#846,#847,#848,#849));
#3310=EDGE_LOOP('',(#850,#851,#852,#853));
#3311=EDGE_LOOP('',(#854,#855,#856,#857));
#3312=EDGE_LOOP('',(#858,#859,#860,#861));
#3313=EDGE_LOOP('',(#862,#863,#864,#865));
#3314=EDGE_LOOP('',(#866,#867,#868,#869));
#3315=EDGE_LOOP('',(#870,#871,#872,#873));
#3316=EDGE_LOOP('',(#874,#875,#876,#877));
#3317=EDGE_LOOP('',(#878,#879,#880,#881));
#3318=EDGE_LOOP('',(#882,#883,#884,#885));
#3319=EDGE_LOOP('',(#886,#887,#888,#889));
#3320=EDGE_LOOP('',(#890,#891,#892,#893));
#3321=EDGE_LOOP('',(#894,#895,#896,#897));
#3322=EDGE_LOOP('',(#898,#899,#900,#901));
#3323=EDGE_LOOP('',(#902,#903,#904,#905));
#3324=EDGE_LOOP('',(#906,#907,#908,#909));
#3325=EDGE_LOOP('',(#910,#911,#912,#913));
#3326=EDGE_LOOP('',(#914,#915,#916,#917));
#3327=EDGE_LOOP('',(#918,#919,#920,#921));
#3328=EDGE_LOOP('',(#922,#923,#924,#925));
#3329=EDGE_LOOP('',(#926,#927,#928,#929));
#3330=EDGE_LOOP('',(#930,#931,#932));
#3331=EDGE_LOOP('',(#933,#934,#935,#936));
#3332=EDGE_LOOP('',(#937,#938,#939,#940));
#3333=EDGE_LOOP('',(#941,#942,#943));
#3334=EDGE_LOOP('',(#944,#945,#946));
#3335=EDGE_LOOP('',(#947,#948,#949,#950));
#3336=EDGE_LOOP('',(#951,#952,#953,#954));
#3337=EDGE_LOOP('',(#955,#956,#957,#958));
#3338=EDGE_LOOP('',(#959,#960,#961,#962));
#3339=EDGE_LOOP('',(#963,#964,#965));
#3340=EDGE_LOOP('',(#966,#967,#968,#969));
#3341=EDGE_LOOP('',(#970,#971,#972,#973));
#3342=EDGE_LOOP('',(#974,#975,#976));
#3343=EDGE_LOOP('',(#977,#978,#979,#980));
#3344=EDGE_LOOP('',(#981,#982,#983,#984));
#3345=EDGE_LOOP('',(#985,#986,#987,#988));
#3346=EDGE_LOOP('',(#989,#990,#991));
#3347=EDGE_LOOP('',(#992,#993,#994));
#3348=EDGE_LOOP('',(#995,#996,#997,#998));
#3349=EDGE_LOOP('',(#999,#1000,#1001,#1002));
#3350=EDGE_LOOP('',(#1003,#1004,#1005));
#3351=EDGE_LOOP('',(#1006,#1007,#1008));
#3352=EDGE_LOOP('',(#1009,#1010,#1011,#1012));
#3353=EDGE_LOOP('',(#1013,#1014,#1015));
#3354=EDGE_LOOP('',(#1016,#1017,#1018));
#3355=EDGE_LOOP('',(#1019,#1020,#1021,#1022));
#3356=EDGE_LOOP('',(#1023,#1024,#1025,#1026));
#3357=EDGE_LOOP('',(#1027,#1028,#1029,#1030));
#3358=EDGE_LOOP('',(#1031,#1032,#1033,#1034));
#3359=EDGE_LOOP('',(#1035,#1036,#1037));
#3360=EDGE_LOOP('',(#1038,#1039,#1040,#1041));
#3361=EDGE_LOOP('',(#1042,#1043,#1044,#1045));
#3362=EDGE_LOOP('',(#1046,#1047,#1048));
#3363=EDGE_LOOP('',(#1049,#1050,#1051,#1052));
#3364=EDGE_LOOP('',(#1053,#1054,#1055,#1056));
#3365=EDGE_LOOP('',(#1057,#1058,#1059));
#3366=EDGE_LOOP('',(#1060,#1061,#1062));
#3367=EDGE_LOOP('',(#1063,#1064,#1065,#1066));
#3368=EDGE_LOOP('',(#1067,#1068,#1069,#1070));
#3369=EDGE_LOOP('',(#1071,#1072,#1073));
#3370=EDGE_LOOP('',(#1074,#1075,#1076,#1077));
#3371=EDGE_LOOP('',(#1078,#1079,#1080,#1081));
#3372=EDGE_LOOP('',(#1082,#1083,#1084,#1085));
#3373=EDGE_LOOP('',(#1086,#1087,#1088,#1089));
#3374=EDGE_LOOP('',(#1090,#1091,#1092,#1093));
#3375=EDGE_LOOP('',(#1094,#1095,#1096,#1097));
#3376=EDGE_LOOP('',(#1098,#1099,#1100,#1101));
#3377=EDGE_LOOP('',(#1102,#1103,#1104,#1105));
#3378=EDGE_LOOP('',(#1106,#1107,#1108,#1109));
#3379=EDGE_LOOP('',(#1110,#1111,#1112,#1113));
#3380=EDGE_LOOP('',(#1114,#1115,#1116));
#3381=EDGE_LOOP('',(#1117,#1118,#1119,#1120));
#3382=EDGE_LOOP('',(#1121,#1122,#1123));
#3383=EDGE_LOOP('',(#1124,#1125,#1126));
#3384=EDGE_LOOP('',(#1127,#1128,#1129));
#3385=EDGE_LOOP('',(#1130,#1131,#1132));
#3386=EDGE_LOOP('',(#1133,#1134,#1135));
#3387=EDGE_LOOP('',(#1136,#1137,#1138));
#3388=EDGE_LOOP('',(#1139,#1140,#1141,#1142));
#3389=EDGE_LOOP('',(#1143,#1144,#1145));
#3390=EDGE_LOOP('',(#1146,#1147,#1148,#1149));
#3391=EDGE_LOOP('',(#1150,#1151,#1152,#1153));
#3392=EDGE_LOOP('',(#1154,#1155,#1156,#1157));
#3393=EDGE_LOOP('',(#1158,#1159,#1160,#1161));
#3394=EDGE_LOOP('',(#1162,#1163,#1164,#1165));
#3395=EDGE_LOOP('',(#1166,#1167,#1168,#1169));
#3396=EDGE_LOOP('',(#1170,#1171,#1172,#1173));
#3397=EDGE_LOOP('',(#1174,#1175,#1176,#1177));
#3398=EDGE_LOOP('',(#1178,#1179,#1180,#1181));
#3399=EDGE_LOOP('',(#1182,#1183,#1184,#1185));
#3400=EDGE_LOOP('',(#1186,#1187,#1188,#1189));
#3401=EDGE_LOOP('',(#1190,#1191,#1192,#1193));
#3402=EDGE_LOOP('',(#1194,#1195,#1196));
#3403=EDGE_LOOP('',(#1197,#1198,#1199));
#3404=EDGE_LOOP('',(#1200,#1201,#1202,#1203,#1204,#1205,#1206,#1207));
#3405=EDGE_LOOP('',(#1208,#1209,#1210));
#3406=EDGE_LOOP('',(#1211,#1212,#1213,#1214,#1215,#1216));
#3407=EDGE_LOOP('',(#1217,#1218,#1219,#1220));
#3408=EDGE_LOOP('',(#1221,#1222,#1223,#1224,#1225));
#3409=EDGE_LOOP('',(#1226,#1227,#1228,#1229,#1230));
#3410=EDGE_LOOP('',(#1231,#1232,#1233,#1234));
#3411=EDGE_LOOP('',(#1235,#1236,#1237,#1238,#1239,#1240));
#3412=EDGE_LOOP('',(#1241,#1242,#1243,#1244));
#3413=EDGE_LOOP('',(#1245,#1246,#1247,#1248,#1249,#1250));
#3414=EDGE_LOOP('',(#1251,#1252,#1253,#1254));
#3415=EDGE_LOOP('',(#1255,#1256,#1257,#1258,#1259));
#3416=EDGE_LOOP('',(#1260,#1261,#1262,#1263,#1264));
#3417=EDGE_LOOP('',(#1265,#1266,#1267,#1268));
#3418=EDGE_LOOP('',(#1269,#1270,#1271,#1272,#1273,#1274));
#3419=EDGE_LOOP('',(#1275,#1276,#1277));
#3420=EDGE_LOOP('',(#1278,#1279,#1280,#1281));
#3421=EDGE_LOOP('',(#1282,#1283,#1284,#1285));
#3422=EDGE_LOOP('',(#1286,#1287,#1288,#1289));
#3423=EDGE_LOOP('',(#1290,#1291,#1292,#1293));
#3424=EDGE_LOOP('',(#1294,#1295,#1296,#1297));
#3425=EDGE_LOOP('',(#1298,#1299,#1300,#1301));
#3426=EDGE_LOOP('',(#1302,#1303,#1304,#1305));
#3427=EDGE_LOOP('',(#1306,#1307,#1308,#1309,#1310,#1311,#1312,#1313,#1314,
#1315,#1316,#1317));
#3428=EDGE_LOOP('',(#1318,#1319,#1320,#1321,#1322,#1323,#1324,#1325));
#3429=EDGE_LOOP('',(#1326,#1327,#1328,#1329,#1330,#1331,#1332,#1333,#1334,
#1335,#1336,#1337));
#3430=EDGE_LOOP('',(#1338,#1339,#1340,#1341));
#3431=EDGE_LOOP('',(#1342,#1343,#1344,#1345));
#3432=EDGE_LOOP('',(#1346,#1347,#1348));
#3433=EDGE_LOOP('',(#1349,#1350,#1351));
#3434=EDGE_LOOP('',(#1352,#1353,#1354));
#3435=EDGE_LOOP('',(#1355,#1356,#1357));
#3436=EDGE_LOOP('',(#1358,#1359,#1360));
#3437=EDGE_LOOP('',(#1361,#1362,#1363));
#3438=EDGE_LOOP('',(#1364,#1365,#1366,#1367));
#3439=EDGE_LOOP('',(#1368,#1369,#1370,#1371));
#3440=EDGE_LOOP('',(#1372,#1373,#1374,#1375));
#3441=EDGE_LOOP('',(#1376,#1377,#1378,#1379));
#3442=EDGE_LOOP('',(#1380,#1381,#1382,#1383));
#3443=EDGE_LOOP('',(#1384,#1385,#1386,#1387));
#3444=EDGE_LOOP('',(#1388,#1389,#1390,#1391));
#3445=EDGE_LOOP('',(#1392,#1393,#1394,#1395));
#3446=EDGE_LOOP('',(#1396,#1397,#1398,#1399));
#3447=EDGE_LOOP('',(#1400,#1401,#1402,#1403));
#3448=EDGE_LOOP('',(#1404,#1405,#1406,#1407));
#3449=EDGE_LOOP('',(#1408,#1409,#1410,#1411));
#3450=EDGE_LOOP('',(#1412,#1413,#1414));
#3451=EDGE_LOOP('',(#1415,#1416,#1417));
#3452=EDGE_LOOP('',(#1418,#1419,#1420));
#3453=EDGE_LOOP('',(#1421,#1422,#1423));
#3454=EDGE_LOOP('',(#1424,#1425,#1426));
#3455=EDGE_LOOP('',(#1427,#1428,#1429));
#3456=EDGE_LOOP('',(#1430,#1431,#1432));
#3457=EDGE_LOOP('',(#1433,#1434,#1435));
#3458=EDGE_LOOP('',(#1436,#1437,#1438,#1439));
#3459=EDGE_LOOP('',(#1440,#1441,#1442,#1443));
#3460=EDGE_LOOP('',(#1444,#1445,#1446,#1447));
#3461=EDGE_LOOP('',(#1448,#1449,#1450,#1451));
#3462=EDGE_LOOP('',(#1452,#1453,#1454,#1455));
#3463=EDGE_LOOP('',(#1456,#1457,#1458,#1459));
#3464=EDGE_LOOP('',(#1460,#1461,#1462,#1463));
#3465=EDGE_LOOP('',(#1464,#1465,#1466,#1467,#1468,#1469,#1470,#1471));
#3466=EDGE_LOOP('',(#1472,#1473,#1474,#1475));
#3467=EDGE_LOOP('',(#1476,#1477,#1478,#1479));
#3468=EDGE_LOOP('',(#1480,#1481,#1482,#1483));
#3469=EDGE_LOOP('',(#1484,#1485,#1486));
#3470=EDGE_LOOP('',(#1487,#1488,#1489,#1490,#1491,#1492));
#3471=EDGE_LOOP('',(#1493,#1494,#1495,#1496));
#3472=EDGE_LOOP('',(#1497,#1498,#1499,#1500,#1501));
#3473=EDGE_LOOP('',(#1502,#1503,#1504,#1505));
#3474=EDGE_LOOP('',(#1506,#1507,#1508,#1509,#1510));
#3475=EDGE_LOOP('',(#1511,#1512,#1513,#1514));
#3476=EDGE_LOOP('',(#1515,#1516,#1517,#1518,#1519,#1520));
#3477=EDGE_LOOP('',(#1521,#1522,#1523));
#3478=EDGE_LOOP('',(#1524,#1525,#1526));
#3479=EDGE_LOOP('',(#1527,#1528,#1529));
#3480=EDGE_LOOP('',(#1530,#1531,#1532,#1533,#1534,#1535,#1536,#1537,#1538,
#1539,#1540,#1541));
#3481=EDGE_LOOP('',(#1542,#1543,#1544,#1545));
#3482=EDGE_LOOP('',(#1546,#1547,#1548,#1549,#1550));
#3483=EDGE_LOOP('',(#1551,#1552,#1553,#1554,#1555));
#3484=EDGE_LOOP('',(#1556,#1557,#1558,#1559));
#3485=EDGE_LOOP('',(#1560,#1561,#1562,#1563,#1564,#1565,#1566,#1567,#1568,
#1569,#1570,#1571));
#3486=EDGE_LOOP('',(#1572,#1573,#1574,#1575,#1576,#1577,#1578,#1579));
#3487=EDGE_LOOP('',(#1580,#1581,#1582,#1583));
#3488=EDGE_LOOP('',(#1584,#1585,#1586,#1587,#1588,#1589));
#3489=EDGE_LOOP('',(#1590,#1591,#1592,#1593));
#3490=EDGE_LOOP('',(#1594,#1595,#1596,#1597));
#3491=EDGE_LOOP('',(#1598,#1599,#1600,#1601));
#3492=EDGE_LOOP('',(#1602,#1603,#1604,#1605,#1606,#1607));
#3493=EDGE_LOOP('',(#1608,#1609,#1610,#1611));
#3494=EDGE_LOOP('',(#1612,#1613,#1614));
#3495=EDGE_LOOP('',(#1615,#1616,#1617));
#3496=EDGE_LOOP('',(#1618,#1619,#1620,#1621));
#3497=EDGE_LOOP('',(#1622,#1623,#1624,#1625));
#3498=EDGE_LOOP('',(#1626,#1627,#1628));
#3499=EDGE_LOOP('',(#1629,#1630,#1631,#1632));
#3500=EDGE_LOOP('',(#1633,#1634,#1635,#1636));
#3501=EDGE_LOOP('',(#1637,#1638,#1639,#1640));
#3502=EDGE_LOOP('',(#1641,#1642,#1643));
#3503=EDGE_LOOP('',(#1644,#1645,#1646,#1647));
#3504=EDGE_LOOP('',(#1648,#1649,#1650));
#3505=EDGE_LOOP('',(#1651,#1652,#1653));
#3506=EDGE_LOOP('',(#1654,#1655,#1656,#1657));
#3507=EDGE_LOOP('',(#1658,#1659,#1660,#1661));
#3508=EDGE_LOOP('',(#1662,#1663,#1664,#1665));
#3509=EDGE_LOOP('',(#1666,#1667,#1668,#1669));
#3510=EDGE_LOOP('',(#1670,#1671,#1672,#1673));
#3511=EDGE_LOOP('',(#1674,#1675,#1676,#1677));
#3512=EDGE_LOOP('',(#1678,#1679,#1680,#1681));
#3513=EDGE_LOOP('',(#1682,#1683,#1684));
#3514=EDGE_LOOP('',(#1685,#1686,#1687));
#3515=EDGE_LOOP('',(#1688,#1689,#1690));
#3516=EDGE_LOOP('',(#1691,#1692,#1693));
#3517=EDGE_LOOP('',(#1694,#1695,#1696,#1697));
#3518=EDGE_LOOP('',(#1698,#1699,#1700,#1701));
#3519=EDGE_LOOP('',(#1702,#1703,#1704,#1705));
#3520=EDGE_LOOP('',(#1706,#1707,#1708,#1709));
#3521=EDGE_LOOP('',(#1710,#1711,#1712));
#3522=EDGE_LOOP('',(#1713,#1714,#1715));
#3523=EDGE_LOOP('',(#1716,#1717,#1718,#1719));
#3524=EDGE_LOOP('',(#1720,#1721,#1722,#1723,#1724));
#3525=EDGE_LOOP('',(#1725,#1726,#1727,#1728,#1729));
#3526=EDGE_LOOP('',(#1730,#1731,#1732,#1733));
#3527=EDGE_LOOP('',(#1734,#1735,#1736,#1737));
#3528=EDGE_LOOP('',(#1738,#1739,#1740,#1741));
#3529=EDGE_LOOP('',(#1742,#1743,#1744,#1745));
#3530=EDGE_LOOP('',(#1746,#1747,#1748,#1749));
#3531=EDGE_LOOP('',(#1750,#1751,#1752,#1753));
#3532=EDGE_LOOP('',(#1754,#1755,#1756,#1757));
#3533=EDGE_LOOP('',(#1758,#1759,#1760,#1761));
#3534=EDGE_LOOP('',(#1762,#1763,#1764,#1765));
#3535=EDGE_LOOP('',(#1766,#1767,#1768));
#3536=EDGE_LOOP('',(#1769,#1770,#1771));
#3537=EDGE_LOOP('',(#1772,#1773,#1774));
#3538=EDGE_LOOP('',(#1775,#1776,#1777));
#3539=EDGE_LOOP('',(#1778,#1779,#1780,#1781));
#3540=EDGE_LOOP('',(#1782,#1783,#1784,#1785));
#3541=EDGE_LOOP('',(#1786,#1787,#1788,#1789));
#3542=EDGE_LOOP('',(#1790,#1791,#1792,#1793));
#3543=EDGE_LOOP('',(#1794,#1795,#1796,#1797));
#3544=EDGE_LOOP('',(#1798,#1799,#1800,#1801));
#3545=EDGE_LOOP('',(#1802,#1803,#1804));
#3546=EDGE_LOOP('',(#1805,#1806,#1807));
#3547=EDGE_LOOP('',(#1808,#1809,#1810));
#3548=EDGE_LOOP('',(#1811,#1812,#1813));
#3549=EDGE_LOOP('',(#1814,#1815,#1816,#1817));
#3550=EDGE_LOOP('',(#1818,#1819,#1820,#1821));
#3551=EDGE_LOOP('',(#1822,#1823,#1824,#1825));
#3552=EDGE_LOOP('',(#1826,#1827,#1828,#1829));
#3553=EDGE_LOOP('',(#1830,#1831,#1832));
#3554=EDGE_LOOP('',(#1833,#1834,#1835));
#3555=EDGE_LOOP('',(#1836,#1837,#1838,#1839));
#3556=FACE_BOUND('',#3250,.T.);
#3557=FACE_BOUND('',#3251,.T.);
#3558=FACE_BOUND('',#3252,.T.);
#3559=FACE_BOUND('',#3253,.T.);
#3560=FACE_BOUND('',#3254,.T.);
#3561=FACE_BOUND('',#3255,.T.);
#3562=FACE_BOUND('',#3256,.T.);
#3563=FACE_BOUND('',#3257,.T.);
#3564=FACE_BOUND('',#3258,.T.);
#3565=FACE_BOUND('',#3259,.T.);
#3566=FACE_BOUND('',#3260,.T.);
#3567=FACE_BOUND('',#3261,.T.);
#3568=FACE_BOUND('',#3262,.T.);
#3569=FACE_BOUND('',#3263,.T.);
#3570=FACE_BOUND('',#3264,.T.);
#3571=FACE_BOUND('',#3265,.T.);
#3572=FACE_BOUND('',#3266,.T.);
#3573=FACE_BOUND('',#3267,.T.);
#3574=FACE_BOUND('',#3268,.T.);
#3575=FACE_BOUND('',#3269,.T.);
#3576=FACE_BOUND('',#3270,.T.);
#3577=FACE_BOUND('',#3271,.T.);
#3578=FACE_BOUND('',#3272,.T.);
#3579=FACE_BOUND('',#3273,.T.);
#3580=FACE_BOUND('',#3274,.T.);
#3581=FACE_BOUND('',#3275,.T.);
#3582=FACE_BOUND('',#3276,.T.);
#3583=FACE_BOUND('',#3277,.T.);
#3584=FACE_BOUND('',#3278,.T.);
#3585=FACE_BOUND('',#3279,.T.);
#3586=FACE_BOUND('',#3280,.T.);
#3587=FACE_BOUND('',#3281,.T.);
#3588=FACE_BOUND('',#3282,.T.);
#3589=FACE_BOUND('',#3283,.T.);
#3590=FACE_BOUND('',#3284,.T.);
#3591=FACE_BOUND('',#3285,.T.);
#3592=FACE_BOUND('',#3286,.T.);
#3593=FACE_BOUND('',#3287,.T.);
#3594=FACE_BOUND('',#3288,.T.);
#3595=FACE_BOUND('',#3289,.T.);
#3596=FACE_BOUND('',#3290,.T.);
#3597=FACE_BOUND('',#3291,.T.);
#3598=FACE_BOUND('',#3292,.T.);
#3599=FACE_BOUND('',#3293,.T.);
#3600=FACE_BOUND('',#3294,.T.);
#3601=FACE_BOUND('',#3295,.T.);
#3602=FACE_BOUND('',#3296,.T.);
#3603=FACE_BOUND('',#3297,.T.);
#3604=FACE_BOUND('',#3298,.T.);
#3605=FACE_BOUND('',#3299,.T.);
#3606=FACE_BOUND('',#3300,.T.);
#3607=FACE_BOUND('',#3301,.T.);
#3608=FACE_BOUND('',#3302,.T.);
#3609=FACE_BOUND('',#3303,.T.);
#3610=FACE_BOUND('',#3304,.T.);
#3611=FACE_BOUND('',#3305,.T.);
#3612=FACE_BOUND('',#3306,.T.);
#3613=FACE_BOUND('',#3307,.T.);
#3614=FACE_BOUND('',#3308,.T.);
#3615=FACE_BOUND('',#3309,.T.);
#3616=FACE_BOUND('',#3310,.T.);
#3617=FACE_BOUND('',#3311,.T.);
#3618=FACE_BOUND('',#3312,.T.);
#3619=FACE_BOUND('',#3313,.T.);
#3620=FACE_BOUND('',#3314,.T.);
#3621=FACE_BOUND('',#3315,.T.);
#3622=FACE_BOUND('',#3316,.T.);
#3623=FACE_BOUND('',#3317,.T.);
#3624=FACE_BOUND('',#3318,.T.);
#3625=FACE_BOUND('',#3319,.T.);
#3626=FACE_BOUND('',#3320,.T.);
#3627=FACE_BOUND('',#3321,.T.);
#3628=FACE_BOUND('',#3322,.T.);
#3629=FACE_BOUND('',#3323,.T.);
#3630=FACE_BOUND('',#3324,.T.);
#3631=FACE_BOUND('',#3325,.T.);
#3632=FACE_BOUND('',#3326,.T.);
#3633=FACE_BOUND('',#3327,.T.);
#3634=FACE_BOUND('',#3328,.T.);
#3635=FACE_BOUND('',#3329,.T.);
#3636=FACE_BOUND('',#3330,.T.);
#3637=FACE_BOUND('',#3331,.T.);
#3638=FACE_BOUND('',#3332,.T.);
#3639=FACE_BOUND('',#3333,.T.);
#3640=FACE_BOUND('',#3334,.T.);
#3641=FACE_BOUND('',#3335,.T.);
#3642=FACE_BOUND('',#3336,.T.);
#3643=FACE_BOUND('',#3337,.T.);
#3644=FACE_BOUND('',#3338,.T.);
#3645=FACE_BOUND('',#3339,.T.);
#3646=FACE_BOUND('',#3340,.T.);
#3647=FACE_BOUND('',#3341,.T.);
#3648=FACE_BOUND('',#3342,.T.);
#3649=FACE_BOUND('',#3343,.T.);
#3650=FACE_BOUND('',#3344,.T.);
#3651=FACE_BOUND('',#3345,.T.);
#3652=FACE_BOUND('',#3346,.T.);
#3653=FACE_BOUND('',#3347,.T.);
#3654=FACE_BOUND('',#3348,.T.);
#3655=FACE_BOUND('',#3349,.T.);
#3656=FACE_BOUND('',#3350,.T.);
#3657=FACE_BOUND('',#3351,.T.);
#3658=FACE_BOUND('',#3352,.T.);
#3659=FACE_BOUND('',#3353,.T.);
#3660=FACE_BOUND('',#3354,.T.);
#3661=FACE_BOUND('',#3355,.T.);
#3662=FACE_BOUND('',#3356,.T.);
#3663=FACE_BOUND('',#3357,.T.);
#3664=FACE_BOUND('',#3358,.T.);
#3665=FACE_BOUND('',#3359,.T.);
#3666=FACE_BOUND('',#3360,.T.);
#3667=FACE_BOUND('',#3361,.T.);
#3668=FACE_BOUND('',#3362,.T.);
#3669=FACE_BOUND('',#3363,.T.);
#3670=FACE_BOUND('',#3364,.T.);
#3671=FACE_BOUND('',#3365,.T.);
#3672=FACE_BOUND('',#3366,.T.);
#3673=FACE_BOUND('',#3367,.T.);
#3674=FACE_BOUND('',#3368,.T.);
#3675=FACE_BOUND('',#3369,.T.);
#3676=FACE_BOUND('',#3370,.T.);
#3677=FACE_BOUND('',#3371,.T.);
#3678=FACE_BOUND('',#3372,.T.);
#3679=FACE_BOUND('',#3373,.T.);
#3680=FACE_BOUND('',#3374,.T.);
#3681=FACE_BOUND('',#3375,.T.);
#3682=FACE_BOUND('',#3376,.T.);
#3683=FACE_BOUND('',#3377,.T.);
#3684=FACE_BOUND('',#3378,.T.);
#3685=FACE_BOUND('',#3379,.T.);
#3686=FACE_BOUND('',#3380,.T.);
#3687=FACE_BOUND('',#3381,.T.);
#3688=FACE_BOUND('',#3382,.T.);
#3689=FACE_BOUND('',#3383,.T.);
#3690=FACE_BOUND('',#3384,.T.);
#3691=FACE_BOUND('',#3385,.T.);
#3692=FACE_BOUND('',#3386,.T.);
#3693=FACE_BOUND('',#3387,.T.);
#3694=FACE_BOUND('',#3388,.T.);
#3695=FACE_BOUND('',#3389,.T.);
#3696=FACE_BOUND('',#3390,.T.);
#3697=FACE_BOUND('',#3391,.T.);
#3698=FACE_BOUND('',#3392,.T.);
#3699=FACE_BOUND('',#3393,.T.);
#3700=FACE_BOUND('',#3394,.T.);
#3701=FACE_BOUND('',#3395,.T.);
#3702=FACE_BOUND('',#3396,.T.);
#3703=FACE_BOUND('',#3397,.T.);
#3704=FACE_BOUND('',#3398,.T.);
#3705=FACE_BOUND('',#3399,.T.);
#3706=FACE_BOUND('',#3400,.T.);
#3707=FACE_BOUND('',#3401,.T.);
#3708=FACE_BOUND('',#3402,.T.);
#3709=FACE_BOUND('',#3403,.T.);
#3710=FACE_BOUND('',#3404,.T.);
#3711=FACE_BOUND('',#3405,.T.);
#3712=FACE_BOUND('',#3406,.T.);
#3713=FACE_BOUND('',#3407,.T.);
#3714=FACE_BOUND('',#3408,.T.);
#3715=FACE_BOUND('',#3409,.T.);
#3716=FACE_BOUND('',#3410,.T.);
#3717=FACE_BOUND('',#3411,.T.);
#3718=FACE_BOUND('',#3412,.T.);
#3719=FACE_BOUND('',#3413,.T.);
#3720=FACE_BOUND('',#3414,.T.);
#3721=FACE_BOUND('',#3415,.T.);
#3722=FACE_BOUND('',#3416,.T.);
#3723=FACE_BOUND('',#3417,.T.);
#3724=FACE_BOUND('',#3418,.T.);
#3725=FACE_BOUND('',#3419,.T.);
#3726=FACE_BOUND('',#3420,.T.);
#3727=FACE_BOUND('',#3421,.T.);
#3728=FACE_BOUND('',#3422,.T.);
#3729=FACE_BOUND('',#3423,.T.);
#3730=FACE_BOUND('',#3424,.T.);
#3731=FACE_BOUND('',#3425,.T.);
#3732=FACE_BOUND('',#3426,.T.);
#3733=FACE_BOUND('',#3427,.T.);
#3734=FACE_BOUND('',#3428,.T.);
#3735=FACE_BOUND('',#3429,.T.);
#3736=FACE_BOUND('',#3430,.T.);
#3737=FACE_BOUND('',#3431,.T.);
#3738=FACE_BOUND('',#3432,.T.);
#3739=FACE_BOUND('',#3433,.T.);
#3740=FACE_BOUND('',#3434,.T.);
#3741=FACE_BOUND('',#3435,.T.);
#3742=FACE_BOUND('',#3436,.T.);
#3743=FACE_BOUND('',#3437,.T.);
#3744=FACE_BOUND('',#3438,.T.);
#3745=FACE_BOUND('',#3439,.T.);
#3746=FACE_BOUND('',#3440,.T.);
#3747=FACE_BOUND('',#3441,.T.);
#3748=FACE_BOUND('',#3442,.T.);
#3749=FACE_BOUND('',#3443,.T.);
#3750=FACE_BOUND('',#3444,.T.);
#3751=FACE_BOUND('',#3445,.T.);
#3752=FACE_BOUND('',#3446,.T.);
#3753=FACE_BOUND('',#3447,.T.);
#3754=FACE_BOUND('',#3448,.T.);
#3755=FACE_BOUND('',#3449,.T.);
#3756=FACE_BOUND('',#3450,.T.);
#3757=FACE_BOUND('',#3451,.T.);
#3758=FACE_BOUND('',#3452,.T.);
#3759=FACE_BOUND('',#3453,.T.);
#3760=FACE_BOUND('',#3454,.T.);
#3761=FACE_BOUND('',#3455,.T.);
#3762=FACE_BOUND('',#3456,.T.);
#3763=FACE_BOUND('',#3457,.T.);
#3764=FACE_BOUND('',#3458,.T.);
#3765=FACE_BOUND('',#3459,.T.);
#3766=FACE_BOUND('',#3460,.T.);
#3767=FACE_BOUND('',#3461,.T.);
#3768=FACE_BOUND('',#3462,.T.);
#3769=FACE_BOUND('',#3463,.T.);
#3770=FACE_BOUND('',#3464,.T.);
#3771=FACE_BOUND('',#3465,.T.);
#3772=FACE_BOUND('',#3466,.T.);
#3773=FACE_BOUND('',#3467,.T.);
#3774=FACE_BOUND('',#3468,.T.);
#3775=FACE_BOUND('',#3469,.T.);
#3776=FACE_BOUND('',#3470,.T.);
#3777=FACE_BOUND('',#3471,.T.);
#3778=FACE_BOUND('',#3472,.T.);
#3779=FACE_BOUND('',#3473,.T.);
#3780=FACE_BOUND('',#3474,.T.);
#3781=FACE_BOUND('',#3475,.T.);
#3782=FACE_BOUND('',#3476,.T.);
#3783=FACE_BOUND('',#3477,.T.);
#3784=FACE_BOUND('',#3478,.T.);
#3785=FACE_BOUND('',#3479,.T.);
#3786=FACE_BOUND('',#3480,.T.);
#3787=FACE_BOUND('',#3481,.T.);
#3788=FACE_BOUND('',#3482,.T.);
#3789=FACE_BOUND('',#3483,.T.);
#3790=FACE_BOUND('',#3484,.T.);
#3791=FACE_BOUND('',#3485,.T.);
#3792=FACE_BOUND('',#3486,.T.);
#3793=FACE_BOUND('',#3487,.T.);
#3794=FACE_BOUND('',#3488,.T.);
#3795=FACE_BOUND('',#3489,.T.);
#3796=FACE_BOUND('',#3490,.T.);
#3797=FACE_BOUND('',#3491,.T.);
#3798=FACE_BOUND('',#3492,.T.);
#3799=FACE_BOUND('',#3493,.T.);
#3800=FACE_BOUND('',#3494,.T.);
#3801=FACE_BOUND('',#3495,.T.);
#3802=FACE_BOUND('',#3496,.T.);
#3803=FACE_BOUND('',#3497,.T.);
#3804=FACE_BOUND('',#3498,.T.);
#3805=FACE_BOUND('',#3499,.T.);
#3806=FACE_BOUND('',#3500,.T.);
#3807=FACE_BOUND('',#3501,.T.);
#3808=FACE_BOUND('',#3502,.T.);
#3809=FACE_BOUND('',#3503,.T.);
#3810=FACE_BOUND('',#3504,.T.);
#3811=FACE_BOUND('',#3505,.T.);
#3812=FACE_BOUND('',#3506,.T.);
#3813=FACE_BOUND('',#3507,.T.);
#3814=FACE_BOUND('',#3508,.T.);
#3815=FACE_BOUND('',#3509,.T.);
#3816=FACE_BOUND('',#3510,.T.);
#3817=FACE_BOUND('',#3511,.T.);
#3818=FACE_BOUND('',#3512,.T.);
#3819=FACE_BOUND('',#3513,.T.);
#3820=FACE_BOUND('',#3514,.T.);
#3821=FACE_BOUND('',#3515,.T.);
#3822=FACE_BOUND('',#3516,.T.);
#3823=FACE_BOUND('',#3517,.T.);
#3824=FACE_BOUND('',#3518,.T.);
#3825=FACE_BOUND('',#3519,.T.);
#3826=FACE_BOUND('',#3520,.T.);
#3827=FACE_BOUND('',#3521,.T.);
#3828=FACE_BOUND('',#3522,.T.);
#3829=FACE_BOUND('',#3523,.T.);
#3830=FACE_BOUND('',#3524,.T.);
#3831=FACE_BOUND('',#3525,.T.);
#3832=FACE_BOUND('',#3526,.T.);
#3833=FACE_BOUND('',#3527,.T.);
#3834=FACE_BOUND('',#3528,.T.);
#3835=FACE_BOUND('',#3529,.T.);
#3836=FACE_BOUND('',#3530,.T.);
#3837=FACE_BOUND('',#3531,.T.);
#3838=FACE_BOUND('',#3532,.T.);
#3839=FACE_BOUND('',#3533,.T.);
#3840=FACE_BOUND('',#3534,.T.);
#3841=FACE_BOUND('',#3535,.T.);
#3842=FACE_BOUND('',#3536,.T.);
#3843=FACE_BOUND('',#3537,.T.);
#3844=FACE_BOUND('',#3538,.T.);
#3845=FACE_BOUND('',#3539,.T.);
#3846=FACE_BOUND('',#3540,.T.);
#3847=FACE_BOUND('',#3541,.T.);
#3848=FACE_BOUND('',#3542,.T.);
#3849=FACE_BOUND('',#3543,.T.);
#3850=FACE_BOUND('',#3544,.T.);
#3851=FACE_BOUND('',#3545,.T.);
#3852=FACE_BOUND('',#3546,.T.);
#3853=FACE_BOUND('',#3547,.T.);
#3854=FACE_BOUND('',#3548,.T.);
#3855=FACE_BOUND('',#3549,.T.);
#3856=FACE_BOUND('',#3550,.T.);
#3857=FACE_BOUND('',#3551,.T.);
#3858=FACE_BOUND('',#3552,.T.);
#3859=FACE_BOUND('',#3553,.T.);
#3860=FACE_BOUND('',#3554,.T.);
#3861=FACE_BOUND('',#3555,.T.);
#3862=PLANE('',#4217);
#3863=PLANE('',#4219);
#3864=PLANE('',#4221);
#3865=PLANE('',#4223);
#3866=PLANE('',#4228);
#3867=PLANE('',#4230);
#3868=PLANE('',#4232);
#3869=PLANE('',#4234);
#3870=PLANE('',#4239);
#3871=PLANE('',#4246);
#3872=PLANE('',#4253);
#3873=PLANE('',#4254);
#3874=PLANE('',#4258);
#3875=PLANE('',#4262);
#3876=PLANE('',#4266);
#3877=PLANE('',#4270);
#3878=PLANE('',#4274);
#3879=PLANE('',#4278);
#3880=PLANE('',#4282);
#3881=PLANE('',#4310);
#3882=PLANE('',#4312);
#3883=PLANE('',#4314);
#3884=PLANE('',#4315);
#3885=PLANE('',#4316);
#3886=PLANE('',#4317);
#3887=PLANE('',#4323);
#3888=PLANE('',#4324);
#3889=PLANE('',#4334);
#3890=PLANE('',#4338);
#3891=PLANE('',#4339);
#3892=PLANE('',#4340);
#3893=PLANE('',#4341);
#3894=PLANE('',#4342);
#3895=PLANE('',#4343);
#3896=PLANE('',#4344);
#3897=PLANE('',#4345);
#3898=PLANE('',#4346);
#3899=PLANE('',#4347);
#3900=PLANE('',#4348);
#3901=PLANE('',#4349);
#3902=PLANE('',#4350);
#3903=PLANE('',#4351);
#3904=PLANE('',#4352);
#3905=PLANE('',#4353);
#3906=PLANE('',#4764);
#3907=PLANE('',#4766);
#3908=PLANE('',#4771);
#3909=PLANE('',#4772);
#3910=PLANE('',#4773);
#3911=PLANE('',#4774);
#3912=ADVANCED_FACE('',(#3556),#3862,.F.);
#3913=ADVANCED_FACE('',(#3557),#3863,.F.);
#3914=ADVANCED_FACE('',(#3558),#3864,.F.);
#3915=ADVANCED_FACE('',(#3559),#3865,.F.);
#3916=ADVANCED_FACE('',(#3560),#3866,.T.);
#3917=ADVANCED_FACE('',(#3561),#3867,.T.);
#3918=ADVANCED_FACE('',(#3562),#3868,.T.);
#3919=ADVANCED_FACE('',(#3563),#3869,.T.);
#3920=ADVANCED_FACE('',(#3564,#3565,#3566,#3567,#3568,#3569),#3870,.T.);
#3921=ADVANCED_FACE('',(#3570,#3571,#3572,#3573,#3574,#3575),#3871,.F.);
#3922=ADVANCED_FACE('',(#3576),#3872,.F.);
#3923=ADVANCED_FACE('',(#3577),#3873,.F.);
#3924=ADVANCED_FACE('',(#3578),#3874,.F.);
#3925=ADVANCED_FACE('',(#3579),#3875,.F.);
#3926=ADVANCED_FACE('',(#3580),#3876,.T.);
#3927=ADVANCED_FACE('',(#3581),#3877,.T.);
#3928=ADVANCED_FACE('',(#3582),#3878,.T.);
#3929=ADVANCED_FACE('',(#3583),#3879,.T.);
#3930=ADVANCED_FACE('',(#3584),#3880,.F.);
#3931=ADVANCED_FACE('',(#3585),#169,.T.);
#3932=ADVANCED_FACE('',(#3586),#170,.T.);
#3933=ADVANCED_FACE('',(#3587),#171,.T.);
#3934=ADVANCED_FACE('',(#3588),#172,.T.);
#3935=ADVANCED_FACE('',(#3589),#173,.T.);
#3936=ADVANCED_FACE('',(#3590),#174,.T.);
#3937=ADVANCED_FACE('',(#3591),#175,.T.);
#3938=ADVANCED_FACE('',(#3592),#176,.T.);
#3939=ADVANCED_FACE('',(#3593),#177,.T.);
#3940=ADVANCED_FACE('',(#3594),#3881,.T.);
#3941=ADVANCED_FACE('',(#3595),#3882,.F.);
#3942=ADVANCED_FACE('',(#3596),#3883,.T.);
#3943=ADVANCED_FACE('',(#3597),#3884,.F.);
#3944=ADVANCED_FACE('',(#3598),#3885,.F.);
#3945=ADVANCED_FACE('',(#3599),#3886,.T.);
#3946=ADVANCED_FACE('',(#3600,#3601),#178,.F.);
#3947=ADVANCED_FACE('',(#3602,#3603),#179,.F.);
#3948=ADVANCED_FACE('',(#3604,#3605),#180,.F.);
#3949=ADVANCED_FACE('',(#3606,#3607),#181,.F.);
#3950=ADVANCED_FACE('',(#3608,#3609),#182,.F.);
#3951=ADVANCED_FACE('',(#3610),#3887,.T.);
#3952=ADVANCED_FACE('',(#3611),#3888,.T.);
#3953=ADVANCED_FACE('',(#3612),#183,.T.);
#3954=ADVANCED_FACE('',(#3613),#184,.T.);
#3955=ADVANCED_FACE('',(#3614),#185,.T.);
#3956=ADVANCED_FACE('',(#3615),#3889,.F.);
#3957=ADVANCED_FACE('',(#3616),#3890,.F.);
#3958=ADVANCED_FACE('',(#3617),#3891,.T.);
#3959=ADVANCED_FACE('',(#3618),#3892,.T.);
#3960=ADVANCED_FACE('',(#3619),#3893,.F.);
#3961=ADVANCED_FACE('',(#3620),#3894,.T.);
#3962=ADVANCED_FACE('',(#3621),#3895,.F.);
#3963=ADVANCED_FACE('',(#3622),#3896,.F.);
#3964=ADVANCED_FACE('',(#3623),#3897,.T.);
#3965=ADVANCED_FACE('',(#3624),#3898,.T.);
#3966=ADVANCED_FACE('',(#3625),#3899,.F.);
#3967=ADVANCED_FACE('',(#3626),#3900,.T.);
#3968=ADVANCED_FACE('',(#3627),#3901,.F.);
#3969=ADVANCED_FACE('',(#3628),#3902,.F.);
#3970=ADVANCED_FACE('',(#3629),#3903,.T.);
#3971=ADVANCED_FACE('',(#3630),#3904,.T.);
#3972=ADVANCED_FACE('',(#3631),#3905,.F.);
#3973=ADVANCED_FACE('',(#3632),#186,.F.);
#3974=ADVANCED_FACE('',(#3633),#187,.T.);
#3975=ADVANCED_FACE('',(#3634),#188,.T.);
#3976=ADVANCED_FACE('',(#3635),#189,.F.);
#3977=ADVANCED_FACE('',(#3636),#105,.F.);
#3978=ADVANCED_FACE('',(#3637),#190,.F.);
#3979=ADVANCED_FACE('',(#3638),#61,.F.);
#3980=ADVANCED_FACE('',(#3639),#106,.F.);
#3981=ADVANCED_FACE('',(#3640),#107,.F.);
#3982=ADVANCED_FACE('',(#3641),#62,.F.);
#3983=ADVANCED_FACE('',(#3642),#63,.F.);
#3984=ADVANCED_FACE('',(#3643),#191,.F.);
#3985=ADVANCED_FACE('',(#3644),#64,.F.);
#3986=ADVANCED_FACE('',(#3645),#108,.F.);
#3987=ADVANCED_FACE('',(#3646),#192,.F.);
#3988=ADVANCED_FACE('',(#3647),#193,.F.);
#3989=ADVANCED_FACE('',(#3648),#109,.F.);
#3990=ADVANCED_FACE('',(#3649),#194,.F.);
#3991=ADVANCED_FACE('',(#3650),#195,.F.);
#3992=ADVANCED_FACE('',(#3651),#196,.F.);
#3993=ADVANCED_FACE('',(#3652),#110,.F.);
#3994=ADVANCED_FACE('',(#3653),#111,.F.);
#3995=ADVANCED_FACE('',(#3654),#197,.F.);
#3996=ADVANCED_FACE('',(#3655),#198,.F.);
#3997=ADVANCED_FACE('',(#3656),#112,.F.);
#3998=ADVANCED_FACE('',(#3657),#113,.F.);
#3999=ADVANCED_FACE('',(#3658),#199,.F.);
#4000=ADVANCED_FACE('',(#3659),#114,.F.);
#4001=ADVANCED_FACE('',(#3660),#115,.F.);
#4002=ADVANCED_FACE('',(#3661),#200,.F.);
#4003=ADVANCED_FACE('',(#3662),#201,.F.);
#4004=ADVANCED_FACE('',(#3663),#202,.F.);
#4005=ADVANCED_FACE('',(#3664),#203,.F.);
#4006=ADVANCED_FACE('',(#3665),#116,.F.);
#4007=ADVANCED_FACE('',(#3666),#65,.F.);
#4008=ADVANCED_FACE('',(#3667),#204,.F.);
#4009=ADVANCED_FACE('',(#3668),#117,.F.);
#4010=ADVANCED_FACE('',(#3669),#66,.F.);
#4011=ADVANCED_FACE('',(#3670),#67,.F.);
#4012=ADVANCED_FACE('',(#3671),#118,.F.);
#4013=ADVANCED_FACE('',(#3672),#119,.F.);
#4014=ADVANCED_FACE('',(#3673),#68,.F.);
#4015=ADVANCED_FACE('',(#3674),#205,.F.);
#4016=ADVANCED_FACE('',(#3675),#120,.F.);
#4017=ADVANCED_FACE('',(#3676),#69,.F.);
#4018=ADVANCED_FACE('',(#3677),#206,.F.);
#4019=ADVANCED_FACE('',(#3678),#207,.F.);
#4020=ADVANCED_FACE('',(#3679),#208,.F.);
#4021=ADVANCED_FACE('',(#3680),#70,.F.);
#4022=ADVANCED_FACE('',(#3681),#71,.F.);
#4023=ADVANCED_FACE('',(#3682),#209,.F.);
#4024=ADVANCED_FACE('',(#3683),#72,.F.);
#4025=ADVANCED_FACE('',(#3684),#210,.F.);
#4026=ADVANCED_FACE('',(#3685),#211,.F.);
#4027=ADVANCED_FACE('',(#3686),#121,.F.);
#4028=ADVANCED_FACE('',(#3687),#212,.F.);
#4029=ADVANCED_FACE('',(#3688),#122,.F.);
#4030=ADVANCED_FACE('',(#3689),#123,.F.);
#4031=ADVANCED_FACE('',(#3690),#124,.F.);
#4032=ADVANCED_FACE('',(#3691),#125,.F.);
#4033=ADVANCED_FACE('',(#3692),#126,.F.);
#4034=ADVANCED_FACE('',(#3693),#127,.F.);
#4035=ADVANCED_FACE('',(#3694),#213,.F.);
#4036=ADVANCED_FACE('',(#3695),#128,.F.);
#4037=ADVANCED_FACE('',(#3696),#214,.F.);
#4038=ADVANCED_FACE('',(#3697),#215,.F.);
#4039=ADVANCED_FACE('',(#3698),#216,.F.);
#4040=ADVANCED_FACE('',(#3699),#217,.F.);
#4041=ADVANCED_FACE('',(#3700),#218,.T.);
#4042=ADVANCED_FACE('',(#3701),#219,.F.);
#4043=ADVANCED_FACE('',(#3702),#220,.T.);
#4044=ADVANCED_FACE('',(#3703),#221,.F.);
#4045=ADVANCED_FACE('',(#3704),#222,.F.);
#4046=ADVANCED_FACE('',(#3705),#223,.T.);
#4047=ADVANCED_FACE('',(#3706),#224,.F.);
#4048=ADVANCED_FACE('',(#3707),#73,.F.);
#4049=ADVANCED_FACE('',(#3708),#129,.F.);
#4050=ADVANCED_FACE('',(#3709),#130,.F.);
#4051=ADVANCED_FACE('',(#3710),#225,.T.);
#4052=ADVANCED_FACE('',(#3711),#131,.T.);
#4053=ADVANCED_FACE('',(#3712),#74,.T.);
#4054=ADVANCED_FACE('',(#3713),#226,.T.);
#4055=ADVANCED_FACE('',(#3714),#75,.T.);
#4056=ADVANCED_FACE('',(#3715),#76,.T.);
#4057=ADVANCED_FACE('',(#3716),#227,.T.);
#4058=ADVANCED_FACE('',(#3717),#77,.T.);
#4059=ADVANCED_FACE('',(#3718),#228,.T.);
#4060=ADVANCED_FACE('',(#3719),#78,.T.);
#4061=ADVANCED_FACE('',(#3720),#229,.T.);
#4062=ADVANCED_FACE('',(#3721),#79,.T.);
#4063=ADVANCED_FACE('',(#3722),#80,.T.);
#4064=ADVANCED_FACE('',(#3723),#230,.T.);
#4065=ADVANCED_FACE('',(#3724),#81,.T.);
#4066=ADVANCED_FACE('',(#3725),#132,.T.);
#4067=ADVANCED_FACE('',(#3726),#231,.T.);
#4068=ADVANCED_FACE('',(#3727),#82,.F.);
#4069=ADVANCED_FACE('',(#3728),#232,.F.);
#4070=ADVANCED_FACE('',(#3729),#233,.F.);
#4071=ADVANCED_FACE('',(#3730),#234,.F.);
#4072=ADVANCED_FACE('',(#3731),#235,.F.);
#4073=ADVANCED_FACE('',(#3732),#236,.T.);
#4074=ADVANCED_FACE('',(#3733),#237,.T.);
#4075=ADVANCED_FACE('',(#3734),#238,.T.);
#4076=ADVANCED_FACE('',(#3735),#239,.T.);
#4077=ADVANCED_FACE('',(#3736),#240,.F.);
#4078=ADVANCED_FACE('',(#3737),#83,.F.);
#4079=ADVANCED_FACE('',(#3738),#133,.F.);
#4080=ADVANCED_FACE('',(#3739),#134,.F.);
#4081=ADVANCED_FACE('',(#3740),#13,.T.);
#4082=ADVANCED_FACE('',(#3741),#14,.T.);
#4083=ADVANCED_FACE('',(#3742),#135,.T.);
#4084=ADVANCED_FACE('',(#3743),#136,.T.);
#4085=ADVANCED_FACE('',(#3744),#84,.T.);
#4086=ADVANCED_FACE('',(#3745),#85,.F.);
#4087=ADVANCED_FACE('',(#3746),#241,.F.);
#4088=ADVANCED_FACE('',(#3747),#86,.F.);
#4089=ADVANCED_FACE('',(#3748),#242,.F.);
#4090=ADVANCED_FACE('',(#3749),#87,.F.);
#4091=ADVANCED_FACE('',(#3750),#243,.F.);
#4092=ADVANCED_FACE('',(#3751),#88,.T.);
#4093=ADVANCED_FACE('',(#3752),#244,.T.);
#4094=ADVANCED_FACE('',(#3753),#245,.T.);
#4095=ADVANCED_FACE('',(#3754),#246,.T.);
#4096=ADVANCED_FACE('',(#3755),#247,.F.);
#4097=ADVANCED_FACE('',(#3756),#137,.F.);
#4098=ADVANCED_FACE('',(#3757),#138,.F.);
#4099=ADVANCED_FACE('',(#3758),#139,.F.);
#4100=ADVANCED_FACE('',(#3759),#15,.T.);
#4101=ADVANCED_FACE('',(#3760),#16,.T.);
#4102=ADVANCED_FACE('',(#3761),#140,.T.);
#4103=ADVANCED_FACE('',(#3762),#141,.T.);
#4104=ADVANCED_FACE('',(#3763),#142,.F.);
#4105=ADVANCED_FACE('',(#3764),#248,.F.);
#4106=ADVANCED_FACE('',(#3765),#249,.F.);
#4107=ADVANCED_FACE('',(#3766),#250,.T.);
#4108=ADVANCED_FACE('',(#3767),#251,.F.);
#4109=ADVANCED_FACE('',(#3768),#252,.F.);
#4110=ADVANCED_FACE('',(#3769),#253,.T.);
#4111=ADVANCED_FACE('',(#3770),#254,.T.);
#4112=ADVANCED_FACE('',(#3771),#255,.T.);
#4113=ADVANCED_FACE('',(#3772),#256,.T.);
#4114=ADVANCED_FACE('',(#3773),#257,.T.);
#4115=ADVANCED_FACE('',(#3774),#258,.T.);
#4116=ADVANCED_FACE('',(#3775),#143,.T.);
#4117=ADVANCED_FACE('',(#3776),#89,.T.);
#4118=ADVANCED_FACE('',(#3777),#259,.T.);
#4119=ADVANCED_FACE('',(#3778),#90,.T.);
#4120=ADVANCED_FACE('',(#3779),#260,.T.);
#4121=ADVANCED_FACE('',(#3780),#91,.T.);
#4122=ADVANCED_FACE('',(#3781),#261,.T.);
#4123=ADVANCED_FACE('',(#3782),#92,.T.);
#4124=ADVANCED_FACE('',(#3783),#144,.T.);
#4125=ADVANCED_FACE('',(#3784),#145,.T.);
#4126=ADVANCED_FACE('',(#3785),#146,.T.);
#4127=ADVANCED_FACE('',(#3786),#262,.T.);
#4128=ADVANCED_FACE('',(#3787),#263,.T.);
#4129=ADVANCED_FACE('',(#3788),#93,.T.);
#4130=ADVANCED_FACE('',(#3789),#94,.T.);
#4131=ADVANCED_FACE('',(#3790),#264,.T.);
#4132=ADVANCED_FACE('',(#3791),#265,.T.);
#4133=ADVANCED_FACE('',(#3792),#266,.T.);
#4134=ADVANCED_FACE('',(#3793),#267,.T.);
#4135=ADVANCED_FACE('',(#3794),#95,.T.);
#4136=ADVANCED_FACE('',(#3795),#268,.F.);
#4137=ADVANCED_FACE('',(#3796),#269,.F.);
#4138=ADVANCED_FACE('',(#3797),#270,.F.);
#4139=ADVANCED_FACE('',(#3798),#96,.T.);
#4140=ADVANCED_FACE('',(#3799),#271,.F.);
#4141=ADVANCED_FACE('',(#3800),#147,.F.);
#4142=ADVANCED_FACE('',(#3801),#148,.F.);
#4143=ADVANCED_FACE('',(#3802),#272,.F.);
#4144=ADVANCED_FACE('',(#3803),#273,.F.);
#4145=ADVANCED_FACE('',(#3804),#149,.F.);
#4146=ADVANCED_FACE('',(#3805),#97,.F.);
#4147=ADVANCED_FACE('',(#3806),#274,.F.);
#4148=ADVANCED_FACE('',(#3807),#98,.F.);
#4149=ADVANCED_FACE('',(#3808),#150,.F.);
#4150=ADVANCED_FACE('',(#3809),#275,.F.);
#4151=ADVANCED_FACE('',(#3810),#151,.F.);
#4152=ADVANCED_FACE('',(#3811),#152,.F.);
#4153=ADVANCED_FACE('',(#3812),#276,.F.);
#4154=ADVANCED_FACE('',(#3813),#99,.F.);
#4155=ADVANCED_FACE('',(#3814),#277,.F.);
#4156=ADVANCED_FACE('',(#3815),#278,.F.);
#4157=ADVANCED_FACE('',(#3816),#279,.F.);
#4158=ADVANCED_FACE('',(#3817),#100,.F.);
#4159=ADVANCED_FACE('',(#3818),#280,.F.);
#4160=ADVANCED_FACE('',(#3819),#153,.F.);
#4161=ADVANCED_FACE('',(#3820),#154,.F.);
#4162=ADVANCED_FACE('',(#3821),#155,.F.);
#4163=ADVANCED_FACE('',(#3822),#156,.F.);
#4164=ADVANCED_FACE('',(#3823),#281,.F.);
#4165=ADVANCED_FACE('',(#3824),#101,.F.);
#4166=ADVANCED_FACE('',(#3825),#102,.F.);
#4167=ADVANCED_FACE('',(#3826),#282,.F.);
#4168=ADVANCED_FACE('',(#3827),#157,.F.);
#4169=ADVANCED_FACE('',(#3828),#158,.F.);
#4170=ADVANCED_FACE('',(#3829),#283,.F.);
#4171=ADVANCED_FACE('',(#3830),#3906,.T.);
#4172=ADVANCED_FACE('',(#3831),#3907,.F.);
#4173=ADVANCED_FACE('',(#3832),#284,.T.);
#4174=ADVANCED_FACE('',(#3833),#3908,.T.);
#4175=ADVANCED_FACE('',(#3834),#3909,.F.);
#4176=ADVANCED_FACE('',(#3835),#3910,.F.);
#4177=ADVANCED_FACE('',(#3836),#3911,.T.);
#4178=ADVANCED_FACE('',(#3837),#285,.F.);
#4179=ADVANCED_FACE('',(#3838),#286,.F.);
#4180=ADVANCED_FACE('',(#3839),#287,.F.);
#4181=ADVANCED_FACE('',(#3840),#288,.F.);
#4182=ADVANCED_FACE('',(#3841),#159,.F.);
#4183=ADVANCED_FACE('',(#3842),#160,.F.);
#4184=ADVANCED_FACE('',(#3843),#161,.F.);
#4185=ADVANCED_FACE('',(#3844),#162,.F.);
#4186=ADVANCED_FACE('',(#3845),#289,.F.);
#4187=ADVANCED_FACE('',(#3846),#290,.F.);
#4188=ADVANCED_FACE('',(#3847),#291,.F.);
#4189=ADVANCED_FACE('',(#3848),#292,.F.);
#4190=ADVANCED_FACE('',(#3849),#293,.F.);
#4191=ADVANCED_FACE('',(#3850),#294,.F.);
#4192=ADVANCED_FACE('',(#3851),#163,.F.);
#4193=ADVANCED_FACE('',(#3852),#164,.F.);
#4194=ADVANCED_FACE('',(#3853),#165,.F.);
#4195=ADVANCED_FACE('',(#3854),#166,.F.);
#4196=ADVANCED_FACE('',(#3855),#295,.F.);
#4197=ADVANCED_FACE('',(#3856),#103,.F.);
#4198=ADVANCED_FACE('',(#3857),#104,.F.);
#4199=ADVANCED_FACE('',(#3858),#296,.F.);
#4200=ADVANCED_FACE('',(#3859),#167,.F.);
#4201=ADVANCED_FACE('',(#3860),#168,.F.);
#4202=ADVANCED_FACE('',(#3861),#297,.F.);
#4203=CLOSED_SHELL('',(#3912,#3913,#3914,#3915,#3916,#3917,#3918,#3919,
#3920,#3921,#3922,#3923,#3924,#3925,#3926,#3927,#3928,#3929,#3930,#3931,
#3932,#3933,#3934,#3935,#3936,#3937,#3938,#3939,#3940,#3941,#3942,#3943,
#3944,#3945,#3946,#3947,#3948,#3949,#3950,#3951,#3952,#3953,#3954,#3955,
#3956,#3957,#3958,#3959,#3960,#3961,#3962,#3963,#3964,#3965,#3966,#3967,
#3968,#3969,#3970,#3971,#3972,#3973,#3974,#3975,#3976,#3977,#3978,#3979,
#3980,#3981,#3982,#3983,#3984,#3985,#3986,#3987,#3988,#3989,#3990,#3991,
#3992,#3993,#3994,#3995,#3996,#3997,#3998,#3999,#4000,#4001,#4002,#4003,
#4004,#4005,#4006,#4007,#4008,#4009,#4010,#4011,#4012,#4013,#4014,#4015,
#4016,#4017,#4018,#4019,#4020,#4021,#4022,#4023,#4024,#4025,#4026,#4027,
#4028,#4029,#4030,#4031,#4032,#4033,#4034,#4035,#4036,#4037,#4038,#4039,
#4040,#4041,#4042,#4043,#4044,#4045,#4046,#4047,#4048,#4049,#4050,#4051,
#4052,#4053,#4054,#4055,#4056,#4057,#4058,#4059,#4060,#4061,#4062,#4063,
#4064,#4065,#4066,#4067,#4068,#4069,#4070,#4071,#4072,#4073,#4074,#4075,
#4076,#4077,#4078,#4079,#4080,#4081,#4082,#4083,#4084,#4085,#4086,#4087,
#4088,#4089,#4090,#4091,#4092,#4093,#4094,#4095,#4096,#4097,#4098,#4099,
#4100,#4101,#4102,#4103,#4104,#4105,#4106,#4107,#4108,#4109,#4110,#4111,
#4112,#4113,#4114,#4115,#4116,#4117,#4118,#4119,#4120,#4121,#4122,#4123,
#4124,#4125,#4126,#4127,#4128,#4129,#4130,#4131,#4132,#4133,#4134,#4135,
#4136,#4137,#4138,#4139,#4140,#4141,#4142,#4143,#4144,#4145,#4146,#4147,
#4148,#4149,#4150,#4151,#4152,#4153,#4154,#4155,#4156,#4157,#4158,#4159,
#4160,#4161,#4162,#4163,#4164,#4165,#4166,#4167,#4168,#4169,#4170));
#4204=CLOSED_SHELL('',(#4171,#4172,#4173,#4174,#4175,#4176,#4177,#4178,
#4179,#4180,#4181,#4182,#4183,#4184,#4185,#4186,#4187,#4188,#4189,#4190,
#4191,#4192,#4193,#4194,#4195,#4196,#4197,#4198,#4199,#4200,#4201,#4202));
#4205=STYLED_ITEM('',(#4206),#4213);
#4206=PRESENTATION_STYLE_ASSIGNMENT((#4207));
#4207=SURFACE_STYLE_USAGE(.BOTH.,#4208);
#4208=SURFACE_SIDE_STYLE('',(#4209));
#4209=SURFACE_STYLE_FILL_AREA(#4210);
#4210=FILL_AREA_STYLE('',(#4211));
#4211=FILL_AREA_STYLE_COLOUR('',#4212);
#4212=COLOUR_RGB('',0.647058823529412,0.647058823529412,0.647058823529412);
#4213=BREP_WITH_VOIDS('Internal-corner',#4203,(#12));
#4214=SHAPE_DEFINITION_REPRESENTATION(#7736,#4215);
#4215=SHAPE_REPRESENTATION('Internal-corner',(#4216),#7731);
#4216=AXIS2_PLACEMENT_3D('',#6296,#4830,#4831);
#4217=AXIS2_PLACEMENT_3D('',#6297,#4832,#4833);
#4218=AXIS2_PLACEMENT_3D('',#6301,#4835,#4836);
#4219=AXIS2_PLACEMENT_3D('',#6304,#4838,#4839);
#4220=AXIS2_PLACEMENT_3D('',#6308,#4841,#4842);
#4221=AXIS2_PLACEMENT_3D('',#6311,#4844,#4845);
#4222=AXIS2_PLACEMENT_3D('',#6315,#4847,#4848);
#4223=AXIS2_PLACEMENT_3D('',#6318,#4850,#4851);
#4224=AXIS2_PLACEMENT_3D('',#6319,#4852,#4853);
#4225=AXIS2_PLACEMENT_3D('',#6324,#4855,#4856);
#4226=AXIS2_PLACEMENT_3D('',#6328,#4858,#4859);
#4227=AXIS2_PLACEMENT_3D('',#6332,#4861,#4862);
#4228=AXIS2_PLACEMENT_3D('',#6335,#4864,#4865);
#4229=AXIS2_PLACEMENT_3D('',#6339,#4867,#4868);
#4230=AXIS2_PLACEMENT_3D('',#6342,#4870,#4871);
#4231=AXIS2_PLACEMENT_3D('',#6346,#4873,#4874);
#4232=AXIS2_PLACEMENT_3D('',#6349,#4876,#4877);
#4233=AXIS2_PLACEMENT_3D('',#6353,#4879,#4880);
#4234=AXIS2_PLACEMENT_3D('',#6356,#4882,#4883);
#4235=AXIS2_PLACEMENT_3D('',#6357,#4884,#4885);
#4236=AXIS2_PLACEMENT_3D('',#6362,#4887,#4888);
#4237=AXIS2_PLACEMENT_3D('',#6366,#4890,#4891);
#4238=AXIS2_PLACEMENT_3D('',#6370,#4893,#4894);
#4239=AXIS2_PLACEMENT_3D('',#6373,#4896,#4897);
#4240=AXIS2_PLACEMENT_3D('',#6387,#4904,#4905);
#4241=AXIS2_PLACEMENT_3D('',#6388,#4906,#4907);
#4242=AXIS2_PLACEMENT_3D('',#6390,#4908,#4909);
#4243=AXIS2_PLACEMENT_3D('',#6392,#4910,#4911);
#4244=AXIS2_PLACEMENT_3D('',#6394,#4912,#4913);
#4245=AXIS2_PLACEMENT_3D('',#6396,#4914,#4915);
#4246=AXIS2_PLACEMENT_3D('',#6398,#4916,#4917);
#4247=AXIS2_PLACEMENT_3D('',#6408,#4922,#4923);
#4248=AXIS2_PLACEMENT_3D('',#6413,#4926,#4927);
#4249=AXIS2_PLACEMENT_3D('',#6415,#4928,#4929);
#4250=AXIS2_PLACEMENT_3D('',#6417,#4930,#4931);
#4251=AXIS2_PLACEMENT_3D('',#6419,#4932,#4933);
#4252=AXIS2_PLACEMENT_3D('',#6421,#4934,#4935);
#4253=AXIS2_PLACEMENT_3D('',#6423,#4936,#4937);
#4254=AXIS2_PLACEMENT_3D('',#6432,#4942,#4943);
#4255=AXIS2_PLACEMENT_3D('',#6433,#4944,#4945);
#4256=AXIS2_PLACEMENT_3D('',#6444,#4950,#4951);
#4257=AXIS2_PLACEMENT_3D('',#6448,#4953,#4954);
#4258=AXIS2_PLACEMENT_3D('',#6451,#4956,#4957);
#4259=AXIS2_PLACEMENT_3D('',#6457,#4960,#4961);
#4260=AXIS2_PLACEMENT_3D('',#6461,#4963,#4964);
#4261=AXIS2_PLACEMENT_3D('',#6465,#4966,#4967);
#4262=AXIS2_PLACEMENT_3D('',#6470,#4970,#4971);
#4263=AXIS2_PLACEMENT_3D('',#6471,#4972,#4973);
#4264=AXIS2_PLACEMENT_3D('',#6482,#4978,#4979);
#4265=AXIS2_PLACEMENT_3D('',#6486,#4981,#4982);
#4266=AXIS2_PLACEMENT_3D('',#6489,#4984,#4985);
#4267=AXIS2_PLACEMENT_3D('',#6490,#4986,#4987);
#4268=AXIS2_PLACEMENT_3D('',#6501,#4992,#4993);
#4269=AXIS2_PLACEMENT_3D('',#6505,#4995,#4996);
#4270=AXIS2_PLACEMENT_3D('',#6508,#4998,#4999);
#4271=AXIS2_PLACEMENT_3D('',#6514,#5002,#5003);
#4272=AXIS2_PLACEMENT_3D('',#6518,#5005,#5006);
#4273=AXIS2_PLACEMENT_3D('',#6522,#5008,#5009);
#4274=AXIS2_PLACEMENT_3D('',#6527,#5012,#5013);
#4275=AXIS2_PLACEMENT_3D('',#6528,#5014,#5015);
#4276=AXIS2_PLACEMENT_3D('',#6539,#5020,#5021);
#4277=AXIS2_PLACEMENT_3D('',#6543,#5023,#5024);
#4278=AXIS2_PLACEMENT_3D('',#6546,#5026,#5027);
#4279=AXIS2_PLACEMENT_3D('',#6552,#5030,#5031);
#4280=AXIS2_PLACEMENT_3D('',#6556,#5033,#5034);
#4281=AXIS2_PLACEMENT_3D('',#6560,#5036,#5037);
#4282=AXIS2_PLACEMENT_3D('',#6565,#5040,#5041);
#4283=AXIS2_PLACEMENT_3D('',#6574,#5046,#5047);
#4284=AXIS2_PLACEMENT_3D('',#6578,#5049,#5050);
#4285=AXIS2_PLACEMENT_3D('',#6582,#5052,#5053);
#4286=AXIS2_PLACEMENT_3D('',#6583,#5054,#5055);
#4287=AXIS2_PLACEMENT_3D('',#6587,#5057,#5058);
#4288=AXIS2_PLACEMENT_3D('',#6591,#5060,#5061);
#4289=AXIS2_PLACEMENT_3D('',#6592,#5062,#5063);
#4290=AXIS2_PLACEMENT_3D('',#6596,#5065,#5066);
#4291=AXIS2_PLACEMENT_3D('',#6600,#5068,#5069);
#4292=AXIS2_PLACEMENT_3D('',#6601,#5070,#5071);
#4293=AXIS2_PLACEMENT_3D('',#6605,#5073,#5074);
#4294=AXIS2_PLACEMENT_3D('',#6609,#5076,#5077);
#4295=AXIS2_PLACEMENT_3D('',#6610,#5078,#5079);
#4296=AXIS2_PLACEMENT_3D('',#6614,#5081,#5082);
#4297=AXIS2_PLACEMENT_3D('',#6618,#5084,#5085);
#4298=AXIS2_PLACEMENT_3D('',#6619,#5086,#5087);
#4299=AXIS2_PLACEMENT_3D('',#6623,#5089,#5090);
#4300=AXIS2_PLACEMENT_3D('',#6627,#5092,#5093);
#4301=AXIS2_PLACEMENT_3D('',#6628,#5094,#5095);
#4302=AXIS2_PLACEMENT_3D('',#6632,#5097,#5098);
#4303=AXIS2_PLACEMENT_3D('',#6636,#5100,#5101);
#4304=AXIS2_PLACEMENT_3D('',#6637,#5102,#5103);
#4305=AXIS2_PLACEMENT_3D('',#6641,#5105,#5106);
#4306=AXIS2_PLACEMENT_3D('',#6645,#5108,#5109);
#4307=AXIS2_PLACEMENT_3D('',#6646,#5110,#5111);
#4308=AXIS2_PLACEMENT_3D('',#6650,#5113,#5114);
#4309=AXIS2_PLACEMENT_3D('',#6654,#5116,#5117);
#4310=AXIS2_PLACEMENT_3D('',#6655,#5118,#5119);
#4311=AXIS2_PLACEMENT_3D('',#6659,#5121,#5122);
#4312=AXIS2_PLACEMENT_3D('',#6662,#5124,#5125);
#4313=AXIS2_PLACEMENT_3D('',#6666,#5127,#5128);
#4314=AXIS2_PLACEMENT_3D('',#6669,#5130,#5131);
#4315=AXIS2_PLACEMENT_3D('',#6678,#5136,#5137);
#4316=AXIS2_PLACEMENT_3D('',#6687,#5142,#5143);
#4317=AXIS2_PLACEMENT_3D('',#6696,#5148,#5149);
#4318=AXIS2_PLACEMENT_3D('',#6705,#5154,#5155);
#4319=AXIS2_PLACEMENT_3D('',#6706,#5156,#5157);
#4320=AXIS2_PLACEMENT_3D('',#6707,#5158,#5159);
#4321=AXIS2_PLACEMENT_3D('',#6708,#5160,#5161);
#4322=AXIS2_PLACEMENT_3D('',#6709,#5162,#5163);
#4323=AXIS2_PLACEMENT_3D('',#6710,#5164,#5165);
#4324=AXIS2_PLACEMENT_3D('',#6719,#5170,#5171);
#4325=AXIS2_PLACEMENT_3D('',#6728,#5176,#5177);
#4326=AXIS2_PLACEMENT_3D('',#6732,#5179,#5180);
#4327=AXIS2_PLACEMENT_3D('',#6736,#5182,#5183);
#4328=AXIS2_PLACEMENT_3D('',#6737,#5184,#5185);
#4329=AXIS2_PLACEMENT_3D('',#6741,#5187,#5188);
#4330=AXIS2_PLACEMENT_3D('',#6745,#5190,#5191);
#4331=AXIS2_PLACEMENT_3D('',#6746,#5192,#5193);
#4332=AXIS2_PLACEMENT_3D('',#6750,#5195,#5196);
#4333=AXIS2_PLACEMENT_3D('',#6754,#5198,#5199);
#4334=AXIS2_PLACEMENT_3D('',#6755,#5200,#5201);
#4335=AXIS2_PLACEMENT_3D('',#6761,#5204,#5205);
#4336=AXIS2_PLACEMENT_3D('',#6765,#5207,#5208);
#4337=AXIS2_PLACEMENT_3D('',#6769,#5210,#5211);
#4338=AXIS2_PLACEMENT_3D('',#6774,#5214,#5215);
#4339=AXIS2_PLACEMENT_3D('',#6777,#5218,#5219);
#4340=AXIS2_PLACEMENT_3D('',#6786,#5224,#5225);
#4341=AXIS2_PLACEMENT_3D('',#6792,#5229,#5230);
#4342=AXIS2_PLACEMENT_3D('',#6798,#5234,#5235);
#4343=AXIS2_PLACEMENT_3D('',#6804,#5239,#5240);
#4344=AXIS2_PLACEMENT_3D('',#6810,#5244,#5245);
#4345=AXIS2_PLACEMENT_3D('',#6819,#5250,#5251);
#4346=AXIS2_PLACEMENT_3D('',#6828,#5256,#5257);
#4347=AXIS2_PLACEMENT_3D('',#6837,#5262,#5263);
#4348=AXIS2_PLACEMENT_3D('',#6846,#5268,#5269);
#4349=AXIS2_PLACEMENT_3D('',#6855,#5274,#5275);
#4350=AXIS2_PLACEMENT_3D('',#6864,#5280,#5281);
#4351=AXIS2_PLACEMENT_3D('',#6873,#5286,#5287);
#4352=AXIS2_PLACEMENT_3D('',#6882,#5292,#5293);
#4353=AXIS2_PLACEMENT_3D('',#6891,#5298,#5299);
#4354=AXIS2_PLACEMENT_3D('',#6900,#5304,#5305);
#4355=AXIS2_PLACEMENT_3D('',#6904,#5307,#5308);
#4356=AXIS2_PLACEMENT_3D('',#6908,#5310,#5311);
#4357=AXIS2_PLACEMENT_3D('',#6909,#5312,#5313);
#4358=AXIS2_PLACEMENT_3D('',#6910,#5314,#5315);
#4359=AXIS2_PLACEMENT_3D('',#6911,#5316,#5317);
#4360=AXIS2_PLACEMENT_3D('',#6912,#5318,#5319);
#4361=AXIS2_PLACEMENT_3D('',#6913,#5320,#5321);
#4362=AXIS2_PLACEMENT_3D('',#6914,#5322,#5323);
#4363=AXIS2_PLACEMENT_3D('',#6915,#5324,#5325);
#4364=AXIS2_PLACEMENT_3D('',#6916,#5326,#5327);
#4365=AXIS2_PLACEMENT_3D('',#6917,#5328,#5329);
#4366=AXIS2_PLACEMENT_3D('',#6918,#5330,#5331);
#4367=AXIS2_PLACEMENT_3D('',#6919,#5332,#5333);
#4368=AXIS2_PLACEMENT_3D('',#6920,#5334,#5335);
#4369=AXIS2_PLACEMENT_3D('',#6921,#5336,#5337);
#4370=AXIS2_PLACEMENT_3D('',#6922,#5338,#5339);
#4371=AXIS2_PLACEMENT_3D('',#6923,#5340,#5341);
#4372=AXIS2_PLACEMENT_3D('',#6924,#5342,#5343);
#4373=AXIS2_PLACEMENT_3D('',#6925,#5344,#5345);
#4374=AXIS2_PLACEMENT_3D('',#6926,#5346,#5347);
#4375=AXIS2_PLACEMENT_3D('',#6927,#5348,#5349);
#4376=AXIS2_PLACEMENT_3D('',#6928,#5350,#5351);
#4377=AXIS2_PLACEMENT_3D('',#6929,#5352,#5353);
#4378=AXIS2_PLACEMENT_3D('',#6930,#5354,#5355);
#4379=AXIS2_PLACEMENT_3D('',#6931,#5356,#5357);
#4380=AXIS2_PLACEMENT_3D('',#6932,#5358,#5359);
#4381=AXIS2_PLACEMENT_3D('',#6933,#5360,#5361);
#4382=AXIS2_PLACEMENT_3D('',#6934,#5362,#5363);
#4383=AXIS2_PLACEMENT_3D('',#6935,#5364,#5365);
#4384=AXIS2_PLACEMENT_3D('',#6936,#5366,#5367);
#4385=AXIS2_PLACEMENT_3D('',#6937,#5368,#5369);
#4386=AXIS2_PLACEMENT_3D('',#6938,#5370,#5371);
#4387=AXIS2_PLACEMENT_3D('',#6939,#5372,#5373);
#4388=AXIS2_PLACEMENT_3D('',#6940,#5374,#5375);
#4389=AXIS2_PLACEMENT_3D('',#6941,#5376,#5377);
#4390=AXIS2_PLACEMENT_3D('',#6942,#5378,#5379);
#4391=AXIS2_PLACEMENT_3D('',#6943,#5380,#5381);
#4392=AXIS2_PLACEMENT_3D('',#6944,#5382,#5383);
#4393=AXIS2_PLACEMENT_3D('',#6945,#5384,#5385);
#4394=AXIS2_PLACEMENT_3D('',#6946,#5386,#5387);
#4395=AXIS2_PLACEMENT_3D('',#6947,#5388,#5389);
#4396=AXIS2_PLACEMENT_3D('',#6948,#5390,#5391);
#4397=AXIS2_PLACEMENT_3D('',#6949,#5392,#5393);
#4398=AXIS2_PLACEMENT_3D('',#6950,#5394,#5395);
#4399=AXIS2_PLACEMENT_3D('',#6951,#5396,#5397);
#4400=AXIS2_PLACEMENT_3D('',#6952,#5398,#5399);
#4401=AXIS2_PLACEMENT_3D('',#6953,#5400,#5401);
#4402=AXIS2_PLACEMENT_3D('',#6954,#5402,#5403);
#4403=AXIS2_PLACEMENT_3D('',#6955,#5404,#5405);
#4404=AXIS2_PLACEMENT_3D('',#6956,#5406,#5407);
#4405=AXIS2_PLACEMENT_3D('',#6957,#5408,#5409);
#4406=AXIS2_PLACEMENT_3D('',#6958,#5410,#5411);
#4407=AXIS2_PLACEMENT_3D('',#6959,#5412,#5413);
#4408=AXIS2_PLACEMENT_3D('',#6960,#5414,#5415);
#4409=AXIS2_PLACEMENT_3D('',#6961,#5416,#5417);
#4410=AXIS2_PLACEMENT_3D('',#6962,#5418,#5419);
#4411=AXIS2_PLACEMENT_3D('',#6963,#5420,#5421);
#4412=AXIS2_PLACEMENT_3D('',#6964,#5422,#5423);
#4413=AXIS2_PLACEMENT_3D('',#6965,#5424,#5425);
#4414=AXIS2_PLACEMENT_3D('',#6966,#5426,#5427);
#4415=AXIS2_PLACEMENT_3D('',#6967,#5428,#5429);
#4416=AXIS2_PLACEMENT_3D('',#6968,#5430,#5431);
#4417=AXIS2_PLACEMENT_3D('',#6969,#5432,#5433);
#4418=AXIS2_PLACEMENT_3D('',#6970,#5434,#5435);
#4419=AXIS2_PLACEMENT_3D('',#6971,#5436,#5437);
#4420=AXIS2_PLACEMENT_3D('',#6972,#5438,#5439);
#4421=AXIS2_PLACEMENT_3D('',#6973,#5440,#5441);
#4422=AXIS2_PLACEMENT_3D('',#6974,#5442,#5443);
#4423=AXIS2_PLACEMENT_3D('',#6975,#5444,#5445);
#4424=AXIS2_PLACEMENT_3D('',#6976,#5446,#5447);
#4425=AXIS2_PLACEMENT_3D('',#6977,#5448,#5449);
#4426=AXIS2_PLACEMENT_3D('',#6978,#5450,#5451);
#4427=AXIS2_PLACEMENT_3D('',#6979,#5452,#5453);
#4428=AXIS2_PLACEMENT_3D('',#6980,#5454,#5455);
#4429=AXIS2_PLACEMENT_3D('',#6981,#5456,#5457);
#4430=AXIS2_PLACEMENT_3D('',#6982,#5458,#5459);
#4431=AXIS2_PLACEMENT_3D('',#6983,#5460,#5461);
#4432=AXIS2_PLACEMENT_3D('',#6984,#5462,#5463);
#4433=AXIS2_PLACEMENT_3D('',#6985,#5464,#5465);
#4434=AXIS2_PLACEMENT_3D('',#6986,#5466,#5467);
#4435=AXIS2_PLACEMENT_3D('',#6987,#5468,#5469);
#4436=AXIS2_PLACEMENT_3D('',#6988,#5470,#5471);
#4437=AXIS2_PLACEMENT_3D('',#6994,#5472,#5473);
#4438=AXIS2_PLACEMENT_3D('',#6995,#5474,#5475);
#4439=AXIS2_PLACEMENT_3D('',#6996,#5476,#5477);
#4440=AXIS2_PLACEMENT_3D('',#6997,#5478,#5479);
#4441=AXIS2_PLACEMENT_3D('',#6998,#5480,#5481);
#4442=AXIS2_PLACEMENT_3D('',#6999,#5482,#5483);
#4443=AXIS2_PLACEMENT_3D('',#7005,#5484,#5485);
#4444=AXIS2_PLACEMENT_3D('',#7011,#5486,#5487);
#4445=AXIS2_PLACEMENT_3D('',#7012,#5488,#5489);
#4446=AXIS2_PLACEMENT_3D('',#7013,#5490,#5491);
#4447=AXIS2_PLACEMENT_3D('',#7014,#5492,#5493);
#4448=AXIS2_PLACEMENT_3D('',#7015,#5494,#5495);
#4449=AXIS2_PLACEMENT_3D('',#7021,#5496,#5497);
#4450=AXIS2_PLACEMENT_3D('',#7022,#5498,#5499);
#4451=AXIS2_PLACEMENT_3D('',#7023,#5500,#5501);
#4452=AXIS2_PLACEMENT_3D('',#7024,#5502,#5503);
#4453=AXIS2_PLACEMENT_3D('',#7025,#5504,#5505);
#4454=AXIS2_PLACEMENT_3D('',#7026,#5506,#5507);
#4455=AXIS2_PLACEMENT_3D('',#7027,#5508,#5509);
#4456=AXIS2_PLACEMENT_3D('',#7028,#5510,#5511);
#4457=AXIS2_PLACEMENT_3D('',#7029,#5512,#5513);
#4458=AXIS2_PLACEMENT_3D('',#7030,#5514,#5515);
#4459=AXIS2_PLACEMENT_3D('',#7031,#5516,#5517);
#4460=AXIS2_PLACEMENT_3D('',#7032,#5518,#5519);
#4461=AXIS2_PLACEMENT_3D('',#7033,#5520,#5521);
#4462=AXIS2_PLACEMENT_3D('',#7034,#5522,#5523);
#4463=AXIS2_PLACEMENT_3D('',#7035,#5524,#5525);
#4464=AXIS2_PLACEMENT_3D('',#7036,#5526,#5527);
#4465=AXIS2_PLACEMENT_3D('',#7037,#5528,#5529);
#4466=AXIS2_PLACEMENT_3D('',#7038,#5530,#5531);
#4467=AXIS2_PLACEMENT_3D('',#7039,#5532,#5533);
#4468=AXIS2_PLACEMENT_3D('',#7040,#5534,#5535);
#4469=AXIS2_PLACEMENT_3D('',#7041,#5536,#5537);
#4470=AXIS2_PLACEMENT_3D('',#7042,#5538,#5539);
#4471=AXIS2_PLACEMENT_3D('',#7043,#5540,#5541);
#4472=AXIS2_PLACEMENT_3D('',#7044,#5542,#5543);
#4473=AXIS2_PLACEMENT_3D('',#7045,#5544,#5545);
#4474=AXIS2_PLACEMENT_3D('',#7046,#5546,#5547);
#4475=AXIS2_PLACEMENT_3D('',#7047,#5548,#5549);
#4476=AXIS2_PLACEMENT_3D('',#7048,#5550,#5551);
#4477=AXIS2_PLACEMENT_3D('',#7049,#5552,#5553);
#4478=AXIS2_PLACEMENT_3D('',#7050,#5554,#5555);
#4479=AXIS2_PLACEMENT_3D('',#7051,#5556,#5557);
#4480=AXIS2_PLACEMENT_3D('',#7052,#5558,#5559);
#4481=AXIS2_PLACEMENT_3D('',#7053,#5560,#5561);
#4482=AXIS2_PLACEMENT_3D('',#7054,#5562,#5563);
#4483=AXIS2_PLACEMENT_3D('',#7055,#5564,#5565);
#4484=AXIS2_PLACEMENT_3D('',#7056,#5566,#5567);
#4485=AXIS2_PLACEMENT_3D('',#7057,#5568,#5569);
#4486=AXIS2_PLACEMENT_3D('',#7058,#5570,#5571);
#4487=AXIS2_PLACEMENT_3D('',#7059,#5572,#5573);
#4488=AXIS2_PLACEMENT_3D('',#7060,#5574,#5575);
#4489=AXIS2_PLACEMENT_3D('',#7061,#5576,#5577);
#4490=AXIS2_PLACEMENT_3D('',#7062,#5578,#5579);
#4491=AXIS2_PLACEMENT_3D('',#7063,#5580,#5581);
#4492=AXIS2_PLACEMENT_3D('',#7064,#5582,#5583);
#4493=AXIS2_PLACEMENT_3D('',#7065,#5584,#5585);
#4494=AXIS2_PLACEMENT_3D('',#7066,#5586,#5587);
#4495=AXIS2_PLACEMENT_3D('',#7067,#5588,#5589);
#4496=AXIS2_PLACEMENT_3D('',#7068,#5590,#5591);
#4497=AXIS2_PLACEMENT_3D('',#7069,#5592,#5593);
#4498=AXIS2_PLACEMENT_3D('',#7070,#5594,#5595);
#4499=AXIS2_PLACEMENT_3D('',#7071,#5596,#5597);
#4500=AXIS2_PLACEMENT_3D('',#7072,#5598,#5599);
#4501=AXIS2_PLACEMENT_3D('',#7073,#5600,#5601);
#4502=AXIS2_PLACEMENT_3D('',#7074,#5602,#5603);
#4503=AXIS2_PLACEMENT_3D('',#7075,#5604,#5605);
#4504=AXIS2_PLACEMENT_3D('',#7076,#5606,#5607);
#4505=AXIS2_PLACEMENT_3D('',#7077,#5608,#5609);
#4506=AXIS2_PLACEMENT_3D('',#7078,#5610,#5611);
#4507=AXIS2_PLACEMENT_3D('',#7079,#5612,#5613);
#4508=AXIS2_PLACEMENT_3D('',#7080,#5614,#5615);
#4509=AXIS2_PLACEMENT_3D('',#7081,#5616,#5617);
#4510=AXIS2_PLACEMENT_3D('',#7082,#5618,#5619);
#4511=AXIS2_PLACEMENT_3D('',#7083,#5620,#5621);
#4512=AXIS2_PLACEMENT_3D('',#7084,#5622,#5623);
#4513=AXIS2_PLACEMENT_3D('',#7085,#5624,#5625);
#4514=AXIS2_PLACEMENT_3D('',#7086,#5626,#5627);
#4515=AXIS2_PLACEMENT_3D('',#7087,#5628,#5629);
#4516=AXIS2_PLACEMENT_3D('',#7088,#5630,#5631);
#4517=AXIS2_PLACEMENT_3D('',#7089,#5632,#5633);
#4518=AXIS2_PLACEMENT_3D('',#7093,#5635,#5636);
#4519=AXIS2_PLACEMENT_3D('',#7094,#5637,#5638);
#4520=AXIS2_PLACEMENT_3D('',#7095,#5639,#5640);
#4521=AXIS2_PLACEMENT_3D('',#7096,#5641,#5642);
#4522=AXIS2_PLACEMENT_3D('',#7097,#5643,#5644);
#4523=AXIS2_PLACEMENT_3D('',#7098,#5645,#5646);
#4524=AXIS2_PLACEMENT_3D('',#7099,#5647,#5648);
#4525=AXIS2_PLACEMENT_3D('',#7105,#5649,#5650);
#4526=AXIS2_PLACEMENT_3D('',#7106,#5651,#5652);
#4527=AXIS2_PLACEMENT_3D('',#7107,#5653,#5654);
#4528=AXIS2_PLACEMENT_3D('',#7108,#5655,#5656);
#4529=AXIS2_PLACEMENT_3D('',#7109,#5657,#5658);
#4530=AXIS2_PLACEMENT_3D('',#7110,#5659,#5660);
#4531=AXIS2_PLACEMENT_3D('',#7111,#5661,#5662);
#4532=AXIS2_PLACEMENT_3D('',#7120,#5663,#5664);
#4533=AXIS2_PLACEMENT_3D('',#7121,#5665,#5666);
#4534=AXIS2_PLACEMENT_3D('',#7122,#5667,#5668);
#4535=AXIS2_PLACEMENT_3D('',#7123,#5669,#5670);
#4536=AXIS2_PLACEMENT_3D('',#7124,#5671,#5672);
#4537=AXIS2_PLACEMENT_3D('',#7125,#5673,#5674);
#4538=AXIS2_PLACEMENT_3D('',#7131,#5675,#5676);
#4539=AXIS2_PLACEMENT_3D('',#7132,#5677,#5678);
#4540=AXIS2_PLACEMENT_3D('',#7135,#5680,#5681);
#4541=AXIS2_PLACEMENT_3D('',#7140,#5682,#5683);
#4542=AXIS2_PLACEMENT_3D('',#7141,#5684,#5685);
#4543=AXIS2_PLACEMENT_3D('',#7147,#5686,#5687);
#4544=AXIS2_PLACEMENT_3D('',#7148,#5688,#5689);
#4545=AXIS2_PLACEMENT_3D('',#7151,#5691,#5692);
#4546=AXIS2_PLACEMENT_3D('',#7152,#5693,#5694);
#4547=AXIS2_PLACEMENT_3D('',#7162,#5695,#5696);
#4548=AXIS2_PLACEMENT_3D('',#7163,#5697,#5698);
#4549=AXIS2_PLACEMENT_3D('',#7166,#5700,#5701);
#4550=AXIS2_PLACEMENT_3D('',#7167,#5702,#5703);
#4551=AXIS2_PLACEMENT_3D('',#7177,#5704,#5705);
#4552=AXIS2_PLACEMENT_3D('',#7178,#5706,#5707);
#4553=AXIS2_PLACEMENT_3D('',#7181,#5709,#5710);
#4554=AXIS2_PLACEMENT_3D('',#7186,#5711,#5712);
#4555=AXIS2_PLACEMENT_3D('',#7187,#5713,#5714);
#4556=AXIS2_PLACEMENT_3D('',#7193,#5715,#5716);
#4557=AXIS2_PLACEMENT_3D('',#7194,#5717,#5718);
#4558=AXIS2_PLACEMENT_3D('',#7197,#5720,#5721);
#4559=AXIS2_PLACEMENT_3D('',#7202,#5722,#5723);
#4560=AXIS2_PLACEMENT_3D('',#7203,#5724,#5725);
#4561=AXIS2_PLACEMENT_3D('',#7204,#5726,#5727);
#4562=AXIS2_PLACEMENT_3D('',#7205,#5728,#5729);
#4563=AXIS2_PLACEMENT_3D('',#7211,#5730,#5731);
#4564=AXIS2_PLACEMENT_3D('',#7217,#5732,#5733);
#4565=AXIS2_PLACEMENT_3D('',#7223,#5734,#5735);
#4566=AXIS2_PLACEMENT_3D('',#7224,#5736,#5737);
#4567=AXIS2_PLACEMENT_3D('',#7225,#5738,#5739);
#4568=AXIS2_PLACEMENT_3D('',#7226,#5740,#5741);
#4569=AXIS2_PLACEMENT_3D('',#7227,#5742,#5743);
#4570=AXIS2_PLACEMENT_3D('',#7228,#5744,#5745);
#4571=AXIS2_PLACEMENT_3D('',#7229,#5746,#5747);
#4572=AXIS2_PLACEMENT_3D('',#7230,#5748,#5749);
#4573=AXIS2_PLACEMENT_3D('',#7236,#5750,#5751);
#4574=AXIS2_PLACEMENT_3D('',#7237,#5752,#5753);
#4575=AXIS2_PLACEMENT_3D('',#7238,#5754,#5755);
#4576=AXIS2_PLACEMENT_3D('',#7239,#5756,#5757);
#4577=AXIS2_PLACEMENT_3D('',#7240,#5758,#5759);
#4578=AXIS2_PLACEMENT_3D('',#7241,#5760,#5761);
#4579=AXIS2_PLACEMENT_3D('',#7242,#5762,#5763);
#4580=AXIS2_PLACEMENT_3D('',#7243,#5764,#5765);
#4581=AXIS2_PLACEMENT_3D('',#7249,#5766,#5767);
#4582=AXIS2_PLACEMENT_3D('',#7255,#5768,#5769);
#4583=AXIS2_PLACEMENT_3D('',#7256,#5770,#5771);
#4584=AXIS2_PLACEMENT_3D('',#7257,#5772,#5773);
#4585=AXIS2_PLACEMENT_3D('',#7258,#5774,#5775);
#4586=AXIS2_PLACEMENT_3D('',#7299,#5776,#5777);
#4587=AXIS2_PLACEMENT_3D('',#7300,#5778,#5779);
#4588=AXIS2_PLACEMENT_3D('',#7301,#5780,#5781);
#4589=AXIS2_PLACEMENT_3D('',#7302,#5782,#5783);
#4590=AXIS2_PLACEMENT_3D('',#7303,#5784,#5785);
#4591=AXIS2_PLACEMENT_3D('',#7309,#5786,#5787);
#4592=AXIS2_PLACEMENT_3D('',#7315,#5788,#5789);
#4593=AXIS2_PLACEMENT_3D('',#7316,#5790,#5791);
#4594=AXIS2_PLACEMENT_3D('',#7317,#5792,#5793);
#4595=AXIS2_PLACEMENT_3D('',#7318,#5794,#5795);
#4596=AXIS2_PLACEMENT_3D('',#7319,#5796,#5797);
#4597=AXIS2_PLACEMENT_3D('',#7320,#5798,#5799);
#4598=AXIS2_PLACEMENT_3D('',#7321,#5800,#5801);
#4599=AXIS2_PLACEMENT_3D('',#7322,#5802,#5803);
#4600=AXIS2_PLACEMENT_3D('',#7323,#5804,#5805);
#4601=AXIS2_PLACEMENT_3D('',#7324,#5806,#5807);
#4602=AXIS2_PLACEMENT_3D('',#7325,#5808,#5809);
#4603=AXIS2_PLACEMENT_3D('',#7326,#5810,#5811);
#4604=AXIS2_PLACEMENT_3D('',#7332,#5812,#5813);
#4605=AXIS2_PLACEMENT_3D('',#7333,#5814,#5815);
#4606=AXIS2_PLACEMENT_3D('',#7334,#5816,#5817);
#4607=AXIS2_PLACEMENT_3D('',#7335,#5818,#5819);
#4608=AXIS2_PLACEMENT_3D('',#7336,#5820,#5821);
#4609=AXIS2_PLACEMENT_3D('',#7337,#5822,#5823);
#4610=AXIS2_PLACEMENT_3D('',#7338,#5824,#5825);
#4611=AXIS2_PLACEMENT_3D('',#7339,#5826,#5827);
#4612=AXIS2_PLACEMENT_3D('',#7340,#5828,#5829);
#4613=AXIS2_PLACEMENT_3D('',#7341,#5830,#5831);
#4614=AXIS2_PLACEMENT_3D('',#7342,#5832,#5833);
#4615=AXIS2_PLACEMENT_3D('',#7343,#5834,#5835);
#4616=AXIS2_PLACEMENT_3D('',#7344,#5836,#5837);
#4617=AXIS2_PLACEMENT_3D('',#7345,#5838,#5839);
#4618=AXIS2_PLACEMENT_3D('',#7346,#5840,#5841);
#4619=AXIS2_PLACEMENT_3D('',#7347,#5842,#5843);
#4620=AXIS2_PLACEMENT_3D('',#7388,#5844,#5845);
#4621=AXIS2_PLACEMENT_3D('',#7389,#5846,#5847);
#4622=AXIS2_PLACEMENT_3D('',#7390,#5848,#5849);
#4623=AXIS2_PLACEMENT_3D('',#7391,#5850,#5851);
#4624=AXIS2_PLACEMENT_3D('',#7392,#5852,#5853);
#4625=AXIS2_PLACEMENT_3D('',#7393,#5854,#5855);
#4626=AXIS2_PLACEMENT_3D('',#7394,#5856,#5857);
#4627=AXIS2_PLACEMENT_3D('',#7395,#5858,#5859);
#4628=AXIS2_PLACEMENT_3D('',#7396,#5860,#5861);
#4629=AXIS2_PLACEMENT_3D('',#7397,#5862,#5863);
#4630=AXIS2_PLACEMENT_3D('',#7398,#5864,#5865);
#4631=AXIS2_PLACEMENT_3D('',#7399,#5866,#5867);
#4632=AXIS2_PLACEMENT_3D('',#7400,#5868,#5869);
#4633=AXIS2_PLACEMENT_3D('',#7401,#5870,#5871);
#4634=AXIS2_PLACEMENT_3D('',#7402,#5872,#5873);
#4635=AXIS2_PLACEMENT_3D('',#7403,#5874,#5875);
#4636=AXIS2_PLACEMENT_3D('',#7404,#5876,#5877);
#4637=AXIS2_PLACEMENT_3D('',#7405,#5878,#5879);
#4638=AXIS2_PLACEMENT_3D('',#7409,#5881,#5882);
#4639=AXIS2_PLACEMENT_3D('',#7410,#5883,#5884);
#4640=AXIS2_PLACEMENT_3D('',#7411,#5885,#5886);
#4641=AXIS2_PLACEMENT_3D('',#7412,#5887,#5888);
#4642=AXIS2_PLACEMENT_3D('',#7413,#5889,#5890);
#4643=AXIS2_PLACEMENT_3D('',#7414,#5891,#5892);
#4644=AXIS2_PLACEMENT_3D('',#7415,#5893,#5894);
#4645=AXIS2_PLACEMENT_3D('',#7424,#5895,#5896);
#4646=AXIS2_PLACEMENT_3D('',#7425,#5897,#5898);
#4647=AXIS2_PLACEMENT_3D('',#7426,#5899,#5900);
#4648=AXIS2_PLACEMENT_3D('',#7427,#5901,#5902);
#4649=AXIS2_PLACEMENT_3D('',#7428,#5903,#5904);
#4650=AXIS2_PLACEMENT_3D('',#7429,#5905,#5906);
#4651=AXIS2_PLACEMENT_3D('',#7430,#5907,#5908);
#4652=AXIS2_PLACEMENT_3D('',#7431,#5909,#5910);
#4653=AXIS2_PLACEMENT_3D('',#7432,#5911,#5912);
#4654=AXIS2_PLACEMENT_3D('',#7433,#5913,#5914);
#4655=AXIS2_PLACEMENT_3D('',#7439,#5915,#5916);
#4656=AXIS2_PLACEMENT_3D('',#7440,#5917,#5918);
#4657=AXIS2_PLACEMENT_3D('',#7443,#5920,#5921);
#4658=AXIS2_PLACEMENT_3D('',#7448,#5922,#5923);
#4659=AXIS2_PLACEMENT_3D('',#7449,#5924,#5925);
#4660=AXIS2_PLACEMENT_3D('',#7450,#5926,#5927);
#4661=AXIS2_PLACEMENT_3D('',#7451,#5928,#5929);
#4662=AXIS2_PLACEMENT_3D('',#7452,#5930,#5931);
#4663=AXIS2_PLACEMENT_3D('',#7458,#5932,#5933);
#4664=AXIS2_PLACEMENT_3D('',#7459,#5934,#5935);
#4665=AXIS2_PLACEMENT_3D('',#7462,#5937,#5938);
#4666=AXIS2_PLACEMENT_3D('',#7467,#5939,#5940);
#4667=AXIS2_PLACEMENT_3D('',#7468,#5941,#5942);
#4668=AXIS2_PLACEMENT_3D('',#7469,#5943,#5944);
#4669=AXIS2_PLACEMENT_3D('',#7470,#5945,#5946);
#4670=AXIS2_PLACEMENT_3D('',#7471,#5947,#5948);
#4671=AXIS2_PLACEMENT_3D('',#7472,#5949,#5950);
#4672=AXIS2_PLACEMENT_3D('',#7473,#5951,#5952);
#4673=AXIS2_PLACEMENT_3D('',#7474,#5953,#5954);
#4674=AXIS2_PLACEMENT_3D('',#7475,#5955,#5956);
#4675=AXIS2_PLACEMENT_3D('',#7487,#5958,#5959);
#4676=AXIS2_PLACEMENT_3D('',#7488,#5960,#5961);
#4677=AXIS2_PLACEMENT_3D('',#7489,#5962,#5963);
#4678=AXIS2_PLACEMENT_3D('',#7490,#5964,#5965);
#4679=AXIS2_PLACEMENT_3D('',#7491,#5966,#5967);
#4680=AXIS2_PLACEMENT_3D('',#7492,#5968,#5969);
#4681=AXIS2_PLACEMENT_3D('',#7493,#5970,#5971);
#4682=AXIS2_PLACEMENT_3D('',#7494,#5972,#5973);
#4683=AXIS2_PLACEMENT_3D('',#7500,#5974,#5975);
#4684=AXIS2_PLACEMENT_3D('',#7503,#5977,#5978);
#4685=AXIS2_PLACEMENT_3D('',#7504,#5979,#5980);
#4686=AXIS2_PLACEMENT_3D('',#7509,#5981,#5982);
#4687=AXIS2_PLACEMENT_3D('',#7521,#5984,#5985);
#4688=AXIS2_PLACEMENT_3D('',#7522,#5986,#5987);
#4689=AXIS2_PLACEMENT_3D('',#7523,#5988,#5989);
#4690=AXIS2_PLACEMENT_3D('',#7524,#5990,#5991);
#4691=AXIS2_PLACEMENT_3D('',#7525,#5992,#5993);
#4692=AXIS2_PLACEMENT_3D('',#7526,#5994,#5995);
#4693=AXIS2_PLACEMENT_3D('',#7527,#5996,#5997);
#4694=AXIS2_PLACEMENT_3D('',#7528,#5998,#5999);
#4695=AXIS2_PLACEMENT_3D('',#7529,#6000,#6001);
#4696=AXIS2_PLACEMENT_3D('',#7530,#6002,#6003);
#4697=AXIS2_PLACEMENT_3D('',#7531,#6004,#6005);
#4698=AXIS2_PLACEMENT_3D('',#7532,#6006,#6007);
#4699=AXIS2_PLACEMENT_3D('',#7533,#6008,#6009);
#4700=AXIS2_PLACEMENT_3D('',#7534,#6010,#6011);
#4701=AXIS2_PLACEMENT_3D('',#7535,#6012,#6013);
#4702=AXIS2_PLACEMENT_3D('',#7536,#6014,#6015);
#4703=AXIS2_PLACEMENT_3D('',#7537,#6016,#6017);
#4704=AXIS2_PLACEMENT_3D('',#7538,#6018,#6019);
#4705=AXIS2_PLACEMENT_3D('',#7539,#6020,#6021);
#4706=AXIS2_PLACEMENT_3D('',#7540,#6022,#6023);
#4707=AXIS2_PLACEMENT_3D('',#7541,#6024,#6025);
#4708=AXIS2_PLACEMENT_3D('',#7542,#6026,#6027);
#4709=AXIS2_PLACEMENT_3D('',#7543,#6028,#6029);
#4710=AXIS2_PLACEMENT_3D('',#7544,#6030,#6031);
#4711=AXIS2_PLACEMENT_3D('',#7545,#6032,#6033);
#4712=AXIS2_PLACEMENT_3D('',#7546,#6034,#6035);
#4713=AXIS2_PLACEMENT_3D('',#7547,#6036,#6037);
#4714=AXIS2_PLACEMENT_3D('',#7548,#6038,#6039);
#4715=AXIS2_PLACEMENT_3D('',#7549,#6040,#6041);
#4716=AXIS2_PLACEMENT_3D('',#7550,#6042,#6043);
#4717=AXIS2_PLACEMENT_3D('',#7551,#6044,#6045);
#4718=AXIS2_PLACEMENT_3D('',#7552,#6046,#6047);
#4719=AXIS2_PLACEMENT_3D('',#7553,#6048,#6049);
#4720=AXIS2_PLACEMENT_3D('',#7554,#6050,#6051);
#4721=AXIS2_PLACEMENT_3D('',#7555,#6052,#6053);
#4722=AXIS2_PLACEMENT_3D('',#7556,#6054,#6055);
#4723=AXIS2_PLACEMENT_3D('',#7557,#6056,#6057);
#4724=AXIS2_PLACEMENT_3D('',#7563,#6058,#6059);
#4725=AXIS2_PLACEMENT_3D('',#7564,#6060,#6061);
#4726=AXIS2_PLACEMENT_3D('',#7565,#6062,#6063);
#4727=AXIS2_PLACEMENT_3D('',#7566,#6064,#6065);
#4728=AXIS2_PLACEMENT_3D('',#7567,#6066,#6067);
#4729=AXIS2_PLACEMENT_3D('',#7573,#6068,#6069);
#4730=AXIS2_PLACEMENT_3D('',#7574,#6070,#6071);
#4731=AXIS2_PLACEMENT_3D('',#7575,#6072,#6073);
#4732=AXIS2_PLACEMENT_3D('',#7576,#6074,#6075);
#4733=AXIS2_PLACEMENT_3D('',#7577,#6076,#6077);
#4734=AXIS2_PLACEMENT_3D('',#7578,#6078,#6079);
#4735=AXIS2_PLACEMENT_3D('',#7579,#6080,#6081);
#4736=AXIS2_PLACEMENT_3D('',#7580,#6082,#6083);
#4737=AXIS2_PLACEMENT_3D('',#7581,#6084,#6085);
#4738=AXIS2_PLACEMENT_3D('',#7582,#6086,#6087);
#4739=AXIS2_PLACEMENT_3D('',#7583,#6088,#6089);
#4740=AXIS2_PLACEMENT_3D('',#7584,#6090,#6091);
#4741=AXIS2_PLACEMENT_3D('',#7585,#6092,#6093);
#4742=AXIS2_PLACEMENT_3D('',#7586,#6094,#6095);
#4743=AXIS2_PLACEMENT_3D('',#7587,#6096,#6097);
#4744=AXIS2_PLACEMENT_3D('',#7588,#6098,#6099);
#4745=AXIS2_PLACEMENT_3D('',#7589,#6100,#6101);
#4746=AXIS2_PLACEMENT_3D('',#7590,#6102,#6103);
#4747=AXIS2_PLACEMENT_3D('',#7591,#6104,#6105);
#4748=AXIS2_PLACEMENT_3D('',#7592,#6106,#6107);
#4749=AXIS2_PLACEMENT_3D('',#7593,#6108,#6109);
#4750=AXIS2_PLACEMENT_3D('',#7594,#6110,#6111);
#4751=AXIS2_PLACEMENT_3D('',#7595,#6112,#6113);
#4752=AXIS2_PLACEMENT_3D('',#7596,#6114,#6115);
#4753=AXIS2_PLACEMENT_3D('',#7597,#6116,#6117);
#4754=AXIS2_PLACEMENT_3D('',#7598,#6118,#6119);
#4755=AXIS2_PLACEMENT_3D('',#7599,#6120,#6121);
#4756=AXIS2_PLACEMENT_3D('',#7600,#6122,#6123);
#4757=AXIS2_PLACEMENT_3D('',#7601,#6124,#6125);
#4758=AXIS2_PLACEMENT_3D('',#7602,#6126,#6127);
#4759=AXIS2_PLACEMENT_3D('',#7603,#6128,#6129);
#4760=AXIS2_PLACEMENT_3D('',#7604,#6130,#6131);
#4761=AXIS2_PLACEMENT_3D('',#7605,#6132,#6133);
#4762=AXIS2_PLACEMENT_3D('',#7606,#6134,#6135);
#4763=AXIS2_PLACEMENT_3D('',#7607,#6136,#6137);
#4764=AXIS2_PLACEMENT_3D('',#7608,#6138,#6139);
#4765=AXIS2_PLACEMENT_3D('',#7618,#6144,#6145);
#4766=AXIS2_PLACEMENT_3D('',#7619,#6146,#6147);
#4767=AXIS2_PLACEMENT_3D('',#7627,#6151,#6152);
#4768=AXIS2_PLACEMENT_3D('',#7630,#6154,#6155);
#4769=AXIS2_PLACEMENT_3D('',#7634,#6157,#6158);
#4770=AXIS2_PLACEMENT_3D('',#7638,#6160,#6161);
#4771=AXIS2_PLACEMENT_3D('',#7639,#6162,#6163);
#4772=AXIS2_PLACEMENT_3D('',#7648,#6168,#6169);
#4773=AXIS2_PLACEMENT_3D('',#7657,#6174,#6175);
#4774=AXIS2_PLACEMENT_3D('',#7666,#6180,#6181);
#4775=AXIS2_PLACEMENT_3D('',#7675,#6186,#6187);
#4776=AXIS2_PLACEMENT_3D('',#7676,#6188,#6189);
#4777=AXIS2_PLACEMENT_3D('',#7677,#6190,#6191);
#4778=AXIS2_PLACEMENT_3D('',#7678,#6192,#6193);
#4779=AXIS2_PLACEMENT_3D('',#7679,#6194,#6195);
#4780=AXIS2_PLACEMENT_3D('',#7680,#6196,#6197);
#4781=AXIS2_PLACEMENT_3D('',#7681,#6198,#6199);
#4782=AXIS2_PLACEMENT_3D('',#7682,#6200,#6201);
#4783=AXIS2_PLACEMENT_3D('',#7683,#6202,#6203);
#4784=AXIS2_PLACEMENT_3D('',#7684,#6204,#6205);
#4785=AXIS2_PLACEMENT_3D('',#7685,#6206,#6207);
#4786=AXIS2_PLACEMENT_3D('',#7686,#6208,#6209);
#4787=AXIS2_PLACEMENT_3D('',#7687,#6210,#6211);
#4788=AXIS2_PLACEMENT_3D('',#7688,#6212,#6213);
#4789=AXIS2_PLACEMENT_3D('',#7689,#6214,#6215);
#4790=AXIS2_PLACEMENT_3D('',#7690,#6216,#6217);
#4791=AXIS2_PLACEMENT_3D('',#7691,#6218,#6219);
#4792=AXIS2_PLACEMENT_3D('',#7692,#6220,#6221);
#4793=AXIS2_PLACEMENT_3D('',#7693,#6222,#6223);
#4794=AXIS2_PLACEMENT_3D('',#7694,#6224,#6225);
#4795=AXIS2_PLACEMENT_3D('',#7695,#6226,#6227);
#4796=AXIS2_PLACEMENT_3D('',#7696,#6228,#6229);
#4797=AXIS2_PLACEMENT_3D('',#7697,#6230,#6231);
#4798=AXIS2_PLACEMENT_3D('',#7698,#6232,#6233);
#4799=AXIS2_PLACEMENT_3D('',#7699,#6234,#6235);
#4800=AXIS2_PLACEMENT_3D('',#7700,#6236,#6237);
#4801=AXIS2_PLACEMENT_3D('',#7701,#6238,#6239);
#4802=AXIS2_PLACEMENT_3D('',#7702,#6240,#6241);
#4803=AXIS2_PLACEMENT_3D('',#7703,#6242,#6243);
#4804=AXIS2_PLACEMENT_3D('',#7704,#6244,#6245);
#4805=AXIS2_PLACEMENT_3D('',#7705,#6246,#6247);
#4806=AXIS2_PLACEMENT_3D('',#7706,#6248,#6249);
#4807=AXIS2_PLACEMENT_3D('',#7707,#6250,#6251);
#4808=AXIS2_PLACEMENT_3D('',#7708,#6252,#6253);
#4809=AXIS2_PLACEMENT_3D('',#7709,#6254,#6255);
#4810=AXIS2_PLACEMENT_3D('',#7710,#6256,#6257);
#4811=AXIS2_PLACEMENT_3D('',#7711,#6258,#6259);
#4812=AXIS2_PLACEMENT_3D('',#7712,#6260,#6261);
#4813=AXIS2_PLACEMENT_3D('',#7713,#6262,#6263);
#4814=AXIS2_PLACEMENT_3D('',#7714,#6264,#6265);
#4815=AXIS2_PLACEMENT_3D('',#7715,#6266,#6267);
#4816=AXIS2_PLACEMENT_3D('',#7716,#6268,#6269);
#4817=AXIS2_PLACEMENT_3D('',#7717,#6270,#6271);
#4818=AXIS2_PLACEMENT_3D('',#7718,#6272,#6273);
#4819=AXIS2_PLACEMENT_3D('',#7719,#6274,#6275);
#4820=AXIS2_PLACEMENT_3D('',#7720,#6276,#6277);
#4821=AXIS2_PLACEMENT_3D('',#7721,#6278,#6279);
#4822=AXIS2_PLACEMENT_3D('',#7722,#6280,#6281);
#4823=AXIS2_PLACEMENT_3D('',#7723,#6282,#6283);
#4824=AXIS2_PLACEMENT_3D('',#7724,#6284,#6285);
#4825=AXIS2_PLACEMENT_3D('',#7725,#6286,#6287);
#4826=AXIS2_PLACEMENT_3D('',#7726,#6288,#6289);
#4827=AXIS2_PLACEMENT_3D('',#7727,#6290,#6291);
#4828=AXIS2_PLACEMENT_3D('',#7728,#6292,#6293);
#4829=AXIS2_PLACEMENT_3D('',#7729,#6294,#6295);
#4830=DIRECTION('',(0.,0.,1.));
#4831=DIRECTION('',(1.,0.,0.));
#4832=DIRECTION('',(0.5,0.866025403784439,0.));
#4833=DIRECTION('',(-0.866025403784439,0.5,0.));
#4834=DIRECTION('',(0.866025403784439,-0.5,0.));
#4835=DIRECTION('',(0.5,0.866025403784439,0.));
#4836=DIRECTION('',(-0.866025403784439,0.5,0.));
#4837=DIRECTION('',(0.,0.,-1.));
#4838=DIRECTION('',(0.5,0.866025403784439,0.));
#4839=DIRECTION('',(-0.866025403784439,0.5,0.));
#4840=DIRECTION('',(0.,0.,-1.));
#4841=DIRECTION('',(0.5,0.866025403784439,0.));
#4842=DIRECTION('',(-0.866025403784439,0.5,0.));
#4843=DIRECTION('',(0.866025403784439,-0.5,0.));
#4844=DIRECTION('',(0.5,0.866025403784439,0.));
#4845=DIRECTION('',(-0.866025403784439,0.5,0.));
#4846=DIRECTION('',(0.866025403784439,-0.5,0.));
#4847=DIRECTION('',(0.5,0.866025403784439,0.));
#4848=DIRECTION('',(-0.866025403784439,0.5,0.));
#4849=DIRECTION('',(0.,0.,-1.));
#4850=DIRECTION('',(0.5,0.866025403784439,0.));
#4851=DIRECTION('',(-0.866025403784439,0.5,0.));
#4852=DIRECTION('',(0.5,0.866025403784439,0.));
#4853=DIRECTION('',(-0.866025403784439,0.5,0.));
#4854=DIRECTION('',(0.866025403784439,-0.5,0.));
#4855=DIRECTION('',(0.5,0.866025403784439,0.));
#4856=DIRECTION('',(-0.866025403784439,0.5,0.));
#4857=DIRECTION('',(0.,0.,1.));
#4858=DIRECTION('',(0.5,0.866025403784439,0.));
#4859=DIRECTION('',(-0.866025403784439,0.5,0.));
#4860=DIRECTION('',(0.866025403784439,-0.5,0.));
#4861=DIRECTION('',(0.5,0.866025403784439,0.));
#4862=DIRECTION('',(-0.866025403784439,0.5,0.));
#4863=DIRECTION('',(0.,0.,1.));
#4864=DIRECTION('',(1.,0.,0.));
#4865=DIRECTION('',(0.,0.,-1.));
#4866=DIRECTION('',(0.,0.,-1.));
#4867=DIRECTION('',(1.,0.,0.));
#4868=DIRECTION('',(0.,0.,-1.));
#4869=DIRECTION('',(0.,-1.,0.));
#4870=DIRECTION('',(1.,0.,0.));
#4871=DIRECTION('',(0.,0.,-1.));
#4872=DIRECTION('',(0.,-1.,0.));
#4873=DIRECTION('',(1.,0.,0.));
#4874=DIRECTION('',(0.,0.,-1.));
#4875=DIRECTION('',(0.,0.,-1.));
#4876=DIRECTION('',(1.,0.,0.));
#4877=DIRECTION('',(0.,0.,-1.));
#4878=DIRECTION('',(0.,-1.,0.));
#4879=DIRECTION('',(1.,0.,0.));
#4880=DIRECTION('',(0.,0.,-1.));
#4881=DIRECTION('',(0.,0.,-1.));
#4882=DIRECTION('',(1.,0.,0.));
#4883=DIRECTION('',(0.,0.,-1.));
#4884=DIRECTION('',(1.,0.,0.));
#4885=DIRECTION('',(0.,0.,-1.));
#4886=DIRECTION('',(0.,-1.,0.));
#4887=DIRECTION('',(1.,0.,0.));
#4888=DIRECTION('',(0.,0.,-1.));
#4889=DIRECTION('',(0.,0.,1.));
#4890=DIRECTION('',(1.,0.,0.));
#4891=DIRECTION('',(0.,0.,-1.));
#4892=DIRECTION('',(0.,-1.,0.));
#4893=DIRECTION('',(1.,0.,0.));
#4894=DIRECTION('',(0.,0.,-1.));
#4895=DIRECTION('',(0.,0.,1.));
#4896=DIRECTION('',(0.,0.,1.));
#4897=DIRECTION('',(1.,0.,0.));
#4898=DIRECTION('',(-1.,-8.75159550937582E-17,0.));
#4899=DIRECTION('',(0.,-1.,0.));
#4900=DIRECTION('',(1.,0.,0.));
#4901=DIRECTION('',(-0.5,-0.866025403784439,0.));
#4902=DIRECTION('',(0.866025403784439,-0.5,0.));
#4903=DIRECTION('',(0.5,0.866025403784439,0.));
#4904=DIRECTION('',(0.,0.,1.));
#4905=DIRECTION('',(1.,0.,0.));
#4906=DIRECTION('',(0.,0.,1.));
#4907=DIRECTION('',(1.,0.,0.));
#4908=DIRECTION('',(0.,0.,1.));
#4909=DIRECTION('',(1.,0.,0.));
#4910=DIRECTION('',(0.,0.,1.));
#4911=DIRECTION('',(1.,0.,0.));
#4912=DIRECTION('',(0.,0.,1.));
#4913=DIRECTION('',(1.,0.,0.));
#4914=DIRECTION('',(0.,0.,1.));
#4915=DIRECTION('',(1.,0.,0.));
#4916=DIRECTION('',(0.,0.,1.));
#4917=DIRECTION('',(1.,0.,0.));
#4918=DIRECTION('',(-0.5,-0.866025403784439,0.));
#4919=DIRECTION('',(1.,0.,0.));
#4920=DIRECTION('',(0.,-1.,0.));
#4921=DIRECTION('',(-1.,-8.75159550937582E-17,0.));
#4922=DIRECTION('',(0.,0.,1.));
#4923=DIRECTION('',(1.,0.,0.));
#4924=DIRECTION('',(0.5,0.866025403784439,0.));
#4925=DIRECTION('',(0.866025403784439,-0.5,0.));
#4926=DIRECTION('',(0.,0.,1.));
#4927=DIRECTION('',(1.,0.,0.));
#4928=DIRECTION('',(0.,0.,1.));
#4929=DIRECTION('',(1.,0.,0.));
#4930=DIRECTION('',(0.,0.,1.));
#4931=DIRECTION('',(1.,0.,0.));
#4932=DIRECTION('',(0.,0.,1.));
#4933=DIRECTION('',(1.,0.,0.));
#4934=DIRECTION('',(0.,0.,1.));
#4935=DIRECTION('',(1.,0.,0.));
#4936=DIRECTION('',(8.75159550937582E-17,-1.,0.));
#4937=DIRECTION('',(1.,8.75159550937582E-17,0.));
#4938=DIRECTION('',(0.,0.,-1.));
#4939=DIRECTION('',(-1.,-8.75159550937582E-17,0.));
#4940=DIRECTION('',(0.,0.,-1.));
#4941=DIRECTION('',(-1.,-8.75159550937582E-17,0.));
#4942=DIRECTION('',(0.,0.,1.));
#4943=DIRECTION('',(1.,0.,0.));
#4944=DIRECTION('',(0.,0.,1.));
#4945=DIRECTION('',(1.,0.,0.));
#4946=DIRECTION('',(0.5,0.866025403784439,0.));
#4947=DIRECTION('',(0.866025403784439,-0.5,0.));
#4948=DIRECTION('',(-0.5,-0.866025403784439,0.));
#4949=DIRECTION('',(1.,-4.8441261673496E-17,0.));
#4950=DIRECTION('',(0.,0.,1.));
#4951=DIRECTION('',(1.,0.,0.));
#4952=DIRECTION('',(0.5,0.866025403784439,0.));
#4953=DIRECTION('',(0.,0.,1.));
#4954=DIRECTION('',(1.,0.,0.));
#4955=DIRECTION('',(0.5,0.866025403784439,0.));
#4956=DIRECTION('',(0.,0.,1.));
#4957=DIRECTION('',(1.,0.,0.));
#4958=DIRECTION('',(0.,-1.,0.));
#4959=DIRECTION('',(1.,0.,0.));
#4960=DIRECTION('',(0.,0.,1.));
#4961=DIRECTION('',(1.,0.,0.));
#4962=DIRECTION('',(1.,0.,0.));
#4963=DIRECTION('',(0.,0.,1.));
#4964=DIRECTION('',(1.,0.,0.));
#4965=DIRECTION('',(1.,0.,0.));
#4966=DIRECTION('',(0.,0.,1.));
#4967=DIRECTION('',(1.,0.,0.));
#4968=DIRECTION('',(-0.5,-0.866025403784439,0.));
#4969=DIRECTION('',(1.,0.,0.));
#4970=DIRECTION('',(0.,0.,1.));
#4971=DIRECTION('',(1.,0.,0.));
#4972=DIRECTION('',(0.,0.,1.));
#4973=DIRECTION('',(1.,0.,0.));
#4974=DIRECTION('',(1.,0.,0.));
#4975=DIRECTION('',(0.,-1.,0.));
#4976=DIRECTION('',(-1.,-8.75159550937582E-17,0.));
#4977=DIRECTION('',(0.500000000000006,-0.866025403784435,0.));
#4978=DIRECTION('',(0.,0.,1.));
#4979=DIRECTION('',(1.,0.,0.));
#4980=DIRECTION('',(1.,0.,0.));
#4981=DIRECTION('',(0.,0.,1.));
#4982=DIRECTION('',(1.,0.,0.));
#4983=DIRECTION('',(1.,0.,0.));
#4984=DIRECTION('',(0.,0.,1.));
#4985=DIRECTION('',(1.,0.,0.));
#4986=DIRECTION('',(0.,0.,1.));
#4987=DIRECTION('',(1.,0.,0.));
#4988=DIRECTION('',(-0.5,-0.866025403784439,0.));
#4989=DIRECTION('',(0.866025403784439,-0.5,0.));
#4990=DIRECTION('',(0.5,0.866025403784439,0.));
#4991=DIRECTION('',(-0.500000000000006,0.866025403784435,0.));
#4992=DIRECTION('',(0.,0.,1.));
#4993=DIRECTION('',(1.,0.,0.));
#4994=DIRECTION('',(-0.5,-0.866025403784439,0.));
#4995=DIRECTION('',(0.,0.,1.));
#4996=DIRECTION('',(1.,0.,0.));
#4997=DIRECTION('',(-0.5,-0.866025403784439,0.));
#4998=DIRECTION('',(0.,0.,1.));
#4999=DIRECTION('',(1.,0.,0.));
#5000=DIRECTION('',(0.,-1.,0.));
#5001=DIRECTION('',(-1.,0.,0.));
#5002=DIRECTION('',(0.,0.,1.));
#5003=DIRECTION('',(1.,0.,0.));
#5004=DIRECTION('',(-1.,0.,0.));
#5005=DIRECTION('',(0.,0.,1.));
#5006=DIRECTION('',(1.,0.,0.));
#5007=DIRECTION('',(-1.,0.,0.));
#5008=DIRECTION('',(0.,0.,1.));
#5009=DIRECTION('',(1.,0.,0.));
#5010=DIRECTION('',(-0.500000000000006,0.866025403784435,0.));
#5011=DIRECTION('',(-1.,-8.75159550937582E-17,0.));
#5012=DIRECTION('',(0.,0.,1.));
#5013=DIRECTION('',(1.,0.,0.));
#5014=DIRECTION('',(0.,0.,1.));
#5015=DIRECTION('',(1.,0.,0.));
#5016=DIRECTION('',(-1.,0.,0.));
#5017=DIRECTION('',(0.,-1.,0.));
#5018=DIRECTION('',(1.,0.,0.));
#5019=DIRECTION('',(0.5,0.866025403784439,0.));
#5020=DIRECTION('',(0.,0.,1.));
#5021=DIRECTION('',(1.,0.,0.));
#5022=DIRECTION('',(-1.,0.,0.));
#5023=DIRECTION('',(0.,0.,1.));
#5024=DIRECTION('',(1.,0.,0.));
#5025=DIRECTION('',(-1.,0.,0.));
#5026=DIRECTION('',(0.,0.,1.));
#5027=DIRECTION('',(1.,0.,0.));
#5028=DIRECTION('',(0.866025403784439,-0.5,0.));
#5029=DIRECTION('',(-0.5,-0.866025403784439,0.));
#5030=DIRECTION('',(0.,0.,1.));
#5031=DIRECTION('',(1.,0.,0.));
#5032=DIRECTION('',(-0.5,-0.866025403784439,0.));
#5033=DIRECTION('',(0.,0.,1.));
#5034=DIRECTION('',(1.,0.,0.));
#5035=DIRECTION('',(-0.5,-0.866025403784439,0.));
#5036=DIRECTION('',(0.,0.,1.));
#5037=DIRECTION('',(1.,0.,0.));
#5038=DIRECTION('',(-1.,4.8441261673496E-17,0.));
#5039=DIRECTION('',(-0.5,-0.866025403784439,0.));
#5040=DIRECTION('',(0.,1.,0.));
#5041=DIRECTION('',(0.,0.,1.));
#5042=DIRECTION('',(0.,0.,1.));
#5043=DIRECTION('',(1.,0.,0.));
#5044=DIRECTION('',(0.,0.,-1.));
#5045=DIRECTION('',(1.,0.,0.));
#5046=DIRECTION('',(0.,0.,-1.));
#5047=DIRECTION('',(-1.,0.,0.));
#5048=DIRECTION('',(0.,0.,-1.));
#5049=DIRECTION('',(0.,0.,1.));
#5050=DIRECTION('',(1.,0.,0.));
#5051=DIRECTION('',(0.,0.,-1.));
#5052=DIRECTION('',(0.,0.,1.));
#5053=DIRECTION('',(1.,0.,0.));
#5054=DIRECTION('',(0.,0.,-1.));
#5055=DIRECTION('',(-1.,0.,0.));
#5056=DIRECTION('',(0.,0.,-1.));
#5057=DIRECTION('',(0.,0.,1.));
#5058=DIRECTION('',(1.,0.,0.));
#5059=DIRECTION('',(0.,0.,-1.));
#5060=DIRECTION('',(0.,0.,1.));
#5061=DIRECTION('',(1.,0.,0.));
#5062=DIRECTION('',(0.,0.,-1.));
#5063=DIRECTION('',(-1.,0.,0.));
#5064=DIRECTION('',(0.,0.,-1.));
#5065=DIRECTION('',(0.,0.,1.));
#5066=DIRECTION('',(1.,0.,0.));
#5067=DIRECTION('',(0.,0.,-1.));
#5068=DIRECTION('',(0.,0.,1.));
#5069=DIRECTION('',(1.,0.,0.));
#5070=DIRECTION('',(0.,0.,-1.));
#5071=DIRECTION('',(-1.,0.,0.));
#5072=DIRECTION('',(0.,0.,-1.));
#5073=DIRECTION('',(0.,0.,1.));
#5074=DIRECTION('',(1.,0.,0.));
#5075=DIRECTION('',(0.,0.,-1.));
#5076=DIRECTION('',(0.,0.,1.));
#5077=DIRECTION('',(1.,0.,0.));
#5078=DIRECTION('',(0.,0.,-1.));
#5079=DIRECTION('',(-1.,0.,0.));
#5080=DIRECTION('',(0.,0.,-1.));
#5081=DIRECTION('',(0.,0.,1.));
#5082=DIRECTION('',(1.,0.,0.));
#5083=DIRECTION('',(0.,0.,-1.));
#5084=DIRECTION('',(0.,0.,1.));
#5085=DIRECTION('',(1.,0.,0.));
#5086=DIRECTION('',(0.,0.,-1.));
#5087=DIRECTION('',(-1.,0.,0.));
#5088=DIRECTION('',(0.,0.,-1.));
#5089=DIRECTION('',(0.,0.,1.));
#5090=DIRECTION('',(1.,0.,0.));
#5091=DIRECTION('',(0.,0.,-1.));
#5092=DIRECTION('',(0.,0.,1.));
#5093=DIRECTION('',(1.,0.,0.));
#5094=DIRECTION('',(0.,0.,-1.));
#5095=DIRECTION('',(-1.,0.,0.));
#5096=DIRECTION('',(0.,0.,-1.));
#5097=DIRECTION('',(0.,0.,1.));
#5098=DIRECTION('',(1.,0.,0.));
#5099=DIRECTION('',(0.,0.,-1.));
#5100=DIRECTION('',(0.,0.,1.));
#5101=DIRECTION('',(1.,0.,0.));
#5102=DIRECTION('',(0.,0.,-1.));
#5103=DIRECTION('',(-1.,0.,0.));
#5104=DIRECTION('',(0.,0.,-1.));
#5105=DIRECTION('',(0.,0.,1.));
#5106=DIRECTION('',(1.,0.,0.));
#5107=DIRECTION('',(0.,0.,-1.));
#5108=DIRECTION('',(0.,0.,1.));
#5109=DIRECTION('',(1.,0.,0.));
#5110=DIRECTION('',(0.,0.,-1.));
#5111=DIRECTION('',(-1.,0.,0.));
#5112=DIRECTION('',(0.,0.,-1.));
#5113=DIRECTION('',(0.,0.,1.));
#5114=DIRECTION('',(1.,0.,0.));
#5115=DIRECTION('',(0.,0.,-1.));
#5116=DIRECTION('',(0.,0.,1.));
#5117=DIRECTION('',(1.,0.,0.));
#5118=DIRECTION('',(1.,0.,0.));
#5119=DIRECTION('',(0.,0.,-1.));
#5120=DIRECTION('',(0.,0.,-1.));
#5121=DIRECTION('',(1.,0.,0.));
#5122=DIRECTION('',(0.,0.,-1.));
#5123=DIRECTION('',(0.,-1.,0.));
#5124=DIRECTION('',(0.5,0.866025403784439,0.));
#5125=DIRECTION('',(-0.866025403784439,0.5,0.));
#5126=DIRECTION('',(0.,0.,-1.));
#5127=DIRECTION('',(0.5,0.866025403784439,0.));
#5128=DIRECTION('',(-0.866025403784439,0.5,0.));
#5129=DIRECTION('',(0.866025403784439,-0.5,0.));
#5130=DIRECTION('',(0.,1.,0.));
#5131=DIRECTION('',(0.,0.,1.));
#5132=DIRECTION('',(1.,0.,0.));
#5133=DIRECTION('',(0.,0.,-1.));
#5134=DIRECTION('',(1.,0.,0.));
#5135=DIRECTION('',(0.,0.,-1.));
#5136=DIRECTION('',(0.866025403784439,-0.5,0.));
#5137=DIRECTION('',(0.5,0.866025403784439,0.));
#5138=DIRECTION('',(-0.5,-0.866025403784439,0.));
#5139=DIRECTION('',(0.,0.,-1.));
#5140=DIRECTION('',(-0.5,-0.866025403784439,0.));
#5141=DIRECTION('',(0.,0.,-1.));
#5142=DIRECTION('',(-0.866025403784439,0.5,0.));
#5143=DIRECTION('',(-0.5,-0.866025403784439,0.));
#5144=DIRECTION('',(0.,0.,-1.));
#5145=DIRECTION('',(0.5,0.866025403784439,0.));
#5146=DIRECTION('',(0.,0.,1.));
#5147=DIRECTION('',(0.5,0.866025403784439,0.));
#5148=DIRECTION('',(8.75159550937582E-17,-1.,0.));
#5149=DIRECTION('',(1.,8.75159550937582E-17,0.));
#5150=DIRECTION('',(0.,0.,1.));
#5151=DIRECTION('',(-1.,-8.75159550937582E-17,0.));
#5152=DIRECTION('',(0.,0.,-1.));
#5153=DIRECTION('',(-1.,-8.75159550937582E-17,0.));
#5154=DIRECTION('',(0.,0.,-1.));
#5155=DIRECTION('',(-1.,0.,0.));
#5156=DIRECTION('',(0.,0.,-1.));
#5157=DIRECTION('',(-1.,0.,0.));
#5158=DIRECTION('',(0.,0.,-1.));
#5159=DIRECTION('',(-1.,0.,0.));
#5160=DIRECTION('',(0.,0.,-1.));
#5161=DIRECTION('',(-1.,0.,0.));
#5162=DIRECTION('',(0.,0.,-1.));
#5163=DIRECTION('',(-1.,0.,0.));
#5164=DIRECTION('',(0.866025403784439,-0.5,0.));
#5165=DIRECTION('',(0.5,0.866025403784439,0.));
#5166=DIRECTION('',(0.,0.,-1.));
#5167=DIRECTION('',(-0.5,-0.866025403784439,0.));
#5168=DIRECTION('',(0.,0.,-1.));
#5169=DIRECTION('',(-0.5,-0.866025403784439,0.));
#5170=DIRECTION('',(-0.866025403784439,0.5,0.));
#5171=DIRECTION('',(-0.5,-0.866025403784439,0.));
#5172=DIRECTION('',(0.,0.,1.));
#5173=DIRECTION('',(0.5,0.866025403784439,0.));
#5174=DIRECTION('',(0.,0.,-1.));
#5175=DIRECTION('',(0.5,0.866025403784439,0.));
#5176=DIRECTION('',(0.,0.,-1.));
#5177=DIRECTION('',(-1.,0.,0.));
#5178=DIRECTION('',(0.,0.,-1.));
#5179=DIRECTION('',(0.,0.,1.));
#5180=DIRECTION('',(1.,0.,0.));
#5181=DIRECTION('',(0.,0.,-1.));
#5182=DIRECTION('',(0.,0.,1.));
#5183=DIRECTION('',(1.,0.,0.));
#5184=DIRECTION('',(0.,0.,-1.));
#5185=DIRECTION('',(-1.,0.,0.));
#5186=DIRECTION('',(0.,0.,-1.));
#5187=DIRECTION('',(0.,0.,1.));
#5188=DIRECTION('',(1.,0.,0.));
#5189=DIRECTION('',(0.,0.,-1.));
#5190=DIRECTION('',(0.,0.,1.));
#5191=DIRECTION('',(1.,0.,0.));
#5192=DIRECTION('',(0.,0.,-1.));
#5193=DIRECTION('',(-1.,0.,0.));
#5194=DIRECTION('',(0.,0.,-1.));
#5195=DIRECTION('',(0.,0.,1.));
#5196=DIRECTION('',(1.,0.,0.));
#5197=DIRECTION('',(0.,0.,-1.));
#5198=DIRECTION('',(0.,0.,1.));
#5199=DIRECTION('',(1.,0.,0.));
#5200=DIRECTION('',(0.,0.,1.));
#5201=DIRECTION('',(1.,0.,0.));
#5202=DIRECTION('',(0.866025403784439,-0.5,0.));
#5203=DIRECTION('',(0.5,0.866025403784439,0.));
#5204=DIRECTION('',(0.,0.,1.));
#5205=DIRECTION('',(1.,0.,0.));
#5206=DIRECTION('',(0.5,0.866025403784439,0.));
#5207=DIRECTION('',(0.,0.,1.));
#5208=DIRECTION('',(1.,0.,0.));
#5209=DIRECTION('',(0.5,0.866025403784439,0.));
#5210=DIRECTION('',(0.,0.,1.));
#5211=DIRECTION('',(1.,0.,0.));
#5212=DIRECTION('',(0.500000000000006,-0.866025403784435,0.));
#5213=DIRECTION('',(0.5,0.866025403784439,0.));
#5214=DIRECTION('',(-0.866025403784439,0.5,0.));
#5215=DIRECTION('',(-0.5,-0.866025403784439,0.));
#5216=DIRECTION('',(-0.5,-0.866025403784439,0.));
#5217=DIRECTION('',(0.5,0.866025403784439,0.));
#5218=DIRECTION('',(-0.866025403784439,0.5,0.));
#5219=DIRECTION('',(-0.5,-0.866025403784439,0.));
#5220=DIRECTION('',(0.,0.,-1.));
#5221=DIRECTION('',(-0.5,-0.866025403784439,0.));
#5222=DIRECTION('',(0.,0.,1.));
#5223=DIRECTION('',(0.5,0.866025403784439,0.));
#5224=DIRECTION('',(0.866025403784435,0.500000000000006,0.));
#5225=DIRECTION('',(-0.500000000000006,0.866025403784435,0.));
#5226=DIRECTION('',(0.,0.,-1.));
#5227=DIRECTION('',(-0.500000000000006,0.866025403784435,0.));
#5228=DIRECTION('',(0.500000000000006,-0.866025403784435,0.));
#5229=DIRECTION('',(0.866025403784435,0.500000000000006,0.));
#5230=DIRECTION('',(-0.500000000000006,0.866025403784435,0.));
#5231=DIRECTION('',(-0.500000000000006,0.866025403784435,0.));
#5232=DIRECTION('',(0.,0.,1.));
#5233=DIRECTION('',(0.500000000000006,-0.866025403784435,0.));
#5234=DIRECTION('',(0.866025403784439,-0.5,0.));
#5235=DIRECTION('',(0.5,0.866025403784439,0.));
#5236=DIRECTION('',(0.5,0.866025403784439,0.));
#5237=DIRECTION('',(0.,0.,1.));
#5238=DIRECTION('',(-0.5,-0.866025403784439,0.));
#5239=DIRECTION('',(4.8441261673496E-17,1.,0.));
#5240=DIRECTION('',(-1.,4.8441261673496E-17,0.));
#5241=DIRECTION('',(0.,0.,-1.));
#5242=DIRECTION('',(-1.,4.8441261673496E-17,0.));
#5243=DIRECTION('',(1.,-4.8441261673496E-17,0.));
#5244=DIRECTION('',(-0.866025403784439,0.5,0.));
#5245=DIRECTION('',(-0.5,-0.866025403784439,0.));
#5246=DIRECTION('',(0.,0.,1.));
#5247=DIRECTION('',(-0.5,-0.866025403784439,0.));
#5248=DIRECTION('',(0.,0.,-1.));
#5249=DIRECTION('',(0.5,0.866025403784439,0.));
#5250=DIRECTION('',(-0.866025403784439,0.5,0.));
#5251=DIRECTION('',(-0.5,-0.866025403784439,0.));
#5252=DIRECTION('',(0.,0.,1.));
#5253=DIRECTION('',(-0.5,-0.866025403784439,0.));
#5254=DIRECTION('',(0.,0.,1.));
#5255=DIRECTION('',(0.5,0.866025403784439,0.));
#5256=DIRECTION('',(0.,1.,0.));
#5257=DIRECTION('',(0.,0.,1.));
#5258=DIRECTION('',(0.,0.,-1.));
#5259=DIRECTION('',(-1.,0.,0.));
#5260=DIRECTION('',(0.,0.,-1.));
#5261=DIRECTION('',(1.,0.,0.));
#5262=DIRECTION('',(0.,1.,0.));
#5263=DIRECTION('',(0.,0.,1.));
#5264=DIRECTION('',(0.,0.,1.));
#5265=DIRECTION('',(-1.,0.,0.));
#5266=DIRECTION('',(0.,0.,1.));
#5267=DIRECTION('',(1.,0.,0.));
#5268=DIRECTION('',(0.,1.,0.));
#5269=DIRECTION('',(0.,0.,1.));
#5270=DIRECTION('',(0.,0.,-1.));
#5271=DIRECTION('',(-1.,0.,0.));
#5272=DIRECTION('',(0.,0.,-1.));
#5273=DIRECTION('',(1.,0.,0.));
#5274=DIRECTION('',(0.,1.,0.));
#5275=DIRECTION('',(0.,0.,1.));
#5276=DIRECTION('',(0.,0.,1.));
#5277=DIRECTION('',(-1.,0.,0.));
#5278=DIRECTION('',(0.,0.,1.));
#5279=DIRECTION('',(1.,0.,0.));
#5280=DIRECTION('',(0.,1.,0.));
#5281=DIRECTION('',(0.,0.,1.));
#5282=DIRECTION('',(0.,0.,1.));
#5283=DIRECTION('',(-1.,0.,0.));
#5284=DIRECTION('',(0.,0.,1.));
#5285=DIRECTION('',(1.,0.,0.));
#5286=DIRECTION('',(0.,1.,0.));
#5287=DIRECTION('',(0.,0.,1.));
#5288=DIRECTION('',(0.,0.,1.));
#5289=DIRECTION('',(-1.,0.,0.));
#5290=DIRECTION('',(0.,0.,-1.));
#5291=DIRECTION('',(1.,0.,0.));
#5292=DIRECTION('',(-0.866025403784438,0.5,0.));
#5293=DIRECTION('',(-0.5,-0.866025403784439,0.));
#5294=DIRECTION('',(0.,0.,1.));
#5295=DIRECTION('',(-0.5,-0.866025403784439,0.));
#5296=DIRECTION('',(0.,0.,1.));
#5297=DIRECTION('',(0.5,0.866025403784439,0.));
#5298=DIRECTION('',(-0.866025403784438,0.5,0.));
#5299=DIRECTION('',(-0.5,-0.866025403784439,0.));
#5300=DIRECTION('',(0.,0.,-1.));
#5301=DIRECTION('',(-0.5,-0.866025403784439,0.));
#5302=DIRECTION('',(0.,0.,-1.));
#5303=DIRECTION('',(0.5,0.866025403784439,0.));
#5304=DIRECTION('',(0.,0.,1.));
#5305=DIRECTION('',(1.,0.,0.));
#5306=DIRECTION('',(0.,0.,1.));
#5307=DIRECTION('',(0.,0.,1.));
#5308=DIRECTION('',(1.,0.,0.));
#5309=DIRECTION('',(0.,0.,1.));
#5310=DIRECTION('',(0.,0.,1.));
#5311=DIRECTION('',(1.,0.,0.));
#5312=DIRECTION('',(0.,0.,1.));
#5313=DIRECTION('',(1.,0.,0.));
#5314=DIRECTION('',(-1.20185167898937E-13,-2.08166817117142E-13,1.));
#5315=DIRECTION('',(0.,-1.,-2.08166817117142E-13));
#5316=DIRECTION('',(6.00925839494803E-14,-1.04083408558588E-13,-1.));
#5317=DIRECTION('',(0.,1.,-1.04083408558588E-13));
#5318=DIRECTION('',(0.,0.,1.));
#5319=DIRECTION('',(1.,0.,0.));
#5320=DIRECTION('',(1.25192883228085E-13,-2.16840434497163E-13,1.));
#5321=DIRECTION('',(0.,-1.,-2.16840434497163E-13));
#5322=DIRECTION('',(1.20185167898976E-13,0.,-1.));
#5323=DIRECTION('',(-1.,0.,-1.20185167898976E-13));
#5324=DIRECTION('',(0.,0.,-1.));
#5325=DIRECTION('',(-1.,0.,0.));
#5326=DIRECTION('',(-1.05671006694807E-15,1.73472347597679E-15,1.));
#5327=DIRECTION('',(0.,-1.,1.73472347597679E-15));
#5328=DIRECTION('',(0.,0.,-1.));
#5329=DIRECTION('',(-1.,0.,0.));
#5330=DIRECTION('',(0.,1.3010426069826E-15,-1.));
#5331=DIRECTION('',(0.,1.,1.3010426069826E-15));
#5332=DIRECTION('',(-1.,0.,0.));
#5333=DIRECTION('',(0.,0.,1.));
#5334=DIRECTION('',(0.52023121387283,-0.854025458702726,0.));
#5335=DIRECTION('',(0.854025458702726,0.52023121387283,0.));
#5336=DIRECTION('',(0.,0.,-1.));
#5337=DIRECTION('',(-1.,0.,0.));
#5338=DIRECTION('',(0.,0.,-1.));
#5339=DIRECTION('',(-1.,0.,0.));
#5340=DIRECTION('',(-2.03123157313352E-15,0.,1.));
#5341=DIRECTION('',(1.,0.,2.03123157313352E-15));
#5342=DIRECTION('',(0.,0.,1.));
#5343=DIRECTION('',(1.,0.,0.));
#5344=DIRECTION('',(0.520231213872836,0.854025458702723,-7.03711555839399E-15));
#5345=DIRECTION('',(-0.854025458702723,0.520231213872836,0.));
#5346=DIRECTION('',(-0.52023121387283,0.854025458702726,0.));
#5347=DIRECTION('',(-0.854025458702727,-0.52023121387283,0.));
#5348=DIRECTION('',(0.,-1.73472347597681E-15,-1.));
#5349=DIRECTION('',(0.,1.,-1.73472347597681E-15));
#5350=DIRECTION('',(-1.,0.,0.));
#5351=DIRECTION('',(0.,0.,1.));
#5352=DIRECTION('',(0.,-2.60208521396521E-15,1.));
#5353=DIRECTION('',(0.,-1.,-2.60208521396521E-15));
#5354=DIRECTION('',(-1.,0.,0.));
#5355=DIRECTION('',(0.,0.,1.));
#5356=DIRECTION('',(0.52023121387283,0.854025458702726,0.));
#5357=DIRECTION('',(-0.854025458702726,0.52023121387283,0.));
#5358=DIRECTION('',(0.,0.,1.));
#5359=DIRECTION('',(1.,0.,0.));
#5360=DIRECTION('',(-0.520231213872836,0.854025458702723,7.037115558394E-15));
#5361=DIRECTION('',(-0.854025458702723,-0.520231213872836,0.));
#5362=DIRECTION('',(0.,0.,1.));
#5363=DIRECTION('',(1.,0.,0.));
#5364=DIRECTION('',(-0.520231213872836,-0.854025458702723,-6.29636655224725E-15));
#5365=DIRECTION('',(0.854025458702723,-0.520231213872836,0.));
#5366=DIRECTION('',(0.,0.,-1.));
#5367=DIRECTION('',(-1.,0.,0.));
#5368=DIRECTION('',(0.,0.,-1.));
#5369=DIRECTION('',(-1.,0.,0.));
#5370=DIRECTION('',(2.03123157313352E-15,0.,1.));
#5371=DIRECTION('',(1.,0.,-2.03123157313352E-15));
#5372=DIRECTION('',(0.,0.,1.));
#5373=DIRECTION('',(1.,0.,0.));
#5374=DIRECTION('',(0.520231213872836,-0.854025458702723,6.29636655224726E-15));
#5375=DIRECTION('',(0.854025458702723,0.520231213872836,0.));
#5376=DIRECTION('',(-0.52023121387283,-0.854025458702726,0.));
#5377=DIRECTION('',(0.854025458702726,-0.52023121387283,0.));
#5378=DIRECTION('',(0.,8.67361737988403E-16,1.));
#5379=DIRECTION('',(0.,-1.,8.67361737988403E-16));
#5380=DIRECTION('',(-1.,0.,0.));
#5381=DIRECTION('',(0.,0.,1.));
#5382=DIRECTION('',(-1.,0.,0.));
#5383=DIRECTION('',(0.,0.,1.));
#5384=DIRECTION('',(1.,0.,0.));
#5385=DIRECTION('',(0.,0.,-1.));
#5386=DIRECTION('',(0.,0.,-1.));
#5387=DIRECTION('',(-1.,0.,0.));
#5388=DIRECTION('',(1.05671006694807E-15,-1.73472347597679E-15,1.));
#5389=DIRECTION('',(0.,-1.,-1.73472347597679E-15));
#5390=DIRECTION('',(0.,0.,-1.));
#5391=DIRECTION('',(-1.,0.,0.));
#5392=DIRECTION('',(0.,-2.60208521396521E-15,-1.));
#5393=DIRECTION('',(0.,1.,-2.60208521396521E-15));
#5394=DIRECTION('',(1.,0.,0.));
#5395=DIRECTION('',(0.,0.,-1.));
#5396=DIRECTION('',(1.,0.,0.));
#5397=DIRECTION('',(0.,0.,-1.));
#5398=DIRECTION('',(1.,0.,0.));
#5399=DIRECTION('',(0.,0.,-1.));
#5400=DIRECTION('',(0.,0.,-1.));
#5401=DIRECTION('',(-1.,0.,0.));
#5402=DIRECTION('',(0.,0.,-1.));
#5403=DIRECTION('',(-1.,0.,0.));
#5404=DIRECTION('',(9.02517612232228E-16,-1.73472347597687E-15,1.));
#5405=DIRECTION('',(0.,-1.,-1.73472347597687E-15));
#5406=DIRECTION('',(1.,0.,0.));
#5407=DIRECTION('',(0.,0.,-1.));
#5408=DIRECTION('',(1.,0.,0.));
#5409=DIRECTION('',(0.,0.,-1.));
#5410=DIRECTION('',(0.,8.67361737988403E-16,-1.));
#5411=DIRECTION('',(0.,1.,8.67361737988403E-16));
#5412=DIRECTION('',(1.,0.,0.));
#5413=DIRECTION('',(0.,0.,-1.));
#5414=DIRECTION('',(0.,1.3010426069826E-15,1.));
#5415=DIRECTION('',(0.,-1.,1.3010426069826E-15));
#5416=DIRECTION('',(1.,0.,0.));
#5417=DIRECTION('',(0.,0.,-1.));
#5418=DIRECTION('',(-1.,0.,0.));
#5419=DIRECTION('',(0.,0.,1.));
#5420=DIRECTION('',(1.,0.,0.));
#5421=DIRECTION('',(0.,0.,-1.));
#5422=DIRECTION('',(0.,0.,-1.));
#5423=DIRECTION('',(-1.,0.,0.));
#5424=DIRECTION('',(1.95545482650308E-15,0.,1.));
#5425=DIRECTION('',(1.,0.,-1.95545482650308E-15));
#5426=DIRECTION('',(0.,0.,-1.));
#5427=DIRECTION('',(-1.,0.,0.));
#5428=DIRECTION('',(0.,1.73472347597681E-15,-1.));
#5429=DIRECTION('',(0.,1.,1.73472347597681E-15));
#5430=DIRECTION('',(-0.461538461538448,-0.887120199590068,-6.92508706308954E-15));
#5431=DIRECTION('',(0.887120199590068,-0.461538461538448,0.));
#5432=DIRECTION('',(0.,-1.73472347597681E-15,1.));
#5433=DIRECTION('',(0.,-1.,-1.73472347597681E-15));
#5434=DIRECTION('',(1.,0.,0.));
#5435=DIRECTION('',(0.,0.,-1.));
#5436=DIRECTION('',(1.,0.,0.));
#5437=DIRECTION('',(0.,0.,-1.));
#5438=DIRECTION('',(-1.,0.,0.));
#5439=DIRECTION('',(0.,0.,1.));
#5440=DIRECTION('',(0.,2.60208521396521E-15,-1.));
#5441=DIRECTION('',(0.,1.,2.60208521396521E-15));
#5442=DIRECTION('',(-0.46153846153849,0.887120199590046,0.));
#5443=DIRECTION('',(-0.887120199590047,-0.46153846153849,0.));
#5444=DIRECTION('',(0.,2.60208521396521E-15,1.));
#5445=DIRECTION('',(0.,-1.,2.60208521396521E-15));
#5446=DIRECTION('',(-0.461538461538453,0.887120199590066,-4.13943407589848E-14));
#5447=DIRECTION('',(-0.887120199590066,-0.461538461538453,0.));
#5448=DIRECTION('',(1.,0.,0.));
#5449=DIRECTION('',(0.,0.,-1.));
#5450=DIRECTION('',(-1.,0.,0.));
#5451=DIRECTION('',(0.,0.,1.));
#5452=DIRECTION('',(-1.,0.,0.));
#5453=DIRECTION('',(0.,0.,1.));
#5454=DIRECTION('',(-1.,0.,0.));
#5455=DIRECTION('',(0.,0.,1.));
#5456=DIRECTION('',(0.,0.,-1.));
#5457=DIRECTION('',(-1.,0.,0.));
#5458=DIRECTION('',(0.,0.,-1.));
#5459=DIRECTION('',(-1.,0.,0.));
#5460=DIRECTION('',(-1.05671006694803E-15,1.73472347597678E-15,1.));
#5461=DIRECTION('',(0.,-1.,1.73472347597678E-15));
#5462=DIRECTION('',(-1.,0.,0.));
#5463=DIRECTION('',(0.,0.,1.));
#5464=DIRECTION('',(-1.,0.,0.));
#5465=DIRECTION('',(0.,0.,1.));
#5466=DIRECTION('',(0.,0.,1.));
#5467=DIRECTION('',(1.,0.,0.));
#5468=DIRECTION('',(-0.461538461538442,-0.887120199590072,0.));
#5469=DIRECTION('',(0.887120199590072,-0.461538461538442,0.));
#5470=DIRECTION('',(0.,0.,1.));
#5471=DIRECTION('',(1.,0.,0.));
#5472=DIRECTION('',(0.,0.,-1.));
#5473=DIRECTION('',(-1.,0.,0.));
#5474=DIRECTION('',(-2.03123157313352E-15,0.,1.));
#5475=DIRECTION('',(1.,0.,2.03123157313352E-15));
#5476=DIRECTION('',(0.,0.,-1.));
#5477=DIRECTION('',(-1.,0.,0.));
#5478=DIRECTION('',(0.,-3.03576608295941E-15,-1.));
#5479=DIRECTION('',(0.,1.,-3.03576608295941E-15));
#5480=DIRECTION('',(0.520231213872845,0.854025458702717,-1.00001115829809E-14));
#5481=DIRECTION('',(-0.854025458702717,0.520231213872845,0.));
#5482=DIRECTION('',(0.,0.,1.));
#5483=DIRECTION('',(1.,0.,0.));
#5484=DIRECTION('',(0.,0.,1.));
#5485=DIRECTION('',(1.,0.,0.));
#5486=DIRECTION('',(0.,8.67361737988404E-16,-1.));
#5487=DIRECTION('',(0.,1.,8.67361737988404E-16));
#5488=DIRECTION('',(0.520231213872806,-0.854025458702741,0.));
#5489=DIRECTION('',(0.854025458702741,0.520231213872806,0.));
#5490=DIRECTION('',(0.,8.67361737988403E-16,1.));
#5491=DIRECTION('',(0.,-1.,8.67361737988403E-16));
#5492=DIRECTION('',(0.520231213872825,-0.854025458702729,2.22171813587984E-14));
#5493=DIRECTION('',(0.854025458702729,0.520231213872825,0.));
#5494=DIRECTION('',(0.,0.,1.));
#5495=DIRECTION('',(1.,0.,0.));
#5496=DIRECTION('',(0.500000000000006,-0.866025403784435,0.));
#5497=DIRECTION('',(0.866025403784435,0.500000000000006,0.));
#5498=DIRECTION('',(-0.5,0.866025403784437,0.));
#5499=DIRECTION('',(-0.866025403784437,-0.5,0.));
#5500=DIRECTION('',(0.,-3.03576608295941E-15,1.));
#5501=DIRECTION('',(0.,-1.,-3.03576608295941E-15));
#5502=DIRECTION('',(0.520231213872837,0.854025458702722,0.));
#5503=DIRECTION('',(-0.854025458702722,0.520231213872837,0.));
#5504=DIRECTION('',(0.,0.,1.));
#5505=DIRECTION('',(1.,0.,0.));
#5506=DIRECTION('',(-0.520231213872837,0.854025458702722,0.));
#5507=DIRECTION('',(-0.854025458702722,-0.520231213872837,0.));
#5508=DIRECTION('',(-0.5,-0.866025403784439,0.));
#5509=DIRECTION('',(0.866025403784439,-0.5,0.));
#5510=DIRECTION('',(-0.5,-0.86602540378444,7.51157299368581E-15));
#5511=DIRECTION('',(0.86602540378444,-0.5,0.));
#5512=DIRECTION('',(0.,0.,1.));
#5513=DIRECTION('',(1.,0.,0.));
#5514=DIRECTION('',(0.,0.,-1.));
#5515=DIRECTION('',(-1.,0.,0.));
#5516=DIRECTION('',(-2.00308613164954E-15,0.,1.));
#5517=DIRECTION('',(1.,0.,2.00308613164954E-15));
#5518=DIRECTION('',(-0.5,-0.866025403784439,0.));
#5519=DIRECTION('',(0.866025403784439,-0.5,0.));
#5520=DIRECTION('',(-0.5,-0.866025403784439,0.));
#5521=DIRECTION('',(0.866025403784439,-0.5,0.));
#5522=DIRECTION('',(0.,0.,1.));
#5523=DIRECTION('',(1.,0.,0.));
#5524=DIRECTION('',(-0.520231213872845,0.854025458702717,1.00001115829809E-14));
#5525=DIRECTION('',(-0.854025458702717,-0.520231213872845,0.));
#5526=DIRECTION('',(0.,0.,1.));
#5527=DIRECTION('',(1.,0.,0.));
#5528=DIRECTION('',(-0.520231213872825,-0.854025458702729,-2.22171813587983E-14));
#5529=DIRECTION('',(0.854025458702729,-0.520231213872825,0.));
#5530=DIRECTION('',(0.,0.,-1.));
#5531=DIRECTION('',(-1.,0.,0.));
#5532=DIRECTION('',(0.,0.,-1.));
#5533=DIRECTION('',(-1.,0.,0.));
#5534=DIRECTION('',(2.03123157313346E-15,0.,1.));
#5535=DIRECTION('',(1.,0.,-2.03123157313346E-15));
#5536=DIRECTION('',(0.,0.,1.));
#5537=DIRECTION('',(1.,0.,0.));
#5538=DIRECTION('',(-0.520231213872806,-0.854025458702741,0.));
#5539=DIRECTION('',(0.854025458702741,-0.520231213872806,0.));
#5540=DIRECTION('',(0.500000000000006,-0.866025403784435,0.));
#5541=DIRECTION('',(0.866025403784435,0.500000000000006,0.));
#5542=DIRECTION('',(-0.5,0.866025403784437,1.98870462027632E-14));
#5543=DIRECTION('',(-0.866025403784437,-0.5,0.));
#5544=DIRECTION('',(0.,0.,-1.));
#5545=DIRECTION('',(-1.,0.,0.));
#5546=DIRECTION('',(-1.00154306582478E-15,1.73472347597681E-15,1.));
#5547=DIRECTION('',(0.,-1.,1.73472347597681E-15));
#5548=DIRECTION('',(0.,0.,-1.));
#5549=DIRECTION('',(-1.,0.,0.));
#5550=DIRECTION('',(0.,1.73472347597681E-15,-1.));
#5551=DIRECTION('',(0.,1.,1.73472347597681E-15));
#5552=DIRECTION('',(1.,0.,0.));
#5553=DIRECTION('',(0.,0.,-1.));
#5554=DIRECTION('',(0.,0.,-1.));
#5555=DIRECTION('',(-1.,0.,0.));
#5556=DIRECTION('',(1.05671006694809E-15,-1.73472347597679E-15,1.));
#5557=DIRECTION('',(0.,-1.,-1.73472347597679E-15));
#5558=DIRECTION('',(0.,0.,-1.));
#5559=DIRECTION('',(-1.,0.,0.));
#5560=DIRECTION('',(0.,-3.03576608295941E-15,-1.));
#5561=DIRECTION('',(0.,1.,-3.03576608295941E-15));
#5562=DIRECTION('',(1.,0.,0.));
#5563=DIRECTION('',(0.,0.,-1.));
#5564=DIRECTION('',(0.,0.,-1.));
#5565=DIRECTION('',(-1.,0.,0.));
#5566=DIRECTION('',(1.,0.,0.));
#5567=DIRECTION('',(0.,0.,-1.));
#5568=DIRECTION('',(0.,3.46944695195361E-15,1.));
#5569=DIRECTION('',(0.,-1.,3.46944695195361E-15));
#5570=DIRECTION('',(1.,0.,0.));
#5571=DIRECTION('',(0.,0.,-1.));
#5572=DIRECTION('',(0.,8.67361737988404E-16,-1.));
#5573=DIRECTION('',(0.,1.,8.67361737988404E-16));
#5574=DIRECTION('',(1.,0.,0.));
#5575=DIRECTION('',(0.,0.,-1.));
#5576=DIRECTION('',(0.,8.67361737988403E-16,1.));
#5577=DIRECTION('',(0.,-1.,8.67361737988403E-16));
#5578=DIRECTION('',(1.,0.,0.));
#5579=DIRECTION('',(0.,0.,-1.));
#5580=DIRECTION('',(2.77555756156289E-14,-3.46944695195361E-15,1.));
#5581=DIRECTION('',(1.,0.,-2.77555756156289E-14));
#5582=DIRECTION('',(1.,-2.7755575615629E-14,0.));
#5583=DIRECTION('',(2.7755575615629E-14,1.,0.));
#5584=DIRECTION('',(-1.,-8.75159550937582E-17,0.));
#5585=DIRECTION('',(8.75159550937582E-17,-1.,0.));
#5586=DIRECTION('',(1.,0.,0.));
#5587=DIRECTION('',(0.,0.,-1.));
#5588=DIRECTION('',(0.,-3.03576608295941E-15,1.));
#5589=DIRECTION('',(0.,-1.,-3.03576608295941E-15));
#5590=DIRECTION('',(1.,0.,0.));
#5591=DIRECTION('',(0.,0.,-1.));
#5592=DIRECTION('',(1.,0.,0.));
#5593=DIRECTION('',(0.,0.,-1.));
#5594=DIRECTION('',(1.,0.,0.));
#5595=DIRECTION('',(0.,0.,-1.));
#5596=DIRECTION('',(1.,0.,0.));
#5597=DIRECTION('',(0.,0.,-1.));
#5598=DIRECTION('',(1.,0.,0.));
#5599=DIRECTION('',(0.,0.,-1.));
#5600=DIRECTION('',(-1.,0.,0.));
#5601=DIRECTION('',(0.,0.,1.));
#5602=DIRECTION('',(1.,0.,0.));
#5603=DIRECTION('',(0.,0.,-1.));
#5604=DIRECTION('',(1.,0.,0.));
#5605=DIRECTION('',(0.,0.,-1.));
#5606=DIRECTION('',(1.,0.,0.));
#5607=DIRECTION('',(0.,0.,-1.));
#5608=DIRECTION('',(0.,0.,1.));
#5609=DIRECTION('',(1.,0.,0.));
#5610=DIRECTION('',(0.,0.,1.));
#5611=DIRECTION('',(1.,0.,0.));
#5612=DIRECTION('',(0.,0.,-1.));
#5613=DIRECTION('',(-1.,0.,0.));
#5614=DIRECTION('',(-1.,0.,0.));
#5615=DIRECTION('',(0.,0.,1.));
#5616=DIRECTION('',(1.,0.,0.));
#5617=DIRECTION('',(0.,0.,-1.));
#5618=DIRECTION('',(0.,0.,-1.));
#5619=DIRECTION('',(-1.,0.,0.));
#5620=DIRECTION('',(0.,0.,1.));
#5621=DIRECTION('',(1.,0.,0.));
#5622=DIRECTION('',(0.,0.,-1.));
#5623=DIRECTION('',(-1.,0.,0.));
#5624=DIRECTION('',(-1.,0.,0.));
#5625=DIRECTION('',(0.,0.,1.));
#5626=DIRECTION('',(1.,0.,0.));
#5627=DIRECTION('',(0.,0.,-1.));
#5628=DIRECTION('',(1.,8.75159550937582E-17,0.));
#5629=DIRECTION('',(-8.75159550937582E-17,1.,0.));
#5630=DIRECTION('',(1.,0.,0.));
#5631=DIRECTION('',(0.,0.,-1.));
#5632=DIRECTION('',(0.,0.,1.));
#5633=DIRECTION('',(1.,0.,0.));
#5634=DIRECTION('',(0.,0.,-1.));
#5635=DIRECTION('',(0.,0.,-1.));
#5636=DIRECTION('',(-1.,0.,0.));
#5637=DIRECTION('',(0.,0.,1.));
#5638=DIRECTION('',(1.,0.,0.));
#5639=DIRECTION('',(0.,0.,-1.));
#5640=DIRECTION('',(-1.,0.,0.));
#5641=DIRECTION('',(-2.03066963221118E-15,-4.77760244233632E-17,1.));
#5642=DIRECTION('',(1.,0.,2.03066963221118E-15));
#5643=DIRECTION('',(0.,0.,-1.));
#5644=DIRECTION('',(-1.,0.,0.));
#5645=DIRECTION('',(0.,0.,1.));
#5646=DIRECTION('',(1.,0.,0.));
#5647=DIRECTION('',(0.999723349651634,0.0235207177041174,-5.55773979342778E-14));
#5648=DIRECTION('',(-0.0235207177041174,0.999723349651634,0.));
#5649=DIRECTION('',(0.,3.46944695195361E-15,1.));
#5650=DIRECTION('',(0.,-1.,3.46944695195361E-15));
#5651=DIRECTION('',(-0.499999999999946,-0.86602540378447,0.));
#5652=DIRECTION('',(0.86602540378447,-0.499999999999946,0.));
#5653=DIRECTION('',(0.,0.,-1.));
#5654=DIRECTION('',(-1.,0.,0.));
#5655=DIRECTION('',(-0.5,-0.86602540378444,-5.17926091954234E-14));
#5656=DIRECTION('',(0.866025403784439,-0.5,0.));
#5657=DIRECTION('',(0.999723349651633,0.023520717704173,0.));
#5658=DIRECTION('',(-0.023520717704173,0.999723349651633,0.));
#5659=DIRECTION('',(0.,0.,-1.));
#5660=DIRECTION('',(-1.,0.,0.));
#5661=DIRECTION('',(0.,0.,-1.));
#5662=DIRECTION('',(-1.,0.,0.));
#5663=DIRECTION('',(0.,0.,1.));
#5664=DIRECTION('',(1.,0.,0.));
#5665=DIRECTION('',(0.,-1.,0.));
#5666=DIRECTION('',(0.,0.,-1.));
#5667=DIRECTION('',(1.73472347597681E-15,-1.,0.));
#5668=DIRECTION('',(1.,1.73472347597681E-15,0.));
#5669=DIRECTION('',(1.,0.,0.));
#5670=DIRECTION('',(0.,0.,-1.));
#5671=DIRECTION('',(1.,0.,0.));
#5672=DIRECTION('',(0.,0.,-1.));
#5673=DIRECTION('',(0.,-1.,0.));
#5674=DIRECTION('',(0.,0.,-1.));
#5675=DIRECTION('',(0.,-1.,0.));
#5676=DIRECTION('',(0.,0.,-1.));
#5677=DIRECTION('',(0.,1.,0.));
#5678=DIRECTION('',(0.,0.,1.));
#5679=DIRECTION('',(0.,1.,0.));
#5680=DIRECTION('',(1.,0.,0.));
#5681=DIRECTION('',(0.,0.,-1.));
#5682=DIRECTION('',(1.,0.,0.));
#5683=DIRECTION('',(0.,0.,-1.));
#5684=DIRECTION('',(0.,-1.,0.));
#5685=DIRECTION('',(0.,0.,-1.));
#5686=DIRECTION('',(0.,-1.,0.));
#5687=DIRECTION('',(0.,0.,-1.));
#5688=DIRECTION('',(0.,1.,0.));
#5689=DIRECTION('',(0.,0.,1.));
#5690=DIRECTION('',(0.,1.,0.));
#5691=DIRECTION('',(1.,0.,0.));
#5692=DIRECTION('',(0.,0.,-1.));
#5693=DIRECTION('',(0.,0.,-1.));
#5694=DIRECTION('',(-1.,0.,0.));
#5695=DIRECTION('',(0.,0.,1.));
#5696=DIRECTION('',(1.,0.,0.));
#5697=DIRECTION('',(0.,0.,1.));
#5698=DIRECTION('',(1.,0.,0.));
#5699=DIRECTION('',(0.,0.,-1.));
#5700=DIRECTION('',(1.,0.,0.));
#5701=DIRECTION('',(0.,0.,-1.));
#5702=DIRECTION('',(0.,1.,0.));
#5703=DIRECTION('',(0.,0.,1.));
#5704=DIRECTION('',(0.,1.,0.));
#5705=DIRECTION('',(0.,0.,1.));
#5706=DIRECTION('',(0.,-1.,0.));
#5707=DIRECTION('',(0.,0.,-1.));
#5708=DIRECTION('',(0.,-1.,0.));
#5709=DIRECTION('',(1.,0.,0.));
#5710=DIRECTION('',(0.,0.,-1.));
#5711=DIRECTION('',(1.,0.,0.));
#5712=DIRECTION('',(0.,0.,-1.));
#5713=DIRECTION('',(0.,1.,0.));
#5714=DIRECTION('',(0.,0.,1.));
#5715=DIRECTION('',(0.,1.,0.));
#5716=DIRECTION('',(0.,0.,1.));
#5717=DIRECTION('',(0.,-1.,0.));
#5718=DIRECTION('',(0.,0.,-1.));
#5719=DIRECTION('',(0.,-1.,0.));
#5720=DIRECTION('',(1.,0.,0.));
#5721=DIRECTION('',(0.,0.,-1.));
#5722=DIRECTION('',(0.,-1.,0.));
#5723=DIRECTION('',(0.,0.,-1.));
#5724=DIRECTION('',(0.,-1.,0.));
#5725=DIRECTION('',(0.,0.,-1.));
#5726=DIRECTION('',(1.,0.,0.));
#5727=DIRECTION('',(0.,0.,-1.));
#5728=DIRECTION('',(-1.,-8.75159550937582E-17,0.));
#5729=DIRECTION('',(8.75159550937582E-17,-1.,0.));
#5730=DIRECTION('',(0.,0.,1.));
#5731=DIRECTION('',(1.,0.,0.));
#5732=DIRECTION('',(-0.5,-0.866025403784439,0.));
#5733=DIRECTION('',(0.866025403784439,-0.5,0.));
#5734=DIRECTION('',(-0.5,-0.866025403784439,0.));
#5735=DIRECTION('',(0.866025403784438,-0.5,0.));
#5736=DIRECTION('',(0.5,0.866025403784439,1.50231459873716E-14));
#5737=DIRECTION('',(-0.86602540378444,0.5,0.));
#5738=DIRECTION('',(0.,0.,-1.));
#5739=DIRECTION('',(-1.,0.,0.));
#5740=DIRECTION('',(1.01561578656674E-15,1.75909814330263E-15,1.));
#5741=DIRECTION('',(0.,-1.,1.75909814330263E-15));
#5742=DIRECTION('',(0.,0.,-1.));
#5743=DIRECTION('',(-1.,0.,0.));
#5744=DIRECTION('',(-0.5,-0.866025403784439,0.));
#5745=DIRECTION('',(0.866025403784438,-0.5,0.));
#5746=DIRECTION('',(0.50000000000003,0.866025403784421,0.));
#5747=DIRECTION('',(-0.866025403784422,0.50000000000003,0.));
#5748=DIRECTION('',(1.,8.75159550937582E-17,0.));
#5749=DIRECTION('',(-8.75159550937582E-17,1.,0.));
#5750=DIRECTION('',(0.,1.,0.));
#5751=DIRECTION('',(0.,0.,1.));
#5752=DIRECTION('',(0.,1.,0.));
#5753=DIRECTION('',(0.,0.,1.));
#5754=DIRECTION('',(0.,0.,-1.));
#5755=DIRECTION('',(-1.,0.,0.));
#5756=DIRECTION('',(0.,0.,-1.));
#5757=DIRECTION('',(-1.,0.,0.));
#5758=DIRECTION('',(0.,0.,1.));
#5759=DIRECTION('',(1.,0.,0.));
#5760=DIRECTION('',(0.,-1.,0.));
#5761=DIRECTION('',(0.,0.,-1.));
#5762=DIRECTION('',(0.,1.,0.));
#5763=DIRECTION('',(0.,0.,1.));
#5764=DIRECTION('',(-0.5,-0.866025403784439,0.));
#5765=DIRECTION('',(0.866025403784439,-0.5,0.));
#5766=DIRECTION('',(0.,0.,1.));
#5767=DIRECTION('',(1.,0.,0.));
#5768=DIRECTION('',(0.,-1.38777878078144E-14,1.));
#5769=DIRECTION('',(0.,-1.,-1.38777878078144E-14));
#5770=DIRECTION('',(0.479492135778812,-0.877546176406845,0.));
#5771=DIRECTION('',(0.877546176406845,0.479492135778812,0.));
#5772=DIRECTION('',(0.,-3.46944695195362E-14,-1.));
#5773=DIRECTION('',(0.,1.,-3.46944695195362E-14));
#5774=DIRECTION('',(0.479492135778818,-0.877546176406842,2.13121993485329E-14));
#5775=DIRECTION('',(0.877546176406842,0.479492135778818,0.));
#5776=DIRECTION('',(1.,0.,0.));
#5777=DIRECTION('',(0.,0.,-1.));
#5778=DIRECTION('',(1.,0.,0.));
#5779=DIRECTION('',(0.,0.,-1.));
#5780=DIRECTION('',(1.,0.,0.));
#5781=DIRECTION('',(0.,0.,-1.));
#5782=DIRECTION('',(1.,0.,0.));
#5783=DIRECTION('',(0.,0.,-1.));
#5784=DIRECTION('',(0.,0.,1.));
#5785=DIRECTION('',(1.,0.,0.));
#5786=DIRECTION('',(0.,0.,1.));
#5787=DIRECTION('',(1.,0.,0.));
#5788=DIRECTION('',(-0.500000000000006,0.866025403784435,0.));
#5789=DIRECTION('',(-0.866025403784435,-0.500000000000006,0.));
#5790=DIRECTION('',(-0.500000000000006,0.866025403784435,0.));
#5791=DIRECTION('',(-0.866025403784435,-0.500000000000006,0.));
#5792=DIRECTION('',(0.,0.,1.));
#5793=DIRECTION('',(1.,0.,0.));
#5794=DIRECTION('',(0.999723349651634,0.0235207177041174,0.));
#5795=DIRECTION('',(-0.0235207177041174,0.999723349651634,0.));
#5796=DIRECTION('',(0.,0.,-1.));
#5797=DIRECTION('',(-1.,0.,0.));
#5798=DIRECTION('',(-2.03066963221118E-15,-4.77760244233633E-17,1.));
#5799=DIRECTION('',(1.,0.,2.03066963221118E-15));
#5800=DIRECTION('',(0.,0.,-1.));
#5801=DIRECTION('',(-1.,0.,0.));
#5802=DIRECTION('',(0.,0.,1.));
#5803=DIRECTION('',(1.,0.,0.));
#5804=DIRECTION('',(0.999723349651634,0.0235207177041174,0.));
#5805=DIRECTION('',(-0.0235207177041174,0.999723349651634,0.));
#5806=DIRECTION('',(-0.500000000000006,0.866025403784435,0.));
#5807=DIRECTION('',(-0.866025403784435,-0.500000000000006,0.));
#5808=DIRECTION('',(-0.5,0.866025403784437,-3.00462919747432E-15));
#5809=DIRECTION('',(-0.866025403784437,-0.5,0.));
#5810=DIRECTION('',(0.,0.,1.));
#5811=DIRECTION('',(1.,0.,0.));
#5812=DIRECTION('',(-1.,0.,0.));
#5813=DIRECTION('',(0.,0.,1.));
#5814=DIRECTION('',(-1.,0.,0.));
#5815=DIRECTION('',(0.,0.,1.));
#5816=DIRECTION('',(0.,0.,1.));
#5817=DIRECTION('',(1.,0.,0.));
#5818=DIRECTION('',(0.,0.,1.));
#5819=DIRECTION('',(1.,0.,0.));
#5820=DIRECTION('',(-1.00154306582478E-15,-1.73472347597684E-15,-1.));
#5821=DIRECTION('',(0.,1.,-1.73472347597684E-15));
#5822=DIRECTION('',(1.,0.,0.));
#5823=DIRECTION('',(0.,0.,-1.));
#5824=DIRECTION('',(-1.,0.,0.));
#5825=DIRECTION('',(0.,0.,1.));
#5826=DIRECTION('',(0.,0.,1.));
#5827=DIRECTION('',(1.,0.,0.));
#5828=DIRECTION('',(0.,0.,-1.));
#5829=DIRECTION('',(-1.,0.,0.));
#5830=DIRECTION('',(0.,0.,1.));
#5831=DIRECTION('',(1.,0.,0.));
#5832=DIRECTION('',(0.,-1.73472347597681E-15,1.));
#5833=DIRECTION('',(0.,-1.,-1.73472347597681E-15));
#5834=DIRECTION('',(-0.5,-0.86602540378444,0.));
#5835=DIRECTION('',(0.86602540378444,-0.5,0.));
#5836=DIRECTION('',(0.,-6.93889390390722E-15,1.));
#5837=DIRECTION('',(0.,-1.,-6.93889390390722E-15));
#5838=DIRECTION('',(-0.500000000000009,-0.866025403784434,0.));
#5839=DIRECTION('',(0.866025403784434,-0.500000000000009,0.));
#5840=DIRECTION('',(0.,-6.93889390390723E-15,-1.));
#5841=DIRECTION('',(0.,1.,-6.93889390390723E-15));
#5842=DIRECTION('',(-0.5,-0.86602540378444,6.00925839494864E-15));
#5843=DIRECTION('',(0.866025403784439,-0.5,0.));
#5844=DIRECTION('',(0.,-5.20417042793042E-15,-1.));
#5845=DIRECTION('',(0.,1.,-5.20417042793042E-15));
#5846=DIRECTION('',(0.500000000000009,0.866025403784434,0.));
#5847=DIRECTION('',(-0.866025403784434,0.500000000000009,0.));
#5848=DIRECTION('',(0.,-8.673617379884E-15,1.));
#5849=DIRECTION('',(0.,-1.,-8.673617379884E-15));
#5850=DIRECTION('',(0.5,0.86602540378444,2.25347189810574E-14));
#5851=DIRECTION('',(-0.86602540378444,0.5,0.));
#5852=DIRECTION('',(0.,-3.46944695195361E-15,-1.));
#5853=DIRECTION('',(0.,1.,-3.46944695195361E-15));
#5854=DIRECTION('',(-0.499999999999992,-0.866025403784443,0.));
#5855=DIRECTION('',(0.866025403784443,-0.499999999999992,0.));
#5856=DIRECTION('',(0.5,0.866025403784439,0.));
#5857=DIRECTION('',(-0.866025403784439,0.5,0.));
#5858=DIRECTION('',(0.5,0.866025403784439,0.));
#5859=DIRECTION('',(-0.866025403784439,0.5,0.));
#5860=DIRECTION('',(-0.5,-0.866025403784439,0.));
#5861=DIRECTION('',(0.866025403784439,-0.5,0.));
#5862=DIRECTION('',(0.5,0.866025403784439,0.));
#5863=DIRECTION('',(-0.866025403784439,0.5,0.));
#5864=DIRECTION('',(0.,0.,1.));
#5865=DIRECTION('',(1.,0.,0.));
#5866=DIRECTION('',(0.,0.,-1.));
#5867=DIRECTION('',(-1.,0.,0.));
#5868=DIRECTION('',(0.,0.,1.));
#5869=DIRECTION('',(1.,0.,0.));
#5870=DIRECTION('',(-0.5,-0.866025403784439,0.));
#5871=DIRECTION('',(0.866025403784439,-0.5,0.));
#5872=DIRECTION('',(0.5,0.866025403784439,0.));
#5873=DIRECTION('',(-0.866025403784439,0.5,0.));
#5874=DIRECTION('',(-0.5,-0.866025403784439,0.));
#5875=DIRECTION('',(0.866025403784439,-0.5,0.));
#5876=DIRECTION('',(0.5,0.866025403784439,0.));
#5877=DIRECTION('',(-0.866025403784439,0.5,0.));
#5878=DIRECTION('',(0.,0.,1.));
#5879=DIRECTION('',(1.,0.,0.));
#5880=DIRECTION('',(0.,0.,-1.));
#5881=DIRECTION('',(0.,0.,1.));
#5882=DIRECTION('',(1.,0.,0.));
#5883=DIRECTION('',(0.,0.,-1.));
#5884=DIRECTION('',(-1.,0.,0.));
#5885=DIRECTION('',(-0.5,-0.866025403784439,0.));
#5886=DIRECTION('',(0.866025403784439,-0.5,0.));
#5887=DIRECTION('',(-0.5,-0.866025403784439,2.77555756156288E-14));
#5888=DIRECTION('',(0.86602540378444,-0.5,0.));
#5889=DIRECTION('',(0.,0.,-1.));
#5890=DIRECTION('',(-1.,0.,0.));
#5891=DIRECTION('',(0.,0.,-1.));
#5892=DIRECTION('',(-1.,0.,0.));
#5893=DIRECTION('',(0.,0.,1.));
#5894=DIRECTION('',(1.,0.,0.));
#5895=DIRECTION('',(0.5,0.866025403784439,0.));
#5896=DIRECTION('',(-0.866025403784439,0.5,0.));
#5897=DIRECTION('',(-0.500000000000025,-0.866025403784425,0.));
#5898=DIRECTION('',(0.866025403784425,-0.500000000000025,0.));
#5899=DIRECTION('',(-0.5,-0.866025403784439,0.));
#5900=DIRECTION('',(0.866025403784439,-0.5,0.));
#5901=DIRECTION('',(-0.5,-0.86602540378444,1.20185167898973E-14));
#5902=DIRECTION('',(0.86602540378444,-0.5,0.));
#5903=DIRECTION('',(0.5,0.866025403784439,0.));
#5904=DIRECTION('',(-0.866025403784439,0.5,0.));
#5905=DIRECTION('',(-0.50000000000004,-0.866025403784416,0.));
#5906=DIRECTION('',(0.866025403784416,-0.50000000000004,0.));
#5907=DIRECTION('',(0.866025403784428,-0.500000000000019,0.));
#5908=DIRECTION('',(0.500000000000019,0.866025403784428,0.));
#5909=DIRECTION('',(0.866025403784402,-0.500000000000064,0.));
#5910=DIRECTION('',(0.500000000000064,0.866025403784402,0.));
#5911=DIRECTION('',(0.5,0.866025403784439,0.));
#5912=DIRECTION('',(-0.866025403784439,0.5,0.));
#5913=DIRECTION('',(0.866025403784438,-0.5,0.));
#5914=DIRECTION('',(0.5,0.866025403784438,0.));
#5915=DIRECTION('',(0.866025403784439,-0.5,0.));
#5916=DIRECTION('',(0.5,0.866025403784439,0.));
#5917=DIRECTION('',(-0.866025403784439,0.5,0.));
#5918=DIRECTION('',(-0.5,-0.86602540378444,0.));
#5919=DIRECTION('',(-0.866025403784439,0.5,0.));
#5920=DIRECTION('',(0.5,0.866025403784439,0.));
#5921=DIRECTION('',(-0.866025403784439,0.5,0.));
#5922=DIRECTION('',(0.,0.,-1.));
#5923=DIRECTION('',(-1.,0.,0.));
#5924=DIRECTION('',(0.,0.,-1.));
#5925=DIRECTION('',(-1.,0.,0.));
#5926=DIRECTION('',(0.,0.,1.));
#5927=DIRECTION('',(1.,0.,0.));
#5928=DIRECTION('',(0.5,0.866025403784439,0.));
#5929=DIRECTION('',(-0.866025403784439,0.5,0.));
#5930=DIRECTION('',(-0.866025403784438,0.5,2.08166817117218E-14));
#5931=DIRECTION('',(-0.5,-0.866025403784438,0.));
#5932=DIRECTION('',(-0.866025403784439,0.5,0.));
#5933=DIRECTION('',(-0.5,-0.866025403784439,0.));
#5934=DIRECTION('',(0.866025403784426,-0.500000000000023,0.));
#5935=DIRECTION('',(0.500000000000023,0.866025403784426,0.));
#5936=DIRECTION('',(0.866025403784439,-0.5,0.));
#5937=DIRECTION('',(0.5,0.866025403784439,0.));
#5938=DIRECTION('',(-0.866025403784439,0.5,0.));
#5939=DIRECTION('',(0.866025403784428,-0.500000000000019,1.73472347597678E-15));
#5940=DIRECTION('',(0.500000000000019,0.866025403784428,0.));
#5941=DIRECTION('',(0.86602540378444,-0.5,0.));
#5942=DIRECTION('',(0.5,0.86602540378444,0.));
#5943=DIRECTION('',(0.,0.,-1.));
#5944=DIRECTION('',(-1.,0.,0.));
#5945=DIRECTION('',(0.,0.,-1.));
#5946=DIRECTION('',(-1.,0.,0.));
#5947=DIRECTION('',(-0.86602540378444,0.5,0.));
#5948=DIRECTION('',(-0.5,-0.866025403784439,0.));
#5949=DIRECTION('',(0.,-3.46944695195361E-14,1.));
#5950=DIRECTION('',(0.,-1.,-3.46944695195361E-14));
#5951=DIRECTION('',(0.,0.,1.));
#5952=DIRECTION('',(1.,0.,0.));
#5953=DIRECTION('',(-0.866025403784439,0.5,1.38777878078144E-14));
#5954=DIRECTION('',(-0.5,-0.86602540378444,0.));
#5955=DIRECTION('',(-0.866025403784439,0.5,0.));
#5956=DIRECTION('',(-0.5,-0.866025403784439,0.));
#5957=DIRECTION('',(-0.866025403784439,0.5,0.));
#5958=DIRECTION('',(0.866025403784439,-0.5,0.));
#5959=DIRECTION('',(0.5,0.866025403784439,0.));
#5960=DIRECTION('',(0.866025403784439,-0.5,3.4694469519536E-15));
#5961=DIRECTION('',(0.5,0.86602540378444,0.));
#5962=DIRECTION('',(-0.866025403784438,0.5,0.));
#5963=DIRECTION('',(-0.5,-0.866025403784438,0.));
#5964=DIRECTION('',(0.5,0.866025403784439,0.));
#5965=DIRECTION('',(-0.866025403784439,0.5,0.));
#5966=DIRECTION('',(0.5,0.866025403784439,0.));
#5967=DIRECTION('',(-0.866025403784439,0.5,0.));
#5968=DIRECTION('',(0.5,0.866025403784439,0.));
#5969=DIRECTION('',(-0.866025403784439,0.5,0.));
#5970=DIRECTION('',(0.5,0.866025403784439,0.));
#5971=DIRECTION('',(-0.866025403784439,0.5,0.));
#5972=DIRECTION('',(0.866025403784431,-0.500000000000014,0.));
#5973=DIRECTION('',(0.500000000000014,0.866025403784431,0.));
#5974=DIRECTION('',(-0.866025403784439,0.5,0.));
#5975=DIRECTION('',(-0.5,-0.866025403784439,0.));
#5976=DIRECTION('',(0.866025403784439,-0.5,0.));
#5977=DIRECTION('',(-0.86602540378444,0.5,2.08166817117216E-14));
#5978=DIRECTION('',(-0.5,-0.866025403784439,0.));
#5979=DIRECTION('',(0.866025403784439,-0.5,0.));
#5980=DIRECTION('',(0.5,0.866025403784439,0.));
#5981=DIRECTION('',(0.,0.,-1.));
#5982=DIRECTION('',(-1.,0.,0.));
#5983=DIRECTION('',(0.,0.,-1.));
#5984=DIRECTION('',(0.,0.,1.));
#5985=DIRECTION('',(1.,0.,0.));
#5986=DIRECTION('',(0.,0.,1.));
#5987=DIRECTION('',(1.,0.,0.));
#5988=DIRECTION('',(0.,0.,-1.));
#5989=DIRECTION('',(-1.,0.,0.));
#5990=DIRECTION('',(0.5,0.866025403784439,0.));
#5991=DIRECTION('',(-0.866025403784439,0.5,0.));
#5992=DIRECTION('',(0.5,0.866025403784439,0.));
#5993=DIRECTION('',(-0.866025403784439,0.5,0.));
#5994=DIRECTION('',(0.5,0.866025403784439,0.));
#5995=DIRECTION('',(-0.866025403784439,0.5,0.));
#5996=DIRECTION('',(-0.5,-0.866025403784439,-4.57833508004747E-14));
#5997=DIRECTION('',(0.86602540378444,-0.5,0.));
#5998=DIRECTION('',(0.,0.,-1.));
#5999=DIRECTION('',(-1.,0.,0.));
#6000=DIRECTION('',(-1.0156157865668E-15,-1.75909814330274E-15,1.));
#6001=DIRECTION('',(0.,-1.,-1.75909814330274E-15));
#6002=DIRECTION('',(0.,0.,-1.));
#6003=DIRECTION('',(-1.,0.,0.));
#6004=DIRECTION('',(0.5,0.866025403784439,0.));
#6005=DIRECTION('',(-0.866025403784439,0.5,0.));
#6006=DIRECTION('',(-0.499999999999964,-0.86602540378446,0.));
#6007=DIRECTION('',(0.866025403784459,-0.499999999999964,0.));
#6008=DIRECTION('',(0.5,0.866025403784439,0.));
#6009=DIRECTION('',(-0.866025403784439,0.5,0.));
#6010=DIRECTION('',(0.5,0.866025403784439,0.));
#6011=DIRECTION('',(-0.866025403784439,0.5,0.));
#6012=DIRECTION('',(-0.5,-0.866025403784439,0.));
#6013=DIRECTION('',(0.866025403784439,-0.5,0.));
#6014=DIRECTION('',(-0.500000000000008,-0.866025403784434,0.));
#6015=DIRECTION('',(0.866025403784434,-0.500000000000008,0.));
#6016=DIRECTION('',(-5.55111512312578E-14,1.38777878078144E-14,1.));
#6017=DIRECTION('',(1.,0.,5.55111512312578E-14));
#6018=DIRECTION('',(-0.479492135778751,0.877546176406878,0.));
#6019=DIRECTION('',(-0.877546176406878,-0.479492135778751,0.));
#6020=DIRECTION('',(-5.55111512312578E-14,2.08166817117217E-14,-1.));
#6021=DIRECTION('',(-1.,0.,5.55111512312578E-14));
#6022=DIRECTION('',(-0.479492135778796,0.877546176406854,5.70631595327485E-14));
#6023=DIRECTION('',(-0.877546176406854,-0.479492135778796,0.));
#6024=DIRECTION('',(0.5,0.866025403784439,0.));
#6025=DIRECTION('',(-0.866025403784439,0.5,0.));
#6026=DIRECTION('',(-0.5,-0.86602540378444,4.80368226985805E-14));
#6027=DIRECTION('',(0.86602540378444,-0.5,0.));
#6028=DIRECTION('',(0.,0.,-1.));
#6029=DIRECTION('',(-1.,0.,0.));
#6030=DIRECTION('',(0.,0.,-1.));
#6031=DIRECTION('',(-1.,0.,0.));
#6032=DIRECTION('',(0.,0.,1.));
#6033=DIRECTION('',(1.,0.,0.));
#6034=DIRECTION('',(0.,-4.77048955893622E-15,1.));
#6035=DIRECTION('',(0.,-1.,-4.77048955893622E-15));
#6036=DIRECTION('',(1.,0.,0.));
#6037=DIRECTION('',(0.,0.,-1.));
#6038=DIRECTION('',(0.,0.,1.));
#6039=DIRECTION('',(1.,0.,0.));
#6040=DIRECTION('',(-0.999723349651633,-0.0235207177041729,5.54141901695849E-14));
#6041=DIRECTION('',(0.0235207177041729,-0.999723349651633,0.));
#6042=DIRECTION('',(0.,0.,-1.));
#6043=DIRECTION('',(-1.,0.,0.));
#6044=DIRECTION('',(2.03066963221124E-15,4.77760244234776E-17,1.));
#6045=DIRECTION('',(1.,0.,-2.03066963221124E-15));
#6046=DIRECTION('',(0.,0.,-1.));
#6047=DIRECTION('',(-1.,0.,0.));
#6048=DIRECTION('',(0.,0.,1.));
#6049=DIRECTION('',(1.,0.,0.));
#6050=DIRECTION('',(-0.999723349651633,-0.023520717704173,0.));
#6051=DIRECTION('',(0.023520717704173,-0.999723349651633,0.));
#6052=DIRECTION('',(-5.55111512312578E-14,-7.80625564189563E-15,-1.));
#6053=DIRECTION('',(-1.,0.,5.55111512312578E-14));
#6054=DIRECTION('',(1.,-5.55111512312578E-14,0.));
#6055=DIRECTION('',(5.55111512312578E-14,1.,0.));
#6056=DIRECTION('',(-1.,4.8441261673496E-17,0.));
#6057=DIRECTION('',(-4.8441261673496E-17,-1.,0.));
#6058=DIRECTION('',(5.55111512312578E-14,3.46944695195361E-15,1.));
#6059=DIRECTION('',(1.,0.,-5.55111512312578E-14));
#6060=DIRECTION('',(0.50000000000002,0.866025403784427,0.));
#6061=DIRECTION('',(-0.866025403784427,0.50000000000002,0.));
#6062=DIRECTION('',(0.,3.46944695195361E-15,-1.));
#6063=DIRECTION('',(0.,1.,3.46944695195361E-15));
#6064=DIRECTION('',(0.5,0.86602540378444,-6.00925839494864E-15));
#6065=DIRECTION('',(-0.866025403784439,0.5,0.));
#6066=DIRECTION('',(-1.,4.8441261673496E-17,0.));
#6067=DIRECTION('',(-4.8441261673496E-17,-1.,0.));
#6068=DIRECTION('',(0.,0.,1.));
#6069=DIRECTION('',(1.,0.,0.));
#6070=DIRECTION('',(-0.537499398286054,0.843264132310945,0.));
#6071=DIRECTION('',(-0.843264132310945,-0.537499398286054,0.));
#6072=DIRECTION('',(0.5,0.866025403784439,0.));
#6073=DIRECTION('',(-0.866025403784438,0.5,0.));
#6074=DIRECTION('',(-0.5,-0.866025403784439,2.17463172206801E-14));
#6075=DIRECTION('',(0.86602540378444,-0.5,0.));
#6076=DIRECTION('',(0.,0.,-1.));
#6077=DIRECTION('',(-1.,0.,0.));
#6078=DIRECTION('',(-1.01561578656674E-15,-1.75909814330263E-15,1.));
#6079=DIRECTION('',(0.,-1.,-1.75909814330263E-15));
#6080=DIRECTION('',(0.,0.,-1.));
#6081=DIRECTION('',(-1.,0.,0.));
#6082=DIRECTION('',(0.5,0.866025403784439,0.));
#6083=DIRECTION('',(-0.866025403784438,0.5,0.));
#6084=DIRECTION('',(-0.500000000000022,-0.866025403784426,0.));
#6085=DIRECTION('',(0.866025403784426,-0.500000000000022,0.));
#6086=DIRECTION('',(0.,0.,1.));
#6087=DIRECTION('',(1.,0.,0.));
#6088=DIRECTION('',(-0.537499398286072,0.843264132310933,2.5233818996765E-14));
#6089=DIRECTION('',(-0.843264132310933,-0.537499398286072,0.));
#6090=DIRECTION('',(0.,0.,-1.));
#6091=DIRECTION('',(-1.,0.,0.));
#6092=DIRECTION('',(0.,0.,-1.));
#6093=DIRECTION('',(-1.,0.,0.));
#6094=DIRECTION('',(-9.77727413251546E-16,-1.69347355570458E-15,1.));
#6095=DIRECTION('',(0.,-1.,-1.69347355570458E-15));
#6096=DIRECTION('',(0.,1.3010426069826E-14,1.));
#6097=DIRECTION('',(0.,-1.,1.3010426069826E-14));
#6098=DIRECTION('',(-0.5,-0.86602540378444,2.3285876280426E-14));
#6099=DIRECTION('',(0.86602540378444,-0.5,0.));
#6100=DIRECTION('',(5.55111512312578E-14,-2.77555756156289E-14,1.));
#6101=DIRECTION('',(1.,0.,-5.55111512312578E-14));
#6102=DIRECTION('',(-0.479492135778812,0.877546176406845,0.));
#6103=DIRECTION('',(-0.877546176406845,-0.479492135778812,0.));
#6104=DIRECTION('',(0.,2.08166817117217E-14,-1.));
#6105=DIRECTION('',(0.,1.,2.08166817117217E-14));
#6106=DIRECTION('',(-0.479492135778815,0.877546176406843,7.83753588812821E-14));
#6107=DIRECTION('',(-0.877546176406843,-0.479492135778815,0.));
#6108=DIRECTION('',(0.,1.86482773667507E-14,-1.));
#6109=DIRECTION('',(0.,1.,1.86482773667507E-14));
#6110=DIRECTION('',(-0.500000000000022,-0.866025403784426,0.));
#6111=DIRECTION('',(0.866025403784426,-0.500000000000022,0.));
#6112=DIRECTION('',(0.5,0.866025403784439,0.));
#6113=DIRECTION('',(-0.866025403784439,0.5,0.));
#6114=DIRECTION('',(0.500000000000009,0.866025403784434,0.));
#6115=DIRECTION('',(-0.866025403784434,0.500000000000009,0.));
#6116=DIRECTION('',(0.,0.,1.));
#6117=DIRECTION('',(1.,0.,0.));
#6118=DIRECTION('',(-0.999723349651634,-0.0235207177041175,0.));
#6119=DIRECTION('',(0.0235207177041175,-0.999723349651634,0.));
#6120=DIRECTION('',(0.,0.,1.));
#6121=DIRECTION('',(1.,0.,0.));
#6122=DIRECTION('',(-0.999723349651634,-0.0235207177041175,0.));
#6123=DIRECTION('',(0.0235207177041175,-0.999723349651634,0.));
#6124=DIRECTION('',(0.5,0.866025403784439,0.));
#6125=DIRECTION('',(-0.866025403784439,0.5,0.));
#6126=DIRECTION('',(0.5,0.86602540378444,1.65254605861088E-14));
#6127=DIRECTION('',(-0.86602540378444,0.5,0.));
#6128=DIRECTION('',(0.,5.20417042793042E-15,1.));
#6129=DIRECTION('',(0.,-1.,5.20417042793042E-15));
#6130=DIRECTION('',(0.,0.,-1.));
#6131=DIRECTION('',(-1.,0.,0.));
#6132=DIRECTION('',(0.,6.93889390390723E-15,-1.));
#6133=DIRECTION('',(0.,1.,6.93889390390723E-15));
#6134=DIRECTION('',(2.03066963221118E-15,4.77760244233634E-17,1.));
#6135=DIRECTION('',(1.,0.,-2.03066963221118E-15));
#6136=DIRECTION('',(0.,0.,-1.));
#6137=DIRECTION('',(-1.,0.,0.));
#6138=DIRECTION('',(0.,0.,1.));
#6139=DIRECTION('',(1.,0.,0.));
#6140=DIRECTION('',(0.5,0.866025403784439,0.));
#6141=DIRECTION('',(1.,0.,0.));
#6142=DIRECTION('',(-0.5,-0.866025403784439,0.));
#6143=DIRECTION('',(-1.,4.8441261673496E-17,0.));
#6144=DIRECTION('',(0.,0.,1.));
#6145=DIRECTION('',(1.,0.,0.));
#6146=DIRECTION('',(0.,0.,1.));
#6147=DIRECTION('',(1.,0.,0.));
#6148=DIRECTION('',(-0.5,-0.866025403784439,0.));
#6149=DIRECTION('',(1.,0.,0.));
#6150=DIRECTION('',(-0.5,-0.866025403784439,0.));
#6151=DIRECTION('',(0.,0.,1.));
#6152=DIRECTION('',(1.,0.,0.));
#6153=DIRECTION('',(1.,-4.8441261673496E-17,0.));
#6154=DIRECTION('',(0.,0.,-1.));
#6155=DIRECTION('',(-1.,0.,0.));
#6156=DIRECTION('',(0.,0.,-1.));
#6157=DIRECTION('',(0.,0.,1.));
#6158=DIRECTION('',(1.,0.,0.));
#6159=DIRECTION('',(0.,0.,-1.));
#6160=DIRECTION('',(0.,0.,1.));
#6161=DIRECTION('',(1.,0.,0.));
#6162=DIRECTION('',(0.866025403784439,-0.5,0.));
#6163=DIRECTION('',(0.5,0.866025403784439,0.));
#6164=DIRECTION('',(0.,0.,-1.));
#6165=DIRECTION('',(-0.5,-0.866025403784439,0.));
#6166=DIRECTION('',(0.,0.,-1.));
#6167=DIRECTION('',(-0.5,-0.866025403784439,0.));
#6168=DIRECTION('',(0.,1.,0.));
#6169=DIRECTION('',(0.,0.,1.));
#6170=DIRECTION('',(0.,0.,-1.));
#6171=DIRECTION('',(1.,0.,0.));
#6172=DIRECTION('',(0.,0.,1.));
#6173=DIRECTION('',(1.,0.,0.));
#6174=DIRECTION('',(0.866025403784439,-0.5,0.));
#6175=DIRECTION('',(0.5,0.866025403784439,0.));
#6176=DIRECTION('',(0.,0.,1.));
#6177=DIRECTION('',(0.5,0.866025403784439,0.));
#6178=DIRECTION('',(0.,0.,1.));
#6179=DIRECTION('',(-0.5,-0.866025403784439,0.));
#6180=DIRECTION('',(4.8441261673496E-17,1.,0.));
#6181=DIRECTION('',(-1.,4.8441261673496E-17,0.));
#6182=DIRECTION('',(0.,0.,-1.));
#6183=DIRECTION('',(-1.,4.8441261673496E-17,0.));
#6184=DIRECTION('',(0.,0.,-1.));
#6185=DIRECTION('',(1.,-4.8441261673496E-17,0.));
#6186=DIRECTION('',(-0.5,-0.866025403784439,0.));
#6187=DIRECTION('',(0.866025403784439,-0.5,0.));
#6188=DIRECTION('',(0.5,0.86602540378444,-9.38946624210725E-15));
#6189=DIRECTION('',(-0.86602540378444,0.5,0.));
#6190=DIRECTION('',(-0.5,-0.866025403784439,0.));
#6191=DIRECTION('',(0.86602540378444,-0.5,0.));
#6192=DIRECTION('',(0.,0.,1.));
#6193=DIRECTION('',(1.,0.,0.));
#6194=DIRECTION('',(0.,0.,1.));
#6195=DIRECTION('',(1.,0.,0.));
#6196=DIRECTION('',(0.,0.,-1.));
#6197=DIRECTION('',(-1.,0.,0.));
#6198=DIRECTION('',(0.5,0.866025403784439,0.));
#6199=DIRECTION('',(-0.866025403784439,0.5,0.));
#6200=DIRECTION('',(-0.5,-0.86602540378444,3.00462919747433E-15));
#6201=DIRECTION('',(0.86602540378444,-0.5,0.));
#6202=DIRECTION('',(0.49999999999999,0.866025403784444,0.));
#6203=DIRECTION('',(-0.866025403784444,0.499999999999991,0.));
#6204=DIRECTION('',(0.,0.,-1.));
#6205=DIRECTION('',(-1.,0.,0.));
#6206=DIRECTION('',(0.,0.,-1.));
#6207=DIRECTION('',(-1.,0.,0.));
#6208=DIRECTION('',(-2.00308613164954E-15,0.,1.));
#6209=DIRECTION('',(1.,0.,2.00308613164954E-15));
#6210=DIRECTION('',(0.,5.20417042793042E-15,1.));
#6211=DIRECTION('',(0.,-1.,5.20417042793042E-15));
#6212=DIRECTION('',(1.,0.,0.));
#6213=DIRECTION('',(0.,0.,-1.));
#6214=DIRECTION('',(0.,3.03576608295941E-15,1.));
#6215=DIRECTION('',(0.,-1.,3.03576608295941E-15));
#6216=DIRECTION('',(1.,0.,0.));
#6217=DIRECTION('',(0.,0.,-1.));
#6218=DIRECTION('',(0.,2.60208521396521E-15,-1.));
#6219=DIRECTION('',(0.,1.,2.60208521396521E-15));
#6220=DIRECTION('',(1.,0.,0.));
#6221=DIRECTION('',(0.,0.,-1.));
#6222=DIRECTION('',(0.,-1.73472347597681E-15,-1.));
#6223=DIRECTION('',(0.,1.,-1.73472347597681E-15));
#6224=DIRECTION('',(1.,0.,0.));
#6225=DIRECTION('',(0.,0.,-1.));
#6226=DIRECTION('',(-1.,0.,0.));
#6227=DIRECTION('',(0.,0.,1.));
#6228=DIRECTION('',(-1.,0.,0.));
#6229=DIRECTION('',(0.,0.,1.));
#6230=DIRECTION('',(1.,-4.8441261673496E-17,0.));
#6231=DIRECTION('',(4.8441261673496E-17,1.,0.));
#6232=DIRECTION('',(-1.,0.,0.));
#6233=DIRECTION('',(0.,0.,1.));
#6234=DIRECTION('',(0.,0.,-1.));
#6235=DIRECTION('',(-1.,0.,0.));
#6236=DIRECTION('',(-1.9554548265032E-15,0.,1.));
#6237=DIRECTION('',(1.,0.,1.9554548265032E-15));
#6238=DIRECTION('',(0.,0.,-1.));
#6239=DIRECTION('',(-1.,0.,0.));
#6240=DIRECTION('',(1.,-4.8441261673496E-17,0.));
#6241=DIRECTION('',(4.8441261673496E-17,1.,0.));
#6242=DIRECTION('',(-1.,0.,0.));
#6243=DIRECTION('',(0.,0.,1.));
#6244=DIRECTION('',(1.,0.,0.));
#6245=DIRECTION('',(0.,0.,-1.));
#6246=DIRECTION('',(-1.,0.,0.));
#6247=DIRECTION('',(0.,0.,1.));
#6248=DIRECTION('',(0.,0.,-1.));
#6249=DIRECTION('',(-1.,0.,0.));
#6250=DIRECTION('',(0.,0.,-1.));
#6251=DIRECTION('',(-1.,0.,0.));
#6252=DIRECTION('',(-1.00154306582476E-15,-1.7347234759768E-15,1.));
#6253=DIRECTION('',(0.,-1.,-1.7347234759768E-15));
#6254=DIRECTION('',(0.,-1.73472347597681E-15,1.));
#6255=DIRECTION('',(0.,-1.,-1.73472347597681E-15));
#6256=DIRECTION('',(-0.5,-0.86602540378444,-3.00462919747432E-15));
#6257=DIRECTION('',(0.86602540378444,-0.5,0.));
#6258=DIRECTION('',(0.,2.16840434497101E-15,1.));
#6259=DIRECTION('',(0.,-1.,2.16840434497101E-15));
#6260=DIRECTION('',(0.46153846153849,0.887120199590047,0.));
#6261=DIRECTION('',(-0.887120199590047,0.46153846153849,0.));
#6262=DIRECTION('',(0.,2.60208521396521E-15,-1.));
#6263=DIRECTION('',(0.,1.,2.60208521396521E-15));
#6264=DIRECTION('',(0.461538461538453,0.887120199590066,4.13943407589848E-14));
#6265=DIRECTION('',(-0.887120199590066,0.461538461538453,0.));
#6266=DIRECTION('',(0.,-3.46944695195361E-15,-1.));
#6267=DIRECTION('',(0.,1.,-3.46944695195361E-15));
#6268=DIRECTION('',(-0.5,-0.866025403784441,0.));
#6269=DIRECTION('',(0.866025403784441,-0.5,0.));
#6270=DIRECTION('',(0.5,0.866025403784439,0.));
#6271=DIRECTION('',(-0.866025403784439,0.5,0.));
#6272=DIRECTION('',(0.499999999999984,0.866025403784448,0.));
#6273=DIRECTION('',(-0.866025403784448,0.499999999999984,0.));
#6274=DIRECTION('',(0.,0.,1.));
#6275=DIRECTION('',(1.,0.,0.));
#6276=DIRECTION('',(-0.999037859824545,0.0438560672791355,-5.55718589466821E-14));
#6277=DIRECTION('',(-0.0438560672791355,-0.999037859824545,0.));
#6278=DIRECTION('',(0.,0.,1.));
#6279=DIRECTION('',(1.,0.,0.));
#6280=DIRECTION('',(-0.999037859824548,0.04385606727908,0.));
#6281=DIRECTION('',(-0.04385606727908,-0.999037859824548,0.));
#6282=DIRECTION('',(0.5,0.866025403784439,0.));
#6283=DIRECTION('',(-0.866025403784439,0.5,0.));
#6284=DIRECTION('',(0.5,0.86602540378444,-1.4271988688003E-14));
#6285=DIRECTION('',(-0.86602540378444,0.5,0.));
#6286=DIRECTION('',(0.,-4.33680868994202E-15,1.));
#6287=DIRECTION('',(0.,-1.,-4.33680868994202E-15));
#6288=DIRECTION('',(0.,0.,-1.));
#6289=DIRECTION('',(-1.,0.,0.));
#6290=DIRECTION('',(0.,-2.60208521396521E-15,-1.));
#6291=DIRECTION('',(0.,1.,-2.60208521396521E-15));
#6292=DIRECTION('',(1.95357340485338E-15,-8.57585584324367E-17,1.));
#6293=DIRECTION('',(1.,0.,-1.95357340485338E-15));
#6294=DIRECTION('',(0.,0.,-1.));
#6295=DIRECTION('',(-1.,0.,0.));
#6296=CARTESIAN_POINT('',(0.,0.,0.));
#6297=CARTESIAN_POINT('',(-0.556849364905389,-0.0801647182049351,0.048));
#6298=CARTESIAN_POINT('',(-0.556849364905389,-0.0801647182049351,0.00425));
#6299=CARTESIAN_POINT('',(-0.574819392033916,-0.0697897182049351,0.00425));
#6300=CARTESIAN_POINT('',(-0.573699734420138,-0.0704361528296498,0.00425));
#6301=CARTESIAN_POINT('',(-0.571874905661049,-0.071489718204935,0.00765));
#6302=CARTESIAN_POINT('',(-0.574819392033916,-0.0697897182049351,0.00554286924942935));
#6303=CARTESIAN_POINT('',(-0.574819392033916,-0.0697897182049351,0.048));
#6304=CARTESIAN_POINT('',(-0.556849364905389,-0.0801647182049351,0.048));
#6305=CARTESIAN_POINT('',(-0.538879337776862,-0.090539718204935,0.048));
#6306=CARTESIAN_POINT('',(-0.538879337776862,-0.090539718204935,0.00425));
#6307=CARTESIAN_POINT('',(-0.538879337776862,-0.090539718204935,0.00554286924942934));
#6308=CARTESIAN_POINT('',(-0.541823824149729,-0.088839718204935,0.00765));
#6309=CARTESIAN_POINT('',(-0.539998995390639,-0.0898932835802203,0.00425));
#6310=CARTESIAN_POINT('',(-0.556849364905389,-0.0801647182049351,0.00425));
#6311=CARTESIAN_POINT('',(-0.556849364905389,-0.0801647182049351,0.048));
#6312=CARTESIAN_POINT('',(-0.576551442841485,-0.068789718204935,0.04575));
#6313=CARTESIAN_POINT('',(-0.538879337776862,-0.090539718204935,0.04575));
#6314=CARTESIAN_POINT('',(-0.539998995390639,-0.0898932835802203,0.04575));
#6315=CARTESIAN_POINT('',(-0.541823824149729,-0.088839718204935,0.04235));
#6316=CARTESIAN_POINT('',(-0.538879337776862,-0.090539718204935,0.0444571307505707));
#6317=CARTESIAN_POINT('',(-0.538879337776862,-0.090539718204935,0.048));
#6318=CARTESIAN_POINT('',(-0.556849364905389,-0.0801647182049351,0.048));
#6319=CARTESIAN_POINT('',(-0.560746479222419,-0.077914718204935,0.00765));
#6320=CARTESIAN_POINT('',(-0.557282377607281,-0.079914718204935,0.00765));
#6321=CARTESIAN_POINT('',(-0.558921650463329,-0.0789682835802203,0.00425));
#6322=CARTESIAN_POINT('',(-0.556849364905389,-0.0801647182049351,0.00425));
#6323=CARTESIAN_POINT('',(-0.554777079347449,-0.0813611528296497,0.00425));
#6324=CARTESIAN_POINT('',(-0.552952250588359,-0.082414718204935,0.00765));
#6325=CARTESIAN_POINT('',(-0.556416352203497,-0.080414718204935,0.00765));
#6326=CARTESIAN_POINT('',(-0.556416352203497,-0.080414718204935,0.048));
#6327=CARTESIAN_POINT('',(-0.556416352203497,-0.080414718204935,0.04235));
#6328=CARTESIAN_POINT('',(-0.552952250588359,-0.082414718204935,0.04235));
#6329=CARTESIAN_POINT('',(-0.554777079347449,-0.0813611528296497,0.04575));
#6330=CARTESIAN_POINT('',(-0.576551442841485,-0.068789718204935,0.04575));
#6331=CARTESIAN_POINT('',(-0.558921650463329,-0.0789682835802203,0.04575));
#6332=CARTESIAN_POINT('',(-0.560746479222419,-0.077914718204935,0.04235));
#6333=CARTESIAN_POINT('',(-0.557282377607281,-0.079914718204935,0.04235));
#6334=CARTESIAN_POINT('',(-0.557282377607281,-0.079914718204935,0.00565));
#6335=CARTESIAN_POINT('',(-0.418,-7.97972798949331E-17,0.048));
#6336=CARTESIAN_POINT('',(-0.418,0.02075,0.048));
#6337=CARTESIAN_POINT('',(-0.418,0.02075,0.00425));
#6338=CARTESIAN_POINT('',(-0.418,0.02075,0.00554286924942946));
#6339=CARTESIAN_POINT('',(-0.418,0.01735,0.00765));
#6340=CARTESIAN_POINT('',(-0.418,0.0194571307505705,0.00425));
#6341=CARTESIAN_POINT('',(-0.418,0.02275,0.00425));
#6342=CARTESIAN_POINT('',(-0.418,-7.97972798949331E-17,0.048));
#6343=CARTESIAN_POINT('',(-0.418,0.02275,0.00425));
#6344=CARTESIAN_POINT('',(-0.418,-0.02075,0.00425));
#6345=CARTESIAN_POINT('',(-0.418,-0.0194571307505706,0.00425));
#6346=CARTESIAN_POINT('',(-0.418,-0.01735,0.00765));
#6347=CARTESIAN_POINT('',(-0.418,-0.02075,0.00554286924942946));
#6348=CARTESIAN_POINT('',(-0.418,-0.02075,0.048));
#6349=CARTESIAN_POINT('',(-0.418,-7.97972798949331E-17,0.048));
#6350=CARTESIAN_POINT('',(-0.418,-7.97972798949331E-17,0.04575));
#6351=CARTESIAN_POINT('',(-0.418,0.02075,0.04575));
#6352=CARTESIAN_POINT('',(-0.418,0.0194571307505705,0.04575));
#6353=CARTESIAN_POINT('',(-0.418,0.01735,0.04235));
#6354=CARTESIAN_POINT('',(-0.418,0.02075,0.0444571307505705));
#6355=CARTESIAN_POINT('',(-0.418,0.02075,0.048));
#6356=CARTESIAN_POINT('',(-0.418,-7.97972798949331E-17,0.048));
#6357=CARTESIAN_POINT('',(-0.418,-0.0045,0.00765));
#6358=CARTESIAN_POINT('',(-0.418,-0.0005,0.00765));
#6359=CARTESIAN_POINT('',(-0.418,-0.00239286924942946,0.00425));
#6360=CARTESIAN_POINT('',(-0.418,0.02275,0.00425));
#6361=CARTESIAN_POINT('',(-0.418,0.00239286924942946,0.00425));
#6362=CARTESIAN_POINT('',(-0.418,0.0045,0.00765));
#6363=CARTESIAN_POINT('',(-0.418,0.0005,0.00765));
#6364=CARTESIAN_POINT('',(-0.418,0.0005,0.048));
#6365=CARTESIAN_POINT('',(-0.418,0.0005,0.04235));
#6366=CARTESIAN_POINT('',(-0.418,0.0045,0.04235));
#6367=CARTESIAN_POINT('',(-0.418,0.00239286924942946,0.04575));
#6368=CARTESIAN_POINT('',(-0.418,-7.97972798949331E-17,0.04575));
#6369=CARTESIAN_POINT('',(-0.418,-0.00239286924942946,0.04575));
#6370=CARTESIAN_POINT('',(-0.418,-0.0045,0.04235));
#6371=CARTESIAN_POINT('',(-0.418,-0.0005,0.04235));
#6372=CARTESIAN_POINT('',(-0.418,-0.0005,0.00565));
#6373=CARTESIAN_POINT('',(-0.0258839745962155,0.0410096225264523,0.04775));
#6374=CARTESIAN_POINT('',(-0.0258839745962155,-0.02075,0.04775));
#6375=CARTESIAN_POINT('',(-0.496104874730053,-0.02075,0.04775));
#6376=CARTESIAN_POINT('',(-0.42,-0.02075,0.04775));
#6377=CARTESIAN_POINT('',(-0.42,0.0410096225264523,0.04775));
#6378=CARTESIAN_POINT('',(-0.42,0.02075,0.04775));
#6379=CARTESIAN_POINT('',(-0.0258839745962155,0.02075,0.04775));
#6380=CARTESIAN_POINT('',(-0.522546261355944,0.02075,0.04775));
#6381=CARTESIAN_POINT('',(-0.574819392033916,-0.0697897182049351,0.04775));
#6382=CARTESIAN_POINT('',(-0.573819392033916,-0.0680576673973662,0.04775));
#6383=CARTESIAN_POINT('',(-0.536147286969293,-0.0898076673973662,0.04775));
#6384=CARTESIAN_POINT('',(-0.537879337776862,-0.0888076673973662,0.04775));
#6385=CARTESIAN_POINT('',(-0.499509985615278,-0.02235,0.04775));
#6386=CARTESIAN_POINT('',(-0.499826900411835,-0.0228989125293078,0.04775));
#6387=CARTESIAN_POINT('',(-0.497431524646195,-0.02275,0.04775));
#6388=CARTESIAN_POINT('',(-0.527849364905389,-0.0299352447854375,0.04775));
#6389=CARTESIAN_POINT('',(-0.524599364905389,-0.0299352447854375,0.04775));
#6390=CARTESIAN_POINT('',(-0.546849364905389,-0.0628442101292463,0.04775));
#6391=CARTESIAN_POINT('',(-0.543599364905389,-0.0628442101292463,0.04775));
#6392=CARTESIAN_POINT('',(-0.510566243270259,-5.52943107967607E-17,0.04775));
#6393=CARTESIAN_POINT('',(-0.506216243270259,-5.52943107967607E-17,0.04775));
#6394=CARTESIAN_POINT('',(-0.476,-1.41385078521264E-18,0.04775));
#6395=CARTESIAN_POINT('',(-0.47275,-1.41385078521264E-18,0.04775));
#6396=CARTESIAN_POINT('',(-0.438,-1.08692910390521E-16,0.04775));
#6397=CARTESIAN_POINT('',(-0.43475,-1.08692910390521E-16,0.04775));
#6398=CARTESIAN_POINT('',(-0.0258839745962155,0.0410096225264523,0.00225));
#6399=CARTESIAN_POINT('',(-0.389608015776517,0.251005795612637,0.00225));
#6400=CARTESIAN_POINT('',(-0.573819392033916,-0.0680576673973662,0.00225));
#6401=CARTESIAN_POINT('',(-0.522546261355944,0.02075,0.00225));
#6402=CARTESIAN_POINT('',(-0.418,0.02075,0.00225));
#6403=CARTESIAN_POINT('',(-0.42,0.02075,0.00225));
#6404=CARTESIAN_POINT('',(-0.42,-0.02275,0.00225));
#6405=CARTESIAN_POINT('',(-0.42,-0.02075,0.00225));
#6406=CARTESIAN_POINT('',(-0.496738704323168,-0.02075,0.00225));
#6407=CARTESIAN_POINT('',(-0.496104874730053,-0.02075,0.00225));
#6408=CARTESIAN_POINT('',(-0.497431524646195,-0.02275,0.00225));
#6409=CARTESIAN_POINT('',(-0.499826900411835,-0.0228989125293076,0.00225));
#6410=CARTESIAN_POINT('',(-0.353667961519462,0.230255795612638,0.00225));
#6411=CARTESIAN_POINT('',(-0.537879337776862,-0.0888076673973661,0.00225));
#6412=CARTESIAN_POINT('',(-0.210095350853614,-0.278053840483551,0.00225));
#6413=CARTESIAN_POINT('',(-0.438,-1.08692910390521E-16,0.00225));
#6414=CARTESIAN_POINT('',(-0.43475,-1.08692910390521E-16,0.00225));
#6415=CARTESIAN_POINT('',(-0.476,-1.41385078521264E-18,0.00225));
#6416=CARTESIAN_POINT('',(-0.47275,-1.41385078521264E-18,0.00225));
#6417=CARTESIAN_POINT('',(-0.510566243270259,-5.52943107967607E-17,0.00225));
#6418=CARTESIAN_POINT('',(-0.506216243270259,-5.52943107967607E-17,0.00225));
#6419=CARTESIAN_POINT('',(-0.546849364905389,-0.0628442101292463,0.00225));
#6420=CARTESIAN_POINT('',(-0.543599364905389,-0.0628442101292463,0.00225));
#6421=CARTESIAN_POINT('',(-0.527849364905389,-0.0299352447854375,0.00225));
#6422=CARTESIAN_POINT('',(-0.524599364905389,-0.0299352447854375,0.00225));
#6423=CARTESIAN_POINT('',(-0.457643593539449,-0.01935,0.048));
#6424=CARTESIAN_POINT('',(-0.42,-0.01935,0.00565));
#6425=CARTESIAN_POINT('',(-0.42,-0.01935,0.04235));
#6426=CARTESIAN_POINT('',(-0.42,-0.01935,0.00765));
#6427=CARTESIAN_POINT('',(-0.457643593539449,-0.01935,0.00765));
#6428=CARTESIAN_POINT('',(-0.495353063677113,-0.01935,0.00765));
#6429=CARTESIAN_POINT('',(-0.495353063677113,-0.01935,0.048));
#6430=CARTESIAN_POINT('',(-0.495353063677113,-0.01935,0.04235));
#6431=CARTESIAN_POINT('',(-0.418,-0.01935,0.04235));
#6432=CARTESIAN_POINT('',(-0.0258839745962155,0.0410096225264523,0.04435));
#6433=CARTESIAN_POINT('',(-0.546849364905389,-0.0628442101292463,0.04435));
#6434=CARTESIAN_POINT('',(-0.54705281911353,-0.0541966031547596,0.04435));
#6435=CARTESIAN_POINT('',(-0.554440139331308,-0.0669918171037327,0.04435));
#6436=CARTESIAN_POINT('',(-0.37553510296502,0.242880795612638,0.04435));
#6437=CARTESIAN_POINT('',(-0.559746479222419,-0.0761826673973661,0.04435));
#6438=CARTESIAN_POINT('',(-0.210095350853614,-0.278053840483551,0.04435));
#6439=CARTESIAN_POINT('',(-0.570874905661049,-0.0697576673973661,0.04435));
#6440=CARTESIAN_POINT('',(-0.38666352940365,0.249305795612637,0.04435));
#6441=CARTESIAN_POINT('',(-0.533198373822493,-0.0045,0.04435));
#6442=CARTESIAN_POINT('',(-0.51790194364582,-0.0045,0.04435));
#6443=CARTESIAN_POINT('',(-0.519215665216263,-0.0045,0.04435));
#6444=CARTESIAN_POINT('',(-0.510566243270259,-5.52943107967607E-17,0.04435));
#6445=CARTESIAN_POINT('',(-0.518788068560291,-0.0052406191332893,0.04435));
#6446=CARTESIAN_POINT('',(-0.37553510296502,0.242880795612638,0.04435));
#6447=CARTESIAN_POINT('',(-0.52805281911353,-0.0212876378109509,0.04435));
#6448=CARTESIAN_POINT('',(-0.527849364905389,-0.0299352447854375,0.04435));
#6449=CARTESIAN_POINT('',(-0.535440139331308,-0.0340828517599242,0.04435));
#6450=CARTESIAN_POINT('',(-0.375535102965019,0.242880795612638,0.04435));
#6451=CARTESIAN_POINT('',(-0.0258839745962155,0.0410096225264523,0.04435));
#6452=CARTESIAN_POINT('',(-0.42,0.0025,0.04435));
#6453=CARTESIAN_POINT('',(-0.42,0.01735,0.04435));
#6454=CARTESIAN_POINT('',(-0.42,0.0045,0.04435));
#6455=CARTESIAN_POINT('',(-0.0258839745962155,0.0045,0.04435));
#6456=CARTESIAN_POINT('',(-0.430612679782222,0.0045,0.04435));
#6457=CARTESIAN_POINT('',(-0.438,-1.08692910390521E-16,0.04435));
#6458=CARTESIAN_POINT('',(-0.445387320217778,0.0045,0.04435));
#6459=CARTESIAN_POINT('',(-0.0258839745962155,0.0045,0.04435));
#6460=CARTESIAN_POINT('',(-0.468612679782222,0.0045,0.04435));
#6461=CARTESIAN_POINT('',(-0.476,-1.41385078521264E-18,0.04435));
#6462=CARTESIAN_POINT('',(-0.483387320217779,0.0045,0.04435));
#6463=CARTESIAN_POINT('',(-0.0258839745962155,0.0045,0.04435));
#6464=CARTESIAN_POINT('',(-0.501916821324256,0.0045,0.04435));
#6465=CARTESIAN_POINT('',(-0.510566243270259,-5.52943107967607E-17,0.04435));
#6466=CARTESIAN_POINT('',(-0.502344417980228,0.00524061913328933,0.04435));
#6467=CARTESIAN_POINT('',(-0.36774087433096,0.238380795612638,0.04435));
#6468=CARTESIAN_POINT('',(-0.495353063677113,0.01735,0.04435));
#6469=CARTESIAN_POINT('',(-0.418,0.01735,0.04435));
#6470=CARTESIAN_POINT('',(-0.0258839745962155,0.0410096225264523,0.04435));
#6471=CARTESIAN_POINT('',(-0.438,-1.08692910390521E-16,0.04435));
#6472=CARTESIAN_POINT('',(-0.445387320217778,-0.0045,0.04435));
#6473=CARTESIAN_POINT('',(-0.430612679782222,-0.0045,0.04435));
#6474=CARTESIAN_POINT('',(-0.418,-0.0045,0.04435));
#6475=CARTESIAN_POINT('',(-0.42,-0.0045,0.04435));
#6476=CARTESIAN_POINT('',(-0.42,-0.01935,0.04435));
#6477=CARTESIAN_POINT('',(-0.42,-0.01735,0.04435));
#6478=CARTESIAN_POINT('',(-0.496507764215492,-0.01735,0.04435));
#6479=CARTESIAN_POINT('',(-0.495353063677112,-0.01735,0.04435));
#6480=CARTESIAN_POINT('',(-0.403256249238475,-0.176866361822961,0.04435));
#6481=CARTESIAN_POINT('',(-0.502344417980228,-0.00524061913328926,0.04435));
#6482=CARTESIAN_POINT('',(-0.510566243270259,-5.52943107967607E-17,0.04435));
#6483=CARTESIAN_POINT('',(-0.501916821324256,-0.0045,0.04435));
#6484=CARTESIAN_POINT('',(-0.48216218305473,-0.0045,0.04435));
#6485=CARTESIAN_POINT('',(-0.483387320217779,-0.0045,0.04435));
#6486=CARTESIAN_POINT('',(-0.476,-1.41385078521264E-18,0.04435));
#6487=CARTESIAN_POINT('',(-0.468612679782222,-0.0045,0.04435));
#6488=CARTESIAN_POINT('',(-0.44416218305473,-0.0045,0.04435));
#6489=CARTESIAN_POINT('',(-0.0258839745962155,0.0410096225264523,0.00565));
#6490=CARTESIAN_POINT('',(-0.546849364905389,-0.0628442101292463,0.00565));
#6491=CARTESIAN_POINT('',(-0.53925859047947,-0.0586966031547596,0.00565));
#6492=CARTESIAN_POINT('',(-0.546645910697248,-0.0714918171037329,0.00565));
#6493=CARTESIAN_POINT('',(-0.367740874330959,0.238380795612638,0.00565));
#6494=CARTESIAN_POINT('',(-0.551952250588359,-0.0806826673973662,0.00565));
#6495=CARTESIAN_POINT('',(-0.53909177334216,-0.0881076673973662,0.00565));
#6496=CARTESIAN_POINT('',(-0.540823824149729,-0.0871076673973662,0.00565));
#6497=CARTESIAN_POINT('',(-0.502569942041983,-0.02085,0.00565));
#6498=CARTESIAN_POINT('',(-0.503147292311173,-0.02185,0.00565));
#6499=CARTESIAN_POINT('',(-0.411050477872535,-0.181366361822961,0.00565));
#6500=CARTESIAN_POINT('',(-0.510138646614288,-0.00974061913328937,0.00565));
#6501=CARTESIAN_POINT('',(-0.510566243270259,-5.52943107967607E-17,0.00565));
#6502=CARTESIAN_POINT('',(-0.510993839926231,-0.00974061913328936,0.00565));
#6503=CARTESIAN_POINT('',(-0.36774087433096,0.238380795612638,0.00565));
#6504=CARTESIAN_POINT('',(-0.52025859047947,-0.0257876378109509,0.00565));
#6505=CARTESIAN_POINT('',(-0.527849364905389,-0.0299352447854375,0.00565));
#6506=CARTESIAN_POINT('',(-0.527645910697248,-0.0385828517599241,0.00565));
#6507=CARTESIAN_POINT('',(-0.367740874330959,0.238380795612638,0.00565));
#6508=CARTESIAN_POINT('',(-0.0258839745962155,0.0410096225264523,0.00565));
#6509=CARTESIAN_POINT('',(-0.42,0.0410096225264523,0.00565));
#6510=CARTESIAN_POINT('',(-0.42,-0.01735,0.00565));
#6511=CARTESIAN_POINT('',(-0.42,-0.0045,0.00565));
#6512=CARTESIAN_POINT('',(-0.0258839745962155,-0.0045,0.00565));
#6513=CARTESIAN_POINT('',(-0.430612679782222,-0.0045,0.00565));
#6514=CARTESIAN_POINT('',(-0.438,-1.08692910390521E-16,0.00565));
#6515=CARTESIAN_POINT('',(-0.445387320217778,-0.0045,0.00565));
#6516=CARTESIAN_POINT('',(-0.0258839745962155,-0.0045,0.00565));
#6517=CARTESIAN_POINT('',(-0.468612679782222,-0.0045,0.00565));
#6518=CARTESIAN_POINT('',(-0.476,-1.41385078521264E-18,0.00565));
#6519=CARTESIAN_POINT('',(-0.483387320217779,-0.0045,0.00565));
#6520=CARTESIAN_POINT('',(-0.0258839745962155,-0.0045,0.00565));
#6521=CARTESIAN_POINT('',(-0.501916821324256,-0.0045,0.00565));
#6522=CARTESIAN_POINT('',(-0.510566243270259,-5.52943107967607E-17,0.00565));
#6523=CARTESIAN_POINT('',(-0.502344417980228,-0.00524061913328927,0.00565));
#6524=CARTESIAN_POINT('',(-0.494775713407923,-0.01835,0.00565));
#6525=CARTESIAN_POINT('',(-0.495353063677113,-0.01735,0.00565));
#6526=CARTESIAN_POINT('',(-0.0258839745962155,-0.01735,0.00565));
#6527=CARTESIAN_POINT('',(-0.0258839745962155,0.0410096225264523,0.00565));
#6528=CARTESIAN_POINT('',(-0.438,-1.08692910390521E-16,0.00565));
#6529=CARTESIAN_POINT('',(-0.445387320217778,0.0045,0.00565));
#6530=CARTESIAN_POINT('',(-0.430612679782222,0.0045,0.00565));
#6531=CARTESIAN_POINT('',(-0.418,0.0045,0.00565));
#6532=CARTESIAN_POINT('',(-0.42,0.0045,0.00565));
#6533=CARTESIAN_POINT('',(-0.42,0.0410096225264523,0.00565));
#6534=CARTESIAN_POINT('',(-0.42,0.01735,0.00565));
#6535=CARTESIAN_POINT('',(-0.0258839745962155,0.01735,0.00565));
#6536=CARTESIAN_POINT('',(-0.495353063677113,0.01735,0.00565));
#6537=CARTESIAN_POINT('',(-0.503001278765449,0.00410290287978652,0.00565));
#6538=CARTESIAN_POINT('',(-0.502344417980228,0.00524061913328932,0.00565));
#6539=CARTESIAN_POINT('',(-0.510566243270259,-5.52943107967607E-17,0.00565));
#6540=CARTESIAN_POINT('',(-0.501916821324256,0.0045,0.00565));
#6541=CARTESIAN_POINT('',(-0.48216218305473,0.0045,0.00565));
#6542=CARTESIAN_POINT('',(-0.483387320217779,0.0045,0.00565));
#6543=CARTESIAN_POINT('',(-0.476,-1.41385078521264E-18,0.00565));
#6544=CARTESIAN_POINT('',(-0.468612679782222,0.0045,0.00565));
#6545=CARTESIAN_POINT('',(-0.44416218305473,0.0045,0.00565));
#6546=CARTESIAN_POINT('',(-0.0258839745962155,0.0410096225264523,0.00565));
#6547=CARTESIAN_POINT('',(-0.55801442841485,-0.0771826673973662,0.00565));
#6548=CARTESIAN_POINT('',(-0.570874905661049,-0.0697576673973662,0.00565));
#6549=CARTESIAN_POINT('',(-0.559746479222419,-0.0761826673973662,0.00565));
#6550=CARTESIAN_POINT('',(-0.553827570749784,-0.0659308171974122,0.00565));
#6551=CARTESIAN_POINT('',(-0.554440139331308,-0.0669918171037327,0.00565));
#6552=CARTESIAN_POINT('',(-0.546849364905389,-0.0628442101292463,0.00565));
#6553=CARTESIAN_POINT('',(-0.54705281911353,-0.0541966031547596,0.00565));
#6554=CARTESIAN_POINT('',(-0.534827570749784,-0.0330218518536036,0.00565));
#6555=CARTESIAN_POINT('',(-0.535440139331308,-0.0340828517599241,0.00565));
#6556=CARTESIAN_POINT('',(-0.527849364905389,-0.0299352447854375,0.00565));
#6557=CARTESIAN_POINT('',(-0.52805281911353,-0.0212876378109509,0.00565));
#6558=CARTESIAN_POINT('',(-0.51813120777507,-0.00410290287978658,0.00565));
#6559=CARTESIAN_POINT('',(-0.518788068560291,-0.00524061913328929,0.00565));
#6560=CARTESIAN_POINT('',(-0.510566243270259,-5.52943107967607E-17,0.00565));
#6561=CARTESIAN_POINT('',(-0.519215665216263,-0.0045,0.00565));
#6562=CARTESIAN_POINT('',(-0.0258839745962155,-0.0045,0.00565));
#6563=CARTESIAN_POINT('',(-0.533198373822493,-0.0045,0.00565));
#6564=CARTESIAN_POINT('',(-0.571874905661049,-0.0714897182049351,0.00565));
#6565=CARTESIAN_POINT('',(-0.47092264973081,0.01935,0.048));
#6566=CARTESIAN_POINT('',(-0.495353063677113,0.01935,0.048));
#6567=CARTESIAN_POINT('',(-0.495353063677113,0.01935,0.04235));
#6568=CARTESIAN_POINT('',(-0.495353063677113,0.01935,0.00765));
#6569=CARTESIAN_POINT('',(-0.47092264973081,0.01935,0.00765));
#6570=CARTESIAN_POINT('',(-0.42,0.01935,0.00765));
#6571=CARTESIAN_POINT('',(-0.42,0.01935,0.04435));
#6572=CARTESIAN_POINT('',(-0.42,0.01935,0.04235));
#6573=CARTESIAN_POINT('',(-0.496507764215492,0.01935,0.04235));
#6574=CARTESIAN_POINT('',(-0.476,-1.41385078521264E-18,0.048));
#6575=CARTESIAN_POINT('',(-0.470320730699627,0.00345953757225435,0.048));
#6576=CARTESIAN_POINT('',(-0.470320730699627,0.00345953757225435,0.04235));
#6577=CARTESIAN_POINT('',(-0.470320730699627,0.00345953757225435,0.00765));
#6578=CARTESIAN_POINT('',(-0.476,-1.41385078521264E-18,0.00765));
#6579=CARTESIAN_POINT('',(-0.481679269300373,0.00345953757225435,0.00765));
#6580=CARTESIAN_POINT('',(-0.481679269300373,0.00345953757225435,0.048));
#6581=CARTESIAN_POINT('',(-0.481679269300373,0.00345953757225435,0.04235));
#6582=CARTESIAN_POINT('',(-0.476,-1.41385078521264E-18,0.04235));
#6583=CARTESIAN_POINT('',(-0.510566243270259,-5.52943107967607E-17,0.048));
#6584=CARTESIAN_POINT('',(-0.503691061723436,0.00357692307692306,0.048));
#6585=CARTESIAN_POINT('',(-0.503691061723436,0.00357692307692304,0.04235));
#6586=CARTESIAN_POINT('',(-0.503691061723436,0.00357692307692306,0.00765));
#6587=CARTESIAN_POINT('',(-0.510566243270259,-5.52943107967607E-17,0.00765));
#6588=CARTESIAN_POINT('',(-0.504733329573018,0.00510290287978651,0.00765));
#6589=CARTESIAN_POINT('',(-0.504733329573018,0.00510290287978651,0.048));
#6590=CARTESIAN_POINT('',(-0.504733329573018,0.00510290287978651,0.04235));
#6591=CARTESIAN_POINT('',(-0.510566243270259,-5.52943107967607E-17,0.04235));
#6592=CARTESIAN_POINT('',(-0.510566243270259,-5.52943107967607E-17,0.048));
#6593=CARTESIAN_POINT('',(-0.504733329573018,-0.00510290287978652,0.048));
#6594=CARTESIAN_POINT('',(-0.504733329573018,-0.00510290287978652,0.00765));
#6595=CARTESIAN_POINT('',(-0.504733329573018,-0.00510290287978652,0.04235));
#6596=CARTESIAN_POINT('',(-0.510566243270259,-5.52943107967607E-17,0.00765));
#6597=CARTESIAN_POINT('',(-0.503691061723436,-0.00357692307692308,0.00765));
#6598=CARTESIAN_POINT('',(-0.503691061723436,-0.00357692307692308,0.048));
#6599=CARTESIAN_POINT('',(-0.503691061723436,-0.00357692307692309,0.04235));
#6600=CARTESIAN_POINT('',(-0.510566243270259,-5.52943107967607E-17,0.04235));
#6601=CARTESIAN_POINT('',(-0.510566243270259,-5.52943107967607E-17,0.048));
#6602=CARTESIAN_POINT('',(-0.51790194364582,-0.0025,0.048));
#6603=CARTESIAN_POINT('',(-0.51790194364582,-0.0025,0.04235));
#6604=CARTESIAN_POINT('',(-0.51790194364582,-0.0025,0.00765));
#6605=CARTESIAN_POINT('',(-0.510566243270259,-5.52943107967607E-17,0.00765));
#6606=CARTESIAN_POINT('',(-0.517101540295669,-0.00416562033671718,0.00765));
#6607=CARTESIAN_POINT('',(-0.517101540295669,-0.00416562033671718,0.048));
#6608=CARTESIAN_POINT('',(-0.517101540295669,-0.00416562033671719,0.04235));
#6609=CARTESIAN_POINT('',(-0.510566243270259,-5.52943107967607E-17,0.04235));
#6610=CARTESIAN_POINT('',(-0.546849364905389,-0.0628442101292463,0.048));
#6611=CARTESIAN_POINT('',(-0.547005777678121,-0.0561960498540629,0.048));
#6612=CARTESIAN_POINT('',(-0.547005777678121,-0.0561960498540629,0.04235));
#6613=CARTESIAN_POINT('',(-0.547005777678121,-0.0561960498540629,0.00765));
#6614=CARTESIAN_POINT('',(-0.546849364905389,-0.0628442101292463,0.00765));
#6615=CARTESIAN_POINT('',(-0.552685046978494,-0.0660328328321752,0.00765));
#6616=CARTESIAN_POINT('',(-0.552685046978494,-0.0660328328321752,0.048));
#6617=CARTESIAN_POINT('',(-0.552685046978494,-0.0660328328321752,0.04235));
#6618=CARTESIAN_POINT('',(-0.546849364905389,-0.0628442101292463,0.04235));
#6619=CARTESIAN_POINT('',(-0.546849364905389,-0.0628442101292463,0.048));
#6620=CARTESIAN_POINT('',(-0.546692952132657,-0.0694923704044296,0.048));
#6621=CARTESIAN_POINT('',(-0.546692952132657,-0.0694923704044296,0.04235));
#6622=CARTESIAN_POINT('',(-0.546692952132657,-0.0694923704044296,0.00765));
#6623=CARTESIAN_POINT('',(-0.546849364905389,-0.0628442101292463,0.00765));
#6624=CARTESIAN_POINT('',(-0.541013682832283,-0.0596555874263171,0.00765));
#6625=CARTESIAN_POINT('',(-0.541013682832283,-0.0596555874263171,0.048));
#6626=CARTESIAN_POINT('',(-0.541013682832283,-0.0596555874263171,0.04235));
#6627=CARTESIAN_POINT('',(-0.546849364905389,-0.0628442101292463,0.04235));
#6628=CARTESIAN_POINT('',(-0.527849364905389,-0.0299352447854375,0.048));
#6629=CARTESIAN_POINT('',(-0.528005777678122,-0.0232870845102542,0.048));
#6630=CARTESIAN_POINT('',(-0.528005777678122,-0.0232870845102542,0.04235));
#6631=CARTESIAN_POINT('',(-0.528005777678122,-0.0232870845102542,0.00765));
#6632=CARTESIAN_POINT('',(-0.527849364905389,-0.0299352447854375,0.00765));
#6633=CARTESIAN_POINT('',(-0.533685046978495,-0.0331238674883666,0.00765));
#6634=CARTESIAN_POINT('',(-0.533685046978495,-0.0331238674883666,0.048));
#6635=CARTESIAN_POINT('',(-0.533685046978495,-0.0331238674883666,0.04235));
#6636=CARTESIAN_POINT('',(-0.527849364905389,-0.0299352447854375,0.04235));
#6637=CARTESIAN_POINT('',(-0.527849364905389,-0.0299352447854375,0.048));
#6638=CARTESIAN_POINT('',(-0.527692952132657,-0.0365834050606208,0.048));
#6639=CARTESIAN_POINT('',(-0.527692952132657,-0.0365834050606208,0.04235));
#6640=CARTESIAN_POINT('',(-0.527692952132657,-0.0365834050606208,0.00765));
#6641=CARTESIAN_POINT('',(-0.527849364905389,-0.0299352447854375,0.00765));
#6642=CARTESIAN_POINT('',(-0.522603209868563,-0.0258486377172715,0.00765));
#6643=CARTESIAN_POINT('',(-0.522603209868563,-0.0258486377172715,0.048));
#6644=CARTESIAN_POINT('',(-0.522603209868563,-0.0258486377172715,0.04235));
#6645=CARTESIAN_POINT('',(-0.527849364905389,-0.0299352447854375,0.04235));
#6646=CARTESIAN_POINT('',(-0.438,-1.08692910390521E-16,0.048));
#6647=CARTESIAN_POINT('',(-0.432320730699627,0.00345953757225433,0.048));
#6648=CARTESIAN_POINT('',(-0.432320730699627,0.00345953757225434,0.04235));
#6649=CARTESIAN_POINT('',(-0.432320730699627,0.00345953757225433,0.00765));
#6650=CARTESIAN_POINT('',(-0.438,-1.08692910390521E-16,0.00765));
#6651=CARTESIAN_POINT('',(-0.443679269300373,0.00345953757225433,0.00765));
#6652=CARTESIAN_POINT('',(-0.443679269300373,0.00345953757225433,0.048));
#6653=CARTESIAN_POINT('',(-0.443679269300373,0.00345953757225434,0.04235));
#6654=CARTESIAN_POINT('',(-0.438,-1.08692910390521E-16,0.04235));
#6655=CARTESIAN_POINT('',(-0.418,-7.97972798949331E-17,0.048));
#6656=CARTESIAN_POINT('',(-0.418,-0.02075,0.048));
#6657=CARTESIAN_POINT('',(-0.418,-0.02075,0.04575));
#6658=CARTESIAN_POINT('',(-0.418,-0.02075,0.0444571307505705));
#6659=CARTESIAN_POINT('',(-0.418,-0.01735,0.04235));
#6660=CARTESIAN_POINT('',(-0.418,-0.0194571307505706,0.04575));
#6661=CARTESIAN_POINT('',(-0.418,-7.97972798949331E-17,0.04575));
#6662=CARTESIAN_POINT('',(-0.556849364905389,-0.0801647182049351,0.048));
#6663=CARTESIAN_POINT('',(-0.574819392033916,-0.0697897182049351,0.048));
#6664=CARTESIAN_POINT('',(-0.574819392033916,-0.0697897182049351,0.04575));
#6665=CARTESIAN_POINT('',(-0.574819392033916,-0.0697897182049351,0.0444571307505707));
#6666=CARTESIAN_POINT('',(-0.571874905661049,-0.071489718204935,0.04235));
#6667=CARTESIAN_POINT('',(-0.573699734420138,-0.0704361528296498,0.04575));
#6668=CARTESIAN_POINT('',(-0.576551442841485,-0.068789718204935,0.04575));
#6669=CARTESIAN_POINT('',(-0.47092264973081,0.02275,0.048));
#6670=CARTESIAN_POINT('',(-0.523700961894323,0.02275,0.00425));
#6671=CARTESIAN_POINT('',(-0.42,0.02275,0.00425));
#6672=CARTESIAN_POINT('',(-0.522546261355944,0.02275,0.00425));
#6673=CARTESIAN_POINT('',(-0.522546261355944,0.02275,0.04775));
#6674=CARTESIAN_POINT('',(-0.522546261355944,0.02275,0.04575));
#6675=CARTESIAN_POINT('',(-0.47092264973081,0.02275,0.04575));
#6676=CARTESIAN_POINT('',(-0.42,0.02275,0.04575));
#6677=CARTESIAN_POINT('',(-0.42,0.02275,0.048));
#6678=CARTESIAN_POINT('',(-0.55009011797608,-0.0229573591024676,0.048));
#6679=CARTESIAN_POINT('',(-0.523700961894323,0.02275,0.04575));
#6680=CARTESIAN_POINT('',(-0.575551442841485,-0.0670576673973661,0.04575));
#6681=CARTESIAN_POINT('',(-0.524278312163513,0.02175,0.04575));
#6682=CARTESIAN_POINT('',(-0.524278312163513,0.02175,0.00225));
#6683=CARTESIAN_POINT('',(-0.524278312163513,0.02175,0.00425));
#6684=CARTESIAN_POINT('',(-0.55009011797608,-0.0229573591024676,0.00425));
#6685=CARTESIAN_POINT('',(-0.575551442841485,-0.0670576673973661,0.00425));
#6686=CARTESIAN_POINT('',(-0.575551442841485,-0.0670576673973662,0.048));
#6687=CARTESIAN_POINT('',(-0.517325490199568,-0.0572073591024675,0.048));
#6688=CARTESIAN_POINT('',(-0.536147286969293,-0.0898076673973662,0.048));
#6689=CARTESIAN_POINT('',(-0.536147286969293,-0.0898076673973662,0.04575));
#6690=CARTESIAN_POINT('',(-0.536147286969293,-0.0898076673973662,0.00425));
#6691=CARTESIAN_POINT('',(-0.517325490199568,-0.0572073591024675,0.00425));
#6692=CARTESIAN_POINT('',(-0.497777934807709,-0.02335,0.00425000000000009));
#6693=CARTESIAN_POINT('',(-0.497777934807709,-0.02335,-1.10318689683532));
#6694=CARTESIAN_POINT('',(-0.497777934807709,-0.02335,0.04575));
#6695=CARTESIAN_POINT('',(-0.537147286969293,-0.0915397182049351,0.04575));
#6696=CARTESIAN_POINT('',(-0.457643593539449,-0.02275,0.048));
#6697=CARTESIAN_POINT('',(-0.496738704323168,-0.02275,-1.10318689683532));
#6698=CARTESIAN_POINT('',(-0.496738704323168,-0.02275,0.00425000000000009));
#6699=CARTESIAN_POINT('',(-0.496738704323168,-0.02275,0.04575));
#6700=CARTESIAN_POINT('',(-0.418,-0.02275,0.00425));
#6701=CARTESIAN_POINT('',(-0.42,-0.02275,0.00425));
#6702=CARTESIAN_POINT('',(-0.42,-0.02275,0.048));
#6703=CARTESIAN_POINT('',(-0.42,-0.02275,0.04575));
#6704=CARTESIAN_POINT('',(-0.457643593539449,-0.02275,0.04575));
#6705=CARTESIAN_POINT('',(-0.476,-1.41385078521264E-18,0.048));
#6706=CARTESIAN_POINT('',(-0.510566243270259,-5.52943107967607E-17,0.048));
#6707=CARTESIAN_POINT('',(-0.546849364905389,-0.0628442101292463,0.048));
#6708=CARTESIAN_POINT('',(-0.527849364905389,-0.0299352447854375,0.048));
#6709=CARTESIAN_POINT('',(-0.438,-1.08692910390521E-16,0.048));
#6710=CARTESIAN_POINT('',(-0.547145631603213,-0.0246573591024676,0.048));
#6711=CARTESIAN_POINT('',(-0.572606956468618,-0.0687576673973661,0.00565));
#6712=CARTESIAN_POINT('',(-0.572606956468618,-0.0687576673973661,0.04235));
#6713=CARTESIAN_POINT('',(-0.572606956468618,-0.0687576673973661,0.00765));
#6714=CARTESIAN_POINT('',(-0.534353074360872,-0.00250000000000012,0.00765));
#6715=CARTESIAN_POINT('',(-0.534930424630062,-0.00349999999999996,0.00765));
#6716=CARTESIAN_POINT('',(-0.534930424630062,-0.00349999999999996,0.048));
#6717=CARTESIAN_POINT('',(-0.534930424630062,-0.00349999999999995,0.04235));
#6718=CARTESIAN_POINT('',(-0.547145631603213,-0.0246573591024676,0.04235));
#6719=CARTESIAN_POINT('',(-0.520269976572436,-0.0555073591024675,0.048));
#6720=CARTESIAN_POINT('',(-0.501415241503604,-0.02285,0.048));
#6721=CARTESIAN_POINT('',(-0.501415241503604,-0.02285,0.04235));
#6722=CARTESIAN_POINT('',(-0.501415241503604,-0.02285,0.00765));
#6723=CARTESIAN_POINT('',(-0.54009177334216,-0.0898397182049351,0.00765));
#6724=CARTESIAN_POINT('',(-0.53909177334216,-0.0881076673973662,0.00765));
#6725=CARTESIAN_POINT('',(-0.53909177334216,-0.0881076673973662,0.04435));
#6726=CARTESIAN_POINT('',(-0.53909177334216,-0.0881076673973662,0.04235));
#6727=CARTESIAN_POINT('',(-0.520269976572436,-0.0555073591024675,0.04235));
#6728=CARTESIAN_POINT('',(-0.476,-1.41385078521264E-18,0.048));
#6729=CARTESIAN_POINT('',(-0.481679269300373,-0.00345953757225435,0.048));
#6730=CARTESIAN_POINT('',(-0.481679269300373,-0.00345953757225435,0.04235));
#6731=CARTESIAN_POINT('',(-0.481679269300373,-0.00345953757225435,0.00765));
#6732=CARTESIAN_POINT('',(-0.476,-1.41385078521264E-18,0.00765));
#6733=CARTESIAN_POINT('',(-0.470320730699627,-0.00345953757225435,0.00765));
#6734=CARTESIAN_POINT('',(-0.470320730699627,-0.00345953757225435,0.048));
#6735=CARTESIAN_POINT('',(-0.470320730699627,-0.00345953757225435,0.04235));
#6736=CARTESIAN_POINT('',(-0.476,-1.41385078521264E-18,0.04235));
#6737=CARTESIAN_POINT('',(-0.510566243270259,-5.52943107967607E-17,0.048));
#6738=CARTESIAN_POINT('',(-0.512069029948579,-0.00760290287978657,0.048));
#6739=CARTESIAN_POINT('',(-0.512069029948579,-0.00760290287978657,0.04235));
#6740=CARTESIAN_POINT('',(-0.512069029948579,-0.00760290287978657,0.00765));
#6741=CARTESIAN_POINT('',(-0.510566243270259,-5.52943107967607E-17,0.00765));
#6742=CARTESIAN_POINT('',(-0.50906345659194,-0.00760290287978657,0.00765));
#6743=CARTESIAN_POINT('',(-0.50906345659194,-0.00760290287978657,0.048));
#6744=CARTESIAN_POINT('',(-0.50906345659194,-0.00760290287978657,0.04235));
#6745=CARTESIAN_POINT('',(-0.510566243270259,-5.52943107967607E-17,0.04235));
#6746=CARTESIAN_POINT('',(-0.438,-1.08692910390521E-16,0.048));
#6747=CARTESIAN_POINT('',(-0.443679269300373,-0.00345953757225436,0.048));
#6748=CARTESIAN_POINT('',(-0.443679269300373,-0.00345953757225437,0.04235));
#6749=CARTESIAN_POINT('',(-0.443679269300373,-0.00345953757225436,0.00765));
#6750=CARTESIAN_POINT('',(-0.438,-1.08692910390521E-16,0.00765));
#6751=CARTESIAN_POINT('',(-0.432320730699627,-0.00345953757225436,0.00765));
#6752=CARTESIAN_POINT('',(-0.432320730699627,-0.00345953757225436,0.048));
#6753=CARTESIAN_POINT('',(-0.432320730699627,-0.00345953757225437,0.04235));
#6754=CARTESIAN_POINT('',(-0.438,-1.08692910390521E-16,0.04235));
#6755=CARTESIAN_POINT('',(-0.0258839745962155,0.0410096225264523,0.04435));
#6756=CARTESIAN_POINT('',(-0.210095350853614,-0.278053840483551,0.04435));
#6757=CARTESIAN_POINT('',(-0.540823824149729,-0.0871076673973662,0.04435));
#6758=CARTESIAN_POINT('',(-0.551952250588359,-0.0806826673973662,0.04435));
#6759=CARTESIAN_POINT('',(-0.546033342115724,-0.0704308171974123,0.04435));
#6760=CARTESIAN_POINT('',(-0.546645910697248,-0.0714918171037329,0.04435));
#6761=CARTESIAN_POINT('',(-0.546849364905389,-0.0628442101292463,0.04435));
#6762=CARTESIAN_POINT('',(-0.53925859047947,-0.0586966031547595,0.04435));
#6763=CARTESIAN_POINT('',(-0.527033342115724,-0.0375218518536037,0.04435));
#6764=CARTESIAN_POINT('',(-0.527645910697248,-0.0385828517599241,0.04435));
#6765=CARTESIAN_POINT('',(-0.527849364905389,-0.0299352447854375,0.04435));
#6766=CARTESIAN_POINT('',(-0.52025859047947,-0.0257876378109509,0.04435));
#6767=CARTESIAN_POINT('',(-0.51033697914101,-0.0086029028797866,0.04435));
#6768=CARTESIAN_POINT('',(-0.510993839926231,-0.00974061913328936,0.04435));
#6769=CARTESIAN_POINT('',(-0.510566243270259,-5.52943107967607E-17,0.04435));
#6770=CARTESIAN_POINT('',(-0.510138646614288,-0.00974061913328937,0.04435));
#6771=CARTESIAN_POINT('',(-0.502569942041983,-0.02285,0.04435));
#6772=CARTESIAN_POINT('',(-0.503147292311173,-0.02185,0.04435));
#6773=CARTESIAN_POINT('',(-0.356612447892329,0.231955795612637,0.04435));
#6774=CARTESIAN_POINT('',(-0.517317740578363,-0.0166939363648003,0.00565));
#6775=CARTESIAN_POINT('',(-0.517317740578363,-0.0166939363648003,0.00765));
#6776=CARTESIAN_POINT('',(-0.522603209868563,-0.0258486377172715,0.04235));
#6777=CARTESIAN_POINT('',(-0.521647867597285,-0.0141939363648002,0.00565));
#6778=CARTESIAN_POINT('',(-0.517056017752722,-0.00624061913328935,0.00565));
#6779=CARTESIAN_POINT('',(-0.517056017752722,-0.00624061913328936,0.04235));
#6780=CARTESIAN_POINT('',(-0.517056017752722,-0.00624061913328935,0.00765));
#6781=CARTESIAN_POINT('',(-0.526933336887485,-0.0233486377172715,0.00765));
#6782=CARTESIAN_POINT('',(-0.526320768305961,-0.0222876378109509,0.00765));
#6783=CARTESIAN_POINT('',(-0.526320768305961,-0.0222876378109509,0.04435));
#6784=CARTESIAN_POINT('',(-0.526320768305961,-0.0222876378109509,0.04235));
#6785=CARTESIAN_POINT('',(-0.521647867597285,-0.0141939363648002,0.04235));
#6786=CARTESIAN_POINT('',(-0.500878675923265,-0.0117793588467393,0.00565));
#6787=CARTESIAN_POINT('',(-0.497085114484681,-0.01835,0.00565));
#6788=CARTESIAN_POINT('',(-0.497085114484681,-0.01835,0.04235));
#6789=CARTESIAN_POINT('',(-0.497085114484681,-0.01835,0.00765));
#6790=CARTESIAN_POINT('',(-0.504733329573018,-0.00510290287978653,0.00765));
#6791=CARTESIAN_POINT('',(-0.500878675923265,-0.0117793588467393,0.04235));
#6792=CARTESIAN_POINT('',(-0.505208802942187,-0.0142793588467393,0.00565));
#6793=CARTESIAN_POINT('',(-0.505208802942187,-0.0142793588467393,0.00765));
#6794=CARTESIAN_POINT('',(-0.501415241503604,-0.02085,0.00765));
#6795=CARTESIAN_POINT('',(-0.501415241503604,-0.02085,0.00565));
#6796=CARTESIAN_POINT('',(-0.501415241503604,-0.02085,0.04235));
#6797=CARTESIAN_POINT('',(-0.50906345659194,-0.00760290287978655,0.04235));
#6798=CARTESIAN_POINT('',(-0.500834602783935,0.0118556957633076,0.00565));
#6799=CARTESIAN_POINT('',(-0.496507764215492,0.01935,0.00765));
#6800=CARTESIAN_POINT('',(-0.497085114484682,0.01835,0.00765));
#6801=CARTESIAN_POINT('',(-0.497085114484682,0.01835,0.00565));
#6802=CARTESIAN_POINT('',(-0.497085114484682,0.01835,0.04235));
#6803=CARTESIAN_POINT('',(-0.500834602783935,0.0118556957633076,0.04235));
#6804=CARTESIAN_POINT('',(-0.525612970979079,-0.0025,0.00565));
#6805=CARTESIAN_POINT('',(-0.533198373822493,-0.0025,0.00565));
#6806=CARTESIAN_POINT('',(-0.533198373822493,-0.0025,0.04235));
#6807=CARTESIAN_POINT('',(-0.533198373822493,-0.0025,0.00765));
#6808=CARTESIAN_POINT('',(-0.525612970979079,-0.0025,0.00765));
#6809=CARTESIAN_POINT('',(-0.534353074360872,-0.0025,0.04235));
#6810=CARTESIAN_POINT('',(-0.551746801395928,-0.0763268189577014,0.00565));
#6811=CARTESIAN_POINT('',(-0.553684301395928,-0.0796826673973661,0.00565));
#6812=CARTESIAN_POINT('',(-0.553684301395928,-0.0796826673973661,0.04235));
#6813=CARTESIAN_POINT('',(-0.553684301395928,-0.0796826673973661,0.00765));
#6814=CARTESIAN_POINT('',(-0.551746801395928,-0.0763268189577014,0.00765));
#6815=CARTESIAN_POINT('',(-0.548377961504817,-0.0704918171037329,0.00765));
#6816=CARTESIAN_POINT('',(-0.548377961504817,-0.0704918171037329,0.00565));
#6817=CARTESIAN_POINT('',(-0.548377961504817,-0.0704918171037329,0.04235));
#6818=CARTESIAN_POINT('',(-0.554684301395928,-0.0814147182049351,0.04235));
#6819=CARTESIAN_POINT('',(-0.55607692841485,-0.0738268189577014,0.00565));
#6820=CARTESIAN_POINT('',(-0.552708088523739,-0.0679918171037327,0.00565));
#6821=CARTESIAN_POINT('',(-0.552708088523739,-0.0679918171037327,0.04235));
#6822=CARTESIAN_POINT('',(-0.552708088523739,-0.0679918171037327,0.00765));
#6823=CARTESIAN_POINT('',(-0.55901442841485,-0.078914718204935,0.00765));
#6824=CARTESIAN_POINT('',(-0.55801442841485,-0.0771826673973661,0.00765));
#6825=CARTESIAN_POINT('',(-0.55801442841485,-0.0771826673973661,0.04435));
#6826=CARTESIAN_POINT('',(-0.55801442841485,-0.0771826673973661,0.04235));
#6827=CARTESIAN_POINT('',(-0.55607692841485,-0.0738268189577014,0.04235));
#6828=CARTESIAN_POINT('',(-0.49273312163513,0.0025,0.00565));
#6829=CARTESIAN_POINT('',(-0.483387320217779,0.0025,0.00565));
#6830=CARTESIAN_POINT('',(-0.483387320217779,0.0025,0.04235));
#6831=CARTESIAN_POINT('',(-0.483387320217779,0.0025,0.00765));
#6832=CARTESIAN_POINT('',(-0.503230542894699,0.0025,0.00765));
#6833=CARTESIAN_POINT('',(-0.501916821324256,0.0025,0.00765));
#6834=CARTESIAN_POINT('',(-0.501916821324256,0.0025,0.00565));
#6835=CARTESIAN_POINT('',(-0.501916821324256,0.0025,0.04235));
#6836=CARTESIAN_POINT('',(-0.49273312163513,0.0025,0.04235));
#6837=CARTESIAN_POINT('',(-0.49273312163513,-0.0025,0.00565));
#6838=CARTESIAN_POINT('',(-0.501916821324256,-0.0025,0.00565));
#6839=CARTESIAN_POINT('',(-0.501916821324256,-0.0025,0.04235));
#6840=CARTESIAN_POINT('',(-0.501916821324256,-0.0025,0.00765));
#6841=CARTESIAN_POINT('',(-0.49273312163513,-0.0025,0.00765));
#6842=CARTESIAN_POINT('',(-0.483387320217779,-0.0025,0.00765));
#6843=CARTESIAN_POINT('',(-0.483387320217779,-0.0025,0.04435));
#6844=CARTESIAN_POINT('',(-0.483387320217779,-0.0025,0.04235));
#6845=CARTESIAN_POINT('',(-0.503230542894699,-0.0025,0.04235));
#6846=CARTESIAN_POINT('',(-0.457,0.0025,0.00565));
#6847=CARTESIAN_POINT('',(-0.445387320217778,0.0025,0.00565));
#6848=CARTESIAN_POINT('',(-0.445387320217778,0.0025,0.04235));
#6849=CARTESIAN_POINT('',(-0.445387320217778,0.0025,0.00765));
#6850=CARTESIAN_POINT('',(-0.46983781694527,0.0025,0.00765));
#6851=CARTESIAN_POINT('',(-0.468612679782222,0.0025,0.00765));
#6852=CARTESIAN_POINT('',(-0.468612679782222,0.0025,0.00565));
#6853=CARTESIAN_POINT('',(-0.468612679782222,0.0025,0.04235));
#6854=CARTESIAN_POINT('',(-0.457,0.0025,0.04235));
#6855=CARTESIAN_POINT('',(-0.457,-0.0025,0.00565));
#6856=CARTESIAN_POINT('',(-0.468612679782222,-0.0025,0.00565));
#6857=CARTESIAN_POINT('',(-0.468612679782222,-0.0025,0.04235));
#6858=CARTESIAN_POINT('',(-0.468612679782222,-0.0025,0.00765));
#6859=CARTESIAN_POINT('',(-0.457,-0.0025,0.00765));
#6860=CARTESIAN_POINT('',(-0.445387320217778,-0.0025,0.00765));
#6861=CARTESIAN_POINT('',(-0.445387320217778,-0.0025,0.04435));
#6862=CARTESIAN_POINT('',(-0.445387320217778,-0.0025,0.04235));
#6863=CARTESIAN_POINT('',(-0.46983781694527,-0.0025,0.04235));
#6864=CARTESIAN_POINT('',(-0.423875,-0.0025,0.00565));
#6865=CARTESIAN_POINT('',(-0.430612679782222,-0.0025,0.00565));
#6866=CARTESIAN_POINT('',(-0.430612679782222,-0.0025,0.04235));
#6867=CARTESIAN_POINT('',(-0.430612679782222,-0.0025,0.00765));
#6868=CARTESIAN_POINT('',(-0.423875,-0.0025,0.00765));
#6869=CARTESIAN_POINT('',(-0.42,-0.0025,0.00765));
#6870=CARTESIAN_POINT('',(-0.42,-0.0025,0.04435));
#6871=CARTESIAN_POINT('',(-0.42,-0.0025,0.04235));
#6872=CARTESIAN_POINT('',(-0.43183781694527,-0.0025,0.04235));
#6873=CARTESIAN_POINT('',(-0.423875,0.0025,0.00565));
#6874=CARTESIAN_POINT('',(-0.42,0.0025,0.00565));
#6875=CARTESIAN_POINT('',(-0.42,0.0025,0.04235));
#6876=CARTESIAN_POINT('',(-0.42,0.0025,0.00765));
#6877=CARTESIAN_POINT('',(-0.43183781694527,0.0025,0.00765));
#6878=CARTESIAN_POINT('',(-0.430612679782222,0.0025,0.00765));
#6879=CARTESIAN_POINT('',(-0.430612679782222,0.0025,0.00565));
#6880=CARTESIAN_POINT('',(-0.430612679782222,0.0025,0.04235));
#6881=CARTESIAN_POINT('',(-0.423875,0.0025,0.04235));
#6882=CARTESIAN_POINT('',(-0.53951442841485,-0.0451397274573419,0.00565));
#6883=CARTESIAN_POINT('',(-0.533708088523739,-0.0350828517599241,0.00565));
#6884=CARTESIAN_POINT('',(-0.533708088523739,-0.0350828517599242,0.04235));
#6885=CARTESIAN_POINT('',(-0.533708088523739,-0.0350828517599241,0.00765));
#6886=CARTESIAN_POINT('',(-0.545933336887485,-0.0562576030610801,0.00765));
#6887=CARTESIAN_POINT('',(-0.545320768305961,-0.0551966031547596,0.00765));
#6888=CARTESIAN_POINT('',(-0.545320768305961,-0.0551966031547596,0.04435));
#6889=CARTESIAN_POINT('',(-0.545320768305961,-0.0551966031547596,0.04235));
#6890=CARTESIAN_POINT('',(-0.53951442841485,-0.0451397274573419,0.04235));
#6891=CARTESIAN_POINT('',(-0.535184301395928,-0.0476397274573419,0.00565));
#6892=CARTESIAN_POINT('',(-0.540990641287039,-0.0576966031547595,0.00565));
#6893=CARTESIAN_POINT('',(-0.540990641287039,-0.0576966031547595,0.04235));
#6894=CARTESIAN_POINT('',(-0.540990641287039,-0.0576966031547595,0.00765));
#6895=CARTESIAN_POINT('',(-0.535184301395928,-0.0476397274573419,0.00765));
#6896=CARTESIAN_POINT('',(-0.529377961504817,-0.0375828517599242,0.00765));
#6897=CARTESIAN_POINT('',(-0.529377961504817,-0.0375828517599242,0.00565));
#6898=CARTESIAN_POINT('',(-0.529377961504817,-0.0375828517599242,0.04235));
#6899=CARTESIAN_POINT('',(-0.541603209868563,-0.0587576030610802,0.04235));
#6900=CARTESIAN_POINT('',(-0.497431524646195,-0.02275,-1.10318689683532));
#6901=CARTESIAN_POINT('',(-0.497777934807709,-0.02295,-1.10318689683532));
#6902=CARTESIAN_POINT('',(-0.497777934807709,-0.02295,0.00425000000000009));
#6903=CARTESIAN_POINT('',(-0.497777934807709,-0.02295,0.04575));
#6904=CARTESIAN_POINT('',(-0.497431524646195,-0.02275,0.00425000000000009));
#6905=CARTESIAN_POINT('',(-0.497085114484682,-0.02255,0.00425000000000009));
#6906=CARTESIAN_POINT('',(-0.497085114484682,-0.02255,-1.10318689683532));
#6907=CARTESIAN_POINT('',(-0.497085114484682,-0.02255,0.04575));
#6908=CARTESIAN_POINT('',(-0.497431524646195,-0.02275,0.04575));
#6909=CARTESIAN_POINT('',(-0.498124344969223,-0.02315,-1.10318689683532));
#6910=CARTESIAN_POINT('',(-0.498124344969223,-0.02315,0.00425));
#6911=CARTESIAN_POINT('',(-0.498124344969223,-0.02315,0.04575));
#6912=CARTESIAN_POINT('',(-0.496738704323168,-0.02235,-1.10318689683532));
#6913=CARTESIAN_POINT('',(-0.496738704323168,-0.02235,0.00425000000000009));
#6914=CARTESIAN_POINT('',(-0.496738704323168,-0.02235,0.04575));
#6915=CARTESIAN_POINT('',(-0.483387320217779,-0.0045,0.048));
#6916=CARTESIAN_POINT('',(-0.483387320217779,-0.0045,0.00765));
#6917=CARTESIAN_POINT('',(-0.483387320217779,-0.0045,0.04235));
#6918=CARTESIAN_POINT('',(-0.483387320217779,-0.0045,0.00765));
#6919=CARTESIAN_POINT('',(-0.483387320217779,-0.0045,0.00765));
#6920=CARTESIAN_POINT('',(-0.483387320217779,-0.0045,0.00765));
#6921=CARTESIAN_POINT('',(-0.483387320217779,0.0045,0.048));
#6922=CARTESIAN_POINT('',(-0.483387320217779,0.0045,0.04235));
#6923=CARTESIAN_POINT('',(-0.483387320217779,0.0045,0.00765));
#6924=CARTESIAN_POINT('',(-0.476,-1.41385078521264E-18,0.00765));
#6925=CARTESIAN_POINT('',(-0.483387320217779,0.0045,0.00765));
#6926=CARTESIAN_POINT('',(-0.468612679782222,0.0045,0.00765));
#6927=CARTESIAN_POINT('',(-0.483387320217779,0.0045,0.00765));
#6928=CARTESIAN_POINT('',(-0.483387320217779,0.0045,0.00765));
#6929=CARTESIAN_POINT('',(-0.483387320217779,0.0045,0.04235));
#6930=CARTESIAN_POINT('',(-0.483387320217779,0.0045,0.04235));
#6931=CARTESIAN_POINT('',(-0.483387320217779,0.0045,0.04235));
#6932=CARTESIAN_POINT('',(-0.476,-1.41385078521264E-18,0.04235));
#6933=CARTESIAN_POINT('',(-0.468612679782222,0.0045,0.04235));
#6934=CARTESIAN_POINT('',(-0.476,-1.41385078521264E-18,0.00765));
#6935=CARTESIAN_POINT('',(-0.468612679782222,-0.0045,0.00765));
#6936=CARTESIAN_POINT('',(-0.468612679782222,-0.0045,0.048));
#6937=CARTESIAN_POINT('',(-0.468612679782222,-0.0045,0.04235));
#6938=CARTESIAN_POINT('',(-0.468612679782222,-0.0045,0.00765));
#6939=CARTESIAN_POINT('',(-0.476,-1.41385078521264E-18,0.04235));
#6940=CARTESIAN_POINT('',(-0.483387320217779,-0.0045,0.04235));
#6941=CARTESIAN_POINT('',(-0.468612679782222,-0.0045,0.04235));
#6942=CARTESIAN_POINT('',(-0.483387320217779,-0.0045,0.04235));
#6943=CARTESIAN_POINT('',(-0.483387320217779,-0.0045,0.04235));
#6944=CARTESIAN_POINT('',(-0.0258839745962155,-0.0045,0.00765));
#6945=CARTESIAN_POINT('',(-0.501916821324256,-0.0045,0.00765));
#6946=CARTESIAN_POINT('',(-0.468612679782222,0.0045,0.048));
#6947=CARTESIAN_POINT('',(-0.468612679782222,0.0045,0.00765));
#6948=CARTESIAN_POINT('',(-0.468612679782222,0.0045,0.04235));
#6949=CARTESIAN_POINT('',(-0.468612679782222,0.0045,0.00765));
#6950=CARTESIAN_POINT('',(-0.468612679782222,0.0045,0.00765));
#6951=CARTESIAN_POINT('',(-0.49273312163513,0.0045,0.00765));
#6952=CARTESIAN_POINT('',(-0.501916821324256,0.0045,0.00765));
#6953=CARTESIAN_POINT('',(-0.501916821324256,0.0045,0.048));
#6954=CARTESIAN_POINT('',(-0.501916821324256,0.0045,0.04235));
#6955=CARTESIAN_POINT('',(-0.501916821324256,0.0045,0.00765));
#6956=CARTESIAN_POINT('',(-0.49273312163513,0.0045,0.04235));
#6957=CARTESIAN_POINT('',(-0.501916821324256,0.0045,0.04235));
#6958=CARTESIAN_POINT('',(-0.468612679782222,-0.0045,0.00765));
#6959=CARTESIAN_POINT('',(-0.468612679782222,-0.0045,0.00765));
#6960=CARTESIAN_POINT('',(-0.468612679782222,-0.0045,0.04235));
#6961=CARTESIAN_POINT('',(-0.468612679782222,-0.0045,0.04235));
#6962=CARTESIAN_POINT('',(-0.0258839745962155,-0.0045,0.04235));
#6963=CARTESIAN_POINT('',(-0.501916821324256,-0.0045,0.04235));
#6964=CARTESIAN_POINT('',(-0.501916821324256,-0.0045,0.048));
#6965=CARTESIAN_POINT('',(-0.501916821324256,-0.0045,0.00765));
#6966=CARTESIAN_POINT('',(-0.501916821324256,-0.0045,0.04235));
#6967=CARTESIAN_POINT('',(-0.501916821324256,-0.0045,0.00765));
#6968=CARTESIAN_POINT('',(-0.501916821324256,-0.0045,0.00765));
#6969=CARTESIAN_POINT('',(-0.468612679782222,0.0045,0.04235));
#6970=CARTESIAN_POINT('',(-0.468612679782222,0.0045,0.04235));
#6971=CARTESIAN_POINT('',(-0.457,0.0045,0.00765));
#6972=CARTESIAN_POINT('',(-0.445387320217778,0.0045,0.00765));
#6973=CARTESIAN_POINT('',(-0.501916821324256,0.0045,0.00765));
#6974=CARTESIAN_POINT('',(-0.501916821324256,0.0045,0.00765));
#6975=CARTESIAN_POINT('',(-0.501916821324256,0.0045,0.04235));
#6976=CARTESIAN_POINT('',(-0.501916821324256,0.0045,0.04235));
#6977=CARTESIAN_POINT('',(-0.457,0.0045,0.04235));
#6978=CARTESIAN_POINT('',(-0.445387320217778,0.0045,0.04235));
#6979=CARTESIAN_POINT('',(-0.0258839745962155,-0.0045,0.00765));
#6980=CARTESIAN_POINT('',(-0.445387320217778,-0.0045,0.00765));
#6981=CARTESIAN_POINT('',(-0.445387320217778,-0.0045,0.048));
#6982=CARTESIAN_POINT('',(-0.445387320217778,-0.0045,0.04235));
#6983=CARTESIAN_POINT('',(-0.445387320217778,-0.0045,0.00765));
#6984=CARTESIAN_POINT('',(-0.0258839745962155,-0.0045,0.04235));
#6985=CARTESIAN_POINT('',(-0.445387320217778,-0.0045,0.04235));
#6986=CARTESIAN_POINT('',(-0.501916821324256,-0.0045,0.04235));
#6987=CARTESIAN_POINT('',(-0.501916821324256,-0.0045,0.04235));
#6988=CARTESIAN_POINT('',(-0.510566243270259,-5.52943107967607E-17,0.00765));
#6989=CARTESIAN_POINT('',(-0.504733329573018,-0.00510290287978652,0.00765));
#6990=CARTESIAN_POINT('',(-0.504733329573018,-0.00510290287978652,0.00706852179078208));
#6991=CARTESIAN_POINT('',(-0.504078800412057,-0.00517105263916981,0.00600031680509295));
#6992=CARTESIAN_POINT('',(-0.502916527060909,-0.00522799552099873,0.00565000000000006));
#6993=CARTESIAN_POINT('',(-0.502344417980228,-0.00524061913328926,0.00565));
#6994=CARTESIAN_POINT('',(-0.445387320217778,0.0045,0.048));
#6995=CARTESIAN_POINT('',(-0.445387320217778,0.0045,0.00765));
#6996=CARTESIAN_POINT('',(-0.445387320217778,0.0045,0.04235));
#6997=CARTESIAN_POINT('',(-0.445387320217778,0.0045,0.00765));
#6998=CARTESIAN_POINT('',(-0.445387320217778,0.0045,0.00765));
#6999=CARTESIAN_POINT('',(-0.510566243270259,-5.52943107967607E-17,0.00765));
#7000=CARTESIAN_POINT('',(-0.504733329573018,0.00510290287978651,0.00765));
#7001=CARTESIAN_POINT('',(-0.504733329573018,0.00510290287978651,0.00706852179078207));
#7002=CARTESIAN_POINT('',(-0.504078800412057,0.00517105263916654,0.00600031680509301));
#7003=CARTESIAN_POINT('',(-0.502916527060909,0.00522799552100427,0.0056500000000001));
#7004=CARTESIAN_POINT('',(-0.502344417980228,0.00524061913328931,0.00565));
#7005=CARTESIAN_POINT('',(-0.510566243270259,-5.52943107967607E-17,0.04235));
#7006=CARTESIAN_POINT('',(-0.504733329573018,0.00510290287978651,0.04235));
#7007=CARTESIAN_POINT('',(-0.504733329573018,0.00510290287978651,0.0429314782092179));
#7008=CARTESIAN_POINT('',(-0.504078800412058,0.00517105263919514,0.043999683194907));
#7009=CARTESIAN_POINT('',(-0.502916527060907,0.00522799552094706,0.0443499999999999));
#7010=CARTESIAN_POINT('',(-0.502344417980228,0.00524061913328931,0.04435));
#7011=CARTESIAN_POINT('',(-0.445387320217778,-0.0045,0.00765));
#7012=CARTESIAN_POINT('',(-0.445387320217778,-0.0045,0.00765));
#7013=CARTESIAN_POINT('',(-0.445387320217778,-0.0045,0.04235));
#7014=CARTESIAN_POINT('',(-0.445387320217778,-0.0045,0.04235));
#7015=CARTESIAN_POINT('',(-0.510566243270259,-5.52943107967607E-17,0.04235));
#7016=CARTESIAN_POINT('',(-0.504733329573018,-0.00510290287978652,0.04235));
#7017=CARTESIAN_POINT('',(-0.504733329573018,-0.00510290287978652,0.0429314782092179));
#7018=CARTESIAN_POINT('',(-0.504078800412058,-0.00517105263919541,0.0439996831949071));
#7019=CARTESIAN_POINT('',(-0.502916527060908,-0.00522799552094754,0.0443499999999999));
#7020=CARTESIAN_POINT('',(-0.502344417980228,-0.00524061913328926,0.04435));
#7021=CARTESIAN_POINT('',(-0.499146625115696,-0.0107793588467393,0.00765));
#7022=CARTESIAN_POINT('',(-0.495353063677113,-0.01735,0.00765));
#7023=CARTESIAN_POINT('',(-0.445387320217778,0.0045,0.04235));
#7024=CARTESIAN_POINT('',(-0.445387320217778,0.0045,0.04235));
#7025=CARTESIAN_POINT('',(-0.438,-1.08692910390521E-16,0.00765));
#7026=CARTESIAN_POINT('',(-0.430612679782222,0.0045,0.00765));
#7027=CARTESIAN_POINT('',(-0.499102551976366,0.0108556957633076,0.00765));
#7028=CARTESIAN_POINT('',(-0.495353063677113,0.01735,0.00765));
#7029=CARTESIAN_POINT('',(-0.495353063677113,0.01735,0.00565));
#7030=CARTESIAN_POINT('',(-0.495353063677113,0.01735,0.04235));
#7031=CARTESIAN_POINT('',(-0.495353063677113,0.01735,0.00765));
#7032=CARTESIAN_POINT('',(-0.499102551976366,0.0108556957633076,0.04235));
#7033=CARTESIAN_POINT('',(-0.495353063677113,0.01735,0.04235));
#7034=CARTESIAN_POINT('',(-0.438,-1.08692910390521E-16,0.04235));
#7035=CARTESIAN_POINT('',(-0.430612679782222,0.0045,0.04235));
#7036=CARTESIAN_POINT('',(-0.438,-1.08692910390521E-16,0.00765));
#7037=CARTESIAN_POINT('',(-0.430612679782222,-0.0045,0.00765));
#7038=CARTESIAN_POINT('',(-0.430612679782222,-0.0045,0.048));
#7039=CARTESIAN_POINT('',(-0.430612679782222,-0.0045,0.04235));
#7040=CARTESIAN_POINT('',(-0.430612679782222,-0.0045,0.00765));
#7041=CARTESIAN_POINT('',(-0.438,-1.08692910390521E-16,0.04235));
#7042=CARTESIAN_POINT('',(-0.430612679782222,-0.0045,0.04235));
#7043=CARTESIAN_POINT('',(-0.499146625115696,-0.0107793588467393,0.04235));
#7044=CARTESIAN_POINT('',(-0.495353063677113,-0.01735,0.04235));
#7045=CARTESIAN_POINT('',(-0.495353063677113,-0.01735,0.00565));
#7046=CARTESIAN_POINT('',(-0.495353063677113,-0.01735,0.00765));
#7047=CARTESIAN_POINT('',(-0.495353063677113,-0.01735,0.04235));
#7048=CARTESIAN_POINT('',(-0.495353063677113,-0.01735,0.00765));
#7049=CARTESIAN_POINT('',(-0.495353063677113,-0.01735,0.00765));
#7050=CARTESIAN_POINT('',(-0.430612679782222,0.0045,0.048));
#7051=CARTESIAN_POINT('',(-0.430612679782222,0.0045,0.00765));
#7052=CARTESIAN_POINT('',(-0.430612679782222,0.0045,0.04235));
#7053=CARTESIAN_POINT('',(-0.430612679782222,0.0045,0.00765));
#7054=CARTESIAN_POINT('',(-0.430612679782222,0.0045,0.00765));
#7055=CARTESIAN_POINT('',(-0.495353063677113,0.01735,0.00765));
#7056=CARTESIAN_POINT('',(-0.495353063677113,0.01735,0.00765));
#7057=CARTESIAN_POINT('',(-0.495353063677113,0.01735,0.04235));
#7058=CARTESIAN_POINT('',(-0.495353063677113,0.01735,0.04235));
#7059=CARTESIAN_POINT('',(-0.430612679782222,-0.0045,0.00765));
#7060=CARTESIAN_POINT('',(-0.430612679782222,-0.0045,0.00765));
#7061=CARTESIAN_POINT('',(-0.430612679782222,-0.0045,0.04235));
#7062=CARTESIAN_POINT('',(-0.430612679782222,-0.0045,0.04235));
#7063=CARTESIAN_POINT('',(-0.495353063677113,-0.01735,0.04235));
#7064=CARTESIAN_POINT('',(-0.495353063677112,-0.01735,0.04235));
#7065=CARTESIAN_POINT('',(-0.457643593539449,-0.01735,0.00765));
#7066=CARTESIAN_POINT('',(-0.42,-0.01735,0.00765));
#7067=CARTESIAN_POINT('',(-0.430612679782222,0.0045,0.04235));
#7068=CARTESIAN_POINT('',(-0.430612679782222,0.0045,0.04235));
#7069=CARTESIAN_POINT('',(-0.423875,0.0045,0.00765));
#7070=CARTESIAN_POINT('',(-0.42,0.0045,0.00765));
#7071=CARTESIAN_POINT('',(-0.47092264973081,0.01735,0.00765));
#7072=CARTESIAN_POINT('',(-0.42,0.01735,0.00765));
#7073=CARTESIAN_POINT('',(-0.0258839745962155,0.01735,0.04235));
#7074=CARTESIAN_POINT('',(-0.42,0.01735,0.04235));
#7075=CARTESIAN_POINT('',(-0.423875,0.0045,0.04235));
#7076=CARTESIAN_POINT('',(-0.42,0.0045,0.04235));
#7077=CARTESIAN_POINT('',(-0.42,0.0005,0.048));
#7078=CARTESIAN_POINT('',(-0.42,0.0005,0.04235));
#7079=CARTESIAN_POINT('',(-0.42,0.0005,0.00765));
#7080=CARTESIAN_POINT('',(-0.0258839745962155,-0.0045,0.00765));
#7081=CARTESIAN_POINT('',(-0.42,-0.0045,0.00765));
#7082=CARTESIAN_POINT('',(-0.42,-0.0005,0.00565));
#7083=CARTESIAN_POINT('',(-0.42,-0.0005,0.04235));
#7084=CARTESIAN_POINT('',(-0.42,-0.0005,0.00765));
#7085=CARTESIAN_POINT('',(-0.0258839745962155,-0.0045,0.04235));
#7086=CARTESIAN_POINT('',(-0.42,-0.0045,0.04235));
#7087=CARTESIAN_POINT('',(-0.0258839745962155,-0.01735,0.04235));
#7088=CARTESIAN_POINT('',(-0.42,-0.01735,0.04235));
#7089=CARTESIAN_POINT('',(-0.42,-0.02135,0.048));
#7090=CARTESIAN_POINT('',(-0.418022628006672,-0.02105,0.025));
#7091=CARTESIAN_POINT('',(-0.418022628006672,-0.02105,0.00765));
#7092=CARTESIAN_POINT('',(-0.418022628006672,-0.02105,0.04235));
#7093=CARTESIAN_POINT('',(-0.42,-0.02135,0.00765));
#7094=CARTESIAN_POINT('',(-0.42,-0.02135,0.04235));
#7095=CARTESIAN_POINT('',(-0.527645910697248,-0.0385828517599241,0.048));
#7096=CARTESIAN_POINT('',(-0.527645910697248,-0.0385828517599241,0.00765));
#7097=CARTESIAN_POINT('',(-0.527645910697248,-0.0385828517599241,0.04235));
#7098=CARTESIAN_POINT('',(-0.527849364905389,-0.0299352447854375,0.04235));
#7099=CARTESIAN_POINT('',(-0.527645910697248,-0.0385828517599241,0.04235));
#7100=CARTESIAN_POINT('',(-0.522603209868563,-0.0258486377172715,0.04235));
#7101=CARTESIAN_POINT('',(-0.522603209868563,-0.0258486377172715,0.0429247915597139));
#7102=CARTESIAN_POINT('',(-0.521974861412265,-0.0258006116375467,0.0439894474812944));
#7103=CARTESIAN_POINT('',(-0.520824322951102,-0.0257810612298904,0.0443500000000001));
#7104=CARTESIAN_POINT('',(-0.52025859047947,-0.0257876378109509,0.04435));
#7105=CARTESIAN_POINT('',(-0.527645910697248,-0.0385828517599241,0.04235));
#7106=CARTESIAN_POINT('',(-0.527645910697248,-0.0385828517599241,0.04235));
#7107=CARTESIAN_POINT('',(-0.527645910697248,-0.0385828517599241,0.00765));
#7108=CARTESIAN_POINT('',(-0.527645910697248,-0.0385828517599242,0.00765));
#7109=CARTESIAN_POINT('',(-0.527645910697248,-0.0385828517599241,0.00765));
#7110=CARTESIAN_POINT('',(-0.42,-0.02075,0.048));
#7111=CARTESIAN_POINT('',(-0.42,-0.02075,0.00425));
#7112=CARTESIAN_POINT('',(-0.418022628006672,-0.0210500000000011,0.00764999999999985));
#7113=CARTESIAN_POINT('',(-0.418022628006672,-0.021050000000001,0.00693334716701704));
#7114=CARTESIAN_POINT('',(-0.418,-0.0209438091974589,0.00622542481188094));
#7115=CARTESIAN_POINT('',(-0.418,-0.02075,0.00554286924942946));
#7116=CARTESIAN_POINT('',(-0.418,-0.02075,0.0444571307505705));
#7117=CARTESIAN_POINT('',(-0.418,-0.0209438091970485,0.0437745751880029));
#7118=CARTESIAN_POINT('',(-0.418022628006672,-0.021050000000001,0.043066652832983));
#7119=CARTESIAN_POINT('',(-0.418022628006672,-0.0210500000000011,0.0423500000000002));
#7120=CARTESIAN_POINT('',(-0.42,-0.02075,0.04575));
#7121=CARTESIAN_POINT('',(-0.42,-0.02075,0.00425));
#7122=CARTESIAN_POINT('',(-0.42,-0.02075,0.00425));
#7123=CARTESIAN_POINT('',(-0.42,-0.02075,0.00425));
#7124=CARTESIAN_POINT('',(-0.42,-0.01735,0.00765));
#7125=CARTESIAN_POINT('',(-0.42,-0.01735,0.00365));
#7126=CARTESIAN_POINT('',(-0.418022628006672,-0.01735,0.00395));
#7127=CARTESIAN_POINT('',(-0.418,-0.0194571307505706,0.00425));
#7128=CARTESIAN_POINT('',(-0.418,-0.0187745751880022,0.00405619080295408));
#7129=CARTESIAN_POINT('',(-0.418022628006672,-0.018066652832983,0.00394999999999896));
#7130=CARTESIAN_POINT('',(-0.418022628006672,-0.0173500000000002,0.00394999999999894));
#7131=CARTESIAN_POINT('',(-0.42,-7.97972798949331E-17,0.00365));
#7132=CARTESIAN_POINT('',(-0.42,-0.0045,0.00365));
#7133=CARTESIAN_POINT('',(-0.418022628006672,-0.00450000000001275,0.00395));
#7134=CARTESIAN_POINT('',(-0.418022628006672,-2.77555756156289E-17,0.00395));
#7135=CARTESIAN_POINT('',(-0.42,-0.0045,0.00765));
#7136=CARTESIAN_POINT('',(-0.418022628006672,-0.0045000000000126,0.00394999999999894));
#7137=CARTESIAN_POINT('',(-0.418022628006672,-0.00378334716702537,0.00394999999999772));
#7138=CARTESIAN_POINT('',(-0.418,-0.00307542481188767,0.0040561908025494));
#7139=CARTESIAN_POINT('',(-0.418,-0.00239286924942946,0.00425));
#7140=CARTESIAN_POINT('',(-0.42,0.0045,0.00765));
#7141=CARTESIAN_POINT('',(-0.42,0.0045,0.00365));
#7142=CARTESIAN_POINT('',(-0.418022628006672,0.0045,0.00395));
#7143=CARTESIAN_POINT('',(-0.418,0.00239286924942946,0.00425));
#7144=CARTESIAN_POINT('',(-0.418,0.0030754248119978,0.00405619080295384));
#7145=CARTESIAN_POINT('',(-0.418022628006672,0.00378334716701703,0.00394999999999896));
#7146=CARTESIAN_POINT('',(-0.418022628006672,0.00449999999999985,0.00394999999999894));
#7147=CARTESIAN_POINT('',(-0.42,-7.97972798949331E-17,0.00365));
#7148=CARTESIAN_POINT('',(-0.42,0.01735,0.00365));
#7149=CARTESIAN_POINT('',(-0.418022628006672,0.0173499999999873,0.00395));
#7150=CARTESIAN_POINT('',(-0.418022628006672,-3.46944695195361E-17,0.00395));
#7151=CARTESIAN_POINT('',(-0.42,0.01735,0.00765));
#7152=CARTESIAN_POINT('',(-0.42,0.02135,0.00765));
#7153=CARTESIAN_POINT('',(-0.418022628006672,0.02105,0.00765));
#7154=CARTESIAN_POINT('',(-0.418022628006672,0.0173499999999874,0.00394999999999894));
#7155=CARTESIAN_POINT('',(-0.418022628006672,0.0180666528329746,0.00394999999999772));
#7156=CARTESIAN_POINT('',(-0.418,0.0187745751881138,0.00405619080254418));
#7157=CARTESIAN_POINT('',(-0.418,0.0194571307505705,0.00425));
#7158=CARTESIAN_POINT('',(-0.418,0.02075,0.00554286924942946));
#7159=CARTESIAN_POINT('',(-0.418,0.0209438091970459,0.00622542481199788));
#7160=CARTESIAN_POINT('',(-0.418022628006672,0.021050000000001,0.00693334716701703));
#7161=CARTESIAN_POINT('',(-0.418022628006672,0.0210500000000011,0.00764999999999985));
#7162=CARTESIAN_POINT('',(-0.42,0.02135,0.048));
#7163=CARTESIAN_POINT('',(-0.42,0.02135,0.04235));
#7164=CARTESIAN_POINT('',(-0.418022628006672,0.02105,0.0423499999999872));
#7165=CARTESIAN_POINT('',(-0.418022628006672,0.02105,0.025));
#7166=CARTESIAN_POINT('',(-0.42,0.01735,0.04235));
#7167=CARTESIAN_POINT('',(-0.42,0.01735,0.04635));
#7168=CARTESIAN_POINT('',(-0.418022628006672,0.01735,0.04605));
#7169=CARTESIAN_POINT('',(-0.418022628006672,0.0210500000000011,0.0423499999999874));
#7170=CARTESIAN_POINT('',(-0.418022628006672,0.0210500000000023,0.0430666528329746));
#7171=CARTESIAN_POINT('',(-0.418,0.0209438091974494,0.043774575188112));
#7172=CARTESIAN_POINT('',(-0.418,0.02075,0.0444571307505705));
#7173=CARTESIAN_POINT('',(-0.418,0.0194571307505705,0.04575));
#7174=CARTESIAN_POINT('',(-0.418,0.0187745751880029,0.0459438091970486));
#7175=CARTESIAN_POINT('',(-0.418022628006672,0.018066652832983,0.046050000000001));
#7176=CARTESIAN_POINT('',(-0.418022628006672,0.0173500000000002,0.0460500000000011));
#7177=CARTESIAN_POINT('',(-0.42,0.0410096225264523,0.04635));
#7178=CARTESIAN_POINT('',(-0.42,0.0045,0.04635));
#7179=CARTESIAN_POINT('',(-0.418022628006672,0.00450000000001275,0.04605));
#7180=CARTESIAN_POINT('',(-0.418022628006672,-3.29597460435593E-17,0.04605));
#7181=CARTESIAN_POINT('',(-0.42,0.0045,0.04235));
#7182=CARTESIAN_POINT('',(-0.418022628006672,0.0045000000000126,0.0460500000000011));
#7183=CARTESIAN_POINT('',(-0.418022628006672,0.00378334716702537,0.0460500000000023));
#7184=CARTESIAN_POINT('',(-0.418,0.00307542481188638,0.0459438091974552));
#7185=CARTESIAN_POINT('',(-0.418,0.00239286924942946,0.04575));
#7186=CARTESIAN_POINT('',(-0.42,-0.0045,0.04235));
#7187=CARTESIAN_POINT('',(-0.42,-0.0045,0.04635));
#7188=CARTESIAN_POINT('',(-0.418022628006672,-0.0045,0.04605));
#7189=CARTESIAN_POINT('',(-0.418,-0.00239286924942946,0.04575));
#7190=CARTESIAN_POINT('',(-0.418,-0.00307542481199549,0.0459438091970543));
#7191=CARTESIAN_POINT('',(-0.418022628006672,-0.00378334716701703,0.046050000000001));
#7192=CARTESIAN_POINT('',(-0.418022628006672,-0.00449999999999985,0.0460500000000011));
#7193=CARTESIAN_POINT('',(-0.42,0.0410096225264523,0.04635));
#7194=CARTESIAN_POINT('',(-0.42,-0.01735,0.04635));
#7195=CARTESIAN_POINT('',(-0.418022628006672,-0.0173499999999873,0.04605));
#7196=CARTESIAN_POINT('',(-0.418022628006672,-3.29597460435593E-17,0.04605));
#7197=CARTESIAN_POINT('',(-0.42,-0.01735,0.04235));
#7198=CARTESIAN_POINT('',(-0.418022628006672,-0.0173499999999874,0.0460500000000011));
#7199=CARTESIAN_POINT('',(-0.418022628006672,-0.0180666528329747,0.0460500000000023));
#7200=CARTESIAN_POINT('',(-0.418,-0.0187745751881135,0.0459438091974547));
#7201=CARTESIAN_POINT('',(-0.418,-0.0194571307505706,0.04575));
#7202=CARTESIAN_POINT('',(-0.42,-0.02075,0.04575));
#7203=CARTESIAN_POINT('',(-0.42,-0.02075,0.04575));
#7204=CARTESIAN_POINT('',(-0.42,-0.02075,0.04575));
#7205=CARTESIAN_POINT('',(-0.457643593539449,-0.02075,0.04575));
#7206=CARTESIAN_POINT('',(-0.496738704323168,-0.02275,0.04575));
#7207=CARTESIAN_POINT('',(-0.496738704323168,-0.02275,0.046289491651157));
#7208=CARTESIAN_POINT('',(-0.496522916388457,-0.0223001559862769,0.0473271317403965));
#7209=CARTESIAN_POINT('',(-0.496230289510868,-0.0212693990962996,0.04775));
#7210=CARTESIAN_POINT('',(-0.496104874730053,-0.02075,0.04775));
#7211=CARTESIAN_POINT('',(-0.527849364905389,-0.0299352447854375,0.00765));
#7212=CARTESIAN_POINT('',(-0.522603209868563,-0.0258486377172715,0.00765));
#7213=CARTESIAN_POINT('',(-0.522603209868563,-0.0258486377172715,0.00707520844028608));
#7214=CARTESIAN_POINT('',(-0.521974861412265,-0.0258006116375701,0.0060105525187055));
#7215=CARTESIAN_POINT('',(-0.520824322951101,-0.0257810612298436,0.00565000000000006));
#7216=CARTESIAN_POINT('',(-0.52025859047947,-0.0257876378109509,0.00565));
#7217=CARTESIAN_POINT('',(-0.36774087433096,0.238380795612638,0.04235));
#7218=CARTESIAN_POINT('',(-0.512069029948579,-0.00760290287978657,0.04235));
#7219=CARTESIAN_POINT('',(-0.512069029948579,-0.00760290287978657,0.042931478209218));
#7220=CARTESIAN_POINT('',(-0.511800784791,-0.00820381664039478,0.0439996831949075));
#7221=CARTESIAN_POINT('',(-0.511268962097614,-0.00923884632952451,0.04435));
#7222=CARTESIAN_POINT('',(-0.510993839926231,-0.00974061913328936,0.04435));
#7223=CARTESIAN_POINT('',(-0.367740874330959,0.238380795612638,0.04235));
#7224=CARTESIAN_POINT('',(-0.53925859047947,-0.0586966031547595,0.04235));
#7225=CARTESIAN_POINT('',(-0.53925859047947,-0.0586966031547595,0.048));
#7226=CARTESIAN_POINT('',(-0.53925859047947,-0.0586966031547595,0.00765));
#7227=CARTESIAN_POINT('',(-0.53925859047947,-0.0586966031547595,0.04235));
#7228=CARTESIAN_POINT('',(-0.367740874330959,0.238380795612638,0.00765));
#7229=CARTESIAN_POINT('',(-0.53925859047947,-0.0586966031547596,0.00765));
#7230=CARTESIAN_POINT('',(-0.0258839745962155,-0.02075,0.00425));
#7231=CARTESIAN_POINT('',(-0.496738704323168,-0.02275,0.00425));
#7232=CARTESIAN_POINT('',(-0.496738704323168,-0.02275,0.00371050834884297));
#7233=CARTESIAN_POINT('',(-0.496522916388763,-0.0223001559862031,0.00267286825960349));
#7234=CARTESIAN_POINT('',(-0.496230289510256,-0.0212693990964474,0.00224999999999999));
#7235=CARTESIAN_POINT('',(-0.496104874730053,-0.02075,0.00225));
#7236=CARTESIAN_POINT('',(-0.42,0.0410096225264523,0.00425));
#7237=CARTESIAN_POINT('',(-0.42,0.02075,0.00425));
#7238=CARTESIAN_POINT('',(-0.42,0.02075,0.048));
#7239=CARTESIAN_POINT('',(-0.42,0.02075,0.00425));
#7240=CARTESIAN_POINT('',(-0.42,0.02075,0.04575));
#7241=CARTESIAN_POINT('',(-0.42,-7.97972798949331E-17,0.04575));
#7242=CARTESIAN_POINT('',(-0.42,0.02075,0.04575));
#7243=CARTESIAN_POINT('',(-0.36774087433096,0.238380795612638,0.00765));
#7244=CARTESIAN_POINT('',(-0.512069029948579,-0.00760290287978657,0.00765));
#7245=CARTESIAN_POINT('',(-0.512069029948579,-0.00760290287978657,0.00706852179078204));
#7246=CARTESIAN_POINT('',(-0.511800784790972,-0.00820381664037957,0.0060003168050925));
#7247=CARTESIAN_POINT('',(-0.511268962097669,-0.00923884632955492,0.00564999999999988));
#7248=CARTESIAN_POINT('',(-0.510993839926231,-0.00974061913328936,0.00565));
#7249=CARTESIAN_POINT('',(-0.510566243270259,-5.52943107967607E-17,0.04235));
#7250=CARTESIAN_POINT('',(-0.50906345659194,-0.00760290287978657,0.04235));
#7251=CARTESIAN_POINT('',(-0.50906345659194,-0.00760290287978657,0.042931478209218));
#7252=CARTESIAN_POINT('',(-0.509331701749516,-0.00820381664039658,0.0439996831949074));
#7253=CARTESIAN_POINT('',(-0.509863524442911,-0.0092388463295213,0.0443500000000001));
#7254=CARTESIAN_POINT('',(-0.510138646614288,-0.00974061913328944,0.04435));
#7255=CARTESIAN_POINT('',(-0.53925859047947,-0.0586966031547595,0.04235));
#7256=CARTESIAN_POINT('',(-0.53925859047947,-0.0586966031547595,0.04235));
#7257=CARTESIAN_POINT('',(-0.53925859047947,-0.0586966031547595,0.00765));
#7258=CARTESIAN_POINT('',(-0.53925859047947,-0.0586966031547595,0.00765));
#7259=CARTESIAN_POINT('',(-0.496738704323168,-0.0227499999999999,0.04575));
#7260=CARTESIAN_POINT('',(-0.496969644430844,-0.0227499999999999,0.04575));
#7261=CARTESIAN_POINT('',(-0.497085114484682,-0.0225500000000001,0.04575));
#7262=CARTESIAN_POINT('',(-0.496738704306194,-0.0227499999999999,0.0462967991241857));
#7263=CARTESIAN_POINT('',(-0.496969644401399,-0.0227499999594099,0.0463332523161885));
#7264=CARTESIAN_POINT('',(-0.497085114488697,-0.0225499999930444,0.0462967991241857));
#7265=CARTESIAN_POINT('',(-0.496518854024222,-0.0222885985637118,0.0473355308172887));
#7266=CARTESIAN_POINT('',(-0.496633177331093,-0.0222882694951666,0.0473074529674916));
#7267=CARTESIAN_POINT('',(-0.496723199483864,-0.0222225052705742,0.0473355308172887));
#7268=CARTESIAN_POINT('',(-0.496229964124886,-0.0212679854740112,0.04775));
#7269=CARTESIAN_POINT('',(-0.496258602449239,-0.0212593608404831,0.0477499999894402));
#7270=CARTESIAN_POINT('',(-0.496287240765912,-0.0212507361815169,0.0477499999999999));
#7271=CARTESIAN_POINT('',(-0.496104874730053,-0.02075,0.04775));
#7272=CARTESIAN_POINT('',(-0.496104874730053,-0.02075,0.04775));
#7273=CARTESIAN_POINT('',(-0.496104874730053,-0.02075,0.04775));
#7274=CARTESIAN_POINT('',(-0.497085114484682,-0.02255,0.04575));
#7275=CARTESIAN_POINT('',(-0.497085114484682,-0.02255,0.0462859662163101));
#7276=CARTESIAN_POINT('',(-0.496728814736955,-0.0222320237675679,0.0473311334552289));
#7277=CARTESIAN_POINT('',(-0.496286835388934,-0.0212493409076696,0.04775));
#7278=CARTESIAN_POINT('',(-0.496104874730053,-0.02075,0.04775));
#7279=CARTESIAN_POINT('',(-0.497085114484682,-0.0225500000000001,0.00425000000000004));
#7280=CARTESIAN_POINT('',(-0.496969644430844,-0.0227499999999999,0.00425000000000005));
#7281=CARTESIAN_POINT('',(-0.496738704323168,-0.0227499999999999,0.00425000000000006));
#7282=CARTESIAN_POINT('',(-0.497085114488691,-0.0225499999930564,0.00370320087584124));
#7283=CARTESIAN_POINT('',(-0.496969644401445,-0.0227499999594304,0.00366674768383205));
#7284=CARTESIAN_POINT('',(-0.496738704306194,-0.02275,0.00370320087584202));
#7285=CARTESIAN_POINT('',(-0.496723199484113,-0.0222225052704907,0.00266446918269785));
#7286=CARTESIAN_POINT('',(-0.496633177331304,-0.0222882694950608,0.00269254703704755));
#7287=CARTESIAN_POINT('',(-0.496518854024444,-0.0222885985636004,0.00266446918269752));
#7288=CARTESIAN_POINT('',(-0.49628724076542,-0.0212507361816724,0.00225000000000008));
#7289=CARTESIAN_POINT('',(-0.496258602448783,-0.0212593608406763,0.00225000000156563));
#7290=CARTESIAN_POINT('',(-0.496229964124441,-0.0212679854742342,0.00225000000000004));
#7291=CARTESIAN_POINT('',(-0.496104874730053,-0.02075,0.00225000000000005));
#7292=CARTESIAN_POINT('',(-0.496104874730053,-0.02075,0.00225000000000005));
#7293=CARTESIAN_POINT('',(-0.496104874730053,-0.02075,0.00225000000000005));
#7294=CARTESIAN_POINT('',(-0.497085114484682,-0.02255,0.00425000000000009));
#7295=CARTESIAN_POINT('',(-0.497085114484682,-0.02255,0.00371403378368995));
#7296=CARTESIAN_POINT('',(-0.496728814737253,-0.0222320237674594,0.00266886654477113));
#7297=CARTESIAN_POINT('',(-0.496286835388338,-0.0212493409078869,0.00225000000000007));
#7298=CARTESIAN_POINT('',(-0.496104874730053,-0.02075,0.00225000000000008));
#7299=CARTESIAN_POINT('',(-0.42,0.02075,0.00425));
#7300=CARTESIAN_POINT('',(-0.42,0.02075,0.00425));
#7301=CARTESIAN_POINT('',(-0.42,0.02075,0.04575));
#7302=CARTESIAN_POINT('',(-0.42,0.02075,0.04575));
#7303=CARTESIAN_POINT('',(-0.497431524646195,-0.02275,0.04575));
#7304=CARTESIAN_POINT('',(-0.497777934807709,-0.02295,0.04575));
#7305=CARTESIAN_POINT('',(-0.497777934807709,-0.02295,0.04628596621631));
#7306=CARTESIAN_POINT('',(-0.498231460176655,-0.0230995765166566,0.0473311334552292));
#7307=CARTESIAN_POINT('',(-0.49930347817121,-0.022991000430099,0.0477499999999999));
#7308=CARTESIAN_POINT('',(-0.499826900411835,-0.0228989125293077,0.04775));
#7309=CARTESIAN_POINT('',(-0.510566243270259,-5.52943107967607E-17,0.00765));
#7310=CARTESIAN_POINT('',(-0.50906345659194,-0.00760290287978657,0.00765));
#7311=CARTESIAN_POINT('',(-0.50906345659194,-0.00760290287978657,0.00706852179078204));
#7312=CARTESIAN_POINT('',(-0.509331701749544,-0.00820381664038144,0.00600031680509251));
#7313=CARTESIAN_POINT('',(-0.509863524442856,-0.00923884632955155,0.00564999999999999));
#7314=CARTESIAN_POINT('',(-0.510138646614288,-0.00974061913328943,0.00565));
#7315=CARTESIAN_POINT('',(-0.411050477872535,-0.181366361822961,0.04235));
#7316=CARTESIAN_POINT('',(-0.503147292311173,-0.02185,0.04235));
#7317=CARTESIAN_POINT('',(-0.546849364905389,-0.0628442101292463,0.04235));
#7318=CARTESIAN_POINT('',(-0.546645910697248,-0.0714918171037329,0.04235));
#7319=CARTESIAN_POINT('',(-0.546645910697248,-0.0714918171037329,0.048));
#7320=CARTESIAN_POINT('',(-0.546645910697248,-0.0714918171037329,0.00765));
#7321=CARTESIAN_POINT('',(-0.546645910697248,-0.0714918171037329,0.04235));
#7322=CARTESIAN_POINT('',(-0.546849364905389,-0.0628442101292463,0.00765));
#7323=CARTESIAN_POINT('',(-0.546645910697248,-0.0714918171037329,0.00765));
#7324=CARTESIAN_POINT('',(-0.411050477872535,-0.181366361822961,0.00765));
#7325=CARTESIAN_POINT('',(-0.503147292311173,-0.02185,0.00765));
#7326=CARTESIAN_POINT('',(-0.497431524646195,-0.02275,0.00425000000000009));
#7327=CARTESIAN_POINT('',(-0.497777934807709,-0.02295,0.00425000000000009));
#7328=CARTESIAN_POINT('',(-0.497777934807709,-0.02295,0.00371403378369011));
#7329=CARTESIAN_POINT('',(-0.498231460176606,-0.023099576516383,0.00266886654477088));
#7330=CARTESIAN_POINT('',(-0.499303478171307,-0.0229910004306491,0.00225000000000007));
#7331=CARTESIAN_POINT('',(-0.499826900411835,-0.0228989125293077,0.00225000000000008));
#7332=CARTESIAN_POINT('',(-0.0258839745962155,0.02075,0.00425));
#7333=CARTESIAN_POINT('',(-0.522546261355944,0.02075,0.00425));
#7334=CARTESIAN_POINT('',(-0.522546261355944,0.02075,0.048));
#7335=CARTESIAN_POINT('',(-0.522546261355944,0.02075,0.04575));
#7336=CARTESIAN_POINT('',(-0.522546261355944,0.02075,0.00425));
#7337=CARTESIAN_POINT('',(-0.47092264973081,0.02075,0.04575));
#7338=CARTESIAN_POINT('',(-0.522546261355944,0.02075,0.04575));
#7339=CARTESIAN_POINT('',(-0.503147292311173,-0.02185,0.00565));
#7340=CARTESIAN_POINT('',(-0.503147292311173,-0.02185,0.04235));
#7341=CARTESIAN_POINT('',(-0.503147292311173,-0.02185,0.00765));
#7342=CARTESIAN_POINT('',(-0.503147292311173,-0.02185,0.04235));
#7343=CARTESIAN_POINT('',(-0.503147292311173,-0.02185,0.04235));
#7344=CARTESIAN_POINT('',(-0.546645910697248,-0.0714918171037329,0.04235));
#7345=CARTESIAN_POINT('',(-0.546645910697248,-0.0714918171037329,0.04235));
#7346=CARTESIAN_POINT('',(-0.546645910697248,-0.0714918171037329,0.00765));
#7347=CARTESIAN_POINT('',(-0.546645910697248,-0.0714918171037329,0.00765));
#7348=CARTESIAN_POINT('',(-0.497777934807709,-0.02295,0.04575));
#7349=CARTESIAN_POINT('',(-0.497662464753871,-0.0231500000000001,0.04575));
#7350=CARTESIAN_POINT('',(-0.497777934807709,-0.02335,0.04575));
#7351=CARTESIAN_POINT('',(-0.497777934811843,-0.0229499999928401,0.0462967991242038));
#7352=CARTESIAN_POINT('',(-0.497662464803683,-0.0231500000046417,0.0463332523160885));
#7353=CARTESIAN_POINT('',(-0.497777934815881,-0.023350000014155,0.0462967991242038));
#7354=CARTESIAN_POINT('',(-0.498242511063369,-0.0230996802200932,0.0473355308172795));
#7355=CARTESIAN_POINT('',(-0.498230568650763,-0.0232105238037459,0.0473074529631466));
#7356=CARTESIAN_POINT('',(-0.498287445322531,-0.0233096952260371,0.0473355308172796));
#7357=CARTESIAN_POINT('',(-0.499302067140074,-0.0229913470002511,0.0477500000000002));
#7358=CARTESIAN_POINT('',(-0.499308917124596,-0.023020460839487,0.0477499999983027));
#7359=CARTESIAN_POINT('',(-0.499315767135086,-0.0230495746726553,0.04775));
#7360=CARTESIAN_POINT('',(-0.499826900411835,-0.0228989125293077,0.0477500000000001));
#7361=CARTESIAN_POINT('',(-0.499826900411835,-0.0228989125293077,0.0477500000000001));
#7362=CARTESIAN_POINT('',(-0.499826900411835,-0.0228989125293077,0.0477500000000001));
#7363=CARTESIAN_POINT('',(-0.497777934807709,-0.02335,0.04575));
#7364=CARTESIAN_POINT('',(-0.497777934807709,-0.02335,0.046289491651157));
#7365=CARTESIAN_POINT('',(-0.498275405118693,-0.0233119558264413,0.0473271317403964));
#7366=CARTESIAN_POINT('',(-0.49931438020932,-0.0230499996912311,0.0477499999999999));
#7367=CARTESIAN_POINT('',(-0.499826900411835,-0.0228989125293077,0.04775));
#7368=CARTESIAN_POINT('',(-0.497777934807709,-0.0233500000000001,0.00425000000000006));
#7369=CARTESIAN_POINT('',(-0.497662464753871,-0.0231500000000001,0.00425000000000005));
#7370=CARTESIAN_POINT('',(-0.497777934807709,-0.02295,0.00425000000000003));
#7371=CARTESIAN_POINT('',(-0.497777934815994,-0.0233500000143506,0.0037032008757534));
#7372=CARTESIAN_POINT('',(-0.497662464803357,-0.0231500000049412,0.00366674768375243));
#7373=CARTESIAN_POINT('',(-0.49777793481173,-0.0229499999930349,0.00370320087575338));
#7374=CARTESIAN_POINT('',(-0.498287445322426,-0.0233096952257223,0.00266446918274171));
#7375=CARTESIAN_POINT('',(-0.498230568650772,-0.0232105238033907,0.00269254703249808));
#7376=CARTESIAN_POINT('',(-0.49824251106331,-0.0230996802197822,0.00266446918274167));
#7377=CARTESIAN_POINT('',(-0.499315767135183,-0.023049574673093,0.00225));
#7378=CARTESIAN_POINT('',(-0.499308917124764,-0.0230204608399231,0.00225000001061374));
#7379=CARTESIAN_POINT('',(-0.499302067140303,-0.0229913470006813,0.00225000000000002));
#7380=CARTESIAN_POINT('',(-0.499826900411835,-0.0228989125293076,0.00225000000000004));
#7381=CARTESIAN_POINT('',(-0.499826900411835,-0.0228989125293076,0.00225000000000004));
#7382=CARTESIAN_POINT('',(-0.499826900411835,-0.0228989125293077,0.00225000000000004));
#7383=CARTESIAN_POINT('',(-0.497777934807709,-0.02335,0.00425));
#7384=CARTESIAN_POINT('',(-0.497777934807709,-0.02335,0.00371050834884303));
#7385=CARTESIAN_POINT('',(-0.498275405118608,-0.0233119558261541,0.00267286825960336));
#7386=CARTESIAN_POINT('',(-0.499314380209491,-0.0230499996918093,0.00224999999999997));
#7387=CARTESIAN_POINT('',(-0.499826900411835,-0.0228989125293077,0.00225));
#7388=CARTESIAN_POINT('',(-0.522546261355944,0.02075,0.00425));
#7389=CARTESIAN_POINT('',(-0.522546261355944,0.02075,0.00425));
#7390=CARTESIAN_POINT('',(-0.522546261355944,0.02075,0.04575));
#7391=CARTESIAN_POINT('',(-0.522546261355944,0.02075,0.04575));
#7392=CARTESIAN_POINT('',(-0.503147292311173,-0.02185,0.00765));
#7393=CARTESIAN_POINT('',(-0.503147292311173,-0.02185,0.00765));
#7394=CARTESIAN_POINT('',(-0.522002027380004,-0.0545073591024675,0.04235));
#7395=CARTESIAN_POINT('',(-0.540823824149729,-0.0871076673973662,0.04235));
#7396=CARTESIAN_POINT('',(-0.367740874330959,0.238380795612638,0.04235));
#7397=CARTESIAN_POINT('',(-0.551952250588359,-0.0806826673973662,0.04235));
#7398=CARTESIAN_POINT('',(-0.555416352203497,-0.0786826673973661,0.048));
#7399=CARTESIAN_POINT('',(-0.555416352203497,-0.0786826673973661,0.00765));
#7400=CARTESIAN_POINT('',(-0.555416352203497,-0.0786826673973661,0.04235));
#7401=CARTESIAN_POINT('',(-0.367740874330959,0.238380795612638,0.00765));
#7402=CARTESIAN_POINT('',(-0.551952250588359,-0.0806826673973662,0.00765));
#7403=CARTESIAN_POINT('',(-0.356612447892329,0.231955795612637,0.00765));
#7404=CARTESIAN_POINT('',(-0.540823824149729,-0.0871076673973663,0.00765));
#7405=CARTESIAN_POINT('',(-0.537359722534591,-0.0891076673973662,0.048));
#7406=CARTESIAN_POINT('',(-0.538608216152391,-0.0906701217763205,0.025));
#7407=CARTESIAN_POINT('',(-0.538608216152391,-0.0906701217763205,0.04235));
#7408=CARTESIAN_POINT('',(-0.538608216152391,-0.0906701217763205,0.00765));
#7409=CARTESIAN_POINT('',(-0.537359722534591,-0.0891076673973662,0.04235));
#7410=CARTESIAN_POINT('',(-0.537359722534591,-0.0891076673973661,0.00765));
#7411=CARTESIAN_POINT('',(-0.353667961519462,0.230255795612638,0.04575));
#7412=CARTESIAN_POINT('',(-0.537879337776862,-0.0888076673973662,0.04575));
#7413=CARTESIAN_POINT('',(-0.537879337776862,-0.0888076673973661,0.048));
#7414=CARTESIAN_POINT('',(-0.537879337776862,-0.0888076673973662,0.00425));
#7415=CARTESIAN_POINT('',(-0.537879337776862,-0.0888076673973661,0.04575));
#7416=CARTESIAN_POINT('',(-0.53860821615239,-0.0906701217763209,0.0423500000000002));
#7417=CARTESIAN_POINT('',(-0.53860821615239,-0.0906701217763209,0.043066652832983));
#7418=CARTESIAN_POINT('',(-0.538711494088375,-0.0906366228036648,0.0437745751881193));
#7419=CARTESIAN_POINT('',(-0.538879337776862,-0.090539718204935,0.0444571307505707));
#7420=CARTESIAN_POINT('',(-0.538879337776862,-0.090539718204935,0.00554286924942934));
#7421=CARTESIAN_POINT('',(-0.538711494088876,-0.0906366228033753,0.00622542481204459));
#7422=CARTESIAN_POINT('',(-0.53860821615239,-0.0906701217763209,0.00693334716701694));
#7423=CARTESIAN_POINT('',(-0.53860821615239,-0.0906701217763209,0.00764999999999983));
#7424=CARTESIAN_POINT('',(-0.519057541007137,-0.0562073591024675,0.00425));
#7425=CARTESIAN_POINT('',(-0.537879337776862,-0.0888076673973661,0.00425));
#7426=CARTESIAN_POINT('',(-0.548358067168511,-0.0239573591024676,0.00425));
#7427=CARTESIAN_POINT('',(-0.573819392033916,-0.0680576673973661,0.00425));
#7428=CARTESIAN_POINT('',(-0.389608015776516,0.251005795612637,0.04575));
#7429=CARTESIAN_POINT('',(-0.573819392033916,-0.0680576673973662,0.04575));
#7430=CARTESIAN_POINT('',(-0.537879337776862,-0.0888076673973661,0.04575));
#7431=CARTESIAN_POINT('',(-0.537879337776862,-0.0888076673973662,0.04575));
#7432=CARTESIAN_POINT('',(-0.540823824149729,-0.0871076673973662,0.04235));
#7433=CARTESIAN_POINT('',(-0.540823824149729,-0.0871076673973661,0.04635));
#7434=CARTESIAN_POINT('',(-0.541812510146393,-0.0888201217763205,0.04605));
#7435=CARTESIAN_POINT('',(-0.539998995390639,-0.0898932835802204,0.04575));
#7436=CARTESIAN_POINT('',(-0.540590105617937,-0.0895520059313692,0.0459438091228041));
#7437=CARTESIAN_POINT('',(-0.5411919472344,-0.0891784039406088,0.0460499999999975));
#7438=CARTESIAN_POINT('',(-0.541812510146393,-0.0888201217763202,0.0460499999999978));
#7439=CARTESIAN_POINT('',(-0.555849364905389,-0.0784326673973662,0.04635));
#7440=CARTESIAN_POINT('',(-0.551952250588359,-0.0806826673973662,0.04635));
#7441=CARTESIAN_POINT('',(-0.552940936585023,-0.0823951217763206,0.04605));
#7442=CARTESIAN_POINT('',(-0.556838050902053,-0.0801451217763206,0.04605));
#7443=CARTESIAN_POINT('',(-0.551952250588359,-0.0806826673973662,0.04235));
#7444=CARTESIAN_POINT('',(-0.552940936585023,-0.0823951217763205,0.0460499999999976));
#7445=CARTESIAN_POINT('',(-0.553561345711902,-0.0820369283999091,0.0460499999999978));
#7446=CARTESIAN_POINT('',(-0.554185970922462,-0.0817024294379358,0.045943808532014));
#7447=CARTESIAN_POINT('',(-0.554777079347448,-0.0813611528296498,0.04575));
#7448=CARTESIAN_POINT('',(-0.556282377607281,-0.0781826673973661,0.00565));
#7449=CARTESIAN_POINT('',(-0.556282377607281,-0.0781826673973661,0.00765));
#7450=CARTESIAN_POINT('',(-0.556282377607281,-0.0781826673973661,0.04235));
#7451=CARTESIAN_POINT('',(-0.551952250588359,-0.0806826673973662,0.00765));
#7452=CARTESIAN_POINT('',(-0.551952250588359,-0.0806826673973661,0.00365));
#7453=CARTESIAN_POINT('',(-0.552940936585023,-0.0823951217763205,0.00395000000000018));
#7454=CARTESIAN_POINT('',(-0.554777079347449,-0.0813611528296498,0.00425));
#7455=CARTESIAN_POINT('',(-0.554185970921986,-0.0817024294382113,0.00405619146993184));
#7456=CARTESIAN_POINT('',(-0.553561345711903,-0.082036928399909,0.00395000000000015));
#7457=CARTESIAN_POINT('',(-0.552940936585023,-0.0823951217763206,0.00395000000000016));
#7458=CARTESIAN_POINT('',(-0.210095350853614,-0.278053840483551,0.00365));
#7459=CARTESIAN_POINT('',(-0.540823824149729,-0.0871076673973662,0.00365));
#7460=CARTESIAN_POINT('',(-0.541812510146393,-0.0888201217763205,0.00395000000000009));
#7461=CARTESIAN_POINT('',(-0.556838050902053,-0.0801451217763206,0.00395000000000018));
#7462=CARTESIAN_POINT('',(-0.540823824149729,-0.0871076673973662,0.00765));
#7463=CARTESIAN_POINT('',(-0.541812510146393,-0.0888201217763207,0.00395000000000006));
#7464=CARTESIAN_POINT('',(-0.541191947234399,-0.0891784039406093,0.00395000000000007));
#7465=CARTESIAN_POINT('',(-0.540590105618124,-0.0895520059312613,0.00405619087795807));
#7466=CARTESIAN_POINT('',(-0.539998995390639,-0.0898932835802204,0.00425));
#7467=CARTESIAN_POINT('',(-0.537879337776862,-0.0888076673973661,0.00425));
#7468=CARTESIAN_POINT('',(-0.537879337776862,-0.0888076673973661,0.00425));
#7469=CARTESIAN_POINT('',(-0.573819392033916,-0.0680576673973662,0.00425));
#7470=CARTESIAN_POINT('',(-0.573819392033916,-0.0680576673973662,0.00425));
#7471=CARTESIAN_POINT('',(-0.573819392033916,-0.0680576673973662,0.00425));
#7472=CARTESIAN_POINT('',(-0.573819392033916,-0.0680576673973662,0.04575));
#7473=CARTESIAN_POINT('',(-0.573819392033916,-0.0680576673973661,0.04575));
#7474=CARTESIAN_POINT('',(-0.573819392033916,-0.0680576673973662,0.04575));
#7475=CARTESIAN_POINT('',(-0.210095350853614,-0.278053840483551,0.04575));
#7476=CARTESIAN_POINT('',(-0.556838050902053,-0.0801451217763206,0.04605));
#7477=CARTESIAN_POINT('',(-0.560735165219083,-0.0778951217763205,0.04605));
#7478=CARTESIAN_POINT('',(-0.571863591657713,-0.0714701217763206,0.04605));
#7479=CARTESIAN_POINT('',(-0.558921650463329,-0.0789682835802203,0.04575));
#7480=CARTESIAN_POINT('',(-0.559512760690618,-0.0786270059313744,0.0459438091228415));
#7481=CARTESIAN_POINT('',(-0.560114602307089,-0.0782534039406087,0.0460499999999978));
#7482=CARTESIAN_POINT('',(-0.560735165219083,-0.0778951217763202,0.046049999999998));
#7483=CARTESIAN_POINT('',(-0.571863591657713,-0.0714701217763205,0.0460499999999978));
#7484=CARTESIAN_POINT('',(-0.572484000784592,-0.071111928399909,0.0460499999999981));
#7485=CARTESIAN_POINT('',(-0.573108625995658,-0.0707774294376436,0.0459438085340778));
#7486=CARTESIAN_POINT('',(-0.573699734420138,-0.0704361528296498,0.04575));
#7487=CARTESIAN_POINT('',(-0.555849364905389,-0.0784326673973662,0.04635));
#7488=CARTESIAN_POINT('',(-0.559746479222419,-0.0761826673973661,0.04635));
#7489=CARTESIAN_POINT('',(-0.570874905661049,-0.0697576673973662,0.04635));
#7490=CARTESIAN_POINT('',(-0.559746479222419,-0.0761826673973661,0.04235));
#7491=CARTESIAN_POINT('',(-0.559746479222419,-0.0761826673973661,0.04235));
#7492=CARTESIAN_POINT('',(-0.559746479222419,-0.0761826673973661,0.00765));
#7493=CARTESIAN_POINT('',(-0.559746479222419,-0.0761826673973661,0.00765));
#7494=CARTESIAN_POINT('',(-0.559746479222419,-0.0761826673973662,0.00365));
#7495=CARTESIAN_POINT('',(-0.560735165219083,-0.0778951217763205,0.00395));
#7496=CARTESIAN_POINT('',(-0.560735165219083,-0.0778951217763206,0.00394999999999979));
#7497=CARTESIAN_POINT('',(-0.560114602307089,-0.0782534039406092,0.00394999999999982));
#7498=CARTESIAN_POINT('',(-0.55951276069074,-0.0786270059313039,0.00405619087765669));
#7499=CARTESIAN_POINT('',(-0.558921650463329,-0.0789682835802203,0.00425));
#7500=CARTESIAN_POINT('',(-0.210095350853614,-0.278053840483551,0.00365));
#7501=CARTESIAN_POINT('',(-0.556838050902053,-0.0801451217763206,0.00395000000000018));
#7502=CARTESIAN_POINT('',(-0.571863591657713,-0.0714701217763205,0.00395000000000018));
#7503=CARTESIAN_POINT('',(-0.570874905661049,-0.0697576673973661,0.00365));
#7504=CARTESIAN_POINT('',(-0.555849364905389,-0.0784326673973662,0.00425));
#7505=CARTESIAN_POINT('',(-0.573699734420138,-0.0704361528296497,0.00425));
#7506=CARTESIAN_POINT('',(-0.573108625994982,-0.0707774294380338,0.00405619146867937));
#7507=CARTESIAN_POINT('',(-0.572484000784592,-0.0711119283999092,0.00394999999999985));
#7508=CARTESIAN_POINT('',(-0.571863591657713,-0.0714701217763206,0.00394999999999988));
#7509=CARTESIAN_POINT('',(-0.573819392033916,-0.0680576673973662,0.048));
#7510=CARTESIAN_POINT('',(-0.575067885651716,-0.0696201217763205,0.025));
#7511=CARTESIAN_POINT('',(-0.575067885651716,-0.0696201217763205,0.04235));
#7512=CARTESIAN_POINT('',(-0.575067885651716,-0.0696201217763205,0.00765));
#7513=CARTESIAN_POINT('',(-0.574819392033916,-0.0697897182049351,0.0444571307505707));
#7514=CARTESIAN_POINT('',(-0.574987235722019,-0.0696928136064271,0.0437745751879937));
#7515=CARTESIAN_POINT('',(-0.575067885651716,-0.0696201217763199,0.043066652832983));
#7516=CARTESIAN_POINT('',(-0.575067885651716,-0.0696201217763198,0.0423500000000001));
#7517=CARTESIAN_POINT('',(-0.575067885651716,-0.0696201217763198,0.0076499999999999));
#7518=CARTESIAN_POINT('',(-0.575067885651716,-0.0696201217763198,0.00693334716701704));
#7519=CARTESIAN_POINT('',(-0.574987235722382,-0.0696928136062176,0.0062254248118877));
#7520=CARTESIAN_POINT('',(-0.574819392033916,-0.069789718204935,0.00554286924942935));
#7521=CARTESIAN_POINT('',(-0.574339007276187,-0.0677576673973661,0.048));
#7522=CARTESIAN_POINT('',(-0.574339007276187,-0.0677576673973661,0.04235));
#7523=CARTESIAN_POINT('',(-0.574339007276187,-0.0677576673973661,0.00765));
#7524=CARTESIAN_POINT('',(-0.570874905661049,-0.0697576673973661,0.04235));
#7525=CARTESIAN_POINT('',(-0.570874905661049,-0.0697576673973662,0.04235));
#7526=CARTESIAN_POINT('',(-0.557808979222419,-0.0728268189577014,0.04235));
#7527=CARTESIAN_POINT('',(-0.554440139331308,-0.0669918171037327,0.04235));
#7528=CARTESIAN_POINT('',(-0.554440139331308,-0.0669918171037327,0.048));
#7529=CARTESIAN_POINT('',(-0.554440139331308,-0.0669918171037327,0.00765));
#7530=CARTESIAN_POINT('',(-0.554440139331308,-0.0669918171037327,0.04235));
#7531=CARTESIAN_POINT('',(-0.557808979222419,-0.0728268189577014,0.00765));
#7532=CARTESIAN_POINT('',(-0.554440139331308,-0.0669918171037327,0.00765));
#7533=CARTESIAN_POINT('',(-0.570874905661049,-0.0697576673973661,0.00765));
#7534=CARTESIAN_POINT('',(-0.570874905661049,-0.0697576673973663,0.00765));
#7535=CARTESIAN_POINT('',(-0.545413580795644,-0.0256573591024676,0.04235));
#7536=CARTESIAN_POINT('',(-0.533198373822493,-0.0045,0.04235));
#7537=CARTESIAN_POINT('',(-0.554440139331308,-0.0669918171037327,0.04235));
#7538=CARTESIAN_POINT('',(-0.554440139331308,-0.0669918171037327,0.04235));
#7539=CARTESIAN_POINT('',(-0.554440139331308,-0.0669918171037327,0.00765));
#7540=CARTESIAN_POINT('',(-0.554440139331308,-0.0669918171037327,0.00765));
#7541=CARTESIAN_POINT('',(-0.38666352940365,0.249305795612637,0.00765));
#7542=CARTESIAN_POINT('',(-0.533198373822493,-0.00449999999999995,0.00765));
#7543=CARTESIAN_POINT('',(-0.533198373822493,-0.0045,0.00565));
#7544=CARTESIAN_POINT('',(-0.533198373822493,-0.0045,0.04235));
#7545=CARTESIAN_POINT('',(-0.533198373822493,-0.0045,0.00765));
#7546=CARTESIAN_POINT('',(-0.533198373822493,-0.0045,0.04235));
#7547=CARTESIAN_POINT('',(-0.533198373822493,-0.0045,0.04235));
#7548=CARTESIAN_POINT('',(-0.546849364905389,-0.0628442101292463,0.04235));
#7549=CARTESIAN_POINT('',(-0.54705281911353,-0.0541966031547597,0.04235));
#7550=CARTESIAN_POINT('',(-0.54705281911353,-0.0541966031547596,0.048));
#7551=CARTESIAN_POINT('',(-0.54705281911353,-0.0541966031547597,0.00765));
#7552=CARTESIAN_POINT('',(-0.54705281911353,-0.0541966031547596,0.04235));
#7553=CARTESIAN_POINT('',(-0.546849364905389,-0.0628442101292463,0.00765));
#7554=CARTESIAN_POINT('',(-0.54705281911353,-0.0541966031547597,0.00765));
#7555=CARTESIAN_POINT('',(-0.533198373822493,-0.0045,0.00765));
#7556=CARTESIAN_POINT('',(-0.533198373822493,-0.0045,0.00765));
#7557=CARTESIAN_POINT('',(-0.0258839745962155,-0.0045,0.04235));
#7558=CARTESIAN_POINT('',(-0.51790194364582,-0.0025,0.04235));
#7559=CARTESIAN_POINT('',(-0.51790194364582,-0.0025,0.042931478209218));
#7560=CARTESIAN_POINT('',(-0.518288227649221,-0.00303276400119767,0.0439996831949076));
#7561=CARTESIAN_POINT('',(-0.518918678306924,-0.00401085080858138,0.0443500000000002));
#7562=CARTESIAN_POINT('',(-0.519215665216263,-0.0045,0.04435));
#7563=CARTESIAN_POINT('',(-0.54705281911353,-0.0541966031547597,0.04235));
#7564=CARTESIAN_POINT('',(-0.54705281911353,-0.0541966031547596,0.04235));
#7565=CARTESIAN_POINT('',(-0.54705281911353,-0.0541966031547597,0.00765));
#7566=CARTESIAN_POINT('',(-0.54705281911353,-0.0541966031547596,0.00765));
#7567=CARTESIAN_POINT('',(-0.0258839745962155,-0.0045,0.00765));
#7568=CARTESIAN_POINT('',(-0.51790194364582,-0.0025,0.00765));
#7569=CARTESIAN_POINT('',(-0.51790194364582,-0.0025,0.00706852179078202));
#7570=CARTESIAN_POINT('',(-0.518288227649192,-0.00303276400121533,0.00600031680509235));
#7571=CARTESIAN_POINT('',(-0.518918678306982,-0.00401085080854607,0.00564999999999999));
#7572=CARTESIAN_POINT('',(-0.519215665216263,-0.0045,0.00565));
#7573=CARTESIAN_POINT('',(-0.510566243270259,-5.52943107967607E-17,0.04235));
#7574=CARTESIAN_POINT('',(-0.518788068560291,-0.0052406191332893,0.04235));
#7575=CARTESIAN_POINT('',(-0.541246479222419,-0.0441397274573418,0.04235));
#7576=CARTESIAN_POINT('',(-0.535440139331308,-0.0340828517599242,0.04235));
#7577=CARTESIAN_POINT('',(-0.535440139331308,-0.0340828517599241,0.048));
#7578=CARTESIAN_POINT('',(-0.535440139331308,-0.0340828517599241,0.00765));
#7579=CARTESIAN_POINT('',(-0.535440139331308,-0.0340828517599242,0.04235));
#7580=CARTESIAN_POINT('',(-0.541246479222419,-0.0441397274573418,0.00765));
#7581=CARTESIAN_POINT('',(-0.535440139331308,-0.0340828517599241,0.00765));
#7582=CARTESIAN_POINT('',(-0.510566243270259,-5.52943107967607E-17,0.00765));
#7583=CARTESIAN_POINT('',(-0.518788068560291,-0.00524061913328935,0.00765));
#7584=CARTESIAN_POINT('',(-0.518788068560291,-0.00524061913328934,0.048));
#7585=CARTESIAN_POINT('',(-0.518788068560291,-0.00524061913328935,0.04235));
#7586=CARTESIAN_POINT('',(-0.518788068560291,-0.00524061913328936,0.00765));
#7587=CARTESIAN_POINT('',(-0.518788068560291,-0.00524061913328933,0.04235));
#7588=CARTESIAN_POINT('',(-0.518788068560291,-0.00524061913328936,0.04235));
#7589=CARTESIAN_POINT('',(-0.535440139331308,-0.0340828517599241,0.04235));
#7590=CARTESIAN_POINT('',(-0.535440139331308,-0.0340828517599242,0.04235));
#7591=CARTESIAN_POINT('',(-0.535440139331308,-0.0340828517599241,0.00765));
#7592=CARTESIAN_POINT('',(-0.535440139331308,-0.0340828517599242,0.00765));
#7593=CARTESIAN_POINT('',(-0.518788068560291,-0.00524061913328933,0.00765));
#7594=CARTESIAN_POINT('',(-0.518788068560291,-0.00524061913328929,0.00765));
#7595=CARTESIAN_POINT('',(-0.523379918404854,-0.0131939363648003,0.04235));
#7596=CARTESIAN_POINT('',(-0.52805281911353,-0.0212876378109509,0.04235));
#7597=CARTESIAN_POINT('',(-0.527849364905389,-0.0299352447854375,0.04235));
#7598=CARTESIAN_POINT('',(-0.52805281911353,-0.0212876378109509,0.04235));
#7599=CARTESIAN_POINT('',(-0.527849364905389,-0.0299352447854375,0.00765));
#7600=CARTESIAN_POINT('',(-0.52805281911353,-0.0212876378109509,0.00765));
#7601=CARTESIAN_POINT('',(-0.523379918404854,-0.0131939363648003,0.00765));
#7602=CARTESIAN_POINT('',(-0.52805281911353,-0.0212876378109509,0.00765));
#7603=CARTESIAN_POINT('',(-0.52805281911353,-0.0212876378109509,0.04235));
#7604=CARTESIAN_POINT('',(-0.52805281911353,-0.0212876378109509,0.04235));
#7605=CARTESIAN_POINT('',(-0.52805281911353,-0.0212876378109509,0.00765));
#7606=CARTESIAN_POINT('',(-0.52805281911353,-0.0212876378109509,0.00765));
#7607=CARTESIAN_POINT('',(-0.52805281911353,-0.0212876378109509,0.048));
#7608=CARTESIAN_POINT('',(-0.0258839745962155,0.0410096225264523,0.00565));
#7609=CARTESIAN_POINT('',(-0.37553510296502,0.242880795612638,0.00565));
#7610=CARTESIAN_POINT('',(-0.510138646614288,0.00974061913328927,0.00565));
#7611=CARTESIAN_POINT('',(-0.505745368522526,0.01735,0.00565));
#7612=CARTESIAN_POINT('',(-0.0258839745962155,0.01735,0.00565));
#7613=CARTESIAN_POINT('',(-0.520583270440699,0.01735,0.00565));
#7614=CARTESIAN_POINT('',(-0.529734272207355,0.00149999999999995,0.00565));
#7615=CARTESIAN_POINT('',(-0.528002221399786,0.0045,0.00565));
#7616=CARTESIAN_POINT('',(-0.51790194364582,0.0045,0.00565));
#7617=CARTESIAN_POINT('',(-0.519215665216262,0.0045,0.00565));
#7618=CARTESIAN_POINT('',(-0.510566243270259,-5.52943107967607E-17,0.00565));
#7619=CARTESIAN_POINT('',(-0.0258839745962155,0.0410096225264523,0.04435));
#7620=CARTESIAN_POINT('',(-0.38666352940365,0.249305795612637,0.04435));
#7621=CARTESIAN_POINT('',(-0.528002221399786,0.0045,0.04435));
#7622=CARTESIAN_POINT('',(-0.520583270440699,0.01735,0.04435));
#7623=CARTESIAN_POINT('',(-0.502281266907388,0.01735,0.04435));
#7624=CARTESIAN_POINT('',(-0.505745368522526,0.01735,0.04435));
#7625=CARTESIAN_POINT('',(-0.510795507399509,0.00860290287978649,0.04435));
#7626=CARTESIAN_POINT('',(-0.510138646614288,0.00974061913328927,0.04435));
#7627=CARTESIAN_POINT('',(-0.510566243270259,-5.52943107967607E-17,0.04435));
#7628=CARTESIAN_POINT('',(-0.519215665216262,0.0045,0.04435));
#7629=CARTESIAN_POINT('',(-0.0258839745962155,0.0045,0.04435));
#7630=CARTESIAN_POINT('',(-0.510566243270259,-5.52943107967607E-17,0.048));
#7631=CARTESIAN_POINT('',(-0.510226358748846,0.00774254341364017,0.048));
#7632=CARTESIAN_POINT('',(-0.510226358748846,0.00774254341364017,0.04235));
#7633=CARTESIAN_POINT('',(-0.510226358748846,0.00774254341364017,0.00765));
#7634=CARTESIAN_POINT('',(-0.510566243270259,-5.52943107967607E-17,0.00765));
#7635=CARTESIAN_POINT('',(-0.517441424817082,0.00357692307692306,0.00765));
#7636=CARTESIAN_POINT('',(-0.517441424817082,0.00357692307692306,0.048));
#7637=CARTESIAN_POINT('',(-0.517441424817082,0.00357692307692304,0.04235));
#7638=CARTESIAN_POINT('',(-0.510566243270259,-5.52943107967607E-17,0.04235));
#7639=CARTESIAN_POINT('',(-0.547145631603213,-0.0246573591024676,0.048));
#7640=CARTESIAN_POINT('',(-0.529734272207355,0.0055,0.00565));
#7641=CARTESIAN_POINT('',(-0.529734272207355,0.0055,0.04235));
#7642=CARTESIAN_POINT('',(-0.529734272207355,0.0055,0.00765));
#7643=CARTESIAN_POINT('',(-0.521737970979079,0.01935,0.00765));
#7644=CARTESIAN_POINT('',(-0.522315321248268,0.01835,0.00765));
#7645=CARTESIAN_POINT('',(-0.522315321248268,0.01835,0.048));
#7646=CARTESIAN_POINT('',(-0.522315321248268,0.01835,0.04235));
#7647=CARTESIAN_POINT('',(-0.547145631603213,-0.0246573591024676,0.04235));
#7648=CARTESIAN_POINT('',(-0.47092264973081,0.01935,0.048));
#7649=CARTESIAN_POINT('',(-0.520583270440699,0.01935,0.048));
#7650=CARTESIAN_POINT('',(-0.520583270440699,0.01935,0.04235));
#7651=CARTESIAN_POINT('',(-0.520583270440699,0.01935,0.00765));
#7652=CARTESIAN_POINT('',(-0.47092264973081,0.01935,0.00765));
#7653=CARTESIAN_POINT('',(-0.505745368522526,0.01935,0.00765));
#7654=CARTESIAN_POINT('',(-0.505745368522526,0.01935,0.04435));
#7655=CARTESIAN_POINT('',(-0.505745368522526,0.01935,0.04235));
#7656=CARTESIAN_POINT('',(-0.521737970979079,0.01935,0.04235));
#7657=CARTESIAN_POINT('',(-0.505164729802858,0.0143556957633076,0.00565));
#7658=CARTESIAN_POINT('',(-0.504013317714957,0.01635,0.00565));
#7659=CARTESIAN_POINT('',(-0.504013317714957,0.01635,0.04235));
#7660=CARTESIAN_POINT('',(-0.504013317714957,0.01635,0.00765));
#7661=CARTESIAN_POINT('',(-0.505164729802858,0.0143556957633076,0.00765));
#7662=CARTESIAN_POINT('',(-0.508406595806719,0.0087406191332893,0.00765));
#7663=CARTESIAN_POINT('',(-0.508406595806719,0.0087406191332893,0.04435));
#7664=CARTESIAN_POINT('',(-0.508406595806719,0.00874061913328929,0.04235));
#7665=CARTESIAN_POINT('',(-0.502281266907388,0.01935,0.04235));
#7666=CARTESIAN_POINT('',(-0.525612970979079,0.0025,0.00565));
#7667=CARTESIAN_POINT('',(-0.519215665216262,0.0025,0.00565));
#7668=CARTESIAN_POINT('',(-0.519215665216262,0.0025,0.04235));
#7669=CARTESIAN_POINT('',(-0.519215665216262,0.0025,0.00765));
#7670=CARTESIAN_POINT('',(-0.531466323014924,0.0025,0.00765));
#7671=CARTESIAN_POINT('',(-0.528002221399786,0.0025,0.00765));
#7672=CARTESIAN_POINT('',(-0.528002221399786,0.0025,0.04435));
#7673=CARTESIAN_POINT('',(-0.528002221399786,0.0025,0.04235));
#7674=CARTESIAN_POINT('',(-0.525612970979079,0.0025,0.04235));
#7675=CARTESIAN_POINT('',(-0.545413580795644,-0.0256573591024676,0.04235));
#7676=CARTESIAN_POINT('',(-0.528002221399786,0.0045,0.04235));
#7677=CARTESIAN_POINT('',(-0.520583270440699,0.01735,0.04235));
#7678=CARTESIAN_POINT('',(-0.528002221399786,0.0045,0.048));
#7679=CARTESIAN_POINT('',(-0.528002221399786,0.0045,0.00765));
#7680=CARTESIAN_POINT('',(-0.528002221399786,0.0045,0.04235));
#7681=CARTESIAN_POINT('',(-0.38666352940365,0.249305795612637,0.00765));
#7682=CARTESIAN_POINT('',(-0.520583270440699,0.01735,0.00765));
#7683=CARTESIAN_POINT('',(-0.528002221399786,0.0045,0.00765));
#7684=CARTESIAN_POINT('',(-0.520583270440699,0.01735,0.048));
#7685=CARTESIAN_POINT('',(-0.520583270440699,0.01735,0.04235));
#7686=CARTESIAN_POINT('',(-0.520583270440699,0.01735,0.00765));
#7687=CARTESIAN_POINT('',(-0.520583270440699,0.01735,0.04235));
#7688=CARTESIAN_POINT('',(-0.520583270440699,0.01735,0.04235));
#7689=CARTESIAN_POINT('',(-0.528002221399786,0.0045,0.04235));
#7690=CARTESIAN_POINT('',(-0.528002221399786,0.0045,0.04235));
#7691=CARTESIAN_POINT('',(-0.528002221399786,0.0045,0.00765));
#7692=CARTESIAN_POINT('',(-0.528002221399786,0.0045,0.00765));
#7693=CARTESIAN_POINT('',(-0.520583270440699,0.01735,0.00765));
#7694=CARTESIAN_POINT('',(-0.520583270440699,0.01735,0.00765));
#7695=CARTESIAN_POINT('',(-0.0258839745962155,0.01735,0.04235));
#7696=CARTESIAN_POINT('',(-0.505745368522526,0.01735,0.04235));
#7697=CARTESIAN_POINT('',(-0.525612970979079,0.0045,0.04235));
#7698=CARTESIAN_POINT('',(-0.519215665216262,0.0045,0.04235));
#7699=CARTESIAN_POINT('',(-0.519215665216262,0.0045,0.048));
#7700=CARTESIAN_POINT('',(-0.519215665216262,0.0045,0.00765));
#7701=CARTESIAN_POINT('',(-0.519215665216263,0.0045,0.04235));
#7702=CARTESIAN_POINT('',(-0.525612970979079,0.0045,0.00765));
#7703=CARTESIAN_POINT('',(-0.519215665216262,0.0045,0.00765));
#7704=CARTESIAN_POINT('',(-0.47092264973081,0.01735,0.00765));
#7705=CARTESIAN_POINT('',(-0.505745368522526,0.01735,0.00765));
#7706=CARTESIAN_POINT('',(-0.505745368522526,0.01735,0.048));
#7707=CARTESIAN_POINT('',(-0.505745368522526,0.01735,0.04235));
#7708=CARTESIAN_POINT('',(-0.505745368522526,0.01735,0.00765));
#7709=CARTESIAN_POINT('',(-0.505745368522526,0.01735,0.04235));
#7710=CARTESIAN_POINT('',(-0.505745368522526,0.01735,0.04235));
#7711=CARTESIAN_POINT('',(-0.519215665216262,0.0045,0.04235));
#7712=CARTESIAN_POINT('',(-0.519215665216262,0.0045,0.04235));
#7713=CARTESIAN_POINT('',(-0.519215665216262,0.0045,0.00765));
#7714=CARTESIAN_POINT('',(-0.519215665216263,0.0045,0.00765));
#7715=CARTESIAN_POINT('',(-0.505745368522526,0.01735,0.00765));
#7716=CARTESIAN_POINT('',(-0.505745368522526,0.01735,0.00765));
#7717=CARTESIAN_POINT('',(-0.37553510296502,0.242880795612638,0.04235));
#7718=CARTESIAN_POINT('',(-0.510138646614288,0.00974061913328925,0.04235));
#7719=CARTESIAN_POINT('',(-0.510566243270259,-5.52943107967607E-17,0.04235));
#7720=CARTESIAN_POINT('',(-0.510138646614288,0.00974061913328926,0.04235));
#7721=CARTESIAN_POINT('',(-0.510566243270259,-5.52943107967607E-17,0.00765));
#7722=CARTESIAN_POINT('',(-0.510138646614288,0.00974061913328927,0.00765));
#7723=CARTESIAN_POINT('',(-0.37553510296502,0.242880795612638,0.00765));
#7724=CARTESIAN_POINT('',(-0.510138646614288,0.00974061913328929,0.00765));
#7725=CARTESIAN_POINT('',(-0.510138646614288,0.00974061913328927,0.04235));
#7726=CARTESIAN_POINT('',(-0.510138646614288,0.0097406191332893,0.04235));
#7727=CARTESIAN_POINT('',(-0.510138646614288,0.00974061913328927,0.00765));
#7728=CARTESIAN_POINT('',(-0.510138646614288,0.00974061913328926,0.00765));
#7729=CARTESIAN_POINT('',(-0.510138646614288,0.00974061913328928,0.048));
#7730=MECHANICAL_DESIGN_GEOMETRIC_PRESENTATION_REPRESENTATION('',(#4205),
#7731);
#7731=(
GEOMETRIC_REPRESENTATION_CONTEXT(3)
GLOBAL_UNCERTAINTY_ASSIGNED_CONTEXT((#7732))
GLOBAL_UNIT_ASSIGNED_CONTEXT((#7735,#7734,#7733))
REPRESENTATION_CONTEXT('Internal-corner','TOP_LEVEL_ASSEMBLY_PART')
);
#7732=UNCERTAINTY_MEASURE_WITH_UNIT(LENGTH_MEASURE(2.E-5),#7735,
'DISTANCE_ACCURACY_VALUE','Maximum Tolerance applied to model');
#7733=(
NAMED_UNIT(*)
SI_UNIT($,.STERADIAN.)
SOLID_ANGLE_UNIT()
);
#7734=(
NAMED_UNIT(*)
PLANE_ANGLE_UNIT()
SI_UNIT($,.RADIAN.)
);
#7735=(
LENGTH_UNIT()
NAMED_UNIT(*)
SI_UNIT($,.METRE.)
);
#7736=PRODUCT_DEFINITION_SHAPE('','',#7737);
#7737=PRODUCT_DEFINITION('','',#7739,#7738);
#7738=PRODUCT_DEFINITION_CONTEXT('',#7745,'design');
#7739=PRODUCT_DEFINITION_FORMATION_WITH_SPECIFIED_SOURCE('','',#7741,
 .NOT_KNOWN.);
#7740=PRODUCT_RELATED_PRODUCT_CATEGORY('','',(#7741));
#7741=PRODUCT('Internal-corner','Internal-corner','Internal-corner',(#7743));
#7742=PRODUCT_CATEGORY('','');
#7743=PRODUCT_CONTEXT('',#7745,'mechanical');
#7744=APPLICATION_PROTOCOL_DEFINITION('international standard',
'ap242_managed_model_based_3d_engineering',2011,#7745);
#7745=APPLICATION_CONTEXT('managed model based 3d engineering');
ENDSEC;
END-ISO-10303-21;
