ISO-10303-21;
HEADER;
/* Generated by software containing ST-Developer
 * from STEP Tools, Inc. (www.steptools.com) 
 */
/* OPTION: using custom renumber hook */

FILE_DESCRIPTION(
/* description */ ('STEP AP242',
'CAx-IF Rec.Pracs.---Representation and Presentation of Product Manufa
cturing Information (PMI)---4.0---2014-10-13',
'CAx-IF Rec.Pracs.---3D Tessellated Geometry---0.4---2014-09-14','2;1',
'CAx-IF Rec.Pracs.---User Defined Attributes---1.5---2016-08-15'),
/* implementation_level */ '2;1');

FILE_NAME(
/* name */ '69062c2f781add20c8d52421',
/* time_stamp */ '2025-11-01T15:50:08Z',
/* author */ (''),
/* organization */ (''),
/* preprocessor_version */ 'ST-DEVELOPER v20',
/* originating_system */ 'ONSHAPE BY PTC INC, 1.206',
/* authorisation */ '  ');

FILE_SCHEMA (('AP242_MANAGED_MODEL_BASED_3D_ENGINEERING_MIM_LF { 1 0 10303 442 1 1 4 }'));
ENDSEC;

DATA;
#10=SHAPE_REPRESENTATION_RELATIONSHIP('','',#3549,#11);
#11=ADVANCED_BREP_SHAPE_REPRESENTATION('',(#3547),#7890);
#12=B_SPLINE_SURFACE_WITH_KNOTS('',3,3,((#7202,#7203,#7204,#7205,#7206,
#7207,#7208,#7209,#7210,#7211,#7212,#7213,#7214,#7215,#7216,#7217),(#7218,
#7219,#7220,#7221,#7222,#7223,#7224,#7225,#7226,#7227,#7228,#7229,#7230,
#7231,#7232,#7233),(#7234,#7235,#7236,#7237,#7238,#7239,#7240,#7241,#7242,
#7243,#7244,#7245,#7246,#7247,#7248,#7249),(#7250,#7251,#7252,#7253,#7254,
#7255,#7256,#7257,#7258,#7259,#7260,#7261,#7262,#7263,#7264,#7265),(#7266,
#7267,#7268,#7269,#7270,#7271,#7272,#7273,#7274,#7275,#7276,#7277,#7278,
#7279,#7280,#7281),(#7282,#7283,#7284,#7285,#7286,#7287,#7288,#7289,#7290,
#7291,#7292,#7293,#7294,#7295,#7296,#7297),(#7298,#7299,#7300,#7301,#7302,
#7303,#7304,#7305,#7306,#7307,#7308,#7309,#7310,#7311,#7312,#7313),(#7314,
#7315,#7316,#7317,#7318,#7319,#7320,#7321,#7322,#7323,#7324,#7325,#7326,
#7327,#7328,#7329),(#7330,#7331,#7332,#7333,#7334,#7335,#7336,#7337,#7338,
#7339,#7340,#7341,#7342,#7343,#7344,#7345),(#7346,#7347,#7348,#7349,#7350,
#7351,#7352,#7353,#7354,#7355,#7356,#7357,#7358,#7359,#7360,#7361)),
 .UNSPECIFIED.,.F.,.F.,.F.,(4,2,2,2,4),(4,2,2,2,2,2,2,4),(0.,0.251507144031216,
0.503014288062432,0.754521432093647,1.00602857612486),(0.00030698443201429,
0.0174423990205324,0.0260101063147915,0.0345778136090505,0.0431455209033096,
0.0517132281975686,0.0688486427860868,0.137390301140159),.UNSPECIFIED.);
#13=(
BOUNDED_SURFACE()
B_SPLINE_SURFACE(3,2,((#7034,#7035,#7036),(#7037,#7038,#7039),(#7040,#7041,
#7042),(#7043,#7044,#7045)),.UNSPECIFIED.,.F.,.F.,.F.)
B_SPLINE_SURFACE_WITH_KNOTS((4,4),(3,3),(0.0217085252716863,0.025381660726798),
(0.,1.),.PIECEWISE_BEZIER_KNOTS.)
GEOMETRIC_REPRESENTATION_ITEM()
RATIONAL_B_SPLINE_SURFACE(((1.,0.714612917695408,1.),(1.,0.714364476315453,
1.),(1.,0.714140480860852,1.),(1.,0.713934864347351,1.)))
REPRESENTATION_ITEM('')
SURFACE()
);
#14=(
BOUNDED_SURFACE()
B_SPLINE_SURFACE(3,2,((#7046,#7047,#7048),(#7049,#7050,#7051),(#7052,#7053,
#7054),(#7055,#7056,#7057)),.UNSPECIFIED.,.F.,.F.,.F.)
B_SPLINE_SURFACE_WITH_KNOTS((4,4),(3,3),(0.0347225455806568,0.0383956818257967),
(0.,1.),.PIECEWISE_BEZIER_KNOTS.)
GEOMETRIC_REPRESENTATION_ITEM()
RATIONAL_B_SPLINE_SURFACE(((1.,0.713934864348437,1.),(1.,0.714140480874472,
1.),(1.,0.714364476330116,1.),(1.,0.714612917695324,1.)))
REPRESENTATION_ITEM('')
SURFACE()
);
#15=(
BOUNDED_SURFACE()
B_SPLINE_SURFACE(3,2,((#7058,#7059,#7060),(#7061,#7062,#7063),(#7064,#7065,
#7066),(#7067,#7068,#7069)),.UNSPECIFIED.,.F.,.F.,.F.)
B_SPLINE_SURFACE_WITH_KNOTS((4,4),(3,3),(0.0347225455740505,0.0383956818258361),
(0.,1.),.PIECEWISE_BEZIER_KNOTS.)
GEOMETRIC_REPRESENTATION_ITEM()
RATIONAL_B_SPLINE_SURFACE(((1.,0.71393486434733,1.),(1.,0.714140480863745,
1.),(1.,0.714364476318732,1.),(1.,0.714612917695333,1.)))
REPRESENTATION_ITEM('')
SURFACE()
);
#16=(
BOUNDED_SURFACE()
B_SPLINE_SURFACE(3,2,((#7070,#7071,#7072),(#7073,#7074,#7075),(#7076,#7077,
#7078),(#7079,#7080,#7081)),.UNSPECIFIED.,.F.,.F.,.F.)
B_SPLINE_SURFACE_WITH_KNOTS((4,4),(3,3),(0.0347225455806568,0.0383956818257966),
(0.,1.),.PIECEWISE_BEZIER_KNOTS.)
GEOMETRIC_REPRESENTATION_ITEM()
RATIONAL_B_SPLINE_SURFACE(((1.,0.713934864348438,1.),(1.,0.714140480874336,
1.),(1.,0.714364476326854,1.),(1.,0.714612917695325,1.)))
REPRESENTATION_ITEM('')
SURFACE()
);
#17=(
BOUNDED_SURFACE()
B_SPLINE_SURFACE(3,2,((#7082,#7083,#7084),(#7085,#7086,#7087),(#7088,#7089,
#7090),(#7091,#7092,#7093)),.UNSPECIFIED.,.F.,.F.,.F.)
B_SPLINE_SURFACE_WITH_KNOTS((4,4),(3,3),(0.0217085252716864,0.025381660726798),
(0.,1.),.PIECEWISE_BEZIER_KNOTS.)
GEOMETRIC_REPRESENTATION_ITEM()
RATIONAL_B_SPLINE_SURFACE(((1.,0.714612917695409,1.),(1.,0.714364476323813,
1.),(1.,0.71414048085895,1.),(1.,0.713934864347351,1.)))
REPRESENTATION_ITEM('')
SURFACE()
);
#18=(
BOUNDED_SURFACE()
B_SPLINE_SURFACE(3,2,((#7094,#7095,#7096),(#7097,#7098,#7099),(#7100,#7101,
#7102),(#7103,#7104,#7105)),.UNSPECIFIED.,.F.,.F.,.F.)
B_SPLINE_SURFACE_WITH_KNOTS((4,4),(3,3),(0.0347225455806569,0.0383956818257966),
(0.,1.),.PIECEWISE_BEZIER_KNOTS.)
GEOMETRIC_REPRESENTATION_ITEM()
RATIONAL_B_SPLINE_SURFACE(((1.,0.71393486434844,1.),(1.,0.714140480862649,
1.),(1.,0.714364476326854,1.),(1.,0.714612917695325,1.)))
REPRESENTATION_ITEM('')
SURFACE()
);
#19=(
BOUNDED_SURFACE()
B_SPLINE_SURFACE(3,2,((#7106,#7107,#7108),(#7109,#7110,#7111),(#7112,#7113,
#7114),(#7115,#7116,#7117)),.UNSPECIFIED.,.F.,.F.,.F.)
B_SPLINE_SURFACE_WITH_KNOTS((4,4),(3,3),(0.0347225455806569,0.0383956818257967),
(0.,1.),.PIECEWISE_BEZIER_KNOTS.)
GEOMETRIC_REPRESENTATION_ITEM()
RATIONAL_B_SPLINE_SURFACE(((1.,0.71393486434844,1.),(1.,0.714140480865163,
1.),(1.,0.714364476328145,1.),(1.,0.714612917695325,1.)))
REPRESENTATION_ITEM('')
SURFACE()
);
#20=(
BOUNDED_SURFACE()
B_SPLINE_SURFACE(3,2,((#7118,#7119,#7120),(#7121,#7122,#7123),(#7124,#7125,
#7126),(#7127,#7128,#7129)),.UNSPECIFIED.,.F.,.F.,.F.)
B_SPLINE_SURFACE_WITH_KNOTS((4,4),(3,3),(0.0347225455740506,0.0383956818258361),
(0.,1.),.PIECEWISE_BEZIER_KNOTS.)
GEOMETRIC_REPRESENTATION_ITEM()
RATIONAL_B_SPLINE_SURFACE(((1.,0.71393486434733,1.),(1.,0.714140480868096,
1.),(1.,0.714364476327228,1.),(1.,0.714612917695333,1.)))
REPRESENTATION_ITEM('')
SURFACE()
);
#21=(
BOUNDED_SURFACE()
B_SPLINE_SURFACE(2,3,((#7369,#7370,#7371,#7372,#7373,#7374),(#7375,#7376,
#7377,#7378,#7379,#7380),(#7381,#7382,#7383,#7384,#7385,#7386)),
 .UNSPECIFIED.,.F.,.F.,.F.)
B_SPLINE_SURFACE_WITH_KNOTS((3,3),(4,2,4),(0.,1.),(0.137390301140181,0.169245366840665,
0.201100432541149),.UNSPECIFIED.)
GEOMETRIC_REPRESENTATION_ITEM()
RATIONAL_B_SPLINE_SURFACE(((1.,1.,1.,1.,1.,1.),(0.630179099203173,0.639579685280105,
0.6469337804947,0.657408815153651,0.660354387444001,0.662511203533745),
(1.,1.,1.,1.,1.,1.)))
REPRESENTATION_ITEM('')
SURFACE()
);
#22=(
BOUNDED_SURFACE()
B_SPLINE_SURFACE(2,3,((#7394,#7395,#7396,#7397,#7398,#7399),(#7400,#7401,
#7402,#7403,#7404,#7405),(#7406,#7407,#7408,#7409,#7410,#7411)),
 .UNSPECIFIED.,.F.,.F.,.F.)
B_SPLINE_SURFACE_WITH_KNOTS((3,3),(4,2,4),(0.,1.),(0.201100432541149,0.220192635082124,
0.239284837623099),.UNSPECIFIED.)
GEOMETRIC_REPRESENTATION_ITEM()
RATIONAL_B_SPLINE_SURFACE(((1.,1.,1.,1.,1.,1.),(0.662511203528266,0.672798340650893,
0.682223603920225,0.699721946962889,0.707864027274593,0.715608394625425),
(1.,1.,1.,1.,1.,1.)))
REPRESENTATION_ITEM('')
SURFACE()
);
#23=(
BOUNDED_SURFACE()
B_SPLINE_SURFACE(2,3,((#7419,#7420,#7421,#7422,#7423,#7424,#7425,#7426,
#7427,#7428,#7429,#7430,#7431,#7432,#7433,#7434,#7435,#7436,#7437,#7438,
#7439,#7440,#7441,#7442,#7443,#7444,#7445,#7446),(#7447,#7448,#7449,#7450,
#7451,#7452,#7453,#7454,#7455,#7456,#7457,#7458,#7459,#7460,#7461,#7462,
#7463,#7464,#7465,#7466,#7467,#7468,#7469,#7470,#7471,#7472,#7473,#7474),
(#7475,#7476,#7477,#7478,#7479,#7480,#7481,#7482,#7483,#7484,#7485,#7486,
#7487,#7488,#7489,#7490,#7491,#7492,#7493,#7494,#7495,#7496,#7497,#7498,
#7499,#7500,#7501,#7502)),.UNSPECIFIED.,.F.,.F.,.F.)
B_SPLINE_SURFACE_WITH_KNOTS((3,3),(4,2,2,2,2,2,2,2,2,2,2,2,2,4),(0.,1.),
(0.239284837623099,0.241702595549801,0.244120353476503,0.246538111403204,
0.248955869329905,0.251373627256608,0.253791385183309,0.258626901036713,
0.263462416890115,0.268297932743519,0.273133448596923,0.274342327560273,
0.275551206523624,0.277968964450325),.UNSPECIFIED.)
GEOMETRIC_REPRESENTATION_ITEM()
RATIONAL_B_SPLINE_SURFACE(((1.,1.,1.,1.,1.,1.,1.,1.,1.,1.,1.,1.,1.,1.,1.,
1.,1.,1.,1.,1.,1.,1.,1.,1.,1.,1.,1.,1.),(0.715608395593235,0.717488546333045,
0.718628943169981,0.724037993880309,0.728047626815929,0.738371054493095,
0.744853917460399,0.758488799841074,0.765634438109444,0.780132572117579,
0.787619209284249,0.801607923512167,0.8080701607779,0.826143248601998,0.836460114230484,
0.854591629659195,0.862384582738474,0.875714832877929,0.881346278376403,
0.89099132994472,0.894982692154009,0.899018547964469,0.899770781768638,
0.901165306192822,0.901783435134231,0.903065051674696,0.903582925717845,
0.904088032198797),(1.,1.,1.,1.,1.,1.,1.,1.,1.,1.,1.,1.,1.,1.,1.,1.,1.,
1.,1.,1.,1.,1.,1.,1.,1.,1.,1.,1.)))
REPRESENTATION_ITEM('')
SURFACE()
);
#24=(
BOUNDED_SURFACE()
B_SPLINE_SURFACE(2,3,((#7508,#7509,#7510,#7511,#7512,#7513,#7514,#7515,
#7516,#7517,#7518,#7519,#7520,#7521,#7522,#7523,#7524,#7525,#7526,#7527,
#7528,#7529,#7530,#7531,#7532,#7533,#7534,#7535,#7536,#7537,#7538,#7539,
#7540,#7541,#7542,#7543,#7544,#7545,#7546,#7547,#7548,#7549,#7550,#7551,
#7552,#7553,#7554,#7555,#7556,#7557,#7558,#7559,#7560,#7561),(#7562,#7563,
#7564,#7565,#7566,#7567,#7568,#7569,#7570,#7571,#7572,#7573,#7574,#7575,
#7576,#7577,#7578,#7579,#7580,#7581,#7582,#7583,#7584,#7585,#7586,#7587,
#7588,#7589,#7590,#7591,#7592,#7593,#7594,#7595,#7596,#7597,#7598,#7599,
#7600,#7601,#7602,#7603,#7604,#7605,#7606,#7607,#7608,#7609,#7610,#7611,
#7612,#7613,#7614,#7615),(#7616,#7617,#7618,#7619,#7620,#7621,#7622,#7623,
#7624,#7625,#7626,#7627,#7628,#7629,#7630,#7631,#7632,#7633,#7634,#7635,
#7636,#7637,#7638,#7639,#7640,#7641,#7642,#7643,#7644,#7645,#7646,#7647,
#7648,#7649,#7650,#7651,#7652,#7653,#7654,#7655,#7656,#7657,#7658,#7659,
#7660,#7661,#7662,#7663,#7664,#7665,#7666,#7667,#7668,#7669)),
 .UNSPECIFIED.,.F.,.F.,.F.)
B_SPLINE_SURFACE_WITH_KNOTS((3,3),(4,2,2,2,2,2,2,2,2,2,2,2,2,2,2,2,2,2,
2,2,2,2,2,2,2,2,4),(0.,1.),(0.277968964450314,0.281439747963089,0.284910531475864,
0.288381314988638,0.291852098501413,0.305735232552511,0.319618366603609,
0.333501500654708,0.347384634705807,0.361267768756905,0.389034036859102,
0.416800304961298,0.444566573063495,0.472332841165692,0.500099109267889,
0.555631645472282,0.611164181676676,0.638930449778873,0.66669671788107,
0.680579851932168,0.694462985983267,0.701404553008816,0.708346120034365,
0.711816903547139,0.715287687059914,0.718758470572689,0.722229254085463),
 .UNSPECIFIED.)
GEOMETRIC_REPRESENTATION_ITEM()
RATIONAL_B_SPLINE_SURFACE(((1.,1.,1.,1.,1.,1.,1.,1.,1.,1.,1.,1.,1.,1.,1.,
1.,1.,1.,1.,1.,1.,1.,1.,1.,1.,1.,1.,1.,1.,1.,1.,1.,1.,1.,1.,1.,1.,1.,1.,
1.,1.,1.,1.,1.,1.,1.,1.,1.,1.,1.,1.,1.,1.,1.),(0.904088032204382,0.904149863357809,
0.904211229248499,0.904333031278975,0.904393467419766,0.904513410670347,
0.904572917780211,0.904691003622806,0.904749582355603,0.905040156546759,
0.905265194292875,0.905700453127497,0.905910674275662,0.906316307496136,
0.906511719629554,0.906887721499454,0.907068311299268,0.907414632415597,
0.907580363798508,0.908055179034428,0.90834189865042,0.908854873810098,
0.909081131961159,0.909471871867287,0.909636356738848,0.90990165204788,
0.910002466303365,0.910137833434506,0.910172390997128,0.910171566717478,
0.910032172975857,0.909499616327305,0.909106330355207,0.908335498786705,
0.908048329430344,0.907414352378492,0.907067542431827,0.906502883891309,
0.906307253976525,0.905901186452878,0.905690748783242,0.905363980592784,
0.905253205757678,0.905027949094513,0.904913467264573,0.904738961333333,
0.904680328816479,0.904562135444743,0.904502574589808,0.904382523884173,
0.904322034033434,0.904200124614423,0.904138705045171,0.904076820227054),
(1.,1.,1.,1.,1.,1.,1.,1.,1.,1.,1.,1.,1.,1.,1.,1.,1.,1.,1.,1.,1.,1.,1.,1.,
1.,1.,1.,1.,1.,1.,1.,1.,1.,1.,1.,1.,1.,1.,1.,1.,1.,1.,1.,1.,1.,1.,1.,1.,
1.,1.,1.,1.,1.,1.)))
REPRESENTATION_ITEM('')
SURFACE()
);
#25=(
BOUNDED_SURFACE()
B_SPLINE_SURFACE(2,3,((#7675,#7676,#7677,#7678,#7679,#7680,#7681,#7682,
#7683,#7684,#7685,#7686,#7687,#7688,#7689,#7690,#7691,#7692,#7693,#7694),
(#7695,#7696,#7697,#7698,#7699,#7700,#7701,#7702,#7703,#7704,#7705,#7706,
#7707,#7708,#7709,#7710,#7711,#7712,#7713,#7714),(#7715,#7716,#7717,#7718,
#7719,#7720,#7721,#7722,#7723,#7724,#7725,#7726,#7727,#7728,#7729,#7730,
#7731,#7732,#7733,#7734)),.UNSPECIFIED.,.F.,.F.,.F.)
B_SPLINE_SURFACE_WITH_KNOTS((3,3),(4,2,2,2,2,2,2,2,2,4),(0.,1.),(0.862337401470783,
0.898473199218188,0.934608996965592,0.952676895839293,0.961710845276144,
0.970744794712996,0.975261769431421,0.979778744149847,0.988812693586698,
0.999694844330326),.UNSPECIFIED.)
GEOMETRIC_REPRESENTATION_ITEM()
RATIONAL_B_SPLINE_SURFACE(((1.,1.,1.,1.,1.,1.,1.,1.,1.,1.,1.,1.,1.,1.,1.,
1.,1.,1.,1.,1.),(0.630278105286877,0.629896021849788,0.630336524303177,
0.632645210352544,0.63449423727591,0.638225196695523,0.639599078353114,
0.641714676495305,0.642450663230249,0.643993712157836,0.644795681718178,
0.646082260537613,0.646529184378092,0.647401905913794,0.647829335202335,
0.649129628554573,0.650019870507327,0.65202264662396,0.653144031240725,
0.654283371017047),(1.,1.,1.,1.,1.,1.,1.,1.,1.,1.,1.,1.,1.,1.,1.,1.,1.,
1.,1.,1.)))
REPRESENTATION_ITEM('')
SURFACE()
);
#26=(
BOUNDED_SURFACE()
B_SPLINE_SURFACE(2,3,((#7742,#7743,#7744,#7745,#7746,#7747,#7748,#7749,
#7750,#7751,#7752,#7753,#7754,#7755,#7756,#7757,#7758,#7759,#7760,#7761,
#7762,#7763,#7764,#7765,#7766,#7767,#7768,#7769),(#7770,#7771,#7772,#7773,
#7774,#7775,#7776,#7777,#7778,#7779,#7780,#7781,#7782,#7783,#7784,#7785,
#7786,#7787,#7788,#7789,#7790,#7791,#7792,#7793,#7794,#7795,#7796,#7797),
(#7798,#7799,#7800,#7801,#7802,#7803,#7804,#7805,#7806,#7807,#7808,#7809,
#7810,#7811,#7812,#7813,#7814,#7815,#7816,#7817,#7818,#7819,#7820,#7821,
#7822,#7823,#7824,#7825)),.UNSPECIFIED.,.F.,.F.,.F.)
B_SPLINE_SURFACE_WITH_KNOTS((3,3),(4,2,2,2,2,2,2,2,2,2,2,2,2,4),(0.,1.),
(0.72222925408547,0.724827692795227,0.727426131504984,0.730024570214741,
0.732623008924498,0.737819886344012,0.743016763763526,0.74821364118304,
0.750812079892797,0.753410518602554,0.758607396022068,0.759906615376946,
0.761205834731825,0.763804273441582),.UNSPECIFIED.)
GEOMETRIC_REPRESENTATION_ITEM()
RATIONAL_B_SPLINE_SURFACE(((1.,1.,1.,1.,1.,1.,1.,1.,1.,1.,1.,1.,1.,1.,1.,
1.,1.,1.,1.,1.,1.,1.,1.,1.,1.,1.,1.,1.),(0.904076820258644,0.903430573011045,
0.902435570688429,0.899961509390885,0.898523868577964,0.895141623603315,
0.893168018626083,0.888722225634694,0.88626705669425,0.878081908562038,
0.871488924931753,0.855917323456659,0.846923711920825,0.825381064055779,
0.812886680669153,0.790254306498266,0.781849268323487,0.766271534202635,
0.75888652909658,0.739153483066774,0.729380823405417,0.723318307264946,
0.722464902827987,0.720531374307911,0.719543968571398,0.71651921468582,
0.714419300182584,0.712234876562842),(1.,1.,1.,1.,1.,1.,1.,1.,1.,1.,1.,
1.,1.,1.,1.,1.,1.,1.,1.,1.,1.,1.,1.,1.,1.,1.,1.,1.)))
REPRESENTATION_ITEM('')
SURFACE()
);
#27=(
BOUNDED_SURFACE()
B_SPLINE_SURFACE(2,3,((#7833,#7834,#7835,#7836,#7837,#7838),(#7839,#7840,
#7841,#7842,#7843,#7844),(#7845,#7846,#7847,#7848,#7849,#7850)),
 .UNSPECIFIED.,.F.,.F.,.F.)
B_SPLINE_SURFACE_WITH_KNOTS((3,3),(4,2,4),(0.,1.),(0.798803112677661,0.830570257074222,
0.862337401470783),.UNSPECIFIED.)
GEOMETRIC_REPRESENTATION_ITEM()
RATIONAL_B_SPLINE_SURFACE(((1.,1.,1.,1.,1.,1.),(0.662623288770673,0.660393828379867,
0.657501410107622,0.646995301239052,0.639581683416009,0.630278104992846),
(1.,1.,1.,1.,1.,1.)))
REPRESENTATION_ITEM('')
SURFACE()
);
#28=(
BOUNDED_SURFACE()
B_SPLINE_SURFACE(2,3,((#7858,#7859,#7860,#7861,#7862,#7863,#7864,#7865,
#7866,#7867),(#7868,#7869,#7870,#7871,#7872,#7873,#7874,#7875,#7876,#7877),
(#7878,#7879,#7880,#7881,#7882,#7883,#7884,#7885,#7886,#7887)),
 .UNSPECIFIED.,.F.,.F.,.F.)
B_SPLINE_SURFACE_WITH_KNOTS((3,3),(4,2,2,2,4),(0.,1.),(0.763804273441582,
0.772553983250602,0.776928838155112,0.781303693059622,0.798803112677661),
 .UNSPECIFIED.)
GEOMETRIC_REPRESENTATION_ITEM()
RATIONAL_B_SPLINE_SURFACE(((1.,1.,1.,1.,1.,1.,1.,1.,1.,1.),(0.712234875524479,
0.708490624897264,0.704325395985581,0.698329722643058,0.696353986871714,
0.692441229084236,0.690519106957899,0.680623231724946,0.672029954798658,
0.662623288682459),(1.,1.,1.,1.,1.,1.,1.,1.,1.,1.)))
REPRESENTATION_ITEM('')
SURFACE()
);
#29=CYLINDRICAL_SURFACE('',#3920,0.015);
#30=CYLINDRICAL_SURFACE('',#3930,0.025);
#31=CYLINDRICAL_SURFACE('',#3931,0.00499999999999989);
#32=CYLINDRICAL_SURFACE('',#3934,0.005);
#33=CYLINDRICAL_SURFACE('',#3937,0.005);
#34=CYLINDRICAL_SURFACE('',#3940,0.00499999999999992);
#35=CYLINDRICAL_SURFACE('',#3942,0.025);
#36=CYLINDRICAL_SURFACE('',#3943,0.0027);
#37=CYLINDRICAL_SURFACE('',#3945,0.0027);
#38=CYLINDRICAL_SURFACE('',#4172,0.0016);
#39=CYLINDRICAL_SURFACE('',#4176,0.0016);
#40=CYLINDRICAL_SURFACE('',#4180,0.0016);
#41=TOROIDAL_SURFACE('',#3842,0.0347476691383893,0.0016);
#42=TOROIDAL_SURFACE('',#3845,0.0334754649712624,0.0016);
#43=TOROIDAL_SURFACE('',#3848,0.032983210989585,0.0016);
#44=TOROIDAL_SURFACE('',#3851,0.0344982102074516,0.0016);
#45=TOROIDAL_SURFACE('',#3854,0.0350916471505042,0.00160000000000003);
#46=TOROIDAL_SURFACE('',#3857,0.0347476691383893,0.0016);
#47=TOROIDAL_SURFACE('',#3860,0.0334754649712624,0.0016);
#48=TOROIDAL_SURFACE('',#3863,0.032983210989585,0.0016);
#49=TOROIDAL_SURFACE('',#3866,0.0344982102074516,0.0016);
#50=TOROIDAL_SURFACE('',#3869,0.0350916471505042,0.00160000000000003);
#51=TOROIDAL_SURFACE('',#3882,0.0347476691383893,0.0016);
#52=TOROIDAL_SURFACE('',#3885,0.0334754649712624,0.0016);
#53=TOROIDAL_SURFACE('',#3888,0.032983210989585,0.0016);
#54=TOROIDAL_SURFACE('',#3891,0.0344982102074516,0.0016);
#55=TOROIDAL_SURFACE('',#3894,0.0350916471505042,0.00160000000000003);
#56=TOROIDAL_SURFACE('',#3902,0.0347476691383893,0.0016);
#57=TOROIDAL_SURFACE('',#3905,0.0334754649712624,0.0016);
#58=TOROIDAL_SURFACE('',#3908,0.032983210989585,0.0016);
#59=TOROIDAL_SURFACE('',#3911,0.0344982102074516,0.0016);
#60=TOROIDAL_SURFACE('',#3914,0.0350916471505042,0.00160000000000003);
#61=TOROIDAL_SURFACE('',#3960,0.0347476691383893,0.0016);
#62=TOROIDAL_SURFACE('',#3965,0.0334754649712624,0.0016);
#63=TOROIDAL_SURFACE('',#3970,0.032983210989585,0.0016);
#64=TOROIDAL_SURFACE('',#3975,0.0344982102074516,0.0016);
#65=TOROIDAL_SURFACE('',#3980,0.0350916471505042,0.00160000000000003);
#66=TOROIDAL_SURFACE('',#3985,0.0347476691383893,0.0016);
#67=TOROIDAL_SURFACE('',#3990,0.0334754649712624,0.0016);
#68=TOROIDAL_SURFACE('',#3995,0.032983210989585,0.0016);
#69=TOROIDAL_SURFACE('',#4000,0.0344982102074516,0.0016);
#70=TOROIDAL_SURFACE('',#4005,0.0350916471505042,0.00160000000000003);
#71=TOROIDAL_SURFACE('',#4010,0.0347476691383893,0.0016);
#72=TOROIDAL_SURFACE('',#4015,0.0334754649712624,0.0016);
#73=TOROIDAL_SURFACE('',#4020,0.032983210989585,0.0016);
#74=TOROIDAL_SURFACE('',#4025,0.0344982102074516,0.0016);
#75=TOROIDAL_SURFACE('',#4030,0.0350916471505042,0.00160000000000003);
#76=TOROIDAL_SURFACE('',#4035,0.0347476691383893,0.0016);
#77=TOROIDAL_SURFACE('',#4040,0.0334754649712624,0.0016);
#78=TOROIDAL_SURFACE('',#4045,0.032983210989585,0.0016);
#79=TOROIDAL_SURFACE('',#4050,0.0344982102074516,0.0016);
#80=TOROIDAL_SURFACE('',#4055,0.0350916471505042,0.00160000000000003);
#81=TOROIDAL_SURFACE('',#4060,0.0347476691383893,0.0016);
#82=TOROIDAL_SURFACE('',#4065,0.0334754649712624,0.0016);
#83=TOROIDAL_SURFACE('',#4070,0.032983210989585,0.0016);
#84=TOROIDAL_SURFACE('',#4075,0.0344982102074516,0.0016);
#85=TOROIDAL_SURFACE('',#4080,0.0350916471505042,0.00160000000000003);
#86=TOROIDAL_SURFACE('',#4085,0.0347476691383893,0.0016);
#87=TOROIDAL_SURFACE('',#4090,0.0334754649712624,0.0016);
#88=TOROIDAL_SURFACE('',#4095,0.032983210989585,0.0016);
#89=TOROIDAL_SURFACE('',#4100,0.0344982102074516,0.0016);
#90=TOROIDAL_SURFACE('',#4105,0.0350916471505042,0.00160000000000003);
#91=TOROIDAL_SURFACE('',#4110,0.0347476691383893,0.0016);
#92=TOROIDAL_SURFACE('',#4115,0.0334754649712624,0.0016);
#93=TOROIDAL_SURFACE('',#4120,0.032983210989585,0.0016);
#94=TOROIDAL_SURFACE('',#4125,0.0344982102074516,0.0016);
#95=TOROIDAL_SURFACE('',#4130,0.0350916471505042,0.00160000000000003);
#96=TOROIDAL_SURFACE('',#4135,0.0347476691383893,0.0016);
#97=TOROIDAL_SURFACE('',#4139,0.0334754649712624,0.0016);
#98=TOROIDAL_SURFACE('',#4143,0.032983210989585,0.0016);
#99=TOROIDAL_SURFACE('',#4147,0.0344982102074516,0.0016);
#100=TOROIDAL_SURFACE('',#4151,0.0350916471505042,0.00160000000000003);
#101=TOROIDAL_SURFACE('',#4168,0.0266,0.0016);
#102=TOROIDAL_SURFACE('',#4170,0.00339999999999989,0.0016);
#103=TOROIDAL_SURFACE('',#4174,0.0034,0.0016);
#104=TOROIDAL_SURFACE('',#4178,0.0034,0.0016);
#105=TOROIDAL_SURFACE('',#4182,0.00339999999999991,0.0016);
#106=TOROIDAL_SURFACE('',#4184,0.0266,0.0016);
#107=TOROIDAL_SURFACE('',#4185,0.023,0.008);
#108=SPHERICAL_SURFACE('',#3563,0.0359999999999971);
#109=SPHERICAL_SURFACE('',#3823,0.0396);
#110=CONICAL_SURFACE('',#3558,0.0404013210102463,0.0523598775598292);
#111=CONICAL_SURFACE('',#3561,0.0404013210102463,0.759218224617529);
#112=CONICAL_SURFACE('',#3872,0.0404013210102463,0.0523598775598292);
#113=CONICAL_SURFACE('',#3874,0.0404013210102463,0.759218224617529);
#114=CONICAL_SURFACE('',#3877,0.0404013210102463,0.0523598775598292);
#115=CONICAL_SURFACE('',#3879,0.0404013210102463,0.759218224617529);
#116=CONICAL_SURFACE('',#3897,0.0404013210102463,0.0523598775598292);
#117=CONICAL_SURFACE('',#3899,0.0404013210102463,0.759218224617529);
#118=CONICAL_SURFACE('',#4155,0.0323225471085567,1.11485858427426);
#119=CONICAL_SURFACE('',#4158,0.0323225471085567,1.11485858427426);
#120=CONICAL_SURFACE('',#4161,0.0323225471085567,1.11485858427426);
#121=CONICAL_SURFACE('',#4163,0.0323225471085567,1.11485858427426);
#122=CONICAL_SURFACE('',#4165,0.0323225471085567,1.11485858427426);
#123=B_SPLINE_CURVE_WITH_KNOTS('',3,(#5521,#5522,#5523,#5524,#5525,#5526),
 .UNSPECIFIED.,.F.,.F.,(4,1,1,4),(0.,0.00406436896018693,0.00609655344028039,
0.00812873792037385),.UNSPECIFIED.);
#124=B_SPLINE_CURVE_WITH_KNOTS('',3,(#5536,#5537,#5538,#5539,#5540),
 .UNSPECIFIED.,.F.,.F.,(4,1,4),(0.00327329404285963,0.00467811923304032,
0.00608294442322101),.UNSPECIFIED.);
#125=B_SPLINE_CURVE_WITH_KNOTS('',3,(#5544,#5545,#5546,#5547),
 .UNSPECIFIED.,.F.,.F.,(4,4),(0.,0.0036000126263506),.UNSPECIFIED.);
#126=B_SPLINE_CURVE_WITH_KNOTS('',3,(#5730,#5731,#5732,#5733,#5734),
 .UNSPECIFIED.,.F.,.F.,(4,1,4),(3.03576608295941E-18,0.0012331452023201,
0.00246629040464019),.UNSPECIFIED.);
#127=B_SPLINE_CURVE_WITH_KNOTS('',3,(#5822,#5823,#5824,#5825,#5826),
 .UNSPECIFIED.,.F.,.F.,(4,1,4),(0.,0.0012331452021155,0.00246629040423101),
 .UNSPECIFIED.);
#128=B_SPLINE_CURVE_WITH_KNOTS('',3,(#5830,#5831,#5832,#5833,#5834),
 .UNSPECIFIED.,.F.,.F.,(4,1,4),(0.,0.00123314520232007,0.00246629040464013),
 .UNSPECIFIED.);
#129=B_SPLINE_CURVE_WITH_KNOTS('',3,(#5922,#5923,#5924,#5925,#5926),
 .UNSPECIFIED.,.F.,.F.,(4,1,4),(0.,0.00123314520211553,0.00246629040423107),
 .UNSPECIFIED.);
#130=B_SPLINE_CURVE_WITH_KNOTS('',3,(#5930,#5931,#5932,#5933,#5934),
 .UNSPECIFIED.,.F.,.F.,(4,1,4),(3.22550146314438E-18,0.00123314520232012,
0.00246629040464024),.UNSPECIFIED.);
#131=B_SPLINE_CURVE_WITH_KNOTS('',3,(#6022,#6023,#6024,#6025,#6026),
 .UNSPECIFIED.,.F.,.F.,(4,1,4),(1.58990032769613E-17,0.00123314520211557,
0.00246629040423112),.UNSPECIFIED.);
#132=B_SPLINE_CURVE_WITH_KNOTS('',3,(#6030,#6031,#6032,#6033,#6034),
 .UNSPECIFIED.,.F.,.F.,(4,1,4),(0.,0.00123314520232015,0.0024662904046403),
 .UNSPECIFIED.);
#133=B_SPLINE_CURVE_WITH_KNOTS('',3,(#6122,#6123,#6124,#6125,#6126),
 .UNSPECIFIED.,.F.,.F.,(4,1,4),(0.,0.00123314520211558,0.00246629040423116),
 .UNSPECIFIED.);
#134=B_SPLINE_CURVE_WITH_KNOTS('',3,(#6130,#6131,#6132,#6133,#6134,#6135,
#6136,#6137,#6138,#6139,#6140,#6141,#6142,#6143),.UNSPECIFIED.,.F.,.F.,
(4,1,1,1,1,1,1,1,1,1,1,4),(0.,0.125,0.25,0.375,0.4375,0.46875,0.5,0.53125,
0.5625,0.625,0.75,1.),.UNSPECIFIED.);
#135=B_SPLINE_CURVE_WITH_KNOTS('',3,(#6146,#6147,#6148,#6149,#6150,#6151,
#6152,#6153,#6154,#6155,#6156,#6157,#6158,#6159,#6160,#6161,#6162,#6163,
#6164,#6165,#6166,#6167,#6168,#6169,#6170,#6171,#6172,#6173,#6174,#6175,
#6176,#6177,#6178),.UNSPECIFIED.,.F.,.F.,(4,1,1,1,1,1,1,1,1,1,1,1,1,1,1,
1,1,1,1,1,1,1,1,1,1,1,1,1,1,1,4),(0.,0.12392218278767,0.247844365575339,
0.309805456969174,0.371766548363008,0.433727639756843,0.464708185453761,
0.495688731150678,0.526669276847595,0.557649822544513,0.619610913938347,
0.650591459635265,0.681572005332182,0.7125525510291,0.728042823877558,0.743533096726017,
0.751278233150246,0.759023369574476,0.774513642422934,0.790003915271393,
0.805494188119852,0.813239324544081,0.82098446096831,0.836474733816769,
0.851965006665228,0.867455279513687,0.875200415937916,0.882945552362145,
0.898435825210604,0.929416370907521,0.991377462301356),.UNSPECIFIED.);
#136=B_SPLINE_CURVE_WITH_KNOTS('',3,(#6184,#6185,#6186,#6187,#6188),
 .UNSPECIFIED.,.F.,.F.,(4,1,4),(2.87313575708659E-18,0.0012345878311106,
0.00246917566222119),.UNSPECIFIED.);
#137=B_SPLINE_CURVE_WITH_KNOTS('',3,(#6196,#6197,#6198,#6199,#6200),
 .UNSPECIFIED.,.F.,.F.,(4,1,4),(0.,0.00123458783098092,0.00246917566196183),
 .UNSPECIFIED.);
#138=B_SPLINE_CURVE_WITH_KNOTS('',3,(#6204,#6205,#6206,#6207,#6208),
 .UNSPECIFIED.,.F.,.F.,(4,1,4),(0.,0.00123458783111059,0.00246917566222119),
 .UNSPECIFIED.);
#139=B_SPLINE_CURVE_WITH_KNOTS('',3,(#6216,#6217,#6218,#6219,#6220),
 .UNSPECIFIED.,.F.,.F.,(4,1,4),(0.,0.0012345878309809,0.00246917566196181),
 .UNSPECIFIED.);
#140=B_SPLINE_CURVE_WITH_KNOTS('',3,(#6224,#6225,#6226,#6227,#6228),
 .UNSPECIFIED.,.F.,.F.,(4,1,4),(0.,0.00123458783111058,0.00246917566222117),
 .UNSPECIFIED.);
#141=B_SPLINE_CURVE_WITH_KNOTS('',3,(#6236,#6237,#6238,#6239,#6240),
 .UNSPECIFIED.,.F.,.F.,(4,1,4),(0.,0.00123458783098093,0.00246917566196185),
 .UNSPECIFIED.);
#142=B_SPLINE_CURVE_WITH_KNOTS('',3,(#6244,#6245,#6246,#6247,#6248),
 .UNSPECIFIED.,.F.,.F.,(4,1,4),(0.,0.00123458783111061,0.00246917566222122),
 .UNSPECIFIED.);
#143=B_SPLINE_CURVE_WITH_KNOTS('',3,(#6253,#6254,#6255,#6256,#6257),
 .UNSPECIFIED.,.F.,.F.,(4,1,4),(0.,0.00123458783098091,0.00246917566196181),
 .UNSPECIFIED.);
#144=B_SPLINE_CURVE_WITH_KNOTS('',3,(#6260,#6261,#6262,#6263,#6264,#6265,
#6266,#6267,#6268,#6269,#6270,#6271,#6272,#6273,#6274,#6275,#6276,#6277,
#6278,#6279,#6280,#6281,#6282,#6283,#6284,#6285,#6286,#6287,#6288,#6289,
#6290,#6291,#6292,#6293),.UNSPECIFIED.,.F.,.F.,(4,1,1,1,1,1,1,1,1,1,1,1,
1,1,1,1,1,1,1,1,1,1,1,1,1,1,1,1,1,1,1,4),(0.00864057664169353,0.0706005406015877,
0.101580522581535,0.117070513571508,0.124815509066495,0.132560504561482,
0.163540486541429,0.194520468521376,0.21001045951135,0.225500450501323,
0.240990441491297,0.248735436986283,0.25648043248127,0.271970423471244,
0.27971541896623,0.287460414461217,0.302950405451191,0.310695400946178,
0.318440396441164,0.333930387431138,0.349420378421111,0.380400360401058,
0.411380342381006,0.442360324360953,0.4733403063409,0.504320288320847,0.535300270300794,
0.566280252280741,0.628240216240635,0.752160144160423,0.876080072080212,
1.),.UNSPECIFIED.);
#145=B_SPLINE_CURVE_WITH_KNOTS('',3,(#6295,#6296,#6297,#6298,#6299,#6300,
#6301,#6302,#6303,#6304,#6305,#6306),.UNSPECIFIED.,.F.,.F.,(4,1,1,1,1,1,
1,1,1,4),(0.,0.25,0.375,0.4375,0.5,0.5625,0.625,0.75,0.875,1.),
 .UNSPECIFIED.);
#146=B_SPLINE_CURVE_WITH_KNOTS('',3,(#6308,#6309,#6310,#6311),
 .UNSPECIFIED.,.F.,.F.,(4,4),(0.,1.),.UNSPECIFIED.);
#147=B_SPLINE_CURVE_WITH_KNOTS('',3,(#6313,#6314,#6315,#6316,#6317,#6318,
#6319,#6320,#6321,#6322,#6323,#6324,#6325,#6326,#6327,#6328,#6329,#6330,
#6331,#6332,#6333,#6334,#6335,#6336,#6337,#6338,#6339,#6340),
 .UNSPECIFIED.,.F.,.F.,(4,1,1,1,1,1,1,1,1,1,1,1,1,1,1,1,1,1,1,1,1,1,1,1,
1,4),(0.,0.0625,0.078125,0.09375,0.1015625,0.109375,0.125,0.15625,0.1875,
0.25,0.3125,0.375,0.5,0.625,0.6875,0.71875,0.75,0.78125,0.8125,0.84375,
0.859375,0.875,0.890625,0.90625,0.9375,1.),.UNSPECIFIED.);
#148=B_SPLINE_CURVE_WITH_KNOTS('',3,(#6342,#6343,#6344,#6345,#6346,#6347,
#6348,#6349,#6350,#6351,#6352,#6353,#6354,#6355,#6356,#6357,#6358,#6359,
#6360,#6361,#6362,#6363,#6364,#6365,#6366,#6367,#6368,#6369,#6370,#6371,
#6372,#6373,#6374,#6375,#6376,#6377,#6378,#6379,#6380,#6381,#6382,#6383,
#6384,#6385),.UNSPECIFIED.,.F.,.F.,(4,1,1,1,1,1,1,1,1,1,1,1,1,1,1,1,1,1,
1,1,1,1,1,1,1,1,1,1,1,1,1,1,1,1,1,1,1,1,1,1,1,4),(0.,0.015625,0.03125,0.046875,
0.0546875,0.05859375,0.0625,0.06640625,0.0703125,0.078125,0.09375,0.109375,
0.125,0.15625,0.1875,0.25,0.3125,0.375,0.4375,0.5,0.625,0.6875,0.75,0.8125,
0.84375,0.859375,0.875,0.890625,0.90625,0.921875,0.9296875,0.9375,0.9453125,
0.953125,0.9609375,0.96875,0.9765625,0.98046875,0.984375,0.98828125,0.9921875,
1.),.UNSPECIFIED.);
#149=B_SPLINE_CURVE_WITH_KNOTS('',3,(#6387,#6388,#6389,#6390,#6391,#6392,
#6393,#6394,#6395,#6396,#6397,#6398,#6399,#6400,#6401,#6402,#6403,#6404,
#6405),.UNSPECIFIED.,.F.,.F.,(4,1,1,1,1,1,1,1,1,1,1,1,1,1,1,1,4),(0.,0.25,
0.375,0.5,0.625,0.6875,0.71875,0.75,0.78125,0.8125,0.84375,0.859375,0.875,
0.890625,0.90625,0.9375,1.),.UNSPECIFIED.);
#150=B_SPLINE_CURVE_WITH_KNOTS('',3,(#6407,#6408,#6409,#6410,#6411,#6412,
#6413,#6414,#6415),.UNSPECIFIED.,.F.,.F.,(4,1,1,1,1,1,4),(0.,0.125,0.25,
0.375,0.5,0.75,1.),.UNSPECIFIED.);
#151=B_SPLINE_CURVE_WITH_KNOTS('',3,(#6527,#6528,#6529,#6530,#6531,#6532),
 .UNSPECIFIED.,.F.,.F.,(4,1,1,4),(0.,0.00406436927355381,0.00609655391033072,
0.00812873854710763),.UNSPECIFIED.);
#152=B_SPLINE_CURVE_WITH_KNOTS('',3,(#6533,#6534,#6535,#6536),
 .UNSPECIFIED.,.F.,.F.,(4,4),(0.0198578013534218,0.0234578139797627),
 .UNSPECIFIED.);
#153=B_SPLINE_CURVE_WITH_KNOTS('',3,(#6537,#6538,#6539,#6540,#6541),
 .UNSPECIFIED.,.F.,.F.,(4,1,4),(0.00519824072970967,0.00661079911539324,
0.00802335750107681),.UNSPECIFIED.);
#154=B_SPLINE_CURVE_WITH_KNOTS('',3,(#6570,#6571,#6572,#6573,#6574,#6575,
#6576,#6577,#6578,#6579,#6580,#6581,#6582,#6583,#6584,#6585,#6586,#6587,
#6588,#6589,#6590,#6591,#6592,#6593,#6594,#6595,#6596,#6597,#6598,#6599),
 .UNSPECIFIED.,.F.,.F.,(4,1,1,1,1,1,1,1,1,1,1,1,1,1,1,1,1,1,1,1,1,1,1,1,
1,1,1,4),(0.00847990225914202,0.0704499083679456,0.101434911422347,0.116927412949548,
0.124673663713149,0.132419914476749,0.14791241600395,0.163404917531151,
0.178897419058352,0.186643669821952,0.194389920585553,0.209882422112754,
0.225374923639955,0.256359926694356,0.287344929748758,0.31832993280316,
0.349314935857562,0.380299938911964,0.411284941966366,0.442269945020767,
0.473254948075169,0.504239951129571,0.535224954183973,0.566209957238375,
0.628179963347178,0.690149969455982,0.752119975564785,1.),.UNSPECIFIED.);
#155=B_SPLINE_CURVE_WITH_KNOTS('',3,(#6603,#6604,#6605,#6606,#6607,#6608,
#6609,#6610,#6611),.UNSPECIFIED.,.F.,.F.,(4,1,1,1,1,1,4),(0.,0.25,0.375,
0.5,0.625,0.75,1.),.UNSPECIFIED.);
#156=B_SPLINE_CURVE_WITH_KNOTS('',3,(#6639,#6640,#6641,#6642,#6643,#6644,
#6645,#6646,#6647),.UNSPECIFIED.,.F.,.F.,(4,1,1,1,1,1,4),(0.,0.25,0.375,
0.5,0.625,0.75,1.),.UNSPECIFIED.);
#157=B_SPLINE_CURVE_WITH_KNOTS('',3,(#6652,#6653,#6654,#6655,#6656,#6657,
#6658,#6659,#6660,#6661,#6662,#6663,#6664,#6665,#6666,#6667,#6668,#6669,
#6670,#6671,#6672,#6673,#6674,#6675,#6676,#6677,#6678,#6679,#6680,#6681,
#6682),.UNSPECIFIED.,.F.,.F.,(4,1,1,1,1,1,1,1,1,1,1,1,1,1,1,1,1,1,1,1,1,
1,1,1,1,1,1,1,4),(0.,0.248390198371145,0.310487747963931,0.372585297556718,
0.434682847149504,0.465731621945897,0.49678039674229,0.527829171538683,
0.558877946335076,0.589926721131469,0.620975495927863,0.652024270724256,
0.683073045520649,0.698597432918845,0.714121820317042,0.718002917166591,
0.72188401401614,0.729646207715239,0.745170595113435,0.752932788812533,
0.760694982511632,0.776219369909828,0.791743757308025,0.807268144706221,
0.838316919502614,0.869365694299008,0.900414469095401,0.931463243891794,
0.99356079348458),.UNSPECIFIED.);
#158=B_SPLINE_CURVE_WITH_KNOTS('',3,(#6693,#6694,#6695,#6696,#6697,#6698,
#6699,#6700,#6701,#6702,#6703,#6704,#6705,#6706,#6707,#6708,#6709,#6710,
#6711,#6712,#6713,#6714,#6715,#6716,#6717,#6718,#6719,#6720,#6721,#6722,
#6723,#6724,#6725,#6726,#6727,#6728,#6729,#6730,#6731,#6732,#6733,#6734,
#6735,#6736,#6737,#6738,#6739),.UNSPECIFIED.,.F.,.F.,(4,1,1,1,1,1,1,1,1,
1,1,1,1,1,1,1,1,1,1,1,1,1,1,1,1,1,1,1,1,1,1,1,1,1,1,1,1,1,1,1,1,1,1,1,4),
(0.,0.015625,0.03125,0.0390625,0.046875,0.0546875,0.0625,0.0703125,0.078125,
0.09375,0.109375,0.125,0.140625,0.15625,0.1875,0.25,0.3125,0.375,0.4375,
0.5,0.5625,0.625,0.6875,0.75,0.8125,0.84375,0.859375,0.875,0.890625,0.90625,
0.921875,0.9296875,0.9375,0.9453125,0.953125,0.9609375,0.96484375,0.96875,
0.97265625,0.9765625,0.98046875,0.984375,0.98828125,0.9921875,1.),
 .UNSPECIFIED.);
#159=B_SPLINE_CURVE_WITH_KNOTS('',3,(#6958,#6959,#6960,#6961),
 .UNSPECIFIED.,.F.,.F.,(4,4),(4.39312311892454E-17,0.00360298192256487),
 .UNSPECIFIED.);
#160=B_SPLINE_CURVE_WITH_KNOTS('',3,(#6962,#6963,#6964,#6965),
 .UNSPECIFIED.,.F.,.F.,(4,4),(0.,0.00360298192264619),.UNSPECIFIED.);
#161=B_SPLINE_CURVE_WITH_KNOTS('',3,(#6967,#6968,#6969,#6970),
 .UNSPECIFIED.,.F.,.F.,(4,4),(0.,0.0036031072335155),.UNSPECIFIED.);
#162=B_SPLINE_CURVE_WITH_KNOTS('',3,(#6972,#6973,#6974,#6975),
 .UNSPECIFIED.,.F.,.F.,(4,4),(0.,0.00360310723369786),.UNSPECIFIED.);
#163=B_SPLINE_CURVE_WITH_KNOTS('',3,(#6977,#6978,#6979,#6980),
 .UNSPECIFIED.,.F.,.F.,(4,4),(0.,0.00360298192256481),.UNSPECIFIED.);
#164=B_SPLINE_CURVE_WITH_KNOTS('',3,(#6981,#6982,#6983,#6984),
 .UNSPECIFIED.,.F.,.F.,(4,4),(0.,0.00360298192264621),.UNSPECIFIED.);
#165=B_SPLINE_CURVE_WITH_KNOTS('',3,(#6986,#6987,#6988,#6989),
 .UNSPECIFIED.,.F.,.F.,(4,4),(0.,0.00360310723351551),.UNSPECIFIED.);
#166=B_SPLINE_CURVE_WITH_KNOTS('',3,(#6991,#6992,#6993,#6994),
 .UNSPECIFIED.,.F.,.F.,(4,4),(0.,0.00360310723369791),.UNSPECIFIED.);
#167=B_SPLINE_CURVE_WITH_KNOTS('',3,(#6996,#6997,#6998,#6999),
 .UNSPECIFIED.,.F.,.F.,(4,4),(4.39312311892454E-17,0.00360298192256487),
 .UNSPECIFIED.);
#168=B_SPLINE_CURVE_WITH_KNOTS('',3,(#7001,#7002,#7003,#7004),
 .UNSPECIFIED.,.F.,.F.,(4,4),(0.,0.00360310723369786),.UNSPECIFIED.);
#169=B_SPLINE_CURVE_WITH_KNOTS('',3,(#7006,#7007,#7008,#7009),
 .UNSPECIFIED.,.F.,.F.,(4,4),(0.,0.00360298192264619),.UNSPECIFIED.);
#170=B_SPLINE_CURVE_WITH_KNOTS('',3,(#7011,#7012,#7013,#7014),
 .UNSPECIFIED.,.F.,.F.,(4,4),(0.,0.0036031072335155),.UNSPECIFIED.);
#171=B_SPLINE_CURVE_WITH_KNOTS('',3,(#7016,#7017,#7018,#7019),
 .UNSPECIFIED.,.F.,.F.,(4,4),(0.,0.00360298192256481),.UNSPECIFIED.);
#172=B_SPLINE_CURVE_WITH_KNOTS('',3,(#7020,#7021,#7022,#7023),
 .UNSPECIFIED.,.F.,.F.,(4,4),(0.,0.00360298192264621),.UNSPECIFIED.);
#173=B_SPLINE_CURVE_WITH_KNOTS('',3,(#7025,#7026,#7027,#7028),
 .UNSPECIFIED.,.F.,.F.,(4,4),(0.,0.00360310723351551),.UNSPECIFIED.);
#174=B_SPLINE_CURVE_WITH_KNOTS('',3,(#7030,#7031,#7032,#7033),
 .UNSPECIFIED.,.F.,.F.,(4,4),(0.,0.00360310723369788),.UNSPECIFIED.);
#175=B_SPLINE_CURVE_WITH_KNOTS('',3,(#7133,#7134,#7135,#7136,#7137,#7138,
#7139,#7140,#7141,#7142,#7143,#7144,#7145,#7146,#7147,#7148,#7149,#7150,
#7151,#7152,#7153,#7154),.UNSPECIFIED.,.F.,.F.,(4,1,1,1,1,1,1,1,1,1,1,1,
1,1,1,1,1,1,1,4),(0.,0.0625,0.125,0.15625,0.1875,0.25,0.28125,0.3125,0.34375,
0.375,0.40625,0.4375,0.46875,0.5,0.53125,0.5625,0.625,0.75,0.875,1.),
 .UNSPECIFIED.);
#176=B_SPLINE_CURVE_WITH_KNOTS('',3,(#7156,#7157,#7158,#7159,#7160,#7161),
 .UNSPECIFIED.,.F.,.F.,(4,1,1,4),(0.,0.5,0.75,1.),.UNSPECIFIED.);
#177=B_SPLINE_CURVE_WITH_KNOTS('',3,(#7176,#7177,#7178,#7179),
 .UNSPECIFIED.,.F.,.F.,(4,4),(0.,1.),.UNSPECIFIED.);
#178=B_SPLINE_CURVE_WITH_KNOTS('',3,(#7181,#7182,#7183,#7184,#7185,#7186,
#7187,#7188,#7189,#7190,#7191,#7192,#7193,#7194,#7195,#7196,#7197,#7198,
#7199,#7200,#7201),.UNSPECIFIED.,.F.,.F.,(4,1,1,1,1,1,1,1,1,1,1,1,1,1,1,
1,1,1,4),(0.,0.25,0.375,0.4375,0.5,0.5625,0.625,0.6875,0.71875,0.734375,
0.75,0.765625,0.78125,0.8125,0.84375,0.875,0.90625,0.9375,1.),
 .UNSPECIFIED.);
#179=B_SPLINE_CURVE_WITH_KNOTS('',3,(#7362,#7363,#7364,#7365,#7366,#7367,
#7368),.UNSPECIFIED.,.F.,.F.,(4,1,1,1,4),(0.,0.25,0.5,0.75,1.),
 .UNSPECIFIED.);
#180=B_SPLINE_CURVE_WITH_KNOTS('',3,(#7387,#7388,#7389,#7390,#7391,#7392,
#7393),.UNSPECIFIED.,.F.,.F.,(4,1,1,1,4),(0.,0.25,0.5,0.75,1.),
 .UNSPECIFIED.);
#181=B_SPLINE_CURVE_WITH_KNOTS('',3,(#7412,#7413,#7414,#7415,#7416,#7417,
#7418),.UNSPECIFIED.,.F.,.F.,(4,1,1,1,4),(0.,0.25,0.5,0.75,1.),
 .UNSPECIFIED.);
#182=B_SPLINE_CURVE_WITH_KNOTS('',3,(#7503,#7504,#7505,#7506,#7507),
 .UNSPECIFIED.,.F.,.F.,(4,1,4),(0.,0.5,1.),.UNSPECIFIED.);
#183=B_SPLINE_CURVE_WITH_KNOTS('',3,(#7670,#7671,#7672,#7673,#7674),
 .UNSPECIFIED.,.F.,.F.,(4,1,4),(0.,0.5,1.),.UNSPECIFIED.);
#184=B_SPLINE_CURVE_WITH_KNOTS('',3,(#7735,#7736,#7737,#7738,#7739,#7740,
#7741),.UNSPECIFIED.,.F.,.F.,(4,1,1,1,4),(0.,0.25,0.5,0.75,1.),
 .UNSPECIFIED.);
#185=B_SPLINE_CURVE_WITH_KNOTS('',3,(#7826,#7827,#7828,#7829,#7830,#7831,
#7832),.UNSPECIFIED.,.F.,.F.,(4,1,1,1,4),(0.,0.25,0.5,0.75,1.),
 .UNSPECIFIED.);
#186=B_SPLINE_CURVE_WITH_KNOTS('',3,(#7851,#7852,#7853,#7854,#7855,#7856,
#7857),.UNSPECIFIED.,.F.,.F.,(4,1,1,1,4),(0.,0.25,0.5,0.75,1.),
 .UNSPECIFIED.);
#187=CIRCLE('',#3552,0.015);
#188=CIRCLE('',#3554,0.0359998611108403);
#189=CIRCLE('',#3555,0.00499999999999992);
#190=CIRCLE('',#3556,0.025);
#191=CIRCLE('',#3557,0.0395998737371725);
#192=CIRCLE('',#3559,0.0404013210102463);
#193=CIRCLE('',#3560,0.0395457295762811);
#194=CIRCLE('',#3562,0.038885058540235);
#195=CIRCLE('',#3564,0.0359957310902181);
#196=CIRCLE('',#3565,0.0359999999999976);
#197=CIRCLE('',#3566,0.0359372891744234);
#198=CIRCLE('',#3567,0.0359999999999976);
#199=CIRCLE('',#3568,0.0356052549518641);
#200=CIRCLE('',#3569,0.0359999999999987);
#201=CIRCLE('',#3570,0.0351113017062869);
#202=CIRCLE('',#3571,0.0359999999999987);
#203=CIRCLE('',#3572,0.0342636436806597);
#204=CIRCLE('',#3573,0.035999999999998);
#205=CIRCLE('',#3574,0.0333473742442334);
#206=CIRCLE('',#3575,0.035999999999998);
#207=CIRCLE('',#3576,0.0339072409244031);
#208=CIRCLE('',#3577,0.0359999999999926);
#209=CIRCLE('',#3578,0.0347128295390465);
#210=CIRCLE('',#3579,0.0359999999999926);
#211=CIRCLE('',#3580,0.0354246411755041);
#212=CIRCLE('',#3581,0.0359999999999959);
#213=CIRCLE('',#3582,0.0358032717680151);
#214=CIRCLE('',#3583,0.0359999999999959);
#215=CIRCLE('',#3584,0.0359957310902181);
#216=CIRCLE('',#3585,0.0359999999999976);
#217=CIRCLE('',#3586,0.0359372891744234);
#218=CIRCLE('',#3587,0.0359999999999976);
#219=CIRCLE('',#3588,0.0356052549518641);
#220=CIRCLE('',#3589,0.0359999999999987);
#221=CIRCLE('',#3590,0.0351113017062869);
#222=CIRCLE('',#3591,0.0359999999999987);
#223=CIRCLE('',#3592,0.0342636436806597);
#224=CIRCLE('',#3593,0.035999999999998);
#225=CIRCLE('',#3594,0.0333473742442334);
#226=CIRCLE('',#3595,0.035999999999998);
#227=CIRCLE('',#3596,0.0339072409244031);
#228=CIRCLE('',#3597,0.0359999999999926);
#229=CIRCLE('',#3598,0.0347128295390465);
#230=CIRCLE('',#3599,0.0359999999999926);
#231=CIRCLE('',#3600,0.0354246411755041);
#232=CIRCLE('',#3601,0.0359999999999959);
#233=CIRCLE('',#3602,0.0358032717680151);
#234=CIRCLE('',#3603,0.0359999999999959);
#235=CIRCLE('',#3604,0.0359957310902181);
#236=CIRCLE('',#3605,0.0359999999999976);
#237=CIRCLE('',#3606,0.0359372891744234);
#238=CIRCLE('',#3607,0.0359999999999976);
#239=CIRCLE('',#3608,0.0356052549518641);
#240=CIRCLE('',#3609,0.0359999999999987);
#241=CIRCLE('',#3610,0.0351113017062869);
#242=CIRCLE('',#3611,0.0359999999999987);
#243=CIRCLE('',#3612,0.0342636436806597);
#244=CIRCLE('',#3613,0.035999999999998);
#245=CIRCLE('',#3614,0.0333473742442334);
#246=CIRCLE('',#3615,0.035999999999998);
#247=CIRCLE('',#3616,0.0339072409244031);
#248=CIRCLE('',#3617,0.0359999999999926);
#249=CIRCLE('',#3618,0.0347128295390465);
#250=CIRCLE('',#3619,0.0359999999999926);
#251=CIRCLE('',#3620,0.0354246411755041);
#252=CIRCLE('',#3621,0.0359999999999959);
#253=CIRCLE('',#3622,0.0358032717680151);
#254=CIRCLE('',#3623,0.0359999999999959);
#255=CIRCLE('',#3624,0.0359957310902181);
#256=CIRCLE('',#3625,0.0359999999999976);
#257=CIRCLE('',#3626,0.0359372891744234);
#258=CIRCLE('',#3627,0.0359999999999976);
#259=CIRCLE('',#3628,0.0356052549518641);
#260=CIRCLE('',#3629,0.0359999999999987);
#261=CIRCLE('',#3630,0.0351113017062869);
#262=CIRCLE('',#3631,0.0359999999999987);
#263=CIRCLE('',#3632,0.0342636436806597);
#264=CIRCLE('',#3633,0.035999999999998);
#265=CIRCLE('',#3634,0.0333473742442334);
#266=CIRCLE('',#3635,0.035999999999998);
#267=CIRCLE('',#3636,0.0339072409244031);
#268=CIRCLE('',#3637,0.0359999999999926);
#269=CIRCLE('',#3638,0.0347128295390465);
#270=CIRCLE('',#3639,0.0359999999999926);
#271=CIRCLE('',#3640,0.0354246411755041);
#272=CIRCLE('',#3641,0.0359999999999959);
#273=CIRCLE('',#3642,0.0358032717680151);
#274=CIRCLE('',#3643,0.0359999999999959);
#275=CIRCLE('',#3644,0.0359998611108403);
#276=CIRCLE('',#3645,0.0188181818181812);
#277=CIRCLE('',#3646,0.0323225471085567);
#278=CIRCLE('',#3647,0.036);
#279=CIRCLE('',#3648,0.0339072409244031);
#280=CIRCLE('',#3649,0.0359999999999926);
#281=CIRCLE('',#3650,0.0347128295390465);
#282=CIRCLE('',#3651,0.036);
#283=CIRCLE('',#3652,0.0354246411755041);
#284=CIRCLE('',#3653,0.0359999999999959);
#285=CIRCLE('',#3654,0.0358032717680151);
#286=CIRCLE('',#3655,0.036);
#287=CIRCLE('',#3656,0.0359957310902181);
#288=CIRCLE('',#3657,0.0359999999999976);
#289=CIRCLE('',#3658,0.0359372891744234);
#290=CIRCLE('',#3659,0.036);
#291=CIRCLE('',#3660,0.0356052549518641);
#292=CIRCLE('',#3661,0.0359999999999987);
#293=CIRCLE('',#3662,0.0351113017062869);
#294=CIRCLE('',#3663,0.036);
#295=CIRCLE('',#3664,0.0342636436806597);
#296=CIRCLE('',#3665,0.035999999999998);
#297=CIRCLE('',#3666,0.0333473742442334);
#298=CIRCLE('',#3667,0.036);
#299=CIRCLE('',#3668,0.0323225471085567);
#300=CIRCLE('',#3669,0.036);
#301=CIRCLE('',#3670,0.0333473742442334);
#302=CIRCLE('',#3671,0.035999999999998);
#303=CIRCLE('',#3672,0.0342636436806597);
#304=CIRCLE('',#3673,0.036);
#305=CIRCLE('',#3674,0.0351113017062869);
#306=CIRCLE('',#3675,0.0359999999999987);
#307=CIRCLE('',#3676,0.0356052549518641);
#308=CIRCLE('',#3677,0.036);
#309=CIRCLE('',#3678,0.0359372891744234);
#310=CIRCLE('',#3679,0.0359999999999976);
#311=CIRCLE('',#3680,0.0359957310902181);
#312=CIRCLE('',#3681,0.036);
#313=CIRCLE('',#3682,0.0358032717680151);
#314=CIRCLE('',#3683,0.0359999999999959);
#315=CIRCLE('',#3684,0.0354246411755041);
#316=CIRCLE('',#3685,0.036);
#317=CIRCLE('',#3686,0.0347128295390465);
#318=CIRCLE('',#3687,0.0359999999999926);
#319=CIRCLE('',#3688,0.0339072409244031);
#320=CIRCLE('',#3689,0.036);
#321=CIRCLE('',#3690,0.0323225471085567);
#322=CIRCLE('',#3691,0.036);
#323=CIRCLE('',#3692,0.0339072409244031);
#324=CIRCLE('',#3693,0.0359999999999926);
#325=CIRCLE('',#3694,0.0347128295390465);
#326=CIRCLE('',#3695,0.036);
#327=CIRCLE('',#3696,0.0354246411755041);
#328=CIRCLE('',#3697,0.0359999999999959);
#329=CIRCLE('',#3698,0.0358032717680151);
#330=CIRCLE('',#3699,0.036);
#331=CIRCLE('',#3700,0.0359957310902181);
#332=CIRCLE('',#3701,0.0359999999999976);
#333=CIRCLE('',#3702,0.0359372891744234);
#334=CIRCLE('',#3703,0.036);
#335=CIRCLE('',#3704,0.0356052549518641);
#336=CIRCLE('',#3705,0.0359999999999987);
#337=CIRCLE('',#3706,0.0351113017062869);
#338=CIRCLE('',#3707,0.036);
#339=CIRCLE('',#3708,0.0342636436806597);
#340=CIRCLE('',#3709,0.035999999999998);
#341=CIRCLE('',#3710,0.0333473742442334);
#342=CIRCLE('',#3711,0.036);
#343=CIRCLE('',#3712,0.0323225471085567);
#344=CIRCLE('',#3713,0.036);
#345=CIRCLE('',#3714,0.0333473742442334);
#346=CIRCLE('',#3715,0.035999999999998);
#347=CIRCLE('',#3716,0.0342636436806597);
#348=CIRCLE('',#3717,0.036);
#349=CIRCLE('',#3718,0.0351113017062869);
#350=CIRCLE('',#3719,0.0359999999999987);
#351=CIRCLE('',#3720,0.0356052549518641);
#352=CIRCLE('',#3721,0.036);
#353=CIRCLE('',#3722,0.0359372891744234);
#354=CIRCLE('',#3723,0.0359999999999976);
#355=CIRCLE('',#3724,0.0359957310902181);
#356=CIRCLE('',#3725,0.036);
#357=CIRCLE('',#3726,0.0358032717680151);
#358=CIRCLE('',#3727,0.0359999999999959);
#359=CIRCLE('',#3728,0.0354246411755041);
#360=CIRCLE('',#3729,0.036);
#361=CIRCLE('',#3730,0.0347128295390465);
#362=CIRCLE('',#3731,0.0359999999999926);
#363=CIRCLE('',#3732,0.0339072409244031);
#364=CIRCLE('',#3733,0.036);
#365=CIRCLE('',#3734,0.0323225471085567);
#366=CIRCLE('',#3735,0.036);
#367=CIRCLE('',#3736,0.0339072409244031);
#368=CIRCLE('',#3737,0.0359999999999926);
#369=CIRCLE('',#3738,0.0347128295390465);
#370=CIRCLE('',#3739,0.036);
#371=CIRCLE('',#3740,0.0354246411755041);
#372=CIRCLE('',#3741,0.0359999999999959);
#373=CIRCLE('',#3742,0.0358032717680151);
#374=CIRCLE('',#3743,0.036);
#375=CIRCLE('',#3744,0.0359957310902181);
#376=CIRCLE('',#3745,0.0359999999999976);
#377=CIRCLE('',#3746,0.0359372891744234);
#378=CIRCLE('',#3747,0.036);
#379=CIRCLE('',#3748,0.0356052549518641);
#380=CIRCLE('',#3749,0.0359999999999987);
#381=CIRCLE('',#3750,0.0351113017062869);
#382=CIRCLE('',#3751,0.036);
#383=CIRCLE('',#3752,0.0342636436806597);
#384=CIRCLE('',#3753,0.035999999999998);
#385=CIRCLE('',#3754,0.0333473742442334);
#386=CIRCLE('',#3755,0.036);
#387=CIRCLE('',#3756,0.0323225471085567);
#388=CIRCLE('',#3757,0.036);
#389=CIRCLE('',#3758,0.0333473742442334);
#390=CIRCLE('',#3759,0.035999999999998);
#391=CIRCLE('',#3760,0.0342636436806597);
#392=CIRCLE('',#3761,0.036);
#393=CIRCLE('',#3762,0.0351113017062869);
#394=CIRCLE('',#3763,0.0359999999999987);
#395=CIRCLE('',#3764,0.0356052549518641);
#396=CIRCLE('',#3765,0.036);
#397=CIRCLE('',#3766,0.0359372891744234);
#398=CIRCLE('',#3767,0.0359999999999976);
#399=CIRCLE('',#3768,0.0359957310902181);
#400=CIRCLE('',#3769,0.036);
#401=CIRCLE('',#3770,0.0358032717680151);
#402=CIRCLE('',#3771,0.0359999999999959);
#403=CIRCLE('',#3772,0.0354246411755041);
#404=CIRCLE('',#3773,0.036);
#405=CIRCLE('',#3774,0.0347128295390465);
#406=CIRCLE('',#3775,0.0359999999999926);
#407=CIRCLE('',#3776,0.0339072409244031);
#408=CIRCLE('',#3777,0.036);
#409=CIRCLE('',#3778,0.0323225471085567);
#410=CIRCLE('',#3779,0.036);
#411=CIRCLE('',#3780,0.0339072409244031);
#412=CIRCLE('',#3781,0.0359999999999926);
#413=CIRCLE('',#3782,0.0347128295390465);
#414=CIRCLE('',#3783,0.036);
#415=CIRCLE('',#3784,0.0354246411755041);
#416=CIRCLE('',#3785,0.0359999999999959);
#417=CIRCLE('',#3786,0.0358032717680151);
#418=CIRCLE('',#3787,0.036);
#419=CIRCLE('',#3788,0.0359957310902181);
#420=CIRCLE('',#3789,0.0359999999999976);
#421=CIRCLE('',#3790,0.0359372891744234);
#422=CIRCLE('',#3791,0.036);
#423=CIRCLE('',#3792,0.0356052549518641);
#424=CIRCLE('',#3793,0.0359999999999987);
#425=CIRCLE('',#3794,0.0351113017062869);
#426=CIRCLE('',#3795,0.036);
#427=CIRCLE('',#3796,0.0342636436806597);
#428=CIRCLE('',#3797,0.035999999999998);
#429=CIRCLE('',#3798,0.0333473742442334);
#430=CIRCLE('',#3799,0.036);
#431=CIRCLE('',#3800,0.0323225471085567);
#432=CIRCLE('',#3801,0.036);
#433=CIRCLE('',#3802,0.0333473742442334);
#434=CIRCLE('',#3803,0.035999999999998);
#435=CIRCLE('',#3804,0.0342636436806597);
#436=CIRCLE('',#3805,0.036);
#437=CIRCLE('',#3806,0.0351113017062869);
#438=CIRCLE('',#3807,0.0359999999999987);
#439=CIRCLE('',#3808,0.0356052549518641);
#440=CIRCLE('',#3809,0.036);
#441=CIRCLE('',#3810,0.0359372891744234);
#442=CIRCLE('',#3811,0.0359999999999976);
#443=CIRCLE('',#3812,0.0359957310902181);
#444=CIRCLE('',#3813,0.036);
#445=CIRCLE('',#3814,0.0358032717680151);
#446=CIRCLE('',#3815,0.0359999999999959);
#447=CIRCLE('',#3816,0.0354246411755041);
#448=CIRCLE('',#3817,0.036);
#449=CIRCLE('',#3818,0.0347128295390465);
#450=CIRCLE('',#3819,0.0359999999999926);
#451=CIRCLE('',#3820,0.0339072409244031);
#452=CIRCLE('',#3821,0.036);
#453=CIRCLE('',#3822,0.0323225471085567);
#454=CIRCLE('',#3824,0.0395998737371725);
#455=CIRCLE('',#3825,0.0355548018194123);
#456=CIRCLE('',#3826,0.0396);
#457=CIRCLE('',#3827,0.0395457295762811);
#458=CIRCLE('',#3828,0.0396);
#459=CIRCLE('',#3829,0.0355548018194123);
#460=CIRCLE('',#3830,0.0396);
#461=CIRCLE('',#3831,0.0395457295762811);
#462=CIRCLE('',#3832,0.0396);
#463=CIRCLE('',#3833,0.0355548018194123);
#464=CIRCLE('',#3834,0.0396);
#465=CIRCLE('',#3835,0.0395457295762811);
#466=CIRCLE('',#3836,0.0396);
#467=CIRCLE('',#3837,0.0355548018194123);
#468=CIRCLE('',#3838,0.0396);
#469=CIRCLE('',#3839,0.0396);
#470=CIRCLE('',#3840,0.0355548018194123);
#471=CIRCLE('',#3843,0.0016);
#472=CIRCLE('',#3844,0.0016);
#473=CIRCLE('',#3846,0.0016);
#474=CIRCLE('',#3847,0.0016);
#475=CIRCLE('',#3849,0.0016);
#476=CIRCLE('',#3850,0.0016);
#477=CIRCLE('',#3852,0.0016);
#478=CIRCLE('',#3853,0.0016);
#479=CIRCLE('',#3855,0.00160000000000003);
#480=CIRCLE('',#3856,0.00160000000000003);
#481=CIRCLE('',#3858,0.0016);
#482=CIRCLE('',#3859,0.0016);
#483=CIRCLE('',#3861,0.0016);
#484=CIRCLE('',#3862,0.0016);
#485=CIRCLE('',#3864,0.0016);
#486=CIRCLE('',#3865,0.0016);
#487=CIRCLE('',#3867,0.0016);
#488=CIRCLE('',#3868,0.0016);
#489=CIRCLE('',#3870,0.00160000000000003);
#490=CIRCLE('',#3871,0.00160000000000003);
#491=CIRCLE('',#3873,0.0404013210102463);
#492=CIRCLE('',#3875,0.038885058540235);
#493=CIRCLE('',#3878,0.0404013210102463);
#494=CIRCLE('',#3880,0.038885058540235);
#495=CIRCLE('',#3883,0.0016);
#496=CIRCLE('',#3884,0.0016);
#497=CIRCLE('',#3886,0.0016);
#498=CIRCLE('',#3887,0.0016);
#499=CIRCLE('',#3889,0.0016);
#500=CIRCLE('',#3890,0.0016);
#501=CIRCLE('',#3892,0.0016);
#502=CIRCLE('',#3893,0.0016);
#503=CIRCLE('',#3895,0.00160000000000003);
#504=CIRCLE('',#3896,0.00160000000000003);
#505=CIRCLE('',#3898,0.0404013210102463);
#506=CIRCLE('',#3900,0.038885058540235);
#507=CIRCLE('',#3903,0.0016);
#508=CIRCLE('',#3904,0.0016);
#509=CIRCLE('',#3906,0.0016);
#510=CIRCLE('',#3907,0.0016);
#511=CIRCLE('',#3909,0.0016);
#512=CIRCLE('',#3910,0.0016);
#513=CIRCLE('',#3912,0.0016);
#514=CIRCLE('',#3913,0.0016);
#515=CIRCLE('',#3915,0.00160000000000003);
#516=CIRCLE('',#3916,0.00160000000000003);
#517=CIRCLE('',#3918,0.025);
#518=CIRCLE('',#3919,0.00499999999999989);
#519=CIRCLE('',#3921,0.015);
#520=CIRCLE('',#3922,0.015);
#521=CIRCLE('',#3924,0.00499999999999989);
#522=CIRCLE('',#3925,0.005);
#523=CIRCLE('',#3926,0.005);
#524=CIRCLE('',#3927,0.00499999999999992);
#525=CIRCLE('',#3928,0.0027);
#526=CIRCLE('',#3929,0.0027);
#527=CIRCLE('',#3932,0.00499999999999989);
#528=CIRCLE('',#3935,0.005);
#529=CIRCLE('',#3938,0.005);
#530=CIRCLE('',#3941,0.00499999999999992);
#531=CIRCLE('',#3944,0.0027);
#532=CIRCLE('',#3946,0.0027);
#533=CIRCLE('',#3948,0.0266);
#534=CIRCLE('',#3949,0.0266);
#535=CIRCLE('',#3950,0.00339999999999991);
#536=CIRCLE('',#3951,0.0034);
#537=CIRCLE('',#3952,0.0034);
#538=CIRCLE('',#3953,0.00339999999999989);
#539=CIRCLE('',#3961,0.0016);
#540=CIRCLE('',#3962,0.0016);
#541=CIRCLE('',#3966,0.0016);
#542=CIRCLE('',#3967,0.0016);
#543=CIRCLE('',#3971,0.0016);
#544=CIRCLE('',#3972,0.0016);
#545=CIRCLE('',#3976,0.0016);
#546=CIRCLE('',#3977,0.0016);
#547=CIRCLE('',#3981,0.00160000000000003);
#548=CIRCLE('',#3982,0.00160000000000003);
#549=CIRCLE('',#3986,0.0016);
#550=CIRCLE('',#3987,0.0016);
#551=CIRCLE('',#3991,0.0016);
#552=CIRCLE('',#3992,0.0016);
#553=CIRCLE('',#3996,0.0016);
#554=CIRCLE('',#3997,0.0016);
#555=CIRCLE('',#4001,0.0016);
#556=CIRCLE('',#4002,0.0016);
#557=CIRCLE('',#4006,0.00160000000000003);
#558=CIRCLE('',#4007,0.00160000000000003);
#559=CIRCLE('',#4011,0.0016);
#560=CIRCLE('',#4012,0.0016);
#561=CIRCLE('',#4016,0.0016);
#562=CIRCLE('',#4017,0.0016);
#563=CIRCLE('',#4021,0.0016);
#564=CIRCLE('',#4022,0.0016);
#565=CIRCLE('',#4026,0.0016);
#566=CIRCLE('',#4027,0.0016);
#567=CIRCLE('',#4031,0.00160000000000003);
#568=CIRCLE('',#4032,0.00160000000000003);
#569=CIRCLE('',#4036,0.0016);
#570=CIRCLE('',#4037,0.0016);
#571=CIRCLE('',#4041,0.0016);
#572=CIRCLE('',#4042,0.0016);
#573=CIRCLE('',#4046,0.0016);
#574=CIRCLE('',#4047,0.0016);
#575=CIRCLE('',#4051,0.0016);
#576=CIRCLE('',#4052,0.0016);
#577=CIRCLE('',#4056,0.00160000000000003);
#578=CIRCLE('',#4057,0.00160000000000003);
#579=CIRCLE('',#4061,0.0016);
#580=CIRCLE('',#4062,0.0016);
#581=CIRCLE('',#4066,0.0016);
#582=CIRCLE('',#4067,0.0016);
#583=CIRCLE('',#4071,0.0016);
#584=CIRCLE('',#4072,0.0016);
#585=CIRCLE('',#4076,0.0016);
#586=CIRCLE('',#4077,0.0016);
#587=CIRCLE('',#4081,0.00160000000000003);
#588=CIRCLE('',#4082,0.00160000000000003);
#589=CIRCLE('',#4086,0.0016);
#590=CIRCLE('',#4087,0.0016);
#591=CIRCLE('',#4091,0.0016);
#592=CIRCLE('',#4092,0.0016);
#593=CIRCLE('',#4096,0.0016);
#594=CIRCLE('',#4097,0.0016);
#595=CIRCLE('',#4101,0.0016);
#596=CIRCLE('',#4102,0.0016);
#597=CIRCLE('',#4106,0.00160000000000003);
#598=CIRCLE('',#4107,0.00160000000000003);
#599=CIRCLE('',#4111,0.0016);
#600=CIRCLE('',#4112,0.0016);
#601=CIRCLE('',#4116,0.0016);
#602=CIRCLE('',#4117,0.0016);
#603=CIRCLE('',#4121,0.0016);
#604=CIRCLE('',#4122,0.0016);
#605=CIRCLE('',#4126,0.0016);
#606=CIRCLE('',#4127,0.0016);
#607=CIRCLE('',#4131,0.00160000000000003);
#608=CIRCLE('',#4132,0.00160000000000003);
#609=CIRCLE('',#4136,0.0016);
#610=CIRCLE('',#4137,0.0016);
#611=CIRCLE('',#4140,0.0016);
#612=CIRCLE('',#4141,0.0016);
#613=CIRCLE('',#4144,0.0016);
#614=CIRCLE('',#4145,0.0016);
#615=CIRCLE('',#4148,0.0016);
#616=CIRCLE('',#4149,0.0016);
#617=CIRCLE('',#4152,0.00160000000000003);
#618=CIRCLE('',#4153,0.00160000000000003);
#619=CIRCLE('',#4169,0.0016);
#620=CIRCLE('',#4171,0.0016);
#621=CIRCLE('',#4173,0.0016);
#622=CIRCLE('',#4175,0.0016);
#623=CIRCLE('',#4177,0.0016);
#624=CIRCLE('',#4179,0.0016);
#625=CIRCLE('',#4181,0.0016);
#626=CIRCLE('',#4183,0.0016);
#627=ORIENTED_EDGE('',*,*,#1733,.T.);
#628=ORIENTED_EDGE('',*,*,#1734,.T.);
#629=ORIENTED_EDGE('',*,*,#1735,.T.);
#630=ORIENTED_EDGE('',*,*,#1736,.T.);
#631=ORIENTED_EDGE('',*,*,#1737,.F.);
#632=ORIENTED_EDGE('',*,*,#1738,.T.);
#633=ORIENTED_EDGE('',*,*,#1739,.F.);
#634=ORIENTED_EDGE('',*,*,#1740,.F.);
#635=ORIENTED_EDGE('',*,*,#1741,.F.);
#636=ORIENTED_EDGE('',*,*,#1742,.F.);
#637=ORIENTED_EDGE('',*,*,#1743,.T.);
#638=ORIENTED_EDGE('',*,*,#1744,.F.);
#639=ORIENTED_EDGE('',*,*,#1745,.T.);
#640=ORIENTED_EDGE('',*,*,#1746,.F.);
#641=ORIENTED_EDGE('',*,*,#1747,.T.);
#642=ORIENTED_EDGE('',*,*,#1748,.T.);
#643=ORIENTED_EDGE('',*,*,#1749,.F.);
#644=ORIENTED_EDGE('',*,*,#1747,.F.);
#645=ORIENTED_EDGE('',*,*,#1750,.T.);
#646=ORIENTED_EDGE('',*,*,#1751,.T.);
#647=ORIENTED_EDGE('',*,*,#1752,.F.);
#648=ORIENTED_EDGE('',*,*,#1753,.F.);
#649=ORIENTED_EDGE('',*,*,#1754,.T.);
#650=ORIENTED_EDGE('',*,*,#1755,.T.);
#651=ORIENTED_EDGE('',*,*,#1756,.F.);
#652=ORIENTED_EDGE('',*,*,#1757,.F.);
#653=ORIENTED_EDGE('',*,*,#1758,.T.);
#654=ORIENTED_EDGE('',*,*,#1759,.T.);
#655=ORIENTED_EDGE('',*,*,#1760,.F.);
#656=ORIENTED_EDGE('',*,*,#1761,.F.);
#657=ORIENTED_EDGE('',*,*,#1762,.T.);
#658=ORIENTED_EDGE('',*,*,#1763,.T.);
#659=ORIENTED_EDGE('',*,*,#1764,.F.);
#660=ORIENTED_EDGE('',*,*,#1765,.F.);
#661=ORIENTED_EDGE('',*,*,#1766,.T.);
#662=ORIENTED_EDGE('',*,*,#1767,.T.);
#663=ORIENTED_EDGE('',*,*,#1768,.F.);
#664=ORIENTED_EDGE('',*,*,#1769,.F.);
#665=ORIENTED_EDGE('',*,*,#1770,.T.);
#666=ORIENTED_EDGE('',*,*,#1771,.T.);
#667=ORIENTED_EDGE('',*,*,#1772,.F.);
#668=ORIENTED_EDGE('',*,*,#1773,.F.);
#669=ORIENTED_EDGE('',*,*,#1774,.T.);
#670=ORIENTED_EDGE('',*,*,#1775,.T.);
#671=ORIENTED_EDGE('',*,*,#1776,.F.);
#672=ORIENTED_EDGE('',*,*,#1777,.F.);
#673=ORIENTED_EDGE('',*,*,#1778,.T.);
#674=ORIENTED_EDGE('',*,*,#1779,.T.);
#675=ORIENTED_EDGE('',*,*,#1780,.F.);
#676=ORIENTED_EDGE('',*,*,#1781,.F.);
#677=ORIENTED_EDGE('',*,*,#1782,.T.);
#678=ORIENTED_EDGE('',*,*,#1783,.T.);
#679=ORIENTED_EDGE('',*,*,#1784,.F.);
#680=ORIENTED_EDGE('',*,*,#1785,.F.);
#681=ORIENTED_EDGE('',*,*,#1786,.T.);
#682=ORIENTED_EDGE('',*,*,#1787,.T.);
#683=ORIENTED_EDGE('',*,*,#1788,.F.);
#684=ORIENTED_EDGE('',*,*,#1789,.F.);
#685=ORIENTED_EDGE('',*,*,#1790,.T.);
#686=ORIENTED_EDGE('',*,*,#1791,.T.);
#687=ORIENTED_EDGE('',*,*,#1792,.F.);
#688=ORIENTED_EDGE('',*,*,#1793,.F.);
#689=ORIENTED_EDGE('',*,*,#1794,.T.);
#690=ORIENTED_EDGE('',*,*,#1795,.T.);
#691=ORIENTED_EDGE('',*,*,#1796,.F.);
#692=ORIENTED_EDGE('',*,*,#1797,.F.);
#693=ORIENTED_EDGE('',*,*,#1798,.T.);
#694=ORIENTED_EDGE('',*,*,#1799,.T.);
#695=ORIENTED_EDGE('',*,*,#1800,.F.);
#696=ORIENTED_EDGE('',*,*,#1801,.F.);
#697=ORIENTED_EDGE('',*,*,#1802,.T.);
#698=ORIENTED_EDGE('',*,*,#1803,.T.);
#699=ORIENTED_EDGE('',*,*,#1804,.F.);
#700=ORIENTED_EDGE('',*,*,#1805,.F.);
#701=ORIENTED_EDGE('',*,*,#1806,.T.);
#702=ORIENTED_EDGE('',*,*,#1807,.T.);
#703=ORIENTED_EDGE('',*,*,#1808,.F.);
#704=ORIENTED_EDGE('',*,*,#1809,.F.);
#705=ORIENTED_EDGE('',*,*,#1810,.T.);
#706=ORIENTED_EDGE('',*,*,#1811,.T.);
#707=ORIENTED_EDGE('',*,*,#1812,.F.);
#708=ORIENTED_EDGE('',*,*,#1813,.F.);
#709=ORIENTED_EDGE('',*,*,#1814,.T.);
#710=ORIENTED_EDGE('',*,*,#1815,.T.);
#711=ORIENTED_EDGE('',*,*,#1816,.F.);
#712=ORIENTED_EDGE('',*,*,#1817,.F.);
#713=ORIENTED_EDGE('',*,*,#1818,.T.);
#714=ORIENTED_EDGE('',*,*,#1819,.T.);
#715=ORIENTED_EDGE('',*,*,#1820,.F.);
#716=ORIENTED_EDGE('',*,*,#1821,.F.);
#717=ORIENTED_EDGE('',*,*,#1822,.T.);
#718=ORIENTED_EDGE('',*,*,#1823,.T.);
#719=ORIENTED_EDGE('',*,*,#1824,.F.);
#720=ORIENTED_EDGE('',*,*,#1825,.F.);
#721=ORIENTED_EDGE('',*,*,#1826,.T.);
#722=ORIENTED_EDGE('',*,*,#1827,.T.);
#723=ORIENTED_EDGE('',*,*,#1828,.F.);
#724=ORIENTED_EDGE('',*,*,#1829,.F.);
#725=ORIENTED_EDGE('',*,*,#1830,.T.);
#726=ORIENTED_EDGE('',*,*,#1831,.T.);
#727=ORIENTED_EDGE('',*,*,#1832,.F.);
#728=ORIENTED_EDGE('',*,*,#1833,.F.);
#729=ORIENTED_EDGE('',*,*,#1834,.T.);
#730=ORIENTED_EDGE('',*,*,#1737,.T.);
#731=ORIENTED_EDGE('',*,*,#1835,.F.);
#732=ORIENTED_EDGE('',*,*,#1836,.T.);
#733=ORIENTED_EDGE('',*,*,#1837,.T.);
#734=ORIENTED_EDGE('',*,*,#1838,.F.);
#735=ORIENTED_EDGE('',*,*,#1839,.T.);
#736=ORIENTED_EDGE('',*,*,#1840,.T.);
#737=ORIENTED_EDGE('',*,*,#1841,.T.);
#738=ORIENTED_EDGE('',*,*,#1842,.F.);
#739=ORIENTED_EDGE('',*,*,#1843,.T.);
#740=ORIENTED_EDGE('',*,*,#1844,.T.);
#741=ORIENTED_EDGE('',*,*,#1845,.T.);
#742=ORIENTED_EDGE('',*,*,#1846,.F.);
#743=ORIENTED_EDGE('',*,*,#1847,.T.);
#744=ORIENTED_EDGE('',*,*,#1848,.T.);
#745=ORIENTED_EDGE('',*,*,#1849,.T.);
#746=ORIENTED_EDGE('',*,*,#1850,.F.);
#747=ORIENTED_EDGE('',*,*,#1851,.T.);
#748=ORIENTED_EDGE('',*,*,#1852,.T.);
#749=ORIENTED_EDGE('',*,*,#1853,.T.);
#750=ORIENTED_EDGE('',*,*,#1854,.F.);
#751=ORIENTED_EDGE('',*,*,#1855,.T.);
#752=ORIENTED_EDGE('',*,*,#1856,.T.);
#753=ORIENTED_EDGE('',*,*,#1857,.T.);
#754=ORIENTED_EDGE('',*,*,#1858,.F.);
#755=ORIENTED_EDGE('',*,*,#1859,.F.);
#756=ORIENTED_EDGE('',*,*,#1860,.T.);
#757=ORIENTED_EDGE('',*,*,#1861,.F.);
#758=ORIENTED_EDGE('',*,*,#1862,.F.);
#759=ORIENTED_EDGE('',*,*,#1863,.F.);
#760=ORIENTED_EDGE('',*,*,#1864,.T.);
#761=ORIENTED_EDGE('',*,*,#1865,.F.);
#762=ORIENTED_EDGE('',*,*,#1866,.F.);
#763=ORIENTED_EDGE('',*,*,#1867,.F.);
#764=ORIENTED_EDGE('',*,*,#1868,.T.);
#765=ORIENTED_EDGE('',*,*,#1869,.F.);
#766=ORIENTED_EDGE('',*,*,#1870,.F.);
#767=ORIENTED_EDGE('',*,*,#1871,.F.);
#768=ORIENTED_EDGE('',*,*,#1872,.T.);
#769=ORIENTED_EDGE('',*,*,#1873,.F.);
#770=ORIENTED_EDGE('',*,*,#1874,.F.);
#771=ORIENTED_EDGE('',*,*,#1875,.F.);
#772=ORIENTED_EDGE('',*,*,#1876,.T.);
#773=ORIENTED_EDGE('',*,*,#1877,.F.);
#774=ORIENTED_EDGE('',*,*,#1878,.F.);
#775=ORIENTED_EDGE('',*,*,#1879,.F.);
#776=ORIENTED_EDGE('',*,*,#1880,.T.);
#777=ORIENTED_EDGE('',*,*,#1881,.F.);
#778=ORIENTED_EDGE('',*,*,#1882,.T.);
#779=ORIENTED_EDGE('',*,*,#1883,.T.);
#780=ORIENTED_EDGE('',*,*,#1884,.F.);
#781=ORIENTED_EDGE('',*,*,#1885,.T.);
#782=ORIENTED_EDGE('',*,*,#1886,.T.);
#783=ORIENTED_EDGE('',*,*,#1887,.T.);
#784=ORIENTED_EDGE('',*,*,#1888,.F.);
#785=ORIENTED_EDGE('',*,*,#1889,.T.);
#786=ORIENTED_EDGE('',*,*,#1890,.T.);
#787=ORIENTED_EDGE('',*,*,#1891,.T.);
#788=ORIENTED_EDGE('',*,*,#1892,.F.);
#789=ORIENTED_EDGE('',*,*,#1893,.T.);
#790=ORIENTED_EDGE('',*,*,#1894,.T.);
#791=ORIENTED_EDGE('',*,*,#1895,.T.);
#792=ORIENTED_EDGE('',*,*,#1896,.F.);
#793=ORIENTED_EDGE('',*,*,#1897,.T.);
#794=ORIENTED_EDGE('',*,*,#1898,.T.);
#795=ORIENTED_EDGE('',*,*,#1899,.T.);
#796=ORIENTED_EDGE('',*,*,#1900,.F.);
#797=ORIENTED_EDGE('',*,*,#1901,.T.);
#798=ORIENTED_EDGE('',*,*,#1902,.T.);
#799=ORIENTED_EDGE('',*,*,#1903,.T.);
#800=ORIENTED_EDGE('',*,*,#1904,.F.);
#801=ORIENTED_EDGE('',*,*,#1905,.F.);
#802=ORIENTED_EDGE('',*,*,#1906,.T.);
#803=ORIENTED_EDGE('',*,*,#1907,.F.);
#804=ORIENTED_EDGE('',*,*,#1908,.F.);
#805=ORIENTED_EDGE('',*,*,#1909,.F.);
#806=ORIENTED_EDGE('',*,*,#1910,.T.);
#807=ORIENTED_EDGE('',*,*,#1911,.F.);
#808=ORIENTED_EDGE('',*,*,#1912,.F.);
#809=ORIENTED_EDGE('',*,*,#1913,.F.);
#810=ORIENTED_EDGE('',*,*,#1914,.T.);
#811=ORIENTED_EDGE('',*,*,#1915,.F.);
#812=ORIENTED_EDGE('',*,*,#1916,.F.);
#813=ORIENTED_EDGE('',*,*,#1917,.F.);
#814=ORIENTED_EDGE('',*,*,#1918,.T.);
#815=ORIENTED_EDGE('',*,*,#1919,.F.);
#816=ORIENTED_EDGE('',*,*,#1920,.F.);
#817=ORIENTED_EDGE('',*,*,#1921,.F.);
#818=ORIENTED_EDGE('',*,*,#1922,.T.);
#819=ORIENTED_EDGE('',*,*,#1923,.F.);
#820=ORIENTED_EDGE('',*,*,#1924,.F.);
#821=ORIENTED_EDGE('',*,*,#1925,.F.);
#822=ORIENTED_EDGE('',*,*,#1926,.T.);
#823=ORIENTED_EDGE('',*,*,#1927,.F.);
#824=ORIENTED_EDGE('',*,*,#1928,.T.);
#825=ORIENTED_EDGE('',*,*,#1929,.T.);
#826=ORIENTED_EDGE('',*,*,#1930,.F.);
#827=ORIENTED_EDGE('',*,*,#1931,.T.);
#828=ORIENTED_EDGE('',*,*,#1932,.T.);
#829=ORIENTED_EDGE('',*,*,#1933,.T.);
#830=ORIENTED_EDGE('',*,*,#1934,.F.);
#831=ORIENTED_EDGE('',*,*,#1935,.T.);
#832=ORIENTED_EDGE('',*,*,#1936,.T.);
#833=ORIENTED_EDGE('',*,*,#1937,.T.);
#834=ORIENTED_EDGE('',*,*,#1938,.F.);
#835=ORIENTED_EDGE('',*,*,#1939,.T.);
#836=ORIENTED_EDGE('',*,*,#1940,.T.);
#837=ORIENTED_EDGE('',*,*,#1941,.T.);
#838=ORIENTED_EDGE('',*,*,#1942,.F.);
#839=ORIENTED_EDGE('',*,*,#1943,.T.);
#840=ORIENTED_EDGE('',*,*,#1944,.T.);
#841=ORIENTED_EDGE('',*,*,#1945,.T.);
#842=ORIENTED_EDGE('',*,*,#1946,.F.);
#843=ORIENTED_EDGE('',*,*,#1947,.T.);
#844=ORIENTED_EDGE('',*,*,#1948,.T.);
#845=ORIENTED_EDGE('',*,*,#1949,.T.);
#846=ORIENTED_EDGE('',*,*,#1950,.F.);
#847=ORIENTED_EDGE('',*,*,#1951,.F.);
#848=ORIENTED_EDGE('',*,*,#1952,.T.);
#849=ORIENTED_EDGE('',*,*,#1953,.F.);
#850=ORIENTED_EDGE('',*,*,#1954,.F.);
#851=ORIENTED_EDGE('',*,*,#1955,.F.);
#852=ORIENTED_EDGE('',*,*,#1956,.T.);
#853=ORIENTED_EDGE('',*,*,#1957,.F.);
#854=ORIENTED_EDGE('',*,*,#1958,.F.);
#855=ORIENTED_EDGE('',*,*,#1959,.F.);
#856=ORIENTED_EDGE('',*,*,#1960,.T.);
#857=ORIENTED_EDGE('',*,*,#1961,.F.);
#858=ORIENTED_EDGE('',*,*,#1962,.F.);
#859=ORIENTED_EDGE('',*,*,#1963,.F.);
#860=ORIENTED_EDGE('',*,*,#1964,.T.);
#861=ORIENTED_EDGE('',*,*,#1965,.F.);
#862=ORIENTED_EDGE('',*,*,#1966,.F.);
#863=ORIENTED_EDGE('',*,*,#1967,.F.);
#864=ORIENTED_EDGE('',*,*,#1968,.T.);
#865=ORIENTED_EDGE('',*,*,#1969,.F.);
#866=ORIENTED_EDGE('',*,*,#1970,.F.);
#867=ORIENTED_EDGE('',*,*,#1971,.F.);
#868=ORIENTED_EDGE('',*,*,#1972,.T.);
#869=ORIENTED_EDGE('',*,*,#1973,.F.);
#870=ORIENTED_EDGE('',*,*,#1974,.T.);
#871=ORIENTED_EDGE('',*,*,#1975,.T.);
#872=ORIENTED_EDGE('',*,*,#1976,.F.);
#873=ORIENTED_EDGE('',*,*,#1977,.T.);
#874=ORIENTED_EDGE('',*,*,#1978,.T.);
#875=ORIENTED_EDGE('',*,*,#1979,.T.);
#876=ORIENTED_EDGE('',*,*,#1980,.F.);
#877=ORIENTED_EDGE('',*,*,#1981,.T.);
#878=ORIENTED_EDGE('',*,*,#1982,.T.);
#879=ORIENTED_EDGE('',*,*,#1983,.T.);
#880=ORIENTED_EDGE('',*,*,#1984,.F.);
#881=ORIENTED_EDGE('',*,*,#1985,.T.);
#882=ORIENTED_EDGE('',*,*,#1986,.T.);
#883=ORIENTED_EDGE('',*,*,#1987,.T.);
#884=ORIENTED_EDGE('',*,*,#1988,.F.);
#885=ORIENTED_EDGE('',*,*,#1989,.T.);
#886=ORIENTED_EDGE('',*,*,#1990,.T.);
#887=ORIENTED_EDGE('',*,*,#1991,.T.);
#888=ORIENTED_EDGE('',*,*,#1992,.F.);
#889=ORIENTED_EDGE('',*,*,#1993,.T.);
#890=ORIENTED_EDGE('',*,*,#1994,.T.);
#891=ORIENTED_EDGE('',*,*,#1995,.T.);
#892=ORIENTED_EDGE('',*,*,#1996,.F.);
#893=ORIENTED_EDGE('',*,*,#1997,.F.);
#894=ORIENTED_EDGE('',*,*,#1998,.T.);
#895=ORIENTED_EDGE('',*,*,#1999,.F.);
#896=ORIENTED_EDGE('',*,*,#2000,.F.);
#897=ORIENTED_EDGE('',*,*,#2001,.F.);
#898=ORIENTED_EDGE('',*,*,#2002,.T.);
#899=ORIENTED_EDGE('',*,*,#2003,.F.);
#900=ORIENTED_EDGE('',*,*,#2004,.F.);
#901=ORIENTED_EDGE('',*,*,#2005,.F.);
#902=ORIENTED_EDGE('',*,*,#2006,.T.);
#903=ORIENTED_EDGE('',*,*,#2007,.F.);
#904=ORIENTED_EDGE('',*,*,#2008,.F.);
#905=ORIENTED_EDGE('',*,*,#2009,.F.);
#906=ORIENTED_EDGE('',*,*,#2010,.T.);
#907=ORIENTED_EDGE('',*,*,#2011,.F.);
#908=ORIENTED_EDGE('',*,*,#2012,.F.);
#909=ORIENTED_EDGE('',*,*,#2013,.F.);
#910=ORIENTED_EDGE('',*,*,#2014,.T.);
#911=ORIENTED_EDGE('',*,*,#2015,.F.);
#912=ORIENTED_EDGE('',*,*,#2016,.F.);
#913=ORIENTED_EDGE('',*,*,#2017,.F.);
#914=ORIENTED_EDGE('',*,*,#2018,.T.);
#915=ORIENTED_EDGE('',*,*,#2019,.F.);
#916=ORIENTED_EDGE('',*,*,#2020,.T.);
#917=ORIENTED_EDGE('',*,*,#2021,.T.);
#918=ORIENTED_EDGE('',*,*,#2022,.F.);
#919=ORIENTED_EDGE('',*,*,#2023,.T.);
#920=ORIENTED_EDGE('',*,*,#2024,.T.);
#921=ORIENTED_EDGE('',*,*,#2025,.F.);
#922=ORIENTED_EDGE('',*,*,#2026,.T.);
#923=ORIENTED_EDGE('',*,*,#2027,.T.);
#924=ORIENTED_EDGE('',*,*,#2028,.T.);
#925=ORIENTED_EDGE('',*,*,#2029,.T.);
#926=ORIENTED_EDGE('',*,*,#2030,.T.);
#927=ORIENTED_EDGE('',*,*,#2031,.F.);
#928=ORIENTED_EDGE('',*,*,#2032,.T.);
#929=ORIENTED_EDGE('',*,*,#2033,.T.);
#930=ORIENTED_EDGE('',*,*,#2034,.T.);
#931=ORIENTED_EDGE('',*,*,#2035,.T.);
#932=ORIENTED_EDGE('',*,*,#2036,.T.);
#933=ORIENTED_EDGE('',*,*,#2037,.F.);
#934=ORIENTED_EDGE('',*,*,#2038,.T.);
#935=ORIENTED_EDGE('',*,*,#2039,.T.);
#936=ORIENTED_EDGE('',*,*,#2040,.T.);
#937=ORIENTED_EDGE('',*,*,#2041,.T.);
#938=ORIENTED_EDGE('',*,*,#2042,.T.);
#939=ORIENTED_EDGE('',*,*,#2043,.F.);
#940=ORIENTED_EDGE('',*,*,#1749,.T.);
#941=ORIENTED_EDGE('',*,*,#2044,.T.);
#942=ORIENTED_EDGE('',*,*,#2045,.T.);
#943=ORIENTED_EDGE('',*,*,#2046,.T.);
#944=ORIENTED_EDGE('',*,*,#1744,.T.);
#945=ORIENTED_EDGE('',*,*,#2047,.T.);
#946=ORIENTED_EDGE('',*,*,#2048,.T.);
#947=ORIENTED_EDGE('',*,*,#2049,.T.);
#948=ORIENTED_EDGE('',*,*,#2050,.T.);
#949=ORIENTED_EDGE('',*,*,#2051,.T.);
#950=ORIENTED_EDGE('',*,*,#2052,.T.);
#951=ORIENTED_EDGE('',*,*,#2053,.T.);
#952=ORIENTED_EDGE('',*,*,#2054,.F.);
#953=ORIENTED_EDGE('',*,*,#1858,.T.);
#954=ORIENTED_EDGE('',*,*,#2055,.T.);
#955=ORIENTED_EDGE('',*,*,#1751,.F.);
#956=ORIENTED_EDGE('',*,*,#1888,.T.);
#957=ORIENTED_EDGE('',*,*,#2056,.T.);
#958=ORIENTED_EDGE('',*,*,#1890,.F.);
#959=ORIENTED_EDGE('',*,*,#2057,.T.);
#960=ORIENTED_EDGE('',*,*,#1884,.T.);
#961=ORIENTED_EDGE('',*,*,#2058,.T.);
#962=ORIENTED_EDGE('',*,*,#1886,.F.);
#963=ORIENTED_EDGE('',*,*,#2059,.T.);
#964=ORIENTED_EDGE('',*,*,#1900,.T.);
#965=ORIENTED_EDGE('',*,*,#2060,.T.);
#966=ORIENTED_EDGE('',*,*,#1902,.F.);
#967=ORIENTED_EDGE('',*,*,#2061,.T.);
#968=ORIENTED_EDGE('',*,*,#1896,.T.);
#969=ORIENTED_EDGE('',*,*,#2062,.T.);
#970=ORIENTED_EDGE('',*,*,#1898,.F.);
#971=ORIENTED_EDGE('',*,*,#2063,.T.);
#972=ORIENTED_EDGE('',*,*,#1892,.T.);
#973=ORIENTED_EDGE('',*,*,#2064,.T.);
#974=ORIENTED_EDGE('',*,*,#1894,.F.);
#975=ORIENTED_EDGE('',*,*,#2065,.T.);
#976=ORIENTED_EDGE('',*,*,#1842,.T.);
#977=ORIENTED_EDGE('',*,*,#2066,.T.);
#978=ORIENTED_EDGE('',*,*,#1844,.F.);
#979=ORIENTED_EDGE('',*,*,#2067,.T.);
#980=ORIENTED_EDGE('',*,*,#1838,.T.);
#981=ORIENTED_EDGE('',*,*,#2068,.T.);
#982=ORIENTED_EDGE('',*,*,#1840,.F.);
#983=ORIENTED_EDGE('',*,*,#2069,.T.);
#984=ORIENTED_EDGE('',*,*,#1854,.T.);
#985=ORIENTED_EDGE('',*,*,#2070,.T.);
#986=ORIENTED_EDGE('',*,*,#1856,.F.);
#987=ORIENTED_EDGE('',*,*,#2071,.T.);
#988=ORIENTED_EDGE('',*,*,#1850,.T.);
#989=ORIENTED_EDGE('',*,*,#2072,.T.);
#990=ORIENTED_EDGE('',*,*,#1852,.F.);
#991=ORIENTED_EDGE('',*,*,#2073,.T.);
#992=ORIENTED_EDGE('',*,*,#1846,.T.);
#993=ORIENTED_EDGE('',*,*,#2074,.T.);
#994=ORIENTED_EDGE('',*,*,#1848,.F.);
#995=ORIENTED_EDGE('',*,*,#2075,.T.);
#996=ORIENTED_EDGE('',*,*,#2076,.F.);
#997=ORIENTED_EDGE('',*,*,#2077,.T.);
#998=ORIENTED_EDGE('',*,*,#2078,.T.);
#999=ORIENTED_EDGE('',*,*,#2026,.F.);
#1000=ORIENTED_EDGE('',*,*,#2077,.F.);
#1001=ORIENTED_EDGE('',*,*,#2079,.T.);
#1002=ORIENTED_EDGE('',*,*,#2080,.T.);
#1003=ORIENTED_EDGE('',*,*,#2081,.F.);
#1004=ORIENTED_EDGE('',*,*,#2082,.F.);
#1005=ORIENTED_EDGE('',*,*,#1996,.T.);
#1006=ORIENTED_EDGE('',*,*,#2083,.T.);
#1007=ORIENTED_EDGE('',*,*,#2080,.F.);
#1008=ORIENTED_EDGE('',*,*,#2084,.F.);
#1009=ORIENTED_EDGE('',*,*,#2085,.T.);
#1010=ORIENTED_EDGE('',*,*,#2086,.T.);
#1011=ORIENTED_EDGE('',*,*,#2032,.F.);
#1012=ORIENTED_EDGE('',*,*,#2085,.F.);
#1013=ORIENTED_EDGE('',*,*,#2087,.T.);
#1014=ORIENTED_EDGE('',*,*,#2088,.T.);
#1015=ORIENTED_EDGE('',*,*,#2089,.F.);
#1016=ORIENTED_EDGE('',*,*,#2090,.F.);
#1017=ORIENTED_EDGE('',*,*,#1950,.T.);
#1018=ORIENTED_EDGE('',*,*,#2091,.T.);
#1019=ORIENTED_EDGE('',*,*,#2088,.F.);
#1020=ORIENTED_EDGE('',*,*,#1980,.T.);
#1021=ORIENTED_EDGE('',*,*,#2092,.T.);
#1022=ORIENTED_EDGE('',*,*,#1982,.F.);
#1023=ORIENTED_EDGE('',*,*,#2093,.T.);
#1024=ORIENTED_EDGE('',*,*,#1976,.T.);
#1025=ORIENTED_EDGE('',*,*,#2094,.T.);
#1026=ORIENTED_EDGE('',*,*,#1978,.F.);
#1027=ORIENTED_EDGE('',*,*,#2095,.T.);
#1028=ORIENTED_EDGE('',*,*,#1992,.T.);
#1029=ORIENTED_EDGE('',*,*,#2096,.T.);
#1030=ORIENTED_EDGE('',*,*,#1994,.F.);
#1031=ORIENTED_EDGE('',*,*,#2097,.T.);
#1032=ORIENTED_EDGE('',*,*,#1988,.T.);
#1033=ORIENTED_EDGE('',*,*,#2098,.T.);
#1034=ORIENTED_EDGE('',*,*,#1990,.F.);
#1035=ORIENTED_EDGE('',*,*,#2099,.T.);
#1036=ORIENTED_EDGE('',*,*,#1984,.T.);
#1037=ORIENTED_EDGE('',*,*,#2100,.T.);
#1038=ORIENTED_EDGE('',*,*,#1986,.F.);
#1039=ORIENTED_EDGE('',*,*,#2101,.T.);
#1040=ORIENTED_EDGE('',*,*,#2102,.T.);
#1041=ORIENTED_EDGE('',*,*,#2103,.T.);
#1042=ORIENTED_EDGE('',*,*,#2038,.F.);
#1043=ORIENTED_EDGE('',*,*,#2104,.F.);
#1044=ORIENTED_EDGE('',*,*,#2105,.F.);
#1045=ORIENTED_EDGE('',*,*,#2102,.F.);
#1046=ORIENTED_EDGE('',*,*,#2106,.T.);
#1047=ORIENTED_EDGE('',*,*,#2107,.T.);
#1048=ORIENTED_EDGE('',*,*,#1904,.T.);
#1049=ORIENTED_EDGE('',*,*,#2108,.T.);
#1050=ORIENTED_EDGE('',*,*,#2107,.F.);
#1051=ORIENTED_EDGE('',*,*,#2109,.F.);
#1052=ORIENTED_EDGE('',*,*,#1934,.T.);
#1053=ORIENTED_EDGE('',*,*,#2110,.T.);
#1054=ORIENTED_EDGE('',*,*,#1936,.F.);
#1055=ORIENTED_EDGE('',*,*,#2111,.T.);
#1056=ORIENTED_EDGE('',*,*,#1930,.T.);
#1057=ORIENTED_EDGE('',*,*,#2112,.T.);
#1058=ORIENTED_EDGE('',*,*,#1932,.F.);
#1059=ORIENTED_EDGE('',*,*,#2113,.T.);
#1060=ORIENTED_EDGE('',*,*,#1946,.T.);
#1061=ORIENTED_EDGE('',*,*,#2114,.T.);
#1062=ORIENTED_EDGE('',*,*,#1948,.F.);
#1063=ORIENTED_EDGE('',*,*,#2115,.T.);
#1064=ORIENTED_EDGE('',*,*,#1942,.T.);
#1065=ORIENTED_EDGE('',*,*,#2116,.T.);
#1066=ORIENTED_EDGE('',*,*,#1944,.F.);
#1067=ORIENTED_EDGE('',*,*,#2117,.T.);
#1068=ORIENTED_EDGE('',*,*,#1938,.T.);
#1069=ORIENTED_EDGE('',*,*,#2118,.T.);
#1070=ORIENTED_EDGE('',*,*,#1940,.F.);
#1071=ORIENTED_EDGE('',*,*,#2119,.T.);
#1072=ORIENTED_EDGE('',*,*,#2120,.T.);
#1073=ORIENTED_EDGE('',*,*,#2121,.T.);
#1074=ORIENTED_EDGE('',*,*,#1833,.T.);
#1075=ORIENTED_EDGE('',*,*,#2122,.T.);
#1076=ORIENTED_EDGE('',*,*,#2022,.T.);
#1077=ORIENTED_EDGE('',*,*,#2123,.T.);
#1078=ORIENTED_EDGE('',*,*,#2124,.T.);
#1079=ORIENTED_EDGE('',*,*,#2125,.F.);
#1080=ORIENTED_EDGE('',*,*,#1735,.F.);
#1081=ORIENTED_EDGE('',*,*,#1739,.T.);
#1082=ORIENTED_EDGE('',*,*,#2126,.T.);
#1083=ORIENTED_EDGE('',*,*,#2120,.F.);
#1084=ORIENTED_EDGE('',*,*,#1734,.F.);
#1085=ORIENTED_EDGE('',*,*,#2127,.F.);
#1086=ORIENTED_EDGE('',*,*,#2128,.F.);
#1087=ORIENTED_EDGE('',*,*,#1733,.F.);
#1088=ORIENTED_EDGE('',*,*,#2129,.T.);
#1089=ORIENTED_EDGE('',*,*,#2130,.F.);
#1090=ORIENTED_EDGE('',*,*,#2131,.T.);
#1091=ORIENTED_EDGE('',*,*,#2132,.T.);
#1092=ORIENTED_EDGE('',*,*,#2133,.T.);
#1093=ORIENTED_EDGE('',*,*,#2134,.T.);
#1094=ORIENTED_EDGE('',*,*,#2135,.T.);
#1095=ORIENTED_EDGE('',*,*,#2136,.T.);
#1096=ORIENTED_EDGE('',*,*,#2137,.F.);
#1097=ORIENTED_EDGE('',*,*,#2124,.F.);
#1098=ORIENTED_EDGE('',*,*,#2138,.T.);
#1099=ORIENTED_EDGE('',*,*,#2139,.T.);
#1100=ORIENTED_EDGE('',*,*,#2139,.F.);
#1101=ORIENTED_EDGE('',*,*,#2140,.T.);
#1102=ORIENTED_EDGE('',*,*,#2141,.T.);
#1103=ORIENTED_EDGE('',*,*,#2142,.T.);
#1104=ORIENTED_EDGE('',*,*,#2129,.F.);
#1105=ORIENTED_EDGE('',*,*,#1736,.F.);
#1106=ORIENTED_EDGE('',*,*,#2125,.T.);
#1107=ORIENTED_EDGE('',*,*,#2142,.F.);
#1108=ORIENTED_EDGE('',*,*,#2143,.T.);
#1109=ORIENTED_EDGE('',*,*,#2144,.T.);
#1110=ORIENTED_EDGE('',*,*,#2130,.T.);
#1111=ORIENTED_EDGE('',*,*,#2144,.F.);
#1112=ORIENTED_EDGE('',*,*,#2145,.T.);
#1113=ORIENTED_EDGE('',*,*,#2146,.T.);
#1114=ORIENTED_EDGE('',*,*,#2131,.F.);
#1115=ORIENTED_EDGE('',*,*,#2146,.F.);
#1116=ORIENTED_EDGE('',*,*,#2147,.T.);
#1117=ORIENTED_EDGE('',*,*,#2148,.T.);
#1118=ORIENTED_EDGE('',*,*,#2132,.F.);
#1119=ORIENTED_EDGE('',*,*,#2148,.F.);
#1120=ORIENTED_EDGE('',*,*,#2149,.T.);
#1121=ORIENTED_EDGE('',*,*,#2150,.T.);
#1122=ORIENTED_EDGE('',*,*,#2133,.F.);
#1123=ORIENTED_EDGE('',*,*,#2150,.F.);
#1124=ORIENTED_EDGE('',*,*,#2151,.T.);
#1125=ORIENTED_EDGE('',*,*,#2152,.T.);
#1126=ORIENTED_EDGE('',*,*,#2134,.F.);
#1127=ORIENTED_EDGE('',*,*,#2153,.T.);
#1128=ORIENTED_EDGE('',*,*,#2154,.T.);
#1129=ORIENTED_EDGE('',*,*,#2155,.T.);
#1130=ORIENTED_EDGE('',*,*,#1741,.T.);
#1131=ORIENTED_EDGE('',*,*,#2156,.T.);
#1132=ORIENTED_EDGE('',*,*,#2135,.F.);
#1133=ORIENTED_EDGE('',*,*,#2152,.F.);
#1134=ORIENTED_EDGE('',*,*,#2155,.F.);
#1135=ORIENTED_EDGE('',*,*,#2157,.T.);
#1136=ORIENTED_EDGE('',*,*,#1742,.T.);
#1137=ORIENTED_EDGE('',*,*,#2158,.F.);
#1138=ORIENTED_EDGE('',*,*,#2137,.T.);
#1139=ORIENTED_EDGE('',*,*,#2159,.T.);
#1140=ORIENTED_EDGE('',*,*,#2136,.F.);
#1141=ORIENTED_EDGE('',*,*,#2160,.T.);
#1142=ORIENTED_EDGE('',*,*,#2161,.T.);
#1143=ORIENTED_EDGE('',*,*,#2162,.T.);
#1144=ORIENTED_EDGE('',*,*,#2163,.T.);
#1145=ORIENTED_EDGE('',*,*,#2164,.T.);
#1146=ORIENTED_EDGE('',*,*,#2165,.T.);
#1147=ORIENTED_EDGE('',*,*,#2166,.T.);
#1148=ORIENTED_EDGE('',*,*,#2167,.T.);
#1149=ORIENTED_EDGE('',*,*,#2168,.T.);
#1150=ORIENTED_EDGE('',*,*,#2169,.T.);
#1151=ORIENTED_EDGE('',*,*,#2158,.T.);
#1152=ORIENTED_EDGE('',*,*,#2159,.F.);
#1153=ORIENTED_EDGE('',*,*,#1740,.T.);
#1154=ORIENTED_EDGE('',*,*,#2127,.T.);
#1155=ORIENTED_EDGE('',*,*,#2128,.T.);
#1156=ORIENTED_EDGE('',*,*,#2156,.F.);
#1157=ORIENTED_EDGE('',*,*,#2067,.F.);
#1158=ORIENTED_EDGE('',*,*,#1843,.F.);
#1159=ORIENTED_EDGE('',*,*,#2069,.F.);
#1160=ORIENTED_EDGE('',*,*,#1839,.F.);
#1161=ORIENTED_EDGE('',*,*,#2071,.F.);
#1162=ORIENTED_EDGE('',*,*,#1855,.F.);
#1163=ORIENTED_EDGE('',*,*,#2073,.F.);
#1164=ORIENTED_EDGE('',*,*,#1851,.F.);
#1165=ORIENTED_EDGE('',*,*,#2075,.F.);
#1166=ORIENTED_EDGE('',*,*,#1847,.F.);
#1167=ORIENTED_EDGE('',*,*,#1831,.F.);
#1168=ORIENTED_EDGE('',*,*,#2170,.T.);
#1169=ORIENTED_EDGE('',*,*,#1829,.T.);
#1170=ORIENTED_EDGE('',*,*,#2171,.F.);
#1171=ORIENTED_EDGE('',*,*,#2170,.F.);
#1172=ORIENTED_EDGE('',*,*,#1830,.F.);
#1173=ORIENTED_EDGE('',*,*,#2171,.T.);
#1174=ORIENTED_EDGE('',*,*,#1832,.T.);
#1175=ORIENTED_EDGE('',*,*,#1827,.F.);
#1176=ORIENTED_EDGE('',*,*,#2172,.T.);
#1177=ORIENTED_EDGE('',*,*,#1825,.T.);
#1178=ORIENTED_EDGE('',*,*,#2173,.F.);
#1179=ORIENTED_EDGE('',*,*,#2172,.F.);
#1180=ORIENTED_EDGE('',*,*,#1826,.F.);
#1181=ORIENTED_EDGE('',*,*,#2173,.T.);
#1182=ORIENTED_EDGE('',*,*,#1828,.T.);
#1183=ORIENTED_EDGE('',*,*,#1823,.F.);
#1184=ORIENTED_EDGE('',*,*,#2174,.T.);
#1185=ORIENTED_EDGE('',*,*,#1821,.T.);
#1186=ORIENTED_EDGE('',*,*,#2175,.F.);
#1187=ORIENTED_EDGE('',*,*,#2174,.F.);
#1188=ORIENTED_EDGE('',*,*,#1822,.F.);
#1189=ORIENTED_EDGE('',*,*,#2175,.T.);
#1190=ORIENTED_EDGE('',*,*,#1824,.T.);
#1191=ORIENTED_EDGE('',*,*,#1819,.F.);
#1192=ORIENTED_EDGE('',*,*,#2176,.T.);
#1193=ORIENTED_EDGE('',*,*,#1817,.T.);
#1194=ORIENTED_EDGE('',*,*,#2177,.F.);
#1195=ORIENTED_EDGE('',*,*,#2176,.F.);
#1196=ORIENTED_EDGE('',*,*,#1818,.F.);
#1197=ORIENTED_EDGE('',*,*,#2177,.T.);
#1198=ORIENTED_EDGE('',*,*,#1820,.T.);
#1199=ORIENTED_EDGE('',*,*,#1815,.F.);
#1200=ORIENTED_EDGE('',*,*,#2178,.T.);
#1201=ORIENTED_EDGE('',*,*,#1813,.T.);
#1202=ORIENTED_EDGE('',*,*,#2179,.F.);
#1203=ORIENTED_EDGE('',*,*,#2178,.F.);
#1204=ORIENTED_EDGE('',*,*,#1814,.F.);
#1205=ORIENTED_EDGE('',*,*,#2179,.T.);
#1206=ORIENTED_EDGE('',*,*,#1816,.T.);
#1207=ORIENTED_EDGE('',*,*,#2180,.F.);
#1208=ORIENTED_EDGE('',*,*,#1874,.T.);
#1209=ORIENTED_EDGE('',*,*,#2181,.F.);
#1210=ORIENTED_EDGE('',*,*,#1872,.F.);
#1211=ORIENTED_EDGE('',*,*,#2057,.F.);
#1212=ORIENTED_EDGE('',*,*,#1889,.F.);
#1213=ORIENTED_EDGE('',*,*,#2181,.T.);
#1214=ORIENTED_EDGE('',*,*,#1873,.T.);
#1215=ORIENTED_EDGE('',*,*,#2182,.F.);
#1216=ORIENTED_EDGE('',*,*,#1878,.T.);
#1217=ORIENTED_EDGE('',*,*,#2183,.F.);
#1218=ORIENTED_EDGE('',*,*,#1876,.F.);
#1219=ORIENTED_EDGE('',*,*,#2059,.F.);
#1220=ORIENTED_EDGE('',*,*,#1885,.F.);
#1221=ORIENTED_EDGE('',*,*,#2183,.T.);
#1222=ORIENTED_EDGE('',*,*,#1877,.T.);
#1223=ORIENTED_EDGE('',*,*,#2184,.F.);
#1224=ORIENTED_EDGE('',*,*,#1862,.T.);
#1225=ORIENTED_EDGE('',*,*,#2185,.F.);
#1226=ORIENTED_EDGE('',*,*,#1860,.F.);
#1227=ORIENTED_EDGE('',*,*,#2061,.F.);
#1228=ORIENTED_EDGE('',*,*,#1901,.F.);
#1229=ORIENTED_EDGE('',*,*,#2185,.T.);
#1230=ORIENTED_EDGE('',*,*,#1861,.T.);
#1231=ORIENTED_EDGE('',*,*,#2186,.F.);
#1232=ORIENTED_EDGE('',*,*,#1866,.T.);
#1233=ORIENTED_EDGE('',*,*,#2187,.F.);
#1234=ORIENTED_EDGE('',*,*,#1864,.F.);
#1235=ORIENTED_EDGE('',*,*,#2063,.F.);
#1236=ORIENTED_EDGE('',*,*,#1897,.F.);
#1237=ORIENTED_EDGE('',*,*,#2187,.T.);
#1238=ORIENTED_EDGE('',*,*,#1865,.T.);
#1239=ORIENTED_EDGE('',*,*,#2188,.F.);
#1240=ORIENTED_EDGE('',*,*,#1870,.T.);
#1241=ORIENTED_EDGE('',*,*,#2189,.F.);
#1242=ORIENTED_EDGE('',*,*,#1868,.F.);
#1243=ORIENTED_EDGE('',*,*,#2065,.F.);
#1244=ORIENTED_EDGE('',*,*,#1893,.F.);
#1245=ORIENTED_EDGE('',*,*,#2189,.T.);
#1246=ORIENTED_EDGE('',*,*,#1869,.T.);
#1247=ORIENTED_EDGE('',*,*,#1811,.F.);
#1248=ORIENTED_EDGE('',*,*,#2190,.T.);
#1249=ORIENTED_EDGE('',*,*,#1809,.T.);
#1250=ORIENTED_EDGE('',*,*,#2191,.F.);
#1251=ORIENTED_EDGE('',*,*,#2190,.F.);
#1252=ORIENTED_EDGE('',*,*,#1810,.F.);
#1253=ORIENTED_EDGE('',*,*,#2191,.T.);
#1254=ORIENTED_EDGE('',*,*,#1812,.T.);
#1255=ORIENTED_EDGE('',*,*,#1807,.F.);
#1256=ORIENTED_EDGE('',*,*,#2192,.T.);
#1257=ORIENTED_EDGE('',*,*,#1805,.T.);
#1258=ORIENTED_EDGE('',*,*,#2193,.F.);
#1259=ORIENTED_EDGE('',*,*,#2192,.F.);
#1260=ORIENTED_EDGE('',*,*,#1806,.F.);
#1261=ORIENTED_EDGE('',*,*,#2193,.T.);
#1262=ORIENTED_EDGE('',*,*,#1808,.T.);
#1263=ORIENTED_EDGE('',*,*,#1803,.F.);
#1264=ORIENTED_EDGE('',*,*,#2194,.T.);
#1265=ORIENTED_EDGE('',*,*,#1801,.T.);
#1266=ORIENTED_EDGE('',*,*,#2195,.F.);
#1267=ORIENTED_EDGE('',*,*,#2194,.F.);
#1268=ORIENTED_EDGE('',*,*,#1802,.F.);
#1269=ORIENTED_EDGE('',*,*,#2195,.T.);
#1270=ORIENTED_EDGE('',*,*,#1804,.T.);
#1271=ORIENTED_EDGE('',*,*,#1799,.F.);
#1272=ORIENTED_EDGE('',*,*,#2196,.T.);
#1273=ORIENTED_EDGE('',*,*,#1797,.T.);
#1274=ORIENTED_EDGE('',*,*,#2197,.F.);
#1275=ORIENTED_EDGE('',*,*,#2196,.F.);
#1276=ORIENTED_EDGE('',*,*,#1798,.F.);
#1277=ORIENTED_EDGE('',*,*,#2197,.T.);
#1278=ORIENTED_EDGE('',*,*,#1800,.T.);
#1279=ORIENTED_EDGE('',*,*,#1795,.F.);
#1280=ORIENTED_EDGE('',*,*,#2198,.T.);
#1281=ORIENTED_EDGE('',*,*,#1793,.T.);
#1282=ORIENTED_EDGE('',*,*,#2199,.F.);
#1283=ORIENTED_EDGE('',*,*,#2198,.F.);
#1284=ORIENTED_EDGE('',*,*,#1794,.F.);
#1285=ORIENTED_EDGE('',*,*,#2199,.T.);
#1286=ORIENTED_EDGE('',*,*,#1796,.T.);
#1287=ORIENTED_EDGE('',*,*,#2200,.F.);
#1288=ORIENTED_EDGE('',*,*,#1920,.T.);
#1289=ORIENTED_EDGE('',*,*,#2201,.F.);
#1290=ORIENTED_EDGE('',*,*,#1918,.F.);
#1291=ORIENTED_EDGE('',*,*,#2111,.F.);
#1292=ORIENTED_EDGE('',*,*,#1935,.F.);
#1293=ORIENTED_EDGE('',*,*,#2201,.T.);
#1294=ORIENTED_EDGE('',*,*,#1919,.T.);
#1295=ORIENTED_EDGE('',*,*,#2202,.F.);
#1296=ORIENTED_EDGE('',*,*,#1924,.T.);
#1297=ORIENTED_EDGE('',*,*,#2203,.F.);
#1298=ORIENTED_EDGE('',*,*,#1922,.F.);
#1299=ORIENTED_EDGE('',*,*,#2113,.F.);
#1300=ORIENTED_EDGE('',*,*,#1931,.F.);
#1301=ORIENTED_EDGE('',*,*,#2203,.T.);
#1302=ORIENTED_EDGE('',*,*,#1923,.T.);
#1303=ORIENTED_EDGE('',*,*,#2204,.F.);
#1304=ORIENTED_EDGE('',*,*,#1908,.T.);
#1305=ORIENTED_EDGE('',*,*,#2205,.F.);
#1306=ORIENTED_EDGE('',*,*,#1906,.F.);
#1307=ORIENTED_EDGE('',*,*,#2115,.F.);
#1308=ORIENTED_EDGE('',*,*,#1947,.F.);
#1309=ORIENTED_EDGE('',*,*,#2205,.T.);
#1310=ORIENTED_EDGE('',*,*,#1907,.T.);
#1311=ORIENTED_EDGE('',*,*,#2206,.F.);
#1312=ORIENTED_EDGE('',*,*,#1912,.T.);
#1313=ORIENTED_EDGE('',*,*,#2207,.F.);
#1314=ORIENTED_EDGE('',*,*,#1910,.F.);
#1315=ORIENTED_EDGE('',*,*,#2117,.F.);
#1316=ORIENTED_EDGE('',*,*,#1943,.F.);
#1317=ORIENTED_EDGE('',*,*,#2207,.T.);
#1318=ORIENTED_EDGE('',*,*,#1911,.T.);
#1319=ORIENTED_EDGE('',*,*,#2208,.F.);
#1320=ORIENTED_EDGE('',*,*,#1916,.T.);
#1321=ORIENTED_EDGE('',*,*,#2209,.F.);
#1322=ORIENTED_EDGE('',*,*,#1914,.F.);
#1323=ORIENTED_EDGE('',*,*,#2119,.F.);
#1324=ORIENTED_EDGE('',*,*,#1939,.F.);
#1325=ORIENTED_EDGE('',*,*,#2209,.T.);
#1326=ORIENTED_EDGE('',*,*,#1915,.T.);
#1327=ORIENTED_EDGE('',*,*,#1791,.F.);
#1328=ORIENTED_EDGE('',*,*,#2210,.T.);
#1329=ORIENTED_EDGE('',*,*,#1789,.T.);
#1330=ORIENTED_EDGE('',*,*,#2211,.F.);
#1331=ORIENTED_EDGE('',*,*,#2210,.F.);
#1332=ORIENTED_EDGE('',*,*,#1790,.F.);
#1333=ORIENTED_EDGE('',*,*,#2211,.T.);
#1334=ORIENTED_EDGE('',*,*,#1792,.T.);
#1335=ORIENTED_EDGE('',*,*,#1787,.F.);
#1336=ORIENTED_EDGE('',*,*,#2212,.T.);
#1337=ORIENTED_EDGE('',*,*,#1785,.T.);
#1338=ORIENTED_EDGE('',*,*,#2213,.F.);
#1339=ORIENTED_EDGE('',*,*,#2212,.F.);
#1340=ORIENTED_EDGE('',*,*,#1786,.F.);
#1341=ORIENTED_EDGE('',*,*,#2213,.T.);
#1342=ORIENTED_EDGE('',*,*,#1788,.T.);
#1343=ORIENTED_EDGE('',*,*,#1783,.F.);
#1344=ORIENTED_EDGE('',*,*,#2214,.T.);
#1345=ORIENTED_EDGE('',*,*,#1781,.T.);
#1346=ORIENTED_EDGE('',*,*,#2215,.F.);
#1347=ORIENTED_EDGE('',*,*,#2214,.F.);
#1348=ORIENTED_EDGE('',*,*,#1782,.F.);
#1349=ORIENTED_EDGE('',*,*,#2215,.T.);
#1350=ORIENTED_EDGE('',*,*,#1784,.T.);
#1351=ORIENTED_EDGE('',*,*,#1779,.F.);
#1352=ORIENTED_EDGE('',*,*,#2216,.T.);
#1353=ORIENTED_EDGE('',*,*,#1777,.T.);
#1354=ORIENTED_EDGE('',*,*,#2217,.F.);
#1355=ORIENTED_EDGE('',*,*,#2216,.F.);
#1356=ORIENTED_EDGE('',*,*,#1778,.F.);
#1357=ORIENTED_EDGE('',*,*,#2217,.T.);
#1358=ORIENTED_EDGE('',*,*,#1780,.T.);
#1359=ORIENTED_EDGE('',*,*,#1775,.F.);
#1360=ORIENTED_EDGE('',*,*,#2218,.T.);
#1361=ORIENTED_EDGE('',*,*,#1773,.T.);
#1362=ORIENTED_EDGE('',*,*,#2219,.F.);
#1363=ORIENTED_EDGE('',*,*,#2218,.F.);
#1364=ORIENTED_EDGE('',*,*,#1774,.F.);
#1365=ORIENTED_EDGE('',*,*,#2219,.T.);
#1366=ORIENTED_EDGE('',*,*,#1776,.T.);
#1367=ORIENTED_EDGE('',*,*,#2220,.F.);
#1368=ORIENTED_EDGE('',*,*,#1966,.T.);
#1369=ORIENTED_EDGE('',*,*,#2221,.F.);
#1370=ORIENTED_EDGE('',*,*,#1964,.F.);
#1371=ORIENTED_EDGE('',*,*,#2093,.F.);
#1372=ORIENTED_EDGE('',*,*,#1981,.F.);
#1373=ORIENTED_EDGE('',*,*,#2221,.T.);
#1374=ORIENTED_EDGE('',*,*,#1965,.T.);
#1375=ORIENTED_EDGE('',*,*,#2222,.F.);
#1376=ORIENTED_EDGE('',*,*,#1970,.T.);
#1377=ORIENTED_EDGE('',*,*,#2223,.F.);
#1378=ORIENTED_EDGE('',*,*,#1968,.F.);
#1379=ORIENTED_EDGE('',*,*,#2095,.F.);
#1380=ORIENTED_EDGE('',*,*,#1977,.F.);
#1381=ORIENTED_EDGE('',*,*,#2223,.T.);
#1382=ORIENTED_EDGE('',*,*,#1969,.T.);
#1383=ORIENTED_EDGE('',*,*,#2224,.F.);
#1384=ORIENTED_EDGE('',*,*,#1954,.T.);
#1385=ORIENTED_EDGE('',*,*,#2225,.F.);
#1386=ORIENTED_EDGE('',*,*,#1952,.F.);
#1387=ORIENTED_EDGE('',*,*,#2097,.F.);
#1388=ORIENTED_EDGE('',*,*,#1993,.F.);
#1389=ORIENTED_EDGE('',*,*,#2225,.T.);
#1390=ORIENTED_EDGE('',*,*,#1953,.T.);
#1391=ORIENTED_EDGE('',*,*,#2226,.F.);
#1392=ORIENTED_EDGE('',*,*,#1958,.T.);
#1393=ORIENTED_EDGE('',*,*,#2227,.F.);
#1394=ORIENTED_EDGE('',*,*,#1956,.F.);
#1395=ORIENTED_EDGE('',*,*,#2099,.F.);
#1396=ORIENTED_EDGE('',*,*,#1989,.F.);
#1397=ORIENTED_EDGE('',*,*,#2227,.T.);
#1398=ORIENTED_EDGE('',*,*,#1957,.T.);
#1399=ORIENTED_EDGE('',*,*,#2228,.F.);
#1400=ORIENTED_EDGE('',*,*,#1962,.T.);
#1401=ORIENTED_EDGE('',*,*,#2229,.F.);
#1402=ORIENTED_EDGE('',*,*,#1960,.F.);
#1403=ORIENTED_EDGE('',*,*,#2101,.F.);
#1404=ORIENTED_EDGE('',*,*,#1985,.F.);
#1405=ORIENTED_EDGE('',*,*,#2229,.T.);
#1406=ORIENTED_EDGE('',*,*,#1961,.T.);
#1407=ORIENTED_EDGE('',*,*,#1771,.F.);
#1408=ORIENTED_EDGE('',*,*,#2230,.T.);
#1409=ORIENTED_EDGE('',*,*,#1769,.T.);
#1410=ORIENTED_EDGE('',*,*,#2231,.F.);
#1411=ORIENTED_EDGE('',*,*,#2230,.F.);
#1412=ORIENTED_EDGE('',*,*,#1770,.F.);
#1413=ORIENTED_EDGE('',*,*,#2231,.T.);
#1414=ORIENTED_EDGE('',*,*,#1772,.T.);
#1415=ORIENTED_EDGE('',*,*,#1767,.F.);
#1416=ORIENTED_EDGE('',*,*,#2232,.T.);
#1417=ORIENTED_EDGE('',*,*,#1765,.T.);
#1418=ORIENTED_EDGE('',*,*,#2233,.F.);
#1419=ORIENTED_EDGE('',*,*,#2232,.F.);
#1420=ORIENTED_EDGE('',*,*,#1766,.F.);
#1421=ORIENTED_EDGE('',*,*,#2233,.T.);
#1422=ORIENTED_EDGE('',*,*,#1768,.T.);
#1423=ORIENTED_EDGE('',*,*,#1763,.F.);
#1424=ORIENTED_EDGE('',*,*,#2234,.T.);
#1425=ORIENTED_EDGE('',*,*,#1761,.T.);
#1426=ORIENTED_EDGE('',*,*,#2235,.F.);
#1427=ORIENTED_EDGE('',*,*,#2234,.F.);
#1428=ORIENTED_EDGE('',*,*,#1762,.F.);
#1429=ORIENTED_EDGE('',*,*,#2235,.T.);
#1430=ORIENTED_EDGE('',*,*,#1764,.T.);
#1431=ORIENTED_EDGE('',*,*,#1759,.F.);
#1432=ORIENTED_EDGE('',*,*,#2236,.T.);
#1433=ORIENTED_EDGE('',*,*,#1757,.T.);
#1434=ORIENTED_EDGE('',*,*,#2237,.F.);
#1435=ORIENTED_EDGE('',*,*,#2236,.F.);
#1436=ORIENTED_EDGE('',*,*,#1758,.F.);
#1437=ORIENTED_EDGE('',*,*,#2237,.T.);
#1438=ORIENTED_EDGE('',*,*,#1760,.T.);
#1439=ORIENTED_EDGE('',*,*,#1755,.F.);
#1440=ORIENTED_EDGE('',*,*,#2238,.T.);
#1441=ORIENTED_EDGE('',*,*,#1753,.T.);
#1442=ORIENTED_EDGE('',*,*,#2239,.F.);
#1443=ORIENTED_EDGE('',*,*,#2238,.F.);
#1444=ORIENTED_EDGE('',*,*,#1754,.F.);
#1445=ORIENTED_EDGE('',*,*,#2239,.T.);
#1446=ORIENTED_EDGE('',*,*,#1756,.T.);
#1447=ORIENTED_EDGE('',*,*,#2240,.F.);
#1448=ORIENTED_EDGE('',*,*,#2012,.T.);
#1449=ORIENTED_EDGE('',*,*,#2241,.F.);
#1450=ORIENTED_EDGE('',*,*,#2010,.F.);
#1451=ORIENTED_EDGE('',*,*,#2241,.T.);
#1452=ORIENTED_EDGE('',*,*,#2011,.T.);
#1453=ORIENTED_EDGE('',*,*,#2242,.F.);
#1454=ORIENTED_EDGE('',*,*,#2016,.T.);
#1455=ORIENTED_EDGE('',*,*,#2243,.F.);
#1456=ORIENTED_EDGE('',*,*,#2014,.F.);
#1457=ORIENTED_EDGE('',*,*,#2243,.T.);
#1458=ORIENTED_EDGE('',*,*,#2015,.T.);
#1459=ORIENTED_EDGE('',*,*,#2244,.F.);
#1460=ORIENTED_EDGE('',*,*,#2000,.T.);
#1461=ORIENTED_EDGE('',*,*,#2245,.F.);
#1462=ORIENTED_EDGE('',*,*,#1998,.F.);
#1463=ORIENTED_EDGE('',*,*,#2245,.T.);
#1464=ORIENTED_EDGE('',*,*,#1999,.T.);
#1465=ORIENTED_EDGE('',*,*,#2246,.F.);
#1466=ORIENTED_EDGE('',*,*,#2004,.T.);
#1467=ORIENTED_EDGE('',*,*,#2247,.F.);
#1468=ORIENTED_EDGE('',*,*,#2002,.F.);
#1469=ORIENTED_EDGE('',*,*,#2247,.T.);
#1470=ORIENTED_EDGE('',*,*,#2003,.T.);
#1471=ORIENTED_EDGE('',*,*,#2248,.F.);
#1472=ORIENTED_EDGE('',*,*,#2008,.T.);
#1473=ORIENTED_EDGE('',*,*,#2249,.F.);
#1474=ORIENTED_EDGE('',*,*,#2006,.F.);
#1475=ORIENTED_EDGE('',*,*,#2249,.T.);
#1476=ORIENTED_EDGE('',*,*,#2007,.T.);
#1477=ORIENTED_EDGE('',*,*,#1927,.T.);
#1478=ORIENTED_EDGE('',*,*,#2250,.T.);
#1479=ORIENTED_EDGE('',*,*,#2035,.F.);
#1480=ORIENTED_EDGE('',*,*,#2251,.T.);
#1481=ORIENTED_EDGE('',*,*,#1929,.F.);
#1482=ORIENTED_EDGE('',*,*,#2252,.T.);
#1483=ORIENTED_EDGE('',*,*,#2033,.F.);
#1484=ORIENTED_EDGE('',*,*,#2086,.F.);
#1485=ORIENTED_EDGE('',*,*,#2089,.T.);
#1486=ORIENTED_EDGE('',*,*,#2091,.F.);
#1487=ORIENTED_EDGE('',*,*,#1949,.F.);
#1488=ORIENTED_EDGE('',*,*,#2114,.F.);
#1489=ORIENTED_EDGE('',*,*,#1945,.F.);
#1490=ORIENTED_EDGE('',*,*,#2116,.F.);
#1491=ORIENTED_EDGE('',*,*,#1941,.F.);
#1492=ORIENTED_EDGE('',*,*,#2118,.F.);
#1493=ORIENTED_EDGE('',*,*,#1937,.F.);
#1494=ORIENTED_EDGE('',*,*,#2110,.F.);
#1495=ORIENTED_EDGE('',*,*,#1933,.F.);
#1496=ORIENTED_EDGE('',*,*,#2112,.F.);
#1497=ORIENTED_EDGE('',*,*,#2037,.T.);
#1498=ORIENTED_EDGE('',*,*,#2253,.T.);
#1499=ORIENTED_EDGE('',*,*,#1925,.T.);
#1500=ORIENTED_EDGE('',*,*,#2202,.T.);
#1501=ORIENTED_EDGE('',*,*,#1921,.T.);
#1502=ORIENTED_EDGE('',*,*,#2200,.T.);
#1503=ORIENTED_EDGE('',*,*,#1917,.T.);
#1504=ORIENTED_EDGE('',*,*,#2208,.T.);
#1505=ORIENTED_EDGE('',*,*,#1913,.T.);
#1506=ORIENTED_EDGE('',*,*,#2206,.T.);
#1507=ORIENTED_EDGE('',*,*,#1909,.T.);
#1508=ORIENTED_EDGE('',*,*,#2204,.T.);
#1509=ORIENTED_EDGE('',*,*,#1905,.T.);
#1510=ORIENTED_EDGE('',*,*,#2109,.T.);
#1511=ORIENTED_EDGE('',*,*,#2106,.F.);
#1512=ORIENTED_EDGE('',*,*,#2104,.T.);
#1513=ORIENTED_EDGE('',*,*,#1973,.T.);
#1514=ORIENTED_EDGE('',*,*,#2254,.T.);
#1515=ORIENTED_EDGE('',*,*,#2029,.F.);
#1516=ORIENTED_EDGE('',*,*,#2255,.T.);
#1517=ORIENTED_EDGE('',*,*,#1975,.F.);
#1518=ORIENTED_EDGE('',*,*,#2256,.T.);
#1519=ORIENTED_EDGE('',*,*,#2027,.F.);
#1520=ORIENTED_EDGE('',*,*,#2078,.F.);
#1521=ORIENTED_EDGE('',*,*,#2081,.T.);
#1522=ORIENTED_EDGE('',*,*,#2083,.F.);
#1523=ORIENTED_EDGE('',*,*,#1995,.F.);
#1524=ORIENTED_EDGE('',*,*,#2096,.F.);
#1525=ORIENTED_EDGE('',*,*,#1991,.F.);
#1526=ORIENTED_EDGE('',*,*,#2098,.F.);
#1527=ORIENTED_EDGE('',*,*,#1987,.F.);
#1528=ORIENTED_EDGE('',*,*,#2100,.F.);
#1529=ORIENTED_EDGE('',*,*,#1983,.F.);
#1530=ORIENTED_EDGE('',*,*,#2092,.F.);
#1531=ORIENTED_EDGE('',*,*,#1979,.F.);
#1532=ORIENTED_EDGE('',*,*,#2094,.F.);
#1533=ORIENTED_EDGE('',*,*,#2031,.T.);
#1534=ORIENTED_EDGE('',*,*,#2257,.T.);
#1535=ORIENTED_EDGE('',*,*,#1971,.T.);
#1536=ORIENTED_EDGE('',*,*,#2222,.T.);
#1537=ORIENTED_EDGE('',*,*,#1967,.T.);
#1538=ORIENTED_EDGE('',*,*,#2220,.T.);
#1539=ORIENTED_EDGE('',*,*,#1963,.T.);
#1540=ORIENTED_EDGE('',*,*,#2228,.T.);
#1541=ORIENTED_EDGE('',*,*,#1959,.T.);
#1542=ORIENTED_EDGE('',*,*,#2226,.T.);
#1543=ORIENTED_EDGE('',*,*,#1955,.T.);
#1544=ORIENTED_EDGE('',*,*,#2224,.T.);
#1545=ORIENTED_EDGE('',*,*,#1951,.T.);
#1546=ORIENTED_EDGE('',*,*,#2090,.T.);
#1547=ORIENTED_EDGE('',*,*,#2087,.F.);
#1548=ORIENTED_EDGE('',*,*,#2084,.T.);
#1549=ORIENTED_EDGE('',*,*,#2019,.T.);
#1550=ORIENTED_EDGE('',*,*,#2258,.T.);
#1551=ORIENTED_EDGE('',*,*,#2023,.F.);
#1552=ORIENTED_EDGE('',*,*,#2122,.F.);
#1553=ORIENTED_EDGE('',*,*,#2025,.T.);
#1554=ORIENTED_EDGE('',*,*,#2259,.T.);
#1555=ORIENTED_EDGE('',*,*,#2017,.T.);
#1556=ORIENTED_EDGE('',*,*,#2242,.T.);
#1557=ORIENTED_EDGE('',*,*,#2013,.T.);
#1558=ORIENTED_EDGE('',*,*,#2240,.T.);
#1559=ORIENTED_EDGE('',*,*,#2009,.T.);
#1560=ORIENTED_EDGE('',*,*,#2248,.T.);
#1561=ORIENTED_EDGE('',*,*,#2005,.T.);
#1562=ORIENTED_EDGE('',*,*,#2246,.T.);
#1563=ORIENTED_EDGE('',*,*,#2001,.T.);
#1564=ORIENTED_EDGE('',*,*,#2244,.T.);
#1565=ORIENTED_EDGE('',*,*,#1997,.T.);
#1566=ORIENTED_EDGE('',*,*,#2082,.T.);
#1567=ORIENTED_EDGE('',*,*,#2079,.F.);
#1568=ORIENTED_EDGE('',*,*,#2076,.T.);
#1569=ORIENTED_EDGE('',*,*,#2046,.F.);
#1570=ORIENTED_EDGE('',*,*,#2260,.T.);
#1571=ORIENTED_EDGE('',*,*,#1835,.T.);
#1572=ORIENTED_EDGE('',*,*,#1745,.F.);
#1573=ORIENTED_EDGE('',*,*,#1837,.F.);
#1574=ORIENTED_EDGE('',*,*,#2261,.T.);
#1575=ORIENTED_EDGE('',*,*,#2044,.F.);
#1576=ORIENTED_EDGE('',*,*,#1748,.F.);
#1577=ORIENTED_EDGE('',*,*,#1752,.T.);
#1578=ORIENTED_EDGE('',*,*,#2055,.F.);
#1579=ORIENTED_EDGE('',*,*,#1857,.F.);
#1580=ORIENTED_EDGE('',*,*,#2070,.F.);
#1581=ORIENTED_EDGE('',*,*,#1853,.F.);
#1582=ORIENTED_EDGE('',*,*,#2072,.F.);
#1583=ORIENTED_EDGE('',*,*,#1849,.F.);
#1584=ORIENTED_EDGE('',*,*,#2074,.F.);
#1585=ORIENTED_EDGE('',*,*,#1845,.F.);
#1586=ORIENTED_EDGE('',*,*,#2066,.F.);
#1587=ORIENTED_EDGE('',*,*,#1841,.F.);
#1588=ORIENTED_EDGE('',*,*,#2068,.F.);
#1589=ORIENTED_EDGE('',*,*,#1881,.T.);
#1590=ORIENTED_EDGE('',*,*,#2262,.T.);
#1591=ORIENTED_EDGE('',*,*,#2041,.F.);
#1592=ORIENTED_EDGE('',*,*,#2263,.T.);
#1593=ORIENTED_EDGE('',*,*,#1883,.F.);
#1594=ORIENTED_EDGE('',*,*,#2264,.T.);
#1595=ORIENTED_EDGE('',*,*,#2039,.F.);
#1596=ORIENTED_EDGE('',*,*,#2103,.F.);
#1597=ORIENTED_EDGE('',*,*,#2105,.T.);
#1598=ORIENTED_EDGE('',*,*,#2108,.F.);
#1599=ORIENTED_EDGE('',*,*,#1903,.F.);
#1600=ORIENTED_EDGE('',*,*,#2060,.F.);
#1601=ORIENTED_EDGE('',*,*,#1899,.F.);
#1602=ORIENTED_EDGE('',*,*,#2062,.F.);
#1603=ORIENTED_EDGE('',*,*,#1895,.F.);
#1604=ORIENTED_EDGE('',*,*,#2064,.F.);
#1605=ORIENTED_EDGE('',*,*,#1891,.F.);
#1606=ORIENTED_EDGE('',*,*,#2056,.F.);
#1607=ORIENTED_EDGE('',*,*,#1887,.F.);
#1608=ORIENTED_EDGE('',*,*,#2058,.F.);
#1609=ORIENTED_EDGE('',*,*,#2043,.T.);
#1610=ORIENTED_EDGE('',*,*,#2265,.T.);
#1611=ORIENTED_EDGE('',*,*,#1879,.T.);
#1612=ORIENTED_EDGE('',*,*,#2182,.T.);
#1613=ORIENTED_EDGE('',*,*,#1875,.T.);
#1614=ORIENTED_EDGE('',*,*,#2180,.T.);
#1615=ORIENTED_EDGE('',*,*,#1871,.T.);
#1616=ORIENTED_EDGE('',*,*,#2188,.T.);
#1617=ORIENTED_EDGE('',*,*,#1867,.T.);
#1618=ORIENTED_EDGE('',*,*,#2186,.T.);
#1619=ORIENTED_EDGE('',*,*,#1863,.T.);
#1620=ORIENTED_EDGE('',*,*,#2184,.T.);
#1621=ORIENTED_EDGE('',*,*,#1859,.T.);
#1622=ORIENTED_EDGE('',*,*,#2054,.T.);
#1623=ORIENTED_EDGE('',*,*,#1750,.F.);
#1624=ORIENTED_EDGE('',*,*,#1746,.T.);
#1625=ORIENTED_EDGE('',*,*,#1836,.F.);
#1626=ORIENTED_EDGE('',*,*,#2260,.F.);
#1627=ORIENTED_EDGE('',*,*,#2045,.F.);
#1628=ORIENTED_EDGE('',*,*,#2261,.F.);
#1629=ORIENTED_EDGE('',*,*,#1880,.F.);
#1630=ORIENTED_EDGE('',*,*,#2265,.F.);
#1631=ORIENTED_EDGE('',*,*,#2042,.F.);
#1632=ORIENTED_EDGE('',*,*,#2262,.F.);
#1633=ORIENTED_EDGE('',*,*,#1882,.F.);
#1634=ORIENTED_EDGE('',*,*,#2263,.F.);
#1635=ORIENTED_EDGE('',*,*,#2040,.F.);
#1636=ORIENTED_EDGE('',*,*,#2264,.F.);
#1637=ORIENTED_EDGE('',*,*,#1926,.F.);
#1638=ORIENTED_EDGE('',*,*,#2253,.F.);
#1639=ORIENTED_EDGE('',*,*,#2036,.F.);
#1640=ORIENTED_EDGE('',*,*,#2250,.F.);
#1641=ORIENTED_EDGE('',*,*,#1928,.F.);
#1642=ORIENTED_EDGE('',*,*,#2251,.F.);
#1643=ORIENTED_EDGE('',*,*,#2034,.F.);
#1644=ORIENTED_EDGE('',*,*,#2252,.F.);
#1645=ORIENTED_EDGE('',*,*,#2018,.F.);
#1646=ORIENTED_EDGE('',*,*,#2259,.F.);
#1647=ORIENTED_EDGE('',*,*,#2024,.F.);
#1648=ORIENTED_EDGE('',*,*,#2258,.F.);
#1649=ORIENTED_EDGE('',*,*,#1972,.F.);
#1650=ORIENTED_EDGE('',*,*,#2257,.F.);
#1651=ORIENTED_EDGE('',*,*,#2030,.F.);
#1652=ORIENTED_EDGE('',*,*,#2254,.F.);
#1653=ORIENTED_EDGE('',*,*,#1974,.F.);
#1654=ORIENTED_EDGE('',*,*,#2255,.F.);
#1655=ORIENTED_EDGE('',*,*,#2028,.F.);
#1656=ORIENTED_EDGE('',*,*,#2256,.F.);
#1657=ORIENTED_EDGE('',*,*,#2266,.F.);
#1658=ORIENTED_EDGE('',*,*,#2267,.T.);
#1659=ORIENTED_EDGE('',*,*,#2160,.F.);
#1660=ORIENTED_EDGE('',*,*,#2141,.F.);
#1661=ORIENTED_EDGE('',*,*,#2268,.T.);
#1662=ORIENTED_EDGE('',*,*,#2266,.T.);
#1663=ORIENTED_EDGE('',*,*,#2169,.F.);
#1664=ORIENTED_EDGE('',*,*,#2269,.F.);
#1665=ORIENTED_EDGE('',*,*,#2269,.T.);
#1666=ORIENTED_EDGE('',*,*,#2168,.F.);
#1667=ORIENTED_EDGE('',*,*,#2270,.F.);
#1668=ORIENTED_EDGE('',*,*,#2143,.F.);
#1669=ORIENTED_EDGE('',*,*,#2270,.T.);
#1670=ORIENTED_EDGE('',*,*,#2167,.F.);
#1671=ORIENTED_EDGE('',*,*,#2271,.F.);
#1672=ORIENTED_EDGE('',*,*,#2145,.F.);
#1673=ORIENTED_EDGE('',*,*,#2271,.T.);
#1674=ORIENTED_EDGE('',*,*,#2166,.F.);
#1675=ORIENTED_EDGE('',*,*,#2272,.F.);
#1676=ORIENTED_EDGE('',*,*,#2147,.F.);
#1677=ORIENTED_EDGE('',*,*,#2272,.T.);
#1678=ORIENTED_EDGE('',*,*,#2165,.F.);
#1679=ORIENTED_EDGE('',*,*,#2273,.F.);
#1680=ORIENTED_EDGE('',*,*,#2149,.F.);
#1681=ORIENTED_EDGE('',*,*,#2273,.T.);
#1682=ORIENTED_EDGE('',*,*,#2164,.F.);
#1683=ORIENTED_EDGE('',*,*,#2274,.F.);
#1684=ORIENTED_EDGE('',*,*,#2151,.F.);
#1685=ORIENTED_EDGE('',*,*,#2275,.F.);
#1686=ORIENTED_EDGE('',*,*,#2276,.T.);
#1687=ORIENTED_EDGE('',*,*,#2153,.F.);
#1688=ORIENTED_EDGE('',*,*,#2274,.T.);
#1689=ORIENTED_EDGE('',*,*,#2163,.F.);
#1690=ORIENTED_EDGE('',*,*,#2162,.F.);
#1691=ORIENTED_EDGE('',*,*,#2277,.T.);
#1692=ORIENTED_EDGE('',*,*,#2275,.T.);
#1693=ORIENTED_EDGE('',*,*,#1743,.F.);
#1694=ORIENTED_EDGE('',*,*,#2157,.F.);
#1695=ORIENTED_EDGE('',*,*,#2278,.F.);
#1696=ORIENTED_EDGE('',*,*,#2047,.F.);
#1697=ORIENTED_EDGE('',*,*,#2278,.T.);
#1698=ORIENTED_EDGE('',*,*,#2154,.F.);
#1699=ORIENTED_EDGE('',*,*,#2279,.F.);
#1700=ORIENTED_EDGE('',*,*,#2048,.F.);
#1701=ORIENTED_EDGE('',*,*,#2279,.T.);
#1702=ORIENTED_EDGE('',*,*,#2276,.F.);
#1703=ORIENTED_EDGE('',*,*,#2280,.F.);
#1704=ORIENTED_EDGE('',*,*,#2049,.F.);
#1705=ORIENTED_EDGE('',*,*,#2280,.T.);
#1706=ORIENTED_EDGE('',*,*,#2277,.F.);
#1707=ORIENTED_EDGE('',*,*,#2281,.F.);
#1708=ORIENTED_EDGE('',*,*,#2050,.F.);
#1709=ORIENTED_EDGE('',*,*,#2281,.T.);
#1710=ORIENTED_EDGE('',*,*,#2161,.F.);
#1711=ORIENTED_EDGE('',*,*,#2282,.F.);
#1712=ORIENTED_EDGE('',*,*,#2051,.F.);
#1713=ORIENTED_EDGE('',*,*,#2123,.F.);
#1714=ORIENTED_EDGE('',*,*,#2021,.F.);
#1715=ORIENTED_EDGE('',*,*,#2283,.F.);
#1716=ORIENTED_EDGE('',*,*,#2138,.F.);
#1717=ORIENTED_EDGE('',*,*,#2282,.T.);
#1718=ORIENTED_EDGE('',*,*,#2267,.F.);
#1719=ORIENTED_EDGE('',*,*,#2284,.F.);
#1720=ORIENTED_EDGE('',*,*,#2052,.F.);
#1721=ORIENTED_EDGE('',*,*,#2283,.T.);
#1722=ORIENTED_EDGE('',*,*,#2020,.F.);
#1723=ORIENTED_EDGE('',*,*,#2285,.F.);
#1724=ORIENTED_EDGE('',*,*,#2140,.F.);
#1725=ORIENTED_EDGE('',*,*,#2284,.T.);
#1726=ORIENTED_EDGE('',*,*,#2268,.F.);
#1727=ORIENTED_EDGE('',*,*,#2285,.T.);
#1728=ORIENTED_EDGE('',*,*,#2053,.F.);
#1729=ORIENTED_EDGE('',*,*,#2121,.F.);
#1730=ORIENTED_EDGE('',*,*,#2126,.F.);
#1731=ORIENTED_EDGE('',*,*,#1738,.F.);
#1732=ORIENTED_EDGE('',*,*,#1834,.F.);
#1733=EDGE_CURVE('',#2286,#2287,#2651,.T.);
#1734=EDGE_CURVE('',#2287,#2288,#187,.T.);
#1735=EDGE_CURVE('',#2288,#2289,#2652,.T.);
#1736=EDGE_CURVE('',#2289,#2286,#2653,.T.);
#1737=EDGE_CURVE('',#2290,#2291,#188,.F.);
#1738=EDGE_CURVE('',#2290,#2292,#123,.T.);
#1739=EDGE_CURVE('',#2293,#2292,#2654,.F.);
#1740=EDGE_CURVE('',#2294,#2293,#2655,.T.);
#1741=EDGE_CURVE('',#2295,#2294,#189,.T.);
#1742=EDGE_CURVE('',#2296,#2295,#190,.F.);
#1743=EDGE_CURVE('',#2296,#2297,#124,.T.);
#1744=EDGE_CURVE('',#2298,#2297,#191,.T.);
#1745=EDGE_CURVE('',#2298,#2291,#125,.T.);
#1746=EDGE_CURVE('',#2299,#2300,#2656,.T.);
#1747=EDGE_CURVE('',#2299,#2301,#192,.T.);
#1748=EDGE_CURVE('',#2301,#2302,#2657,.T.);
#1749=EDGE_CURVE('',#2300,#2302,#193,.T.);
#1750=EDGE_CURVE('',#2299,#2303,#2658,.T.);
#1751=EDGE_CURVE('',#2303,#2304,#194,.T.);
#1752=EDGE_CURVE('',#2301,#2304,#2659,.T.);
#1753=EDGE_CURVE('',#2305,#2306,#195,.T.);
#1754=EDGE_CURVE('',#2305,#2307,#196,.T.);
#1755=EDGE_CURVE('',#2307,#2308,#197,.T.);
#1756=EDGE_CURVE('',#2306,#2308,#198,.T.);
#1757=EDGE_CURVE('',#2309,#2310,#199,.T.);
#1758=EDGE_CURVE('',#2309,#2311,#200,.T.);
#1759=EDGE_CURVE('',#2311,#2312,#201,.T.);
#1760=EDGE_CURVE('',#2310,#2312,#202,.T.);
#1761=EDGE_CURVE('',#2313,#2314,#203,.T.);
#1762=EDGE_CURVE('',#2313,#2315,#204,.T.);
#1763=EDGE_CURVE('',#2315,#2316,#205,.T.);
#1764=EDGE_CURVE('',#2314,#2316,#206,.T.);
#1765=EDGE_CURVE('',#2317,#2318,#207,.T.);
#1766=EDGE_CURVE('',#2317,#2319,#208,.T.);
#1767=EDGE_CURVE('',#2319,#2320,#209,.T.);
#1768=EDGE_CURVE('',#2318,#2320,#210,.T.);
#1769=EDGE_CURVE('',#2321,#2322,#211,.T.);
#1770=EDGE_CURVE('',#2321,#2323,#212,.T.);
#1771=EDGE_CURVE('',#2323,#2324,#213,.T.);
#1772=EDGE_CURVE('',#2322,#2324,#214,.T.);
#1773=EDGE_CURVE('',#2325,#2326,#215,.T.);
#1774=EDGE_CURVE('',#2325,#2327,#216,.T.);
#1775=EDGE_CURVE('',#2327,#2328,#217,.T.);
#1776=EDGE_CURVE('',#2326,#2328,#218,.T.);
#1777=EDGE_CURVE('',#2329,#2330,#219,.T.);
#1778=EDGE_CURVE('',#2329,#2331,#220,.T.);
#1779=EDGE_CURVE('',#2331,#2332,#221,.T.);
#1780=EDGE_CURVE('',#2330,#2332,#222,.T.);
#1781=EDGE_CURVE('',#2333,#2334,#223,.T.);
#1782=EDGE_CURVE('',#2333,#2335,#224,.T.);
#1783=EDGE_CURVE('',#2335,#2336,#225,.T.);
#1784=EDGE_CURVE('',#2334,#2336,#226,.T.);
#1785=EDGE_CURVE('',#2337,#2338,#227,.T.);
#1786=EDGE_CURVE('',#2337,#2339,#228,.T.);
#1787=EDGE_CURVE('',#2339,#2340,#229,.T.);
#1788=EDGE_CURVE('',#2338,#2340,#230,.T.);
#1789=EDGE_CURVE('',#2341,#2342,#231,.T.);
#1790=EDGE_CURVE('',#2341,#2343,#232,.T.);
#1791=EDGE_CURVE('',#2343,#2344,#233,.T.);
#1792=EDGE_CURVE('',#2342,#2344,#234,.T.);
#1793=EDGE_CURVE('',#2345,#2346,#235,.T.);
#1794=EDGE_CURVE('',#2345,#2347,#236,.T.);
#1795=EDGE_CURVE('',#2347,#2348,#237,.T.);
#1796=EDGE_CURVE('',#2346,#2348,#238,.T.);
#1797=EDGE_CURVE('',#2349,#2350,#239,.T.);
#1798=EDGE_CURVE('',#2349,#2351,#240,.T.);
#1799=EDGE_CURVE('',#2351,#2352,#241,.T.);
#1800=EDGE_CURVE('',#2350,#2352,#242,.T.);
#1801=EDGE_CURVE('',#2353,#2354,#243,.T.);
#1802=EDGE_CURVE('',#2353,#2355,#244,.T.);
#1803=EDGE_CURVE('',#2355,#2356,#245,.T.);
#1804=EDGE_CURVE('',#2354,#2356,#246,.T.);
#1805=EDGE_CURVE('',#2357,#2358,#247,.T.);
#1806=EDGE_CURVE('',#2357,#2359,#248,.T.);
#1807=EDGE_CURVE('',#2359,#2360,#249,.T.);
#1808=EDGE_CURVE('',#2358,#2360,#250,.T.);
#1809=EDGE_CURVE('',#2361,#2362,#251,.T.);
#1810=EDGE_CURVE('',#2361,#2363,#252,.T.);
#1811=EDGE_CURVE('',#2363,#2364,#253,.T.);
#1812=EDGE_CURVE('',#2362,#2364,#254,.T.);
#1813=EDGE_CURVE('',#2365,#2366,#255,.T.);
#1814=EDGE_CURVE('',#2365,#2367,#256,.T.);
#1815=EDGE_CURVE('',#2367,#2368,#257,.T.);
#1816=EDGE_CURVE('',#2366,#2368,#258,.T.);
#1817=EDGE_CURVE('',#2369,#2370,#259,.T.);
#1818=EDGE_CURVE('',#2369,#2371,#260,.T.);
#1819=EDGE_CURVE('',#2371,#2372,#261,.T.);
#1820=EDGE_CURVE('',#2370,#2372,#262,.T.);
#1821=EDGE_CURVE('',#2373,#2374,#263,.T.);
#1822=EDGE_CURVE('',#2373,#2375,#264,.T.);
#1823=EDGE_CURVE('',#2375,#2376,#265,.T.);
#1824=EDGE_CURVE('',#2374,#2376,#266,.T.);
#1825=EDGE_CURVE('',#2377,#2378,#267,.T.);
#1826=EDGE_CURVE('',#2377,#2379,#268,.T.);
#1827=EDGE_CURVE('',#2379,#2380,#269,.T.);
#1828=EDGE_CURVE('',#2378,#2380,#270,.T.);
#1829=EDGE_CURVE('',#2381,#2382,#271,.T.);
#1830=EDGE_CURVE('',#2381,#2383,#272,.T.);
#1831=EDGE_CURVE('',#2383,#2384,#273,.T.);
#1832=EDGE_CURVE('',#2382,#2384,#274,.T.);
#1833=EDGE_CURVE('',#2385,#2386,#275,.T.);
#1834=EDGE_CURVE('',#2385,#2290,#276,.F.);
#1835=EDGE_CURVE('',#2387,#2291,#277,.T.);
#1836=EDGE_CURVE('',#2387,#2388,#126,.T.);
#1837=EDGE_CURVE('',#2388,#2389,#278,.T.);
#1838=EDGE_CURVE('',#2390,#2389,#279,.T.);
#1839=EDGE_CURVE('',#2390,#2391,#280,.T.);
#1840=EDGE_CURVE('',#2391,#2392,#281,.T.);
#1841=EDGE_CURVE('',#2392,#2393,#282,.T.);
#1842=EDGE_CURVE('',#2394,#2393,#283,.T.);
#1843=EDGE_CURVE('',#2394,#2395,#284,.T.);
#1844=EDGE_CURVE('',#2395,#2396,#285,.T.);
#1845=EDGE_CURVE('',#2396,#2397,#286,.T.);
#1846=EDGE_CURVE('',#2398,#2397,#287,.T.);
#1847=EDGE_CURVE('',#2398,#2399,#288,.T.);
#1848=EDGE_CURVE('',#2399,#2400,#289,.T.);
#1849=EDGE_CURVE('',#2400,#2401,#290,.T.);
#1850=EDGE_CURVE('',#2402,#2401,#291,.T.);
#1851=EDGE_CURVE('',#2402,#2403,#292,.T.);
#1852=EDGE_CURVE('',#2403,#2404,#293,.T.);
#1853=EDGE_CURVE('',#2404,#2405,#294,.T.);
#1854=EDGE_CURVE('',#2406,#2405,#295,.T.);
#1855=EDGE_CURVE('',#2406,#2407,#296,.T.);
#1856=EDGE_CURVE('',#2407,#2408,#297,.T.);
#1857=EDGE_CURVE('',#2408,#2409,#298,.T.);
#1858=EDGE_CURVE('',#2410,#2409,#299,.T.);
#1859=EDGE_CURVE('',#2411,#2410,#300,.T.);
#1860=EDGE_CURVE('',#2411,#2412,#301,.T.);
#1861=EDGE_CURVE('',#2413,#2412,#302,.T.);
#1862=EDGE_CURVE('',#2414,#2413,#303,.T.);
#1863=EDGE_CURVE('',#2415,#2414,#304,.T.);
#1864=EDGE_CURVE('',#2415,#2416,#305,.T.);
#1865=EDGE_CURVE('',#2417,#2416,#306,.T.);
#1866=EDGE_CURVE('',#2418,#2417,#307,.T.);
#1867=EDGE_CURVE('',#2419,#2418,#308,.T.);
#1868=EDGE_CURVE('',#2419,#2420,#309,.T.);
#1869=EDGE_CURVE('',#2421,#2420,#310,.T.);
#1870=EDGE_CURVE('',#2422,#2421,#311,.T.);
#1871=EDGE_CURVE('',#2423,#2422,#312,.T.);
#1872=EDGE_CURVE('',#2423,#2424,#313,.T.);
#1873=EDGE_CURVE('',#2425,#2424,#314,.T.);
#1874=EDGE_CURVE('',#2426,#2425,#315,.T.);
#1875=EDGE_CURVE('',#2427,#2426,#316,.T.);
#1876=EDGE_CURVE('',#2427,#2428,#317,.T.);
#1877=EDGE_CURVE('',#2429,#2428,#318,.T.);
#1878=EDGE_CURVE('',#2430,#2429,#319,.T.);
#1879=EDGE_CURVE('',#2431,#2430,#320,.T.);
#1880=EDGE_CURVE('',#2431,#2432,#127,.T.);
#1881=EDGE_CURVE('',#2433,#2432,#321,.T.);
#1882=EDGE_CURVE('',#2433,#2434,#128,.T.);
#1883=EDGE_CURVE('',#2434,#2435,#322,.T.);
#1884=EDGE_CURVE('',#2436,#2435,#323,.T.);
#1885=EDGE_CURVE('',#2436,#2437,#324,.T.);
#1886=EDGE_CURVE('',#2437,#2438,#325,.T.);
#1887=EDGE_CURVE('',#2438,#2439,#326,.T.);
#1888=EDGE_CURVE('',#2440,#2439,#327,.T.);
#1889=EDGE_CURVE('',#2440,#2441,#328,.T.);
#1890=EDGE_CURVE('',#2441,#2442,#329,.T.);
#1891=EDGE_CURVE('',#2442,#2443,#330,.T.);
#1892=EDGE_CURVE('',#2444,#2443,#331,.T.);
#1893=EDGE_CURVE('',#2444,#2445,#332,.T.);
#1894=EDGE_CURVE('',#2445,#2446,#333,.T.);
#1895=EDGE_CURVE('',#2446,#2447,#334,.T.);
#1896=EDGE_CURVE('',#2448,#2447,#335,.T.);
#1897=EDGE_CURVE('',#2448,#2449,#336,.T.);
#1898=EDGE_CURVE('',#2449,#2450,#337,.T.);
#1899=EDGE_CURVE('',#2450,#2451,#338,.T.);
#1900=EDGE_CURVE('',#2452,#2451,#339,.T.);
#1901=EDGE_CURVE('',#2452,#2453,#340,.T.);
#1902=EDGE_CURVE('',#2453,#2454,#341,.T.);
#1903=EDGE_CURVE('',#2454,#2455,#342,.T.);
#1904=EDGE_CURVE('',#2456,#2455,#343,.T.);
#1905=EDGE_CURVE('',#2457,#2456,#344,.T.);
#1906=EDGE_CURVE('',#2457,#2458,#345,.T.);
#1907=EDGE_CURVE('',#2459,#2458,#346,.T.);
#1908=EDGE_CURVE('',#2460,#2459,#347,.T.);
#1909=EDGE_CURVE('',#2461,#2460,#348,.T.);
#1910=EDGE_CURVE('',#2461,#2462,#349,.T.);
#1911=EDGE_CURVE('',#2463,#2462,#350,.T.);
#1912=EDGE_CURVE('',#2464,#2463,#351,.T.);
#1913=EDGE_CURVE('',#2465,#2464,#352,.T.);
#1914=EDGE_CURVE('',#2465,#2466,#353,.T.);
#1915=EDGE_CURVE('',#2467,#2466,#354,.T.);
#1916=EDGE_CURVE('',#2468,#2467,#355,.T.);
#1917=EDGE_CURVE('',#2469,#2468,#356,.T.);
#1918=EDGE_CURVE('',#2469,#2470,#357,.T.);
#1919=EDGE_CURVE('',#2471,#2470,#358,.T.);
#1920=EDGE_CURVE('',#2472,#2471,#359,.T.);
#1921=EDGE_CURVE('',#2473,#2472,#360,.T.);
#1922=EDGE_CURVE('',#2473,#2474,#361,.T.);
#1923=EDGE_CURVE('',#2475,#2474,#362,.T.);
#1924=EDGE_CURVE('',#2476,#2475,#363,.T.);
#1925=EDGE_CURVE('',#2477,#2476,#364,.T.);
#1926=EDGE_CURVE('',#2477,#2478,#129,.T.);
#1927=EDGE_CURVE('',#2479,#2478,#365,.T.);
#1928=EDGE_CURVE('',#2479,#2480,#130,.T.);
#1929=EDGE_CURVE('',#2480,#2481,#366,.T.);
#1930=EDGE_CURVE('',#2482,#2481,#367,.T.);
#1931=EDGE_CURVE('',#2482,#2483,#368,.T.);
#1932=EDGE_CURVE('',#2483,#2484,#369,.T.);
#1933=EDGE_CURVE('',#2484,#2485,#370,.T.);
#1934=EDGE_CURVE('',#2486,#2485,#371,.T.);
#1935=EDGE_CURVE('',#2486,#2487,#372,.T.);
#1936=EDGE_CURVE('',#2487,#2488,#373,.T.);
#1937=EDGE_CURVE('',#2488,#2489,#374,.T.);
#1938=EDGE_CURVE('',#2490,#2489,#375,.T.);
#1939=EDGE_CURVE('',#2490,#2491,#376,.T.);
#1940=EDGE_CURVE('',#2491,#2492,#377,.T.);
#1941=EDGE_CURVE('',#2492,#2493,#378,.T.);
#1942=EDGE_CURVE('',#2494,#2493,#379,.T.);
#1943=EDGE_CURVE('',#2494,#2495,#380,.T.);
#1944=EDGE_CURVE('',#2495,#2496,#381,.T.);
#1945=EDGE_CURVE('',#2496,#2497,#382,.T.);
#1946=EDGE_CURVE('',#2498,#2497,#383,.T.);
#1947=EDGE_CURVE('',#2498,#2499,#384,.T.);
#1948=EDGE_CURVE('',#2499,#2500,#385,.T.);
#1949=EDGE_CURVE('',#2500,#2501,#386,.T.);
#1950=EDGE_CURVE('',#2502,#2501,#387,.T.);
#1951=EDGE_CURVE('',#2503,#2502,#388,.T.);
#1952=EDGE_CURVE('',#2503,#2504,#389,.T.);
#1953=EDGE_CURVE('',#2505,#2504,#390,.T.);
#1954=EDGE_CURVE('',#2506,#2505,#391,.T.);
#1955=EDGE_CURVE('',#2507,#2506,#392,.T.);
#1956=EDGE_CURVE('',#2507,#2508,#393,.T.);
#1957=EDGE_CURVE('',#2509,#2508,#394,.T.);
#1958=EDGE_CURVE('',#2510,#2509,#395,.T.);
#1959=EDGE_CURVE('',#2511,#2510,#396,.T.);
#1960=EDGE_CURVE('',#2511,#2512,#397,.T.);
#1961=EDGE_CURVE('',#2513,#2512,#398,.T.);
#1962=EDGE_CURVE('',#2514,#2513,#399,.T.);
#1963=EDGE_CURVE('',#2515,#2514,#400,.T.);
#1964=EDGE_CURVE('',#2515,#2516,#401,.T.);
#1965=EDGE_CURVE('',#2517,#2516,#402,.T.);
#1966=EDGE_CURVE('',#2518,#2517,#403,.T.);
#1967=EDGE_CURVE('',#2519,#2518,#404,.T.);
#1968=EDGE_CURVE('',#2519,#2520,#405,.T.);
#1969=EDGE_CURVE('',#2521,#2520,#406,.T.);
#1970=EDGE_CURVE('',#2522,#2521,#407,.T.);
#1971=EDGE_CURVE('',#2523,#2522,#408,.T.);
#1972=EDGE_CURVE('',#2523,#2524,#131,.T.);
#1973=EDGE_CURVE('',#2525,#2524,#409,.T.);
#1974=EDGE_CURVE('',#2525,#2526,#132,.T.);
#1975=EDGE_CURVE('',#2526,#2527,#410,.T.);
#1976=EDGE_CURVE('',#2528,#2527,#411,.T.);
#1977=EDGE_CURVE('',#2528,#2529,#412,.T.);
#1978=EDGE_CURVE('',#2529,#2530,#413,.T.);
#1979=EDGE_CURVE('',#2530,#2531,#414,.T.);
#1980=EDGE_CURVE('',#2532,#2531,#415,.T.);
#1981=EDGE_CURVE('',#2532,#2533,#416,.T.);
#1982=EDGE_CURVE('',#2533,#2534,#417,.T.);
#1983=EDGE_CURVE('',#2534,#2535,#418,.T.);
#1984=EDGE_CURVE('',#2536,#2535,#419,.T.);
#1985=EDGE_CURVE('',#2536,#2537,#420,.T.);
#1986=EDGE_CURVE('',#2537,#2538,#421,.T.);
#1987=EDGE_CURVE('',#2538,#2539,#422,.T.);
#1988=EDGE_CURVE('',#2540,#2539,#423,.T.);
#1989=EDGE_CURVE('',#2540,#2541,#424,.T.);
#1990=EDGE_CURVE('',#2541,#2542,#425,.T.);
#1991=EDGE_CURVE('',#2542,#2543,#426,.T.);
#1992=EDGE_CURVE('',#2544,#2543,#427,.T.);
#1993=EDGE_CURVE('',#2544,#2545,#428,.T.);
#1994=EDGE_CURVE('',#2545,#2546,#429,.T.);
#1995=EDGE_CURVE('',#2546,#2547,#430,.T.);
#1996=EDGE_CURVE('',#2548,#2547,#431,.T.);
#1997=EDGE_CURVE('',#2549,#2548,#432,.T.);
#1998=EDGE_CURVE('',#2549,#2550,#433,.T.);
#1999=EDGE_CURVE('',#2551,#2550,#434,.T.);
#2000=EDGE_CURVE('',#2552,#2551,#435,.T.);
#2001=EDGE_CURVE('',#2553,#2552,#436,.T.);
#2002=EDGE_CURVE('',#2553,#2554,#437,.T.);
#2003=EDGE_CURVE('',#2555,#2554,#438,.T.);
#2004=EDGE_CURVE('',#2556,#2555,#439,.T.);
#2005=EDGE_CURVE('',#2557,#2556,#440,.T.);
#2006=EDGE_CURVE('',#2557,#2558,#441,.T.);
#2007=EDGE_CURVE('',#2559,#2558,#442,.T.);
#2008=EDGE_CURVE('',#2560,#2559,#443,.T.);
#2009=EDGE_CURVE('',#2561,#2560,#444,.T.);
#2010=EDGE_CURVE('',#2561,#2562,#445,.T.);
#2011=EDGE_CURVE('',#2563,#2562,#446,.T.);
#2012=EDGE_CURVE('',#2564,#2563,#447,.T.);
#2013=EDGE_CURVE('',#2565,#2564,#448,.T.);
#2014=EDGE_CURVE('',#2565,#2566,#449,.T.);
#2015=EDGE_CURVE('',#2567,#2566,#450,.T.);
#2016=EDGE_CURVE('',#2568,#2567,#451,.T.);
#2017=EDGE_CURVE('',#2569,#2568,#452,.T.);
#2018=EDGE_CURVE('',#2569,#2570,#133,.T.);
#2019=EDGE_CURVE('',#2386,#2570,#453,.T.);
#2020=EDGE_CURVE('',#2571,#2572,#134,.T.);
#2021=EDGE_CURVE('',#2572,#2573,#135,.T.);
#2022=EDGE_CURVE('',#2574,#2573,#454,.F.);
#2023=EDGE_CURVE('',#2574,#2575,#455,.T.);
#2024=EDGE_CURVE('',#2575,#2576,#136,.T.);
#2025=EDGE_CURVE('',#2577,#2576,#456,.T.);
#2026=EDGE_CURVE('',#2577,#2578,#457,.T.);
#2027=EDGE_CURVE('',#2578,#2579,#458,.T.);
#2028=EDGE_CURVE('',#2579,#2580,#137,.T.);
#2029=EDGE_CURVE('',#2580,#2581,#459,.T.);
#2030=EDGE_CURVE('',#2581,#2582,#138,.T.);
#2031=EDGE_CURVE('',#2583,#2582,#460,.T.);
#2032=EDGE_CURVE('',#2583,#2584,#461,.T.);
#2033=EDGE_CURVE('',#2584,#2585,#462,.T.);
#2034=EDGE_CURVE('',#2585,#2586,#139,.T.);
#2035=EDGE_CURVE('',#2586,#2587,#463,.T.);
#2036=EDGE_CURVE('',#2587,#2588,#140,.T.);
#2037=EDGE_CURVE('',#2589,#2588,#464,.T.);
#2038=EDGE_CURVE('',#2589,#2590,#465,.T.);
#2039=EDGE_CURVE('',#2590,#2591,#466,.T.);
#2040=EDGE_CURVE('',#2591,#2592,#141,.T.);
#2041=EDGE_CURVE('',#2592,#2593,#467,.T.);
#2042=EDGE_CURVE('',#2593,#2594,#142,.T.);
#2043=EDGE_CURVE('',#2300,#2594,#468,.T.);
#2044=EDGE_CURVE('',#2302,#2595,#469,.T.);
#2045=EDGE_CURVE('',#2595,#2596,#143,.T.);
#2046=EDGE_CURVE('',#2596,#2298,#470,.T.);
#2047=EDGE_CURVE('',#2297,#2597,#144,.T.);
#2048=EDGE_CURVE('',#2597,#2598,#145,.T.);
#2049=EDGE_CURVE('',#2598,#2599,#146,.T.);
#2050=EDGE_CURVE('',#2599,#2600,#147,.T.);
#2051=EDGE_CURVE('',#2600,#2601,#148,.T.);
#2052=EDGE_CURVE('',#2601,#2602,#149,.T.);
#2053=EDGE_CURVE('',#2602,#2571,#150,.T.);
#2054=EDGE_CURVE('',#2410,#2303,#2660,.T.);
#2055=EDGE_CURVE('',#2409,#2304,#2661,.T.);
#2056=EDGE_CURVE('',#2439,#2442,#471,.T.);
#2057=EDGE_CURVE('',#2441,#2440,#472,.T.);
#2058=EDGE_CURVE('',#2435,#2438,#473,.T.);
#2059=EDGE_CURVE('',#2437,#2436,#474,.T.);
#2060=EDGE_CURVE('',#2451,#2454,#475,.T.);
#2061=EDGE_CURVE('',#2453,#2452,#476,.T.);
#2062=EDGE_CURVE('',#2447,#2450,#477,.T.);
#2063=EDGE_CURVE('',#2449,#2448,#478,.T.);
#2064=EDGE_CURVE('',#2443,#2446,#479,.T.);
#2065=EDGE_CURVE('',#2445,#2444,#480,.T.);
#2066=EDGE_CURVE('',#2393,#2396,#481,.T.);
#2067=EDGE_CURVE('',#2395,#2394,#482,.T.);
#2068=EDGE_CURVE('',#2389,#2392,#483,.T.);
#2069=EDGE_CURVE('',#2391,#2390,#484,.T.);
#2070=EDGE_CURVE('',#2405,#2408,#485,.T.);
#2071=EDGE_CURVE('',#2407,#2406,#486,.T.);
#2072=EDGE_CURVE('',#2401,#2404,#487,.T.);
#2073=EDGE_CURVE('',#2403,#2402,#488,.T.);
#2074=EDGE_CURVE('',#2397,#2400,#489,.T.);
#2075=EDGE_CURVE('',#2399,#2398,#490,.T.);
#2076=EDGE_CURVE('',#2603,#2577,#2662,.T.);
#2077=EDGE_CURVE('',#2603,#2604,#491,.T.);
#2078=EDGE_CURVE('',#2604,#2578,#2663,.T.);
#2079=EDGE_CURVE('',#2603,#2605,#2664,.T.);
#2080=EDGE_CURVE('',#2605,#2606,#492,.T.);
#2081=EDGE_CURVE('',#2604,#2606,#2665,.T.);
#2082=EDGE_CURVE('',#2548,#2605,#2666,.T.);
#2083=EDGE_CURVE('',#2547,#2606,#2667,.T.);
#2084=EDGE_CURVE('',#2607,#2583,#2668,.T.);
#2085=EDGE_CURVE('',#2607,#2608,#493,.T.);
#2086=EDGE_CURVE('',#2608,#2584,#2669,.T.);
#2087=EDGE_CURVE('',#2607,#2609,#2670,.T.);
#2088=EDGE_CURVE('',#2609,#2610,#494,.T.);
#2089=EDGE_CURVE('',#2608,#2610,#2671,.T.);
#2090=EDGE_CURVE('',#2502,#2609,#2672,.T.);
#2091=EDGE_CURVE('',#2501,#2610,#2673,.T.);
#2092=EDGE_CURVE('',#2531,#2534,#495,.T.);
#2093=EDGE_CURVE('',#2533,#2532,#496,.T.);
#2094=EDGE_CURVE('',#2527,#2530,#497,.T.);
#2095=EDGE_CURVE('',#2529,#2528,#498,.T.);
#2096=EDGE_CURVE('',#2543,#2546,#499,.T.);
#2097=EDGE_CURVE('',#2545,#2544,#500,.T.);
#2098=EDGE_CURVE('',#2539,#2542,#501,.T.);
#2099=EDGE_CURVE('',#2541,#2540,#502,.T.);
#2100=EDGE_CURVE('',#2535,#2538,#503,.T.);
#2101=EDGE_CURVE('',#2537,#2536,#504,.T.);
#2102=EDGE_CURVE('',#2611,#2612,#505,.T.);
#2103=EDGE_CURVE('',#2612,#2590,#2674,.T.);
#2104=EDGE_CURVE('',#2611,#2589,#2675,.T.);
#2105=EDGE_CURVE('',#2612,#2613,#2676,.T.);
#2106=EDGE_CURVE('',#2611,#2614,#2677,.T.);
#2107=EDGE_CURVE('',#2614,#2613,#506,.T.);
#2108=EDGE_CURVE('',#2455,#2613,#2678,.T.);
#2109=EDGE_CURVE('',#2456,#2614,#2679,.T.);
#2110=EDGE_CURVE('',#2485,#2488,#507,.T.);
#2111=EDGE_CURVE('',#2487,#2486,#508,.T.);
#2112=EDGE_CURVE('',#2481,#2484,#509,.T.);
#2113=EDGE_CURVE('',#2483,#2482,#510,.T.);
#2114=EDGE_CURVE('',#2497,#2500,#511,.T.);
#2115=EDGE_CURVE('',#2499,#2498,#512,.T.);
#2116=EDGE_CURVE('',#2493,#2496,#513,.T.);
#2117=EDGE_CURVE('',#2495,#2494,#514,.T.);
#2118=EDGE_CURVE('',#2489,#2492,#515,.T.);
#2119=EDGE_CURVE('',#2491,#2490,#516,.T.);
#2120=EDGE_CURVE('',#2288,#2615,#2680,.F.);
#2121=EDGE_CURVE('',#2615,#2385,#151,.T.);
#2122=EDGE_CURVE('',#2386,#2574,#152,.T.);
#2123=EDGE_CURVE('',#2573,#2616,#153,.T.);
#2124=EDGE_CURVE('',#2616,#2617,#517,.T.);
#2125=EDGE_CURVE('',#2289,#2617,#518,.T.);
#2126=EDGE_CURVE('',#2292,#2615,#519,.T.);
#2127=EDGE_CURVE('',#2293,#2287,#520,.T.);
#2128=EDGE_CURVE('',#2287,#2618,#2681,.T.);
#2129=EDGE_CURVE('',#2286,#2619,#521,.T.);
#2130=EDGE_CURVE('',#2620,#2619,#2682,.T.);
#2131=EDGE_CURVE('',#2620,#2621,#522,.T.);
#2132=EDGE_CURVE('',#2621,#2622,#2683,.T.);
#2133=EDGE_CURVE('',#2622,#2623,#523,.T.);
#2134=EDGE_CURVE('',#2623,#2624,#2684,.T.);
#2135=EDGE_CURVE('',#2624,#2618,#524,.T.);
#2136=EDGE_CURVE('',#2625,#2625,#525,.T.);
#2137=EDGE_CURVE('',#2626,#2626,#526,.T.);
#2138=EDGE_CURVE('',#2616,#2627,#154,.T.);
#2139=EDGE_CURVE('',#2627,#2617,#2685,.T.);
#2140=EDGE_CURVE('',#2627,#2628,#155,.T.);
#2141=EDGE_CURVE('',#2628,#2629,#527,.T.);
#2142=EDGE_CURVE('',#2629,#2619,#2686,.T.);
#2143=EDGE_CURVE('',#2629,#2630,#2687,.F.);
#2144=EDGE_CURVE('',#2630,#2620,#2688,.T.);
#2145=EDGE_CURVE('',#2630,#2631,#528,.T.);
#2146=EDGE_CURVE('',#2631,#2621,#2689,.T.);
#2147=EDGE_CURVE('',#2631,#2632,#2690,.T.);
#2148=EDGE_CURVE('',#2632,#2622,#2691,.T.);
#2149=EDGE_CURVE('',#2632,#2633,#529,.T.);
#2150=EDGE_CURVE('',#2633,#2623,#2692,.T.);
#2151=EDGE_CURVE('',#2633,#2634,#2693,.T.);
#2152=EDGE_CURVE('',#2634,#2624,#2694,.T.);
#2153=EDGE_CURVE('',#2634,#2635,#530,.T.);
#2154=EDGE_CURVE('',#2635,#2636,#156,.T.);
#2155=EDGE_CURVE('',#2636,#2295,#2695,.T.);
#2156=EDGE_CURVE('',#2294,#2618,#2696,.T.);
#2157=EDGE_CURVE('',#2636,#2296,#157,.T.);
#2158=EDGE_CURVE('',#2637,#2637,#531,.T.);
#2159=EDGE_CURVE('',#2638,#2638,#532,.T.);
#2160=EDGE_CURVE('',#2639,#2640,#533,.T.);
#2161=EDGE_CURVE('',#2640,#2641,#158,.T.);
#2162=EDGE_CURVE('',#2641,#2642,#534,.T.);
#2163=EDGE_CURVE('',#2642,#2643,#535,.F.);
#2164=EDGE_CURVE('',#2643,#2644,#2697,.F.);
#2165=EDGE_CURVE('',#2644,#2645,#536,.F.);
#2166=EDGE_CURVE('',#2645,#2646,#2698,.F.);
#2167=EDGE_CURVE('',#2646,#2647,#537,.F.);
#2168=EDGE_CURVE('',#2647,#2648,#2699,.T.);
#2169=EDGE_CURVE('',#2648,#2639,#538,.F.);
#2170=EDGE_CURVE('',#2383,#2381,#539,.T.);
#2171=EDGE_CURVE('',#2384,#2382,#540,.T.);
#2172=EDGE_CURVE('',#2379,#2377,#541,.T.);
#2173=EDGE_CURVE('',#2380,#2378,#542,.T.);
#2174=EDGE_CURVE('',#2375,#2373,#543,.T.);
#2175=EDGE_CURVE('',#2376,#2374,#544,.T.);
#2176=EDGE_CURVE('',#2371,#2369,#545,.T.);
#2177=EDGE_CURVE('',#2372,#2370,#546,.T.);
#2178=EDGE_CURVE('',#2367,#2365,#547,.T.);
#2179=EDGE_CURVE('',#2368,#2366,#548,.T.);
#2180=EDGE_CURVE('',#2426,#2423,#549,.T.);
#2181=EDGE_CURVE('',#2424,#2425,#550,.T.);
#2182=EDGE_CURVE('',#2430,#2427,#551,.T.);
#2183=EDGE_CURVE('',#2428,#2429,#552,.T.);
#2184=EDGE_CURVE('',#2414,#2411,#553,.T.);
#2185=EDGE_CURVE('',#2412,#2413,#554,.T.);
#2186=EDGE_CURVE('',#2418,#2415,#555,.T.);
#2187=EDGE_CURVE('',#2416,#2417,#556,.T.);
#2188=EDGE_CURVE('',#2422,#2419,#557,.T.);
#2189=EDGE_CURVE('',#2420,#2421,#558,.T.);
#2190=EDGE_CURVE('',#2363,#2361,#559,.T.);
#2191=EDGE_CURVE('',#2364,#2362,#560,.T.);
#2192=EDGE_CURVE('',#2359,#2357,#561,.T.);
#2193=EDGE_CURVE('',#2360,#2358,#562,.T.);
#2194=EDGE_CURVE('',#2355,#2353,#563,.T.);
#2195=EDGE_CURVE('',#2356,#2354,#564,.T.);
#2196=EDGE_CURVE('',#2351,#2349,#565,.T.);
#2197=EDGE_CURVE('',#2352,#2350,#566,.T.);
#2198=EDGE_CURVE('',#2347,#2345,#567,.T.);
#2199=EDGE_CURVE('',#2348,#2346,#568,.T.);
#2200=EDGE_CURVE('',#2472,#2469,#569,.T.);
#2201=EDGE_CURVE('',#2470,#2471,#570,.T.);
#2202=EDGE_CURVE('',#2476,#2473,#571,.T.);
#2203=EDGE_CURVE('',#2474,#2475,#572,.T.);
#2204=EDGE_CURVE('',#2460,#2457,#573,.T.);
#2205=EDGE_CURVE('',#2458,#2459,#574,.T.);
#2206=EDGE_CURVE('',#2464,#2461,#575,.T.);
#2207=EDGE_CURVE('',#2462,#2463,#576,.T.);
#2208=EDGE_CURVE('',#2468,#2465,#577,.T.);
#2209=EDGE_CURVE('',#2466,#2467,#578,.T.);
#2210=EDGE_CURVE('',#2343,#2341,#579,.T.);
#2211=EDGE_CURVE('',#2344,#2342,#580,.T.);
#2212=EDGE_CURVE('',#2339,#2337,#581,.T.);
#2213=EDGE_CURVE('',#2340,#2338,#582,.T.);
#2214=EDGE_CURVE('',#2335,#2333,#583,.T.);
#2215=EDGE_CURVE('',#2336,#2334,#584,.T.);
#2216=EDGE_CURVE('',#2331,#2329,#585,.T.);
#2217=EDGE_CURVE('',#2332,#2330,#586,.T.);
#2218=EDGE_CURVE('',#2327,#2325,#587,.T.);
#2219=EDGE_CURVE('',#2328,#2326,#588,.T.);
#2220=EDGE_CURVE('',#2518,#2515,#589,.T.);
#2221=EDGE_CURVE('',#2516,#2517,#590,.T.);
#2222=EDGE_CURVE('',#2522,#2519,#591,.T.);
#2223=EDGE_CURVE('',#2520,#2521,#592,.T.);
#2224=EDGE_CURVE('',#2506,#2503,#593,.T.);
#2225=EDGE_CURVE('',#2504,#2505,#594,.T.);
#2226=EDGE_CURVE('',#2510,#2507,#595,.T.);
#2227=EDGE_CURVE('',#2508,#2509,#596,.T.);
#2228=EDGE_CURVE('',#2514,#2511,#597,.T.);
#2229=EDGE_CURVE('',#2512,#2513,#598,.T.);
#2230=EDGE_CURVE('',#2323,#2321,#599,.T.);
#2231=EDGE_CURVE('',#2324,#2322,#600,.T.);
#2232=EDGE_CURVE('',#2319,#2317,#601,.T.);
#2233=EDGE_CURVE('',#2320,#2318,#602,.T.);
#2234=EDGE_CURVE('',#2315,#2313,#603,.T.);
#2235=EDGE_CURVE('',#2316,#2314,#604,.T.);
#2236=EDGE_CURVE('',#2311,#2309,#605,.T.);
#2237=EDGE_CURVE('',#2312,#2310,#606,.T.);
#2238=EDGE_CURVE('',#2307,#2305,#607,.T.);
#2239=EDGE_CURVE('',#2308,#2306,#608,.T.);
#2240=EDGE_CURVE('',#2564,#2561,#609,.T.);
#2241=EDGE_CURVE('',#2562,#2563,#610,.T.);
#2242=EDGE_CURVE('',#2568,#2565,#611,.T.);
#2243=EDGE_CURVE('',#2566,#2567,#612,.T.);
#2244=EDGE_CURVE('',#2552,#2549,#613,.T.);
#2245=EDGE_CURVE('',#2550,#2551,#614,.T.);
#2246=EDGE_CURVE('',#2556,#2553,#615,.T.);
#2247=EDGE_CURVE('',#2554,#2555,#616,.T.);
#2248=EDGE_CURVE('',#2560,#2557,#617,.T.);
#2249=EDGE_CURVE('',#2558,#2559,#618,.T.);
#2250=EDGE_CURVE('',#2478,#2587,#159,.T.);
#2251=EDGE_CURVE('',#2586,#2479,#160,.T.);
#2252=EDGE_CURVE('',#2480,#2585,#161,.T.);
#2253=EDGE_CURVE('',#2588,#2477,#162,.T.);
#2254=EDGE_CURVE('',#2524,#2581,#163,.T.);
#2255=EDGE_CURVE('',#2580,#2525,#164,.T.);
#2256=EDGE_CURVE('',#2526,#2579,#165,.T.);
#2257=EDGE_CURVE('',#2582,#2523,#166,.T.);
#2258=EDGE_CURVE('',#2570,#2575,#167,.T.);
#2259=EDGE_CURVE('',#2576,#2569,#168,.T.);
#2260=EDGE_CURVE('',#2596,#2387,#169,.T.);
#2261=EDGE_CURVE('',#2388,#2595,#170,.T.);
#2262=EDGE_CURVE('',#2432,#2593,#171,.T.);
#2263=EDGE_CURVE('',#2592,#2433,#172,.T.);
#2264=EDGE_CURVE('',#2434,#2591,#173,.T.);
#2265=EDGE_CURVE('',#2594,#2431,#174,.T.);
#2266=EDGE_CURVE('',#2649,#2639,#619,.T.);
#2267=EDGE_CURVE('',#2649,#2640,#175,.T.);
#2268=EDGE_CURVE('',#2628,#2649,#176,.T.);
#2269=EDGE_CURVE('',#2629,#2648,#620,.T.);
#2270=EDGE_CURVE('',#2630,#2647,#621,.T.);
#2271=EDGE_CURVE('',#2631,#2646,#622,.T.);
#2272=EDGE_CURVE('',#2632,#2645,#623,.T.);
#2273=EDGE_CURVE('',#2633,#2644,#624,.T.);
#2274=EDGE_CURVE('',#2634,#2643,#625,.T.);
#2275=EDGE_CURVE('',#2650,#2642,#626,.T.);
#2276=EDGE_CURVE('',#2650,#2635,#177,.T.);
#2277=EDGE_CURVE('',#2641,#2650,#178,.T.);
#2278=EDGE_CURVE('',#2597,#2636,#179,.F.);
#2279=EDGE_CURVE('',#2598,#2635,#180,.F.);
#2280=EDGE_CURVE('',#2599,#2650,#181,.F.);
#2281=EDGE_CURVE('',#2600,#2641,#182,.F.);
#2282=EDGE_CURVE('',#2601,#2640,#183,.F.);
#2283=EDGE_CURVE('',#2627,#2572,#184,.F.);
#2284=EDGE_CURVE('',#2602,#2649,#185,.F.);
#2285=EDGE_CURVE('',#2628,#2571,#186,.F.);
#2286=VERTEX_POINT('',#5510);
#2287=VERTEX_POINT('',#5511);
#2288=VERTEX_POINT('',#5513);
#2289=VERTEX_POINT('',#5515);
#2290=VERTEX_POINT('',#5519);
#2291=VERTEX_POINT('',#5520);
#2292=VERTEX_POINT('',#5527);
#2293=VERTEX_POINT('',#5529);
#2294=VERTEX_POINT('',#5531);
#2295=VERTEX_POINT('',#5533);
#2296=VERTEX_POINT('',#5535);
#2297=VERTEX_POINT('',#5541);
#2298=VERTEX_POINT('',#5543);
#2299=VERTEX_POINT('',#5550);
#2300=VERTEX_POINT('',#5551);
#2301=VERTEX_POINT('',#5553);
#2302=VERTEX_POINT('',#5555);
#2303=VERTEX_POINT('',#5559);
#2304=VERTEX_POINT('',#5561);
#2305=VERTEX_POINT('',#5565);
#2306=VERTEX_POINT('',#5566);
#2307=VERTEX_POINT('',#5568);
#2308=VERTEX_POINT('',#5570);
#2309=VERTEX_POINT('',#5573);
#2310=VERTEX_POINT('',#5574);
#2311=VERTEX_POINT('',#5576);
#2312=VERTEX_POINT('',#5578);
#2313=VERTEX_POINT('',#5581);
#2314=VERTEX_POINT('',#5582);
#2315=VERTEX_POINT('',#5584);
#2316=VERTEX_POINT('',#5586);
#2317=VERTEX_POINT('',#5589);
#2318=VERTEX_POINT('',#5590);
#2319=VERTEX_POINT('',#5592);
#2320=VERTEX_POINT('',#5594);
#2321=VERTEX_POINT('',#5597);
#2322=VERTEX_POINT('',#5598);
#2323=VERTEX_POINT('',#5600);
#2324=VERTEX_POINT('',#5602);
#2325=VERTEX_POINT('',#5605);
#2326=VERTEX_POINT('',#5606);
#2327=VERTEX_POINT('',#5608);
#2328=VERTEX_POINT('',#5610);
#2329=VERTEX_POINT('',#5613);
#2330=VERTEX_POINT('',#5614);
#2331=VERTEX_POINT('',#5616);
#2332=VERTEX_POINT('',#5618);
#2333=VERTEX_POINT('',#5621);
#2334=VERTEX_POINT('',#5622);
#2335=VERTEX_POINT('',#5624);
#2336=VERTEX_POINT('',#5626);
#2337=VERTEX_POINT('',#5629);
#2338=VERTEX_POINT('',#5630);
#2339=VERTEX_POINT('',#5632);
#2340=VERTEX_POINT('',#5634);
#2341=VERTEX_POINT('',#5637);
#2342=VERTEX_POINT('',#5638);
#2343=VERTEX_POINT('',#5640);
#2344=VERTEX_POINT('',#5642);
#2345=VERTEX_POINT('',#5645);
#2346=VERTEX_POINT('',#5646);
#2347=VERTEX_POINT('',#5648);
#2348=VERTEX_POINT('',#5650);
#2349=VERTEX_POINT('',#5653);
#2350=VERTEX_POINT('',#5654);
#2351=VERTEX_POINT('',#5656);
#2352=VERTEX_POINT('',#5658);
#2353=VERTEX_POINT('',#5661);
#2354=VERTEX_POINT('',#5662);
#2355=VERTEX_POINT('',#5664);
#2356=VERTEX_POINT('',#5666);
#2357=VERTEX_POINT('',#5669);
#2358=VERTEX_POINT('',#5670);
#2359=VERTEX_POINT('',#5672);
#2360=VERTEX_POINT('',#5674);
#2361=VERTEX_POINT('',#5677);
#2362=VERTEX_POINT('',#5678);
#2363=VERTEX_POINT('',#5680);
#2364=VERTEX_POINT('',#5682);
#2365=VERTEX_POINT('',#5685);
#2366=VERTEX_POINT('',#5686);
#2367=VERTEX_POINT('',#5688);
#2368=VERTEX_POINT('',#5690);
#2369=VERTEX_POINT('',#5693);
#2370=VERTEX_POINT('',#5694);
#2371=VERTEX_POINT('',#5696);
#2372=VERTEX_POINT('',#5698);
#2373=VERTEX_POINT('',#5701);
#2374=VERTEX_POINT('',#5702);
#2375=VERTEX_POINT('',#5704);
#2376=VERTEX_POINT('',#5706);
#2377=VERTEX_POINT('',#5709);
#2378=VERTEX_POINT('',#5710);
#2379=VERTEX_POINT('',#5712);
#2380=VERTEX_POINT('',#5714);
#2381=VERTEX_POINT('',#5717);
#2382=VERTEX_POINT('',#5718);
#2383=VERTEX_POINT('',#5720);
#2384=VERTEX_POINT('',#5722);
#2385=VERTEX_POINT('',#5725);
#2386=VERTEX_POINT('',#5726);
#2387=VERTEX_POINT('',#5729);
#2388=VERTEX_POINT('',#5735);
#2389=VERTEX_POINT('',#5737);
#2390=VERTEX_POINT('',#5739);
#2391=VERTEX_POINT('',#5741);
#2392=VERTEX_POINT('',#5743);
#2393=VERTEX_POINT('',#5745);
#2394=VERTEX_POINT('',#5747);
#2395=VERTEX_POINT('',#5749);
#2396=VERTEX_POINT('',#5751);
#2397=VERTEX_POINT('',#5753);
#2398=VERTEX_POINT('',#5755);
#2399=VERTEX_POINT('',#5757);
#2400=VERTEX_POINT('',#5759);
#2401=VERTEX_POINT('',#5761);
#2402=VERTEX_POINT('',#5763);
#2403=VERTEX_POINT('',#5765);
#2404=VERTEX_POINT('',#5767);
#2405=VERTEX_POINT('',#5769);
#2406=VERTEX_POINT('',#5771);
#2407=VERTEX_POINT('',#5773);
#2408=VERTEX_POINT('',#5775);
#2409=VERTEX_POINT('',#5777);
#2410=VERTEX_POINT('',#5779);
#2411=VERTEX_POINT('',#5781);
#2412=VERTEX_POINT('',#5783);
#2413=VERTEX_POINT('',#5785);
#2414=VERTEX_POINT('',#5787);
#2415=VERTEX_POINT('',#5789);
#2416=VERTEX_POINT('',#5791);
#2417=VERTEX_POINT('',#5793);
#2418=VERTEX_POINT('',#5795);
#2419=VERTEX_POINT('',#5797);
#2420=VERTEX_POINT('',#5799);
#2421=VERTEX_POINT('',#5801);
#2422=VERTEX_POINT('',#5803);
#2423=VERTEX_POINT('',#5805);
#2424=VERTEX_POINT('',#5807);
#2425=VERTEX_POINT('',#5809);
#2426=VERTEX_POINT('',#5811);
#2427=VERTEX_POINT('',#5813);
#2428=VERTEX_POINT('',#5815);
#2429=VERTEX_POINT('',#5817);
#2430=VERTEX_POINT('',#5819);
#2431=VERTEX_POINT('',#5821);
#2432=VERTEX_POINT('',#5827);
#2433=VERTEX_POINT('',#5829);
#2434=VERTEX_POINT('',#5835);
#2435=VERTEX_POINT('',#5837);
#2436=VERTEX_POINT('',#5839);
#2437=VERTEX_POINT('',#5841);
#2438=VERTEX_POINT('',#5843);
#2439=VERTEX_POINT('',#5845);
#2440=VERTEX_POINT('',#5847);
#2441=VERTEX_POINT('',#5849);
#2442=VERTEX_POINT('',#5851);
#2443=VERTEX_POINT('',#5853);
#2444=VERTEX_POINT('',#5855);
#2445=VERTEX_POINT('',#5857);
#2446=VERTEX_POINT('',#5859);
#2447=VERTEX_POINT('',#5861);
#2448=VERTEX_POINT('',#5863);
#2449=VERTEX_POINT('',#5865);
#2450=VERTEX_POINT('',#5867);
#2451=VERTEX_POINT('',#5869);
#2452=VERTEX_POINT('',#5871);
#2453=VERTEX_POINT('',#5873);
#2454=VERTEX_POINT('',#5875);
#2455=VERTEX_POINT('',#5877);
#2456=VERTEX_POINT('',#5879);
#2457=VERTEX_POINT('',#5881);
#2458=VERTEX_POINT('',#5883);
#2459=VERTEX_POINT('',#5885);
#2460=VERTEX_POINT('',#5887);
#2461=VERTEX_POINT('',#5889);
#2462=VERTEX_POINT('',#5891);
#2463=VERTEX_POINT('',#5893);
#2464=VERTEX_POINT('',#5895);
#2465=VERTEX_POINT('',#5897);
#2466=VERTEX_POINT('',#5899);
#2467=VERTEX_POINT('',#5901);
#2468=VERTEX_POINT('',#5903);
#2469=VERTEX_POINT('',#5905);
#2470=VERTEX_POINT('',#5907);
#2471=VERTEX_POINT('',#5909);
#2472=VERTEX_POINT('',#5911);
#2473=VERTEX_POINT('',#5913);
#2474=VERTEX_POINT('',#5915);
#2475=VERTEX_POINT('',#5917);
#2476=VERTEX_POINT('',#5919);
#2477=VERTEX_POINT('',#5921);
#2478=VERTEX_POINT('',#5927);
#2479=VERTEX_POINT('',#5929);
#2480=VERTEX_POINT('',#5935);
#2481=VERTEX_POINT('',#5937);
#2482=VERTEX_POINT('',#5939);
#2483=VERTEX_POINT('',#5941);
#2484=VERTEX_POINT('',#5943);
#2485=VERTEX_POINT('',#5945);
#2486=VERTEX_POINT('',#5947);
#2487=VERTEX_POINT('',#5949);
#2488=VERTEX_POINT('',#5951);
#2489=VERTEX_POINT('',#5953);
#2490=VERTEX_POINT('',#5955);
#2491=VERTEX_POINT('',#5957);
#2492=VERTEX_POINT('',#5959);
#2493=VERTEX_POINT('',#5961);
#2494=VERTEX_POINT('',#5963);
#2495=VERTEX_POINT('',#5965);
#2496=VERTEX_POINT('',#5967);
#2497=VERTEX_POINT('',#5969);
#2498=VERTEX_POINT('',#5971);
#2499=VERTEX_POINT('',#5973);
#2500=VERTEX_POINT('',#5975);
#2501=VERTEX_POINT('',#5977);
#2502=VERTEX_POINT('',#5979);
#2503=VERTEX_POINT('',#5981);
#2504=VERTEX_POINT('',#5983);
#2505=VERTEX_POINT('',#5985);
#2506=VERTEX_POINT('',#5987);
#2507=VERTEX_POINT('',#5989);
#2508=VERTEX_POINT('',#5991);
#2509=VERTEX_POINT('',#5993);
#2510=VERTEX_POINT('',#5995);
#2511=VERTEX_POINT('',#5997);
#2512=VERTEX_POINT('',#5999);
#2513=VERTEX_POINT('',#6001);
#2514=VERTEX_POINT('',#6003);
#2515=VERTEX_POINT('',#6005);
#2516=VERTEX_POINT('',#6007);
#2517=VERTEX_POINT('',#6009);
#2518=VERTEX_POINT('',#6011);
#2519=VERTEX_POINT('',#6013);
#2520=VERTEX_POINT('',#6015);
#2521=VERTEX_POINT('',#6017);
#2522=VERTEX_POINT('',#6019);
#2523=VERTEX_POINT('',#6021);
#2524=VERTEX_POINT('',#6027);
#2525=VERTEX_POINT('',#6029);
#2526=VERTEX_POINT('',#6035);
#2527=VERTEX_POINT('',#6037);
#2528=VERTEX_POINT('',#6039);
#2529=VERTEX_POINT('',#6041);
#2530=VERTEX_POINT('',#6043);
#2531=VERTEX_POINT('',#6045);
#2532=VERTEX_POINT('',#6047);
#2533=VERTEX_POINT('',#6049);
#2534=VERTEX_POINT('',#6051);
#2535=VERTEX_POINT('',#6053);
#2536=VERTEX_POINT('',#6055);
#2537=VERTEX_POINT('',#6057);
#2538=VERTEX_POINT('',#6059);
#2539=VERTEX_POINT('',#6061);
#2540=VERTEX_POINT('',#6063);
#2541=VERTEX_POINT('',#6065);
#2542=VERTEX_POINT('',#6067);
#2543=VERTEX_POINT('',#6069);
#2544=VERTEX_POINT('',#6071);
#2545=VERTEX_POINT('',#6073);
#2546=VERTEX_POINT('',#6075);
#2547=VERTEX_POINT('',#6077);
#2548=VERTEX_POINT('',#6079);
#2549=VERTEX_POINT('',#6081);
#2550=VERTEX_POINT('',#6083);
#2551=VERTEX_POINT('',#6085);
#2552=VERTEX_POINT('',#6087);
#2553=VERTEX_POINT('',#6089);
#2554=VERTEX_POINT('',#6091);
#2555=VERTEX_POINT('',#6093);
#2556=VERTEX_POINT('',#6095);
#2557=VERTEX_POINT('',#6097);
#2558=VERTEX_POINT('',#6099);
#2559=VERTEX_POINT('',#6101);
#2560=VERTEX_POINT('',#6103);
#2561=VERTEX_POINT('',#6105);
#2562=VERTEX_POINT('',#6107);
#2563=VERTEX_POINT('',#6109);
#2564=VERTEX_POINT('',#6111);
#2565=VERTEX_POINT('',#6113);
#2566=VERTEX_POINT('',#6115);
#2567=VERTEX_POINT('',#6117);
#2568=VERTEX_POINT('',#6119);
#2569=VERTEX_POINT('',#6121);
#2570=VERTEX_POINT('',#6127);
#2571=VERTEX_POINT('',#6144);
#2572=VERTEX_POINT('',#6145);
#2573=VERTEX_POINT('',#6179);
#2574=VERTEX_POINT('',#6181);
#2575=VERTEX_POINT('',#6183);
#2576=VERTEX_POINT('',#6189);
#2577=VERTEX_POINT('',#6191);
#2578=VERTEX_POINT('',#6193);
#2579=VERTEX_POINT('',#6195);
#2580=VERTEX_POINT('',#6201);
#2581=VERTEX_POINT('',#6203);
#2582=VERTEX_POINT('',#6209);
#2583=VERTEX_POINT('',#6211);
#2584=VERTEX_POINT('',#6213);
#2585=VERTEX_POINT('',#6215);
#2586=VERTEX_POINT('',#6221);
#2587=VERTEX_POINT('',#6223);
#2588=VERTEX_POINT('',#6229);
#2589=VERTEX_POINT('',#6231);
#2590=VERTEX_POINT('',#6233);
#2591=VERTEX_POINT('',#6235);
#2592=VERTEX_POINT('',#6241);
#2593=VERTEX_POINT('',#6243);
#2594=VERTEX_POINT('',#6249);
#2595=VERTEX_POINT('',#6252);
#2596=VERTEX_POINT('',#6258);
#2597=VERTEX_POINT('',#6294);
#2598=VERTEX_POINT('',#6307);
#2599=VERTEX_POINT('',#6312);
#2600=VERTEX_POINT('',#6341);
#2601=VERTEX_POINT('',#6386);
#2602=VERTEX_POINT('',#6406);
#2603=VERTEX_POINT('',#6451);
#2604=VERTEX_POINT('',#6453);
#2605=VERTEX_POINT('',#6457);
#2606=VERTEX_POINT('',#6459);
#2607=VERTEX_POINT('',#6466);
#2608=VERTEX_POINT('',#6468);
#2609=VERTEX_POINT('',#6472);
#2610=VERTEX_POINT('',#6474);
#2611=VERTEX_POINT('',#6496);
#2612=VERTEX_POINT('',#6497);
#2613=VERTEX_POINT('',#6502);
#2614=VERTEX_POINT('',#6504);
#2615=VERTEX_POINT('',#6526);
#2616=VERTEX_POINT('',#6542);
#2617=VERTEX_POINT('',#6544);
#2618=VERTEX_POINT('',#6551);
#2619=VERTEX_POINT('',#6553);
#2620=VERTEX_POINT('',#6555);
#2621=VERTEX_POINT('',#6557);
#2622=VERTEX_POINT('',#6559);
#2623=VERTEX_POINT('',#6561);
#2624=VERTEX_POINT('',#6563);
#2625=VERTEX_POINT('',#6566);
#2626=VERTEX_POINT('',#6568);
#2627=VERTEX_POINT('',#6600);
#2628=VERTEX_POINT('',#6612);
#2629=VERTEX_POINT('',#6614);
#2630=VERTEX_POINT('',#6618);
#2631=VERTEX_POINT('',#6622);
#2632=VERTEX_POINT('',#6626);
#2633=VERTEX_POINT('',#6630);
#2634=VERTEX_POINT('',#6634);
#2635=VERTEX_POINT('',#6638);
#2636=VERTEX_POINT('',#6648);
#2637=VERTEX_POINT('',#6685);
#2638=VERTEX_POINT('',#6688);
#2639=VERTEX_POINT('',#6691);
#2640=VERTEX_POINT('',#6692);
#2641=VERTEX_POINT('',#6740);
#2642=VERTEX_POINT('',#6742);
#2643=VERTEX_POINT('',#6744);
#2644=VERTEX_POINT('',#6746);
#2645=VERTEX_POINT('',#6748);
#2646=VERTEX_POINT('',#6750);
#2647=VERTEX_POINT('',#6752);
#2648=VERTEX_POINT('',#6754);
#2649=VERTEX_POINT('',#7132);
#2650=VERTEX_POINT('',#7175);
#2651=LINE('',#5509,#2700);
#2652=LINE('',#5514,#2701);
#2653=LINE('',#5516,#2702);
#2654=LINE('',#5528,#2703);
#2655=LINE('',#5530,#2704);
#2656=LINE('',#5549,#2705);
#2657=LINE('',#5554,#2706);
#2658=LINE('',#5558,#2707);
#2659=LINE('',#5562,#2708);
#2660=LINE('',#6417,#2709);
#2661=LINE('',#6418,#2710);
#2662=LINE('',#6450,#2711);
#2663=LINE('',#6454,#2712);
#2664=LINE('',#6456,#2713);
#2665=LINE('',#6460,#2714);
#2666=LINE('',#6462,#2715);
#2667=LINE('',#6463,#2716);
#2668=LINE('',#6465,#2717);
#2669=LINE('',#6469,#2718);
#2670=LINE('',#6471,#2719);
#2671=LINE('',#6475,#2720);
#2672=LINE('',#6477,#2721);
#2673=LINE('',#6478,#2722);
#2674=LINE('',#6498,#2723);
#2675=LINE('',#6499,#2724);
#2676=LINE('',#6501,#2725);
#2677=LINE('',#6503,#2726);
#2678=LINE('',#6507,#2727);
#2679=LINE('',#6508,#2728);
#2680=LINE('',#6525,#2729);
#2681=LINE('',#6550,#2730);
#2682=LINE('',#6554,#2731);
#2683=LINE('',#6558,#2732);
#2684=LINE('',#6562,#2733);
#2685=LINE('',#6601,#2734);
#2686=LINE('',#6615,#2735);
#2687=LINE('',#6617,#2736);
#2688=LINE('',#6619,#2737);
#2689=LINE('',#6623,#2738);
#2690=LINE('',#6625,#2739);
#2691=LINE('',#6627,#2740);
#2692=LINE('',#6631,#2741);
#2693=LINE('',#6633,#2742);
#2694=LINE('',#6635,#2743);
#2695=LINE('',#6649,#2744);
#2696=LINE('',#6650,#2745);
#2697=LINE('',#6745,#2746);
#2698=LINE('',#6749,#2747);
#2699=LINE('',#6753,#2748);
#2700=VECTOR('',#4190,1.);
#2701=VECTOR('',#4193,1.);
#2702=VECTOR('',#4194,1.);
#2703=VECTOR('',#4199,1.);
#2704=VECTOR('',#4200,1.);
#2705=VECTOR('',#4209,1.);
#2706=VECTOR('',#4212,1.);
#2707=VECTOR('',#4217,1.);
#2708=VECTOR('',#4220,1.);
#2709=VECTOR('',#4779,1.);
#2710=VECTOR('',#4780,1.);
#2711=VECTOR('',#4843,1.);
#2712=VECTOR('',#4846,1.);
#2713=VECTOR('',#4849,1.);
#2714=VECTOR('',#4852,1.);
#2715=VECTOR('',#4855,1.);
#2716=VECTOR('',#4856,1.);
#2717=VECTOR('',#4859,1.);
#2718=VECTOR('',#4862,1.);
#2719=VECTOR('',#4865,1.);
#2720=VECTOR('',#4868,1.);
#2721=VECTOR('',#4871,1.);
#2722=VECTOR('',#4872,1.);
#2723=VECTOR('',#4907,1.);
#2724=VECTOR('',#4908,1.);
#2725=VECTOR('',#4911,1.);
#2726=VECTOR('',#4912,1.);
#2727=VECTOR('',#4917,1.);
#2728=VECTOR('',#4918,1.);
#2729=VECTOR('',#4951,1.);
#2730=VECTOR('',#4964,1.);
#2731=VECTOR('',#4967,1.);
#2732=VECTOR('',#4970,1.);
#2733=VECTOR('',#4973,1.);
#2734=VECTOR('',#4982,1.);
#2735=VECTOR('',#4987,1.);
#2736=VECTOR('',#4990,1.);
#2737=VECTOR('',#4991,1.);
#2738=VECTOR('',#4996,1.);
#2739=VECTOR('',#4999,1.);
#2740=VECTOR('',#5000,1.);
#2741=VECTOR('',#5005,1.);
#2742=VECTOR('',#5008,1.);
#2743=VECTOR('',#5009,1.);
#2744=VECTOR('',#5014,1.);
#2745=VECTOR('',#5015,1.);
#2746=VECTOR('',#5034,1.);
#2747=VECTOR('',#5037,1.);
#2748=VECTOR('',#5040,1.);
#2749=EDGE_LOOP('',(#627,#628,#629,#630));
#2750=EDGE_LOOP('',(#631,#632,#633,#634,#635,#636,#637,#638,#639));
#2751=EDGE_LOOP('',(#640,#641,#642,#643));
#2752=EDGE_LOOP('',(#644,#645,#646,#647));
#2753=EDGE_LOOP('',(#648,#649,#650,#651));
#2754=EDGE_LOOP('',(#652,#653,#654,#655));
#2755=EDGE_LOOP('',(#656,#657,#658,#659));
#2756=EDGE_LOOP('',(#660,#661,#662,#663));
#2757=EDGE_LOOP('',(#664,#665,#666,#667));
#2758=EDGE_LOOP('',(#668,#669,#670,#671));
#2759=EDGE_LOOP('',(#672,#673,#674,#675));
#2760=EDGE_LOOP('',(#676,#677,#678,#679));
#2761=EDGE_LOOP('',(#680,#681,#682,#683));
#2762=EDGE_LOOP('',(#684,#685,#686,#687));
#2763=EDGE_LOOP('',(#688,#689,#690,#691));
#2764=EDGE_LOOP('',(#692,#693,#694,#695));
#2765=EDGE_LOOP('',(#696,#697,#698,#699));
#2766=EDGE_LOOP('',(#700,#701,#702,#703));
#2767=EDGE_LOOP('',(#704,#705,#706,#707));
#2768=EDGE_LOOP('',(#708,#709,#710,#711));
#2769=EDGE_LOOP('',(#712,#713,#714,#715));
#2770=EDGE_LOOP('',(#716,#717,#718,#719));
#2771=EDGE_LOOP('',(#720,#721,#722,#723));
#2772=EDGE_LOOP('',(#724,#725,#726,#727));
#2773=EDGE_LOOP('',(#728,#729,#730,#731,#732,#733,#734,#735,#736,#737,#738,
#739,#740,#741,#742,#743,#744,#745,#746,#747,#748,#749,#750,#751,#752,#753,
#754,#755,#756,#757,#758,#759,#760,#761,#762,#763,#764,#765,#766,#767,#768,
#769,#770,#771,#772,#773,#774,#775,#776,#777,#778,#779,#780,#781,#782,#783,
#784,#785,#786,#787,#788,#789,#790,#791,#792,#793,#794,#795,#796,#797,#798,
#799,#800,#801,#802,#803,#804,#805,#806,#807,#808,#809,#810,#811,#812,#813,
#814,#815,#816,#817,#818,#819,#820,#821,#822,#823,#824,#825,#826,#827,#828,
#829,#830,#831,#832,#833,#834,#835,#836,#837,#838,#839,#840,#841,#842,#843,
#844,#845,#846,#847,#848,#849,#850,#851,#852,#853,#854,#855,#856,#857,#858,
#859,#860,#861,#862,#863,#864,#865,#866,#867,#868,#869,#870,#871,#872,#873,
#874,#875,#876,#877,#878,#879,#880,#881,#882,#883,#884,#885,#886,#887,#888,
#889,#890,#891,#892,#893,#894,#895,#896,#897,#898,#899,#900,#901,#902,#903,
#904,#905,#906,#907,#908,#909,#910,#911,#912,#913,#914,#915));
#2774=EDGE_LOOP('',(#916,#917,#918,#919,#920,#921,#922,#923,#924,#925,#926,
#927,#928,#929,#930,#931,#932,#933,#934,#935,#936,#937,#938,#939,#940,#941,
#942,#943,#944,#945,#946,#947,#948,#949,#950,#951));
#2775=EDGE_LOOP('',(#952,#953,#954,#955));
#2776=EDGE_LOOP('',(#956,#957,#958,#959));
#2777=EDGE_LOOP('',(#960,#961,#962,#963));
#2778=EDGE_LOOP('',(#964,#965,#966,#967));
#2779=EDGE_LOOP('',(#968,#969,#970,#971));
#2780=EDGE_LOOP('',(#972,#973,#974,#975));
#2781=EDGE_LOOP('',(#976,#977,#978,#979));
#2782=EDGE_LOOP('',(#980,#981,#982,#983));
#2783=EDGE_LOOP('',(#984,#985,#986,#987));
#2784=EDGE_LOOP('',(#988,#989,#990,#991));
#2785=EDGE_LOOP('',(#992,#993,#994,#995));
#2786=EDGE_LOOP('',(#996,#997,#998,#999));
#2787=EDGE_LOOP('',(#1000,#1001,#1002,#1003));
#2788=EDGE_LOOP('',(#1004,#1005,#1006,#1007));
#2789=EDGE_LOOP('',(#1008,#1009,#1010,#1011));
#2790=EDGE_LOOP('',(#1012,#1013,#1014,#1015));
#2791=EDGE_LOOP('',(#1016,#1017,#1018,#1019));
#2792=EDGE_LOOP('',(#1020,#1021,#1022,#1023));
#2793=EDGE_LOOP('',(#1024,#1025,#1026,#1027));
#2794=EDGE_LOOP('',(#1028,#1029,#1030,#1031));
#2795=EDGE_LOOP('',(#1032,#1033,#1034,#1035));
#2796=EDGE_LOOP('',(#1036,#1037,#1038,#1039));
#2797=EDGE_LOOP('',(#1040,#1041,#1042,#1043));
#2798=EDGE_LOOP('',(#1044,#1045,#1046,#1047));
#2799=EDGE_LOOP('',(#1048,#1049,#1050,#1051));
#2800=EDGE_LOOP('',(#1052,#1053,#1054,#1055));
#2801=EDGE_LOOP('',(#1056,#1057,#1058,#1059));
#2802=EDGE_LOOP('',(#1060,#1061,#1062,#1063));
#2803=EDGE_LOOP('',(#1064,#1065,#1066,#1067));
#2804=EDGE_LOOP('',(#1068,#1069,#1070,#1071));
#2805=EDGE_LOOP('',(#1072,#1073,#1074,#1075,#1076,#1077,#1078,#1079,#1080));
#2806=EDGE_LOOP('',(#1081,#1082,#1083,#1084,#1085));
#2807=EDGE_LOOP('',(#1086,#1087,#1088,#1089,#1090,#1091,#1092,#1093,#1094));
#2808=EDGE_LOOP('',(#1095));
#2809=EDGE_LOOP('',(#1096));
#2810=EDGE_LOOP('',(#1097,#1098,#1099));
#2811=EDGE_LOOP('',(#1100,#1101,#1102,#1103,#1104,#1105,#1106));
#2812=EDGE_LOOP('',(#1107,#1108,#1109,#1110));
#2813=EDGE_LOOP('',(#1111,#1112,#1113,#1114));
#2814=EDGE_LOOP('',(#1115,#1116,#1117,#1118));
#2815=EDGE_LOOP('',(#1119,#1120,#1121,#1122));
#2816=EDGE_LOOP('',(#1123,#1124,#1125,#1126));
#2817=EDGE_LOOP('',(#1127,#1128,#1129,#1130,#1131,#1132,#1133));
#2818=EDGE_LOOP('',(#1134,#1135,#1136));
#2819=EDGE_LOOP('',(#1137));
#2820=EDGE_LOOP('',(#1138));
#2821=EDGE_LOOP('',(#1139));
#2822=EDGE_LOOP('',(#1140));
#2823=EDGE_LOOP('',(#1141,#1142,#1143,#1144,#1145,#1146,#1147,#1148,#1149,
#1150));
#2824=EDGE_LOOP('',(#1151));
#2825=EDGE_LOOP('',(#1152));
#2826=EDGE_LOOP('',(#1153,#1154,#1155,#1156));
#2827=EDGE_LOOP('',(#1157,#1158));
#2828=EDGE_LOOP('',(#1159,#1160));
#2829=EDGE_LOOP('',(#1161,#1162));
#2830=EDGE_LOOP('',(#1163,#1164));
#2831=EDGE_LOOP('',(#1165,#1166));
#2832=EDGE_LOOP('',(#1167,#1168,#1169,#1170));
#2833=EDGE_LOOP('',(#1171,#1172));
#2834=EDGE_LOOP('',(#1173,#1174));
#2835=EDGE_LOOP('',(#1175,#1176,#1177,#1178));
#2836=EDGE_LOOP('',(#1179,#1180));
#2837=EDGE_LOOP('',(#1181,#1182));
#2838=EDGE_LOOP('',(#1183,#1184,#1185,#1186));
#2839=EDGE_LOOP('',(#1187,#1188));
#2840=EDGE_LOOP('',(#1189,#1190));
#2841=EDGE_LOOP('',(#1191,#1192,#1193,#1194));
#2842=EDGE_LOOP('',(#1195,#1196));
#2843=EDGE_LOOP('',(#1197,#1198));
#2844=EDGE_LOOP('',(#1199,#1200,#1201,#1202));
#2845=EDGE_LOOP('',(#1203,#1204));
#2846=EDGE_LOOP('',(#1205,#1206));
#2847=EDGE_LOOP('',(#1207,#1208,#1209,#1210));
#2848=EDGE_LOOP('',(#1211,#1212));
#2849=EDGE_LOOP('',(#1213,#1214));
#2850=EDGE_LOOP('',(#1215,#1216,#1217,#1218));
#2851=EDGE_LOOP('',(#1219,#1220));
#2852=EDGE_LOOP('',(#1221,#1222));
#2853=EDGE_LOOP('',(#1223,#1224,#1225,#1226));
#2854=EDGE_LOOP('',(#1227,#1228));
#2855=EDGE_LOOP('',(#1229,#1230));
#2856=EDGE_LOOP('',(#1231,#1232,#1233,#1234));
#2857=EDGE_LOOP('',(#1235,#1236));
#2858=EDGE_LOOP('',(#1237,#1238));
#2859=EDGE_LOOP('',(#1239,#1240,#1241,#1242));
#2860=EDGE_LOOP('',(#1243,#1244));
#2861=EDGE_LOOP('',(#1245,#1246));
#2862=EDGE_LOOP('',(#1247,#1248,#1249,#1250));
#2863=EDGE_LOOP('',(#1251,#1252));
#2864=EDGE_LOOP('',(#1253,#1254));
#2865=EDGE_LOOP('',(#1255,#1256,#1257,#1258));
#2866=EDGE_LOOP('',(#1259,#1260));
#2867=EDGE_LOOP('',(#1261,#1262));
#2868=EDGE_LOOP('',(#1263,#1264,#1265,#1266));
#2869=EDGE_LOOP('',(#1267,#1268));
#2870=EDGE_LOOP('',(#1269,#1270));
#2871=EDGE_LOOP('',(#1271,#1272,#1273,#1274));
#2872=EDGE_LOOP('',(#1275,#1276));
#2873=EDGE_LOOP('',(#1277,#1278));
#2874=EDGE_LOOP('',(#1279,#1280,#1281,#1282));
#2875=EDGE_LOOP('',(#1283,#1284));
#2876=EDGE_LOOP('',(#1285,#1286));
#2877=EDGE_LOOP('',(#1287,#1288,#1289,#1290));
#2878=EDGE_LOOP('',(#1291,#1292));
#2879=EDGE_LOOP('',(#1293,#1294));
#2880=EDGE_LOOP('',(#1295,#1296,#1297,#1298));
#2881=EDGE_LOOP('',(#1299,#1300));
#2882=EDGE_LOOP('',(#1301,#1302));
#2883=EDGE_LOOP('',(#1303,#1304,#1305,#1306));
#2884=EDGE_LOOP('',(#1307,#1308));
#2885=EDGE_LOOP('',(#1309,#1310));
#2886=EDGE_LOOP('',(#1311,#1312,#1313,#1314));
#2887=EDGE_LOOP('',(#1315,#1316));
#2888=EDGE_LOOP('',(#1317,#1318));
#2889=EDGE_LOOP('',(#1319,#1320,#1321,#1322));
#2890=EDGE_LOOP('',(#1323,#1324));
#2891=EDGE_LOOP('',(#1325,#1326));
#2892=EDGE_LOOP('',(#1327,#1328,#1329,#1330));
#2893=EDGE_LOOP('',(#1331,#1332));
#2894=EDGE_LOOP('',(#1333,#1334));
#2895=EDGE_LOOP('',(#1335,#1336,#1337,#1338));
#2896=EDGE_LOOP('',(#1339,#1340));
#2897=EDGE_LOOP('',(#1341,#1342));
#2898=EDGE_LOOP('',(#1343,#1344,#1345,#1346));
#2899=EDGE_LOOP('',(#1347,#1348));
#2900=EDGE_LOOP('',(#1349,#1350));
#2901=EDGE_LOOP('',(#1351,#1352,#1353,#1354));
#2902=EDGE_LOOP('',(#1355,#1356));
#2903=EDGE_LOOP('',(#1357,#1358));
#2904=EDGE_LOOP('',(#1359,#1360,#1361,#1362));
#2905=EDGE_LOOP('',(#1363,#1364));
#2906=EDGE_LOOP('',(#1365,#1366));
#2907=EDGE_LOOP('',(#1367,#1368,#1369,#1370));
#2908=EDGE_LOOP('',(#1371,#1372));
#2909=EDGE_LOOP('',(#1373,#1374));
#2910=EDGE_LOOP('',(#1375,#1376,#1377,#1378));
#2911=EDGE_LOOP('',(#1379,#1380));
#2912=EDGE_LOOP('',(#1381,#1382));
#2913=EDGE_LOOP('',(#1383,#1384,#1385,#1386));
#2914=EDGE_LOOP('',(#1387,#1388));
#2915=EDGE_LOOP('',(#1389,#1390));
#2916=EDGE_LOOP('',(#1391,#1392,#1393,#1394));
#2917=EDGE_LOOP('',(#1395,#1396));
#2918=EDGE_LOOP('',(#1397,#1398));
#2919=EDGE_LOOP('',(#1399,#1400,#1401,#1402));
#2920=EDGE_LOOP('',(#1403,#1404));
#2921=EDGE_LOOP('',(#1405,#1406));
#2922=EDGE_LOOP('',(#1407,#1408,#1409,#1410));
#2923=EDGE_LOOP('',(#1411,#1412));
#2924=EDGE_LOOP('',(#1413,#1414));
#2925=EDGE_LOOP('',(#1415,#1416,#1417,#1418));
#2926=EDGE_LOOP('',(#1419,#1420));
#2927=EDGE_LOOP('',(#1421,#1422));
#2928=EDGE_LOOP('',(#1423,#1424,#1425,#1426));
#2929=EDGE_LOOP('',(#1427,#1428));
#2930=EDGE_LOOP('',(#1429,#1430));
#2931=EDGE_LOOP('',(#1431,#1432,#1433,#1434));
#2932=EDGE_LOOP('',(#1435,#1436));
#2933=EDGE_LOOP('',(#1437,#1438));
#2934=EDGE_LOOP('',(#1439,#1440,#1441,#1442));
#2935=EDGE_LOOP('',(#1443,#1444));
#2936=EDGE_LOOP('',(#1445,#1446));
#2937=EDGE_LOOP('',(#1447,#1448,#1449,#1450));
#2938=EDGE_LOOP('',(#1451,#1452));
#2939=EDGE_LOOP('',(#1453,#1454,#1455,#1456));
#2940=EDGE_LOOP('',(#1457,#1458));
#2941=EDGE_LOOP('',(#1459,#1460,#1461,#1462));
#2942=EDGE_LOOP('',(#1463,#1464));
#2943=EDGE_LOOP('',(#1465,#1466,#1467,#1468));
#2944=EDGE_LOOP('',(#1469,#1470));
#2945=EDGE_LOOP('',(#1471,#1472,#1473,#1474));
#2946=EDGE_LOOP('',(#1475,#1476));
#2947=EDGE_LOOP('',(#1477,#1478,#1479,#1480));
#2948=EDGE_LOOP('',(#1481,#1482,#1483,#1484,#1485,#1486,#1487,#1488,#1489,
#1490,#1491,#1492,#1493,#1494,#1495,#1496));
#2949=EDGE_LOOP('',(#1497,#1498,#1499,#1500,#1501,#1502,#1503,#1504,#1505,
#1506,#1507,#1508,#1509,#1510,#1511,#1512));
#2950=EDGE_LOOP('',(#1513,#1514,#1515,#1516));
#2951=EDGE_LOOP('',(#1517,#1518,#1519,#1520,#1521,#1522,#1523,#1524,#1525,
#1526,#1527,#1528,#1529,#1530,#1531,#1532));
#2952=EDGE_LOOP('',(#1533,#1534,#1535,#1536,#1537,#1538,#1539,#1540,#1541,
#1542,#1543,#1544,#1545,#1546,#1547,#1548));
#2953=EDGE_LOOP('',(#1549,#1550,#1551,#1552));
#2954=EDGE_LOOP('',(#1553,#1554,#1555,#1556,#1557,#1558,#1559,#1560,#1561,
#1562,#1563,#1564,#1565,#1566,#1567,#1568));
#2955=EDGE_LOOP('',(#1569,#1570,#1571,#1572));
#2956=EDGE_LOOP('',(#1573,#1574,#1575,#1576,#1577,#1578,#1579,#1580,#1581,
#1582,#1583,#1584,#1585,#1586,#1587,#1588));
#2957=EDGE_LOOP('',(#1589,#1590,#1591,#1592));
#2958=EDGE_LOOP('',(#1593,#1594,#1595,#1596,#1597,#1598,#1599,#1600,#1601,
#1602,#1603,#1604,#1605,#1606,#1607,#1608));
#2959=EDGE_LOOP('',(#1609,#1610,#1611,#1612,#1613,#1614,#1615,#1616,#1617,
#1618,#1619,#1620,#1621,#1622,#1623,#1624));
#2960=EDGE_LOOP('',(#1625,#1626,#1627,#1628));
#2961=EDGE_LOOP('',(#1629,#1630,#1631,#1632));
#2962=EDGE_LOOP('',(#1633,#1634,#1635,#1636));
#2963=EDGE_LOOP('',(#1637,#1638,#1639,#1640));
#2964=EDGE_LOOP('',(#1641,#1642,#1643,#1644));
#2965=EDGE_LOOP('',(#1645,#1646,#1647,#1648));
#2966=EDGE_LOOP('',(#1649,#1650,#1651,#1652));
#2967=EDGE_LOOP('',(#1653,#1654,#1655,#1656));
#2968=EDGE_LOOP('',(#1657,#1658,#1659));
#2969=EDGE_LOOP('',(#1660,#1661,#1662,#1663,#1664));
#2970=EDGE_LOOP('',(#1665,#1666,#1667,#1668));
#2971=EDGE_LOOP('',(#1669,#1670,#1671,#1672));
#2972=EDGE_LOOP('',(#1673,#1674,#1675,#1676));
#2973=EDGE_LOOP('',(#1677,#1678,#1679,#1680));
#2974=EDGE_LOOP('',(#1681,#1682,#1683,#1684));
#2975=EDGE_LOOP('',(#1685,#1686,#1687,#1688,#1689));
#2976=EDGE_LOOP('',(#1690,#1691,#1692));
#2977=EDGE_LOOP('',(#1693,#1694,#1695,#1696));
#2978=EDGE_LOOP('',(#1697,#1698,#1699,#1700));
#2979=EDGE_LOOP('',(#1701,#1702,#1703,#1704));
#2980=EDGE_LOOP('',(#1705,#1706,#1707,#1708));
#2981=EDGE_LOOP('',(#1709,#1710,#1711,#1712));
#2982=EDGE_LOOP('',(#1713,#1714,#1715,#1716));
#2983=EDGE_LOOP('',(#1717,#1718,#1719,#1720));
#2984=EDGE_LOOP('',(#1721,#1722,#1723,#1724));
#2985=EDGE_LOOP('',(#1725,#1726,#1727,#1728));
#2986=EDGE_LOOP('',(#1729,#1730,#1731,#1732));
#2987=FACE_BOUND('',#2749,.T.);
#2988=FACE_BOUND('',#2750,.T.);
#2989=FACE_BOUND('',#2751,.T.);
#2990=FACE_BOUND('',#2752,.T.);
#2991=FACE_BOUND('',#2753,.T.);
#2992=FACE_BOUND('',#2754,.T.);
#2993=FACE_BOUND('',#2755,.T.);
#2994=FACE_BOUND('',#2756,.T.);
#2995=FACE_BOUND('',#2757,.T.);
#2996=FACE_BOUND('',#2758,.T.);
#2997=FACE_BOUND('',#2759,.T.);
#2998=FACE_BOUND('',#2760,.T.);
#2999=FACE_BOUND('',#2761,.T.);
#3000=FACE_BOUND('',#2762,.T.);
#3001=FACE_BOUND('',#2763,.T.);
#3002=FACE_BOUND('',#2764,.T.);
#3003=FACE_BOUND('',#2765,.T.);
#3004=FACE_BOUND('',#2766,.T.);
#3005=FACE_BOUND('',#2767,.T.);
#3006=FACE_BOUND('',#2768,.T.);
#3007=FACE_BOUND('',#2769,.T.);
#3008=FACE_BOUND('',#2770,.T.);
#3009=FACE_BOUND('',#2771,.T.);
#3010=FACE_BOUND('',#2772,.T.);
#3011=FACE_BOUND('',#2773,.T.);
#3012=FACE_BOUND('',#2774,.T.);
#3013=FACE_BOUND('',#2775,.T.);
#3014=FACE_BOUND('',#2776,.T.);
#3015=FACE_BOUND('',#2777,.T.);
#3016=FACE_BOUND('',#2778,.T.);
#3017=FACE_BOUND('',#2779,.T.);
#3018=FACE_BOUND('',#2780,.T.);
#3019=FACE_BOUND('',#2781,.T.);
#3020=FACE_BOUND('',#2782,.T.);
#3021=FACE_BOUND('',#2783,.T.);
#3022=FACE_BOUND('',#2784,.T.);
#3023=FACE_BOUND('',#2785,.T.);
#3024=FACE_BOUND('',#2786,.T.);
#3025=FACE_BOUND('',#2787,.T.);
#3026=FACE_BOUND('',#2788,.T.);
#3027=FACE_BOUND('',#2789,.T.);
#3028=FACE_BOUND('',#2790,.T.);
#3029=FACE_BOUND('',#2791,.T.);
#3030=FACE_BOUND('',#2792,.T.);
#3031=FACE_BOUND('',#2793,.T.);
#3032=FACE_BOUND('',#2794,.T.);
#3033=FACE_BOUND('',#2795,.T.);
#3034=FACE_BOUND('',#2796,.T.);
#3035=FACE_BOUND('',#2797,.T.);
#3036=FACE_BOUND('',#2798,.T.);
#3037=FACE_BOUND('',#2799,.T.);
#3038=FACE_BOUND('',#2800,.T.);
#3039=FACE_BOUND('',#2801,.T.);
#3040=FACE_BOUND('',#2802,.T.);
#3041=FACE_BOUND('',#2803,.T.);
#3042=FACE_BOUND('',#2804,.T.);
#3043=FACE_BOUND('',#2805,.T.);
#3044=FACE_BOUND('',#2806,.T.);
#3045=FACE_BOUND('',#2807,.T.);
#3046=FACE_BOUND('',#2808,.T.);
#3047=FACE_BOUND('',#2809,.T.);
#3048=FACE_BOUND('',#2810,.T.);
#3049=FACE_BOUND('',#2811,.T.);
#3050=FACE_BOUND('',#2812,.T.);
#3051=FACE_BOUND('',#2813,.T.);
#3052=FACE_BOUND('',#2814,.T.);
#3053=FACE_BOUND('',#2815,.T.);
#3054=FACE_BOUND('',#2816,.T.);
#3055=FACE_BOUND('',#2817,.T.);
#3056=FACE_BOUND('',#2818,.T.);
#3057=FACE_BOUND('',#2819,.T.);
#3058=FACE_BOUND('',#2820,.T.);
#3059=FACE_BOUND('',#2821,.T.);
#3060=FACE_BOUND('',#2822,.T.);
#3061=FACE_BOUND('',#2823,.T.);
#3062=FACE_BOUND('',#2824,.T.);
#3063=FACE_BOUND('',#2825,.T.);
#3064=FACE_BOUND('',#2826,.T.);
#3065=FACE_BOUND('',#2827,.T.);
#3066=FACE_BOUND('',#2828,.T.);
#3067=FACE_BOUND('',#2829,.T.);
#3068=FACE_BOUND('',#2830,.T.);
#3069=FACE_BOUND('',#2831,.T.);
#3070=FACE_BOUND('',#2832,.T.);
#3071=FACE_BOUND('',#2833,.T.);
#3072=FACE_BOUND('',#2834,.T.);
#3073=FACE_BOUND('',#2835,.T.);
#3074=FACE_BOUND('',#2836,.T.);
#3075=FACE_BOUND('',#2837,.T.);
#3076=FACE_BOUND('',#2838,.T.);
#3077=FACE_BOUND('',#2839,.T.);
#3078=FACE_BOUND('',#2840,.T.);
#3079=FACE_BOUND('',#2841,.T.);
#3080=FACE_BOUND('',#2842,.T.);
#3081=FACE_BOUND('',#2843,.T.);
#3082=FACE_BOUND('',#2844,.T.);
#3083=FACE_BOUND('',#2845,.T.);
#3084=FACE_BOUND('',#2846,.T.);
#3085=FACE_BOUND('',#2847,.T.);
#3086=FACE_BOUND('',#2848,.T.);
#3087=FACE_BOUND('',#2849,.T.);
#3088=FACE_BOUND('',#2850,.T.);
#3089=FACE_BOUND('',#2851,.T.);
#3090=FACE_BOUND('',#2852,.T.);
#3091=FACE_BOUND('',#2853,.T.);
#3092=FACE_BOUND('',#2854,.T.);
#3093=FACE_BOUND('',#2855,.T.);
#3094=FACE_BOUND('',#2856,.T.);
#3095=FACE_BOUND('',#2857,.T.);
#3096=FACE_BOUND('',#2858,.T.);
#3097=FACE_BOUND('',#2859,.T.);
#3098=FACE_BOUND('',#2860,.T.);
#3099=FACE_BOUND('',#2861,.T.);
#3100=FACE_BOUND('',#2862,.T.);
#3101=FACE_BOUND('',#2863,.T.);
#3102=FACE_BOUND('',#2864,.T.);
#3103=FACE_BOUND('',#2865,.T.);
#3104=FACE_BOUND('',#2866,.T.);
#3105=FACE_BOUND('',#2867,.T.);
#3106=FACE_BOUND('',#2868,.T.);
#3107=FACE_BOUND('',#2869,.T.);
#3108=FACE_BOUND('',#2870,.T.);
#3109=FACE_BOUND('',#2871,.T.);
#3110=FACE_BOUND('',#2872,.T.);
#3111=FACE_BOUND('',#2873,.T.);
#3112=FACE_BOUND('',#2874,.T.);
#3113=FACE_BOUND('',#2875,.T.);
#3114=FACE_BOUND('',#2876,.T.);
#3115=FACE_BOUND('',#2877,.T.);
#3116=FACE_BOUND('',#2878,.T.);
#3117=FACE_BOUND('',#2879,.T.);
#3118=FACE_BOUND('',#2880,.T.);
#3119=FACE_BOUND('',#2881,.T.);
#3120=FACE_BOUND('',#2882,.T.);
#3121=FACE_BOUND('',#2883,.T.);
#3122=FACE_BOUND('',#2884,.T.);
#3123=FACE_BOUND('',#2885,.T.);
#3124=FACE_BOUND('',#2886,.T.);
#3125=FACE_BOUND('',#2887,.T.);
#3126=FACE_BOUND('',#2888,.T.);
#3127=FACE_BOUND('',#2889,.T.);
#3128=FACE_BOUND('',#2890,.T.);
#3129=FACE_BOUND('',#2891,.T.);
#3130=FACE_BOUND('',#2892,.T.);
#3131=FACE_BOUND('',#2893,.T.);
#3132=FACE_BOUND('',#2894,.T.);
#3133=FACE_BOUND('',#2895,.T.);
#3134=FACE_BOUND('',#2896,.T.);
#3135=FACE_BOUND('',#2897,.T.);
#3136=FACE_BOUND('',#2898,.T.);
#3137=FACE_BOUND('',#2899,.T.);
#3138=FACE_BOUND('',#2900,.T.);
#3139=FACE_BOUND('',#2901,.T.);
#3140=FACE_BOUND('',#2902,.T.);
#3141=FACE_BOUND('',#2903,.T.);
#3142=FACE_BOUND('',#2904,.T.);
#3143=FACE_BOUND('',#2905,.T.);
#3144=FACE_BOUND('',#2906,.T.);
#3145=FACE_BOUND('',#2907,.T.);
#3146=FACE_BOUND('',#2908,.T.);
#3147=FACE_BOUND('',#2909,.T.);
#3148=FACE_BOUND('',#2910,.T.);
#3149=FACE_BOUND('',#2911,.T.);
#3150=FACE_BOUND('',#2912,.T.);
#3151=FACE_BOUND('',#2913,.T.);
#3152=FACE_BOUND('',#2914,.T.);
#3153=FACE_BOUND('',#2915,.T.);
#3154=FACE_BOUND('',#2916,.T.);
#3155=FACE_BOUND('',#2917,.T.);
#3156=FACE_BOUND('',#2918,.T.);
#3157=FACE_BOUND('',#2919,.T.);
#3158=FACE_BOUND('',#2920,.T.);
#3159=FACE_BOUND('',#2921,.T.);
#3160=FACE_BOUND('',#2922,.T.);
#3161=FACE_BOUND('',#2923,.T.);
#3162=FACE_BOUND('',#2924,.T.);
#3163=FACE_BOUND('',#2925,.T.);
#3164=FACE_BOUND('',#2926,.T.);
#3165=FACE_BOUND('',#2927,.T.);
#3166=FACE_BOUND('',#2928,.T.);
#3167=FACE_BOUND('',#2929,.T.);
#3168=FACE_BOUND('',#2930,.T.);
#3169=FACE_BOUND('',#2931,.T.);
#3170=FACE_BOUND('',#2932,.T.);
#3171=FACE_BOUND('',#2933,.T.);
#3172=FACE_BOUND('',#2934,.T.);
#3173=FACE_BOUND('',#2935,.T.);
#3174=FACE_BOUND('',#2936,.T.);
#3175=FACE_BOUND('',#2937,.T.);
#3176=FACE_BOUND('',#2938,.T.);
#3177=FACE_BOUND('',#2939,.T.);
#3178=FACE_BOUND('',#2940,.T.);
#3179=FACE_BOUND('',#2941,.T.);
#3180=FACE_BOUND('',#2942,.T.);
#3181=FACE_BOUND('',#2943,.T.);
#3182=FACE_BOUND('',#2944,.T.);
#3183=FACE_BOUND('',#2945,.T.);
#3184=FACE_BOUND('',#2946,.T.);
#3185=FACE_BOUND('',#2947,.T.);
#3186=FACE_BOUND('',#2948,.T.);
#3187=FACE_BOUND('',#2949,.T.);
#3188=FACE_BOUND('',#2950,.T.);
#3189=FACE_BOUND('',#2951,.T.);
#3190=FACE_BOUND('',#2952,.T.);
#3191=FACE_BOUND('',#2953,.T.);
#3192=FACE_BOUND('',#2954,.T.);
#3193=FACE_BOUND('',#2955,.T.);
#3194=FACE_BOUND('',#2956,.T.);
#3195=FACE_BOUND('',#2957,.T.);
#3196=FACE_BOUND('',#2958,.T.);
#3197=FACE_BOUND('',#2959,.T.);
#3198=FACE_BOUND('',#2960,.T.);
#3199=FACE_BOUND('',#2961,.T.);
#3200=FACE_BOUND('',#2962,.T.);
#3201=FACE_BOUND('',#2963,.T.);
#3202=FACE_BOUND('',#2964,.T.);
#3203=FACE_BOUND('',#2965,.T.);
#3204=FACE_BOUND('',#2966,.T.);
#3205=FACE_BOUND('',#2967,.T.);
#3206=FACE_BOUND('',#2968,.T.);
#3207=FACE_BOUND('',#2969,.T.);
#3208=FACE_BOUND('',#2970,.T.);
#3209=FACE_BOUND('',#2971,.T.);
#3210=FACE_BOUND('',#2972,.T.);
#3211=FACE_BOUND('',#2973,.T.);
#3212=FACE_BOUND('',#2974,.T.);
#3213=FACE_BOUND('',#2975,.T.);
#3214=FACE_BOUND('',#2976,.T.);
#3215=FACE_BOUND('',#2977,.T.);
#3216=FACE_BOUND('',#2978,.T.);
#3217=FACE_BOUND('',#2979,.T.);
#3218=FACE_BOUND('',#2980,.T.);
#3219=FACE_BOUND('',#2981,.T.);
#3220=FACE_BOUND('',#2982,.T.);
#3221=FACE_BOUND('',#2983,.T.);
#3222=FACE_BOUND('',#2984,.T.);
#3223=FACE_BOUND('',#2985,.T.);
#3224=FACE_BOUND('',#2986,.T.);
#3225=PLANE('',#3551);
#3226=PLANE('',#3553);
#3227=PLANE('',#3841);
#3228=PLANE('',#3876);
#3229=PLANE('',#3881);
#3230=PLANE('',#3901);
#3231=PLANE('',#3917);
#3232=PLANE('',#3923);
#3233=PLANE('',#3933);
#3234=PLANE('',#3936);
#3235=PLANE('',#3939);
#3236=PLANE('',#3947);
#3237=PLANE('',#3954);
#3238=PLANE('',#3955);
#3239=PLANE('',#3956);
#3240=PLANE('',#3957);
#3241=PLANE('',#3958);
#3242=PLANE('',#3959);
#3243=PLANE('',#3963);
#3244=PLANE('',#3964);
#3245=PLANE('',#3968);
#3246=PLANE('',#3969);
#3247=PLANE('',#3973);
#3248=PLANE('',#3974);
#3249=PLANE('',#3978);
#3250=PLANE('',#3979);
#3251=PLANE('',#3983);
#3252=PLANE('',#3984);
#3253=PLANE('',#3988);
#3254=PLANE('',#3989);
#3255=PLANE('',#3993);
#3256=PLANE('',#3994);
#3257=PLANE('',#3998);
#3258=PLANE('',#3999);
#3259=PLANE('',#4003);
#3260=PLANE('',#4004);
#3261=PLANE('',#4008);
#3262=PLANE('',#4009);
#3263=PLANE('',#4013);
#3264=PLANE('',#4014);
#3265=PLANE('',#4018);
#3266=PLANE('',#4019);
#3267=PLANE('',#4023);
#3268=PLANE('',#4024);
#3269=PLANE('',#4028);
#3270=PLANE('',#4029);
#3271=PLANE('',#4033);
#3272=PLANE('',#4034);
#3273=PLANE('',#4038);
#3274=PLANE('',#4039);
#3275=PLANE('',#4043);
#3276=PLANE('',#4044);
#3277=PLANE('',#4048);
#3278=PLANE('',#4049);
#3279=PLANE('',#4053);
#3280=PLANE('',#4054);
#3281=PLANE('',#4058);
#3282=PLANE('',#4059);
#3283=PLANE('',#4063);
#3284=PLANE('',#4064);
#3285=PLANE('',#4068);
#3286=PLANE('',#4069);
#3287=PLANE('',#4073);
#3288=PLANE('',#4074);
#3289=PLANE('',#4078);
#3290=PLANE('',#4079);
#3291=PLANE('',#4083);
#3292=PLANE('',#4084);
#3293=PLANE('',#4088);
#3294=PLANE('',#4089);
#3295=PLANE('',#4093);
#3296=PLANE('',#4094);
#3297=PLANE('',#4098);
#3298=PLANE('',#4099);
#3299=PLANE('',#4103);
#3300=PLANE('',#4104);
#3301=PLANE('',#4108);
#3302=PLANE('',#4109);
#3303=PLANE('',#4113);
#3304=PLANE('',#4114);
#3305=PLANE('',#4118);
#3306=PLANE('',#4119);
#3307=PLANE('',#4123);
#3308=PLANE('',#4124);
#3309=PLANE('',#4128);
#3310=PLANE('',#4129);
#3311=PLANE('',#4133);
#3312=PLANE('',#4134);
#3313=PLANE('',#4138);
#3314=PLANE('',#4142);
#3315=PLANE('',#4146);
#3316=PLANE('',#4150);
#3317=PLANE('',#4154);
#3318=PLANE('',#4156);
#3319=PLANE('',#4157);
#3320=PLANE('',#4159);
#3321=PLANE('',#4160);
#3322=PLANE('',#4162);
#3323=PLANE('',#4164);
#3324=PLANE('',#4166);
#3325=PLANE('',#4167);
#3326=ADVANCED_FACE('',(#2987),#3225,.F.);
#3327=ADVANCED_FACE('',(#2988),#3226,.F.);
#3328=ADVANCED_FACE('',(#2989),#110,.T.);
#3329=ADVANCED_FACE('',(#2990),#111,.T.);
#3330=ADVANCED_FACE('',(#2991,#2992,#2993,#2994,#2995,#2996,#2997,#2998,
#2999,#3000,#3001,#3002,#3003,#3004,#3005,#3006,#3007,#3008,#3009,#3010,
#3011),#108,.F.);
#3331=ADVANCED_FACE('',(#3012),#109,.T.);
#3332=ADVANCED_FACE('',(#3013),#3227,.F.);
#3333=ADVANCED_FACE('',(#3014),#41,.F.);
#3334=ADVANCED_FACE('',(#3015),#42,.F.);
#3335=ADVANCED_FACE('',(#3016),#43,.F.);
#3336=ADVANCED_FACE('',(#3017),#44,.F.);
#3337=ADVANCED_FACE('',(#3018),#45,.F.);
#3338=ADVANCED_FACE('',(#3019),#46,.F.);
#3339=ADVANCED_FACE('',(#3020),#47,.F.);
#3340=ADVANCED_FACE('',(#3021),#48,.F.);
#3341=ADVANCED_FACE('',(#3022),#49,.F.);
#3342=ADVANCED_FACE('',(#3023),#50,.F.);
#3343=ADVANCED_FACE('',(#3024),#112,.T.);
#3344=ADVANCED_FACE('',(#3025),#113,.T.);
#3345=ADVANCED_FACE('',(#3026),#3228,.F.);
#3346=ADVANCED_FACE('',(#3027),#114,.T.);
#3347=ADVANCED_FACE('',(#3028),#115,.T.);
#3348=ADVANCED_FACE('',(#3029),#3229,.F.);
#3349=ADVANCED_FACE('',(#3030),#51,.F.);
#3350=ADVANCED_FACE('',(#3031),#52,.F.);
#3351=ADVANCED_FACE('',(#3032),#53,.F.);
#3352=ADVANCED_FACE('',(#3033),#54,.F.);
#3353=ADVANCED_FACE('',(#3034),#55,.F.);
#3354=ADVANCED_FACE('',(#3035),#116,.T.);
#3355=ADVANCED_FACE('',(#3036),#117,.T.);
#3356=ADVANCED_FACE('',(#3037),#3230,.F.);
#3357=ADVANCED_FACE('',(#3038),#56,.F.);
#3358=ADVANCED_FACE('',(#3039),#57,.F.);
#3359=ADVANCED_FACE('',(#3040),#58,.F.);
#3360=ADVANCED_FACE('',(#3041),#59,.F.);
#3361=ADVANCED_FACE('',(#3042),#60,.F.);
#3362=ADVANCED_FACE('',(#3043),#3231,.F.);
#3363=ADVANCED_FACE('',(#3044),#29,.F.);
#3364=ADVANCED_FACE('',(#3045,#3046,#3047),#3232,.T.);
#3365=ADVANCED_FACE('',(#3048),#30,.F.);
#3366=ADVANCED_FACE('',(#3049),#31,.T.);
#3367=ADVANCED_FACE('',(#3050),#3233,.F.);
#3368=ADVANCED_FACE('',(#3051),#32,.T.);
#3369=ADVANCED_FACE('',(#3052),#3234,.T.);
#3370=ADVANCED_FACE('',(#3053),#33,.T.);
#3371=ADVANCED_FACE('',(#3054),#3235,.T.);
#3372=ADVANCED_FACE('',(#3055),#34,.T.);
#3373=ADVANCED_FACE('',(#3056),#35,.F.);
#3374=ADVANCED_FACE('',(#3057,#3058),#36,.F.);
#3375=ADVANCED_FACE('',(#3059,#3060),#37,.F.);
#3376=ADVANCED_FACE('',(#3061,#3062,#3063),#3236,.F.);
#3377=ADVANCED_FACE('',(#3064),#3237,.F.);
#3378=ADVANCED_FACE('',(#3065),#3238,.T.);
#3379=ADVANCED_FACE('',(#3066),#3239,.T.);
#3380=ADVANCED_FACE('',(#3067),#3240,.T.);
#3381=ADVANCED_FACE('',(#3068),#3241,.T.);
#3382=ADVANCED_FACE('',(#3069),#3242,.T.);
#3383=ADVANCED_FACE('',(#3070),#61,.F.);
#3384=ADVANCED_FACE('',(#3071),#3243,.T.);
#3385=ADVANCED_FACE('',(#3072),#3244,.F.);
#3386=ADVANCED_FACE('',(#3073),#62,.F.);
#3387=ADVANCED_FACE('',(#3074),#3245,.T.);
#3388=ADVANCED_FACE('',(#3075),#3246,.F.);
#3389=ADVANCED_FACE('',(#3076),#63,.F.);
#3390=ADVANCED_FACE('',(#3077),#3247,.T.);
#3391=ADVANCED_FACE('',(#3078),#3248,.F.);
#3392=ADVANCED_FACE('',(#3079),#64,.F.);
#3393=ADVANCED_FACE('',(#3080),#3249,.T.);
#3394=ADVANCED_FACE('',(#3081),#3250,.F.);
#3395=ADVANCED_FACE('',(#3082),#65,.F.);
#3396=ADVANCED_FACE('',(#3083),#3251,.T.);
#3397=ADVANCED_FACE('',(#3084),#3252,.F.);
#3398=ADVANCED_FACE('',(#3085),#66,.F.);
#3399=ADVANCED_FACE('',(#3086),#3253,.T.);
#3400=ADVANCED_FACE('',(#3087),#3254,.F.);
#3401=ADVANCED_FACE('',(#3088),#67,.F.);
#3402=ADVANCED_FACE('',(#3089),#3255,.T.);
#3403=ADVANCED_FACE('',(#3090),#3256,.F.);
#3404=ADVANCED_FACE('',(#3091),#68,.F.);
#3405=ADVANCED_FACE('',(#3092),#3257,.T.);
#3406=ADVANCED_FACE('',(#3093),#3258,.F.);
#3407=ADVANCED_FACE('',(#3094),#69,.F.);
#3408=ADVANCED_FACE('',(#3095),#3259,.T.);
#3409=ADVANCED_FACE('',(#3096),#3260,.F.);
#3410=ADVANCED_FACE('',(#3097),#70,.F.);
#3411=ADVANCED_FACE('',(#3098),#3261,.T.);
#3412=ADVANCED_FACE('',(#3099),#3262,.F.);
#3413=ADVANCED_FACE('',(#3100),#71,.F.);
#3414=ADVANCED_FACE('',(#3101),#3263,.T.);
#3415=ADVANCED_FACE('',(#3102),#3264,.F.);
#3416=ADVANCED_FACE('',(#3103),#72,.F.);
#3417=ADVANCED_FACE('',(#3104),#3265,.T.);
#3418=ADVANCED_FACE('',(#3105),#3266,.F.);
#3419=ADVANCED_FACE('',(#3106),#73,.F.);
#3420=ADVANCED_FACE('',(#3107),#3267,.T.);
#3421=ADVANCED_FACE('',(#3108),#3268,.F.);
#3422=ADVANCED_FACE('',(#3109),#74,.F.);
#3423=ADVANCED_FACE('',(#3110),#3269,.T.);
#3424=ADVANCED_FACE('',(#3111),#3270,.F.);
#3425=ADVANCED_FACE('',(#3112),#75,.F.);
#3426=ADVANCED_FACE('',(#3113),#3271,.T.);
#3427=ADVANCED_FACE('',(#3114),#3272,.F.);
#3428=ADVANCED_FACE('',(#3115),#76,.F.);
#3429=ADVANCED_FACE('',(#3116),#3273,.T.);
#3430=ADVANCED_FACE('',(#3117),#3274,.F.);
#3431=ADVANCED_FACE('',(#3118),#77,.F.);
#3432=ADVANCED_FACE('',(#3119),#3275,.T.);
#3433=ADVANCED_FACE('',(#3120),#3276,.F.);
#3434=ADVANCED_FACE('',(#3121),#78,.F.);
#3435=ADVANCED_FACE('',(#3122),#3277,.T.);
#3436=ADVANCED_FACE('',(#3123),#3278,.F.);
#3437=ADVANCED_FACE('',(#3124),#79,.F.);
#3438=ADVANCED_FACE('',(#3125),#3279,.T.);
#3439=ADVANCED_FACE('',(#3126),#3280,.F.);
#3440=ADVANCED_FACE('',(#3127),#80,.F.);
#3441=ADVANCED_FACE('',(#3128),#3281,.T.);
#3442=ADVANCED_FACE('',(#3129),#3282,.F.);
#3443=ADVANCED_FACE('',(#3130),#81,.F.);
#3444=ADVANCED_FACE('',(#3131),#3283,.T.);
#3445=ADVANCED_FACE('',(#3132),#3284,.F.);
#3446=ADVANCED_FACE('',(#3133),#82,.F.);
#3447=ADVANCED_FACE('',(#3134),#3285,.T.);
#3448=ADVANCED_FACE('',(#3135),#3286,.F.);
#3449=ADVANCED_FACE('',(#3136),#83,.F.);
#3450=ADVANCED_FACE('',(#3137),#3287,.T.);
#3451=ADVANCED_FACE('',(#3138),#3288,.F.);
#3452=ADVANCED_FACE('',(#3139),#84,.F.);
#3453=ADVANCED_FACE('',(#3140),#3289,.T.);
#3454=ADVANCED_FACE('',(#3141),#3290,.F.);
#3455=ADVANCED_FACE('',(#3142),#85,.F.);
#3456=ADVANCED_FACE('',(#3143),#3291,.T.);
#3457=ADVANCED_FACE('',(#3144),#3292,.F.);
#3458=ADVANCED_FACE('',(#3145),#86,.F.);
#3459=ADVANCED_FACE('',(#3146),#3293,.T.);
#3460=ADVANCED_FACE('',(#3147),#3294,.F.);
#3461=ADVANCED_FACE('',(#3148),#87,.F.);
#3462=ADVANCED_FACE('',(#3149),#3295,.T.);
#3463=ADVANCED_FACE('',(#3150),#3296,.F.);
#3464=ADVANCED_FACE('',(#3151),#88,.F.);
#3465=ADVANCED_FACE('',(#3152),#3297,.T.);
#3466=ADVANCED_FACE('',(#3153),#3298,.F.);
#3467=ADVANCED_FACE('',(#3154),#89,.F.);
#3468=ADVANCED_FACE('',(#3155),#3299,.T.);
#3469=ADVANCED_FACE('',(#3156),#3300,.F.);
#3470=ADVANCED_FACE('',(#3157),#90,.F.);
#3471=ADVANCED_FACE('',(#3158),#3301,.T.);
#3472=ADVANCED_FACE('',(#3159),#3302,.F.);
#3473=ADVANCED_FACE('',(#3160),#91,.F.);
#3474=ADVANCED_FACE('',(#3161),#3303,.T.);
#3475=ADVANCED_FACE('',(#3162),#3304,.F.);
#3476=ADVANCED_FACE('',(#3163),#92,.F.);
#3477=ADVANCED_FACE('',(#3164),#3305,.T.);
#3478=ADVANCED_FACE('',(#3165),#3306,.F.);
#3479=ADVANCED_FACE('',(#3166),#93,.F.);
#3480=ADVANCED_FACE('',(#3167),#3307,.T.);
#3481=ADVANCED_FACE('',(#3168),#3308,.F.);
#3482=ADVANCED_FACE('',(#3169),#94,.F.);
#3483=ADVANCED_FACE('',(#3170),#3309,.T.);
#3484=ADVANCED_FACE('',(#3171),#3310,.F.);
#3485=ADVANCED_FACE('',(#3172),#95,.F.);
#3486=ADVANCED_FACE('',(#3173),#3311,.T.);
#3487=ADVANCED_FACE('',(#3174),#3312,.F.);
#3488=ADVANCED_FACE('',(#3175),#96,.F.);
#3489=ADVANCED_FACE('',(#3176),#3313,.F.);
#3490=ADVANCED_FACE('',(#3177),#97,.F.);
#3491=ADVANCED_FACE('',(#3178),#3314,.F.);
#3492=ADVANCED_FACE('',(#3179),#98,.F.);
#3493=ADVANCED_FACE('',(#3180),#3315,.F.);
#3494=ADVANCED_FACE('',(#3181),#99,.F.);
#3495=ADVANCED_FACE('',(#3182),#3316,.F.);
#3496=ADVANCED_FACE('',(#3183),#100,.F.);
#3497=ADVANCED_FACE('',(#3184),#3317,.F.);
#3498=ADVANCED_FACE('',(#3185),#118,.T.);
#3499=ADVANCED_FACE('',(#3186),#3318,.T.);
#3500=ADVANCED_FACE('',(#3187),#3319,.F.);
#3501=ADVANCED_FACE('',(#3188),#119,.T.);
#3502=ADVANCED_FACE('',(#3189),#3320,.T.);
#3503=ADVANCED_FACE('',(#3190),#3321,.F.);
#3504=ADVANCED_FACE('',(#3191),#120,.T.);
#3505=ADVANCED_FACE('',(#3192),#3322,.F.);
#3506=ADVANCED_FACE('',(#3193),#121,.T.);
#3507=ADVANCED_FACE('',(#3194),#3323,.T.);
#3508=ADVANCED_FACE('',(#3195),#122,.T.);
#3509=ADVANCED_FACE('',(#3196),#3324,.T.);
#3510=ADVANCED_FACE('',(#3197),#3325,.F.);
#3511=ADVANCED_FACE('',(#3198),#13,.F.);
#3512=ADVANCED_FACE('',(#3199),#14,.F.);
#3513=ADVANCED_FACE('',(#3200),#15,.F.);
#3514=ADVANCED_FACE('',(#3201),#16,.F.);
#3515=ADVANCED_FACE('',(#3202),#17,.F.);
#3516=ADVANCED_FACE('',(#3203),#18,.F.);
#3517=ADVANCED_FACE('',(#3204),#19,.F.);
#3518=ADVANCED_FACE('',(#3205),#20,.F.);
#3519=ADVANCED_FACE('',(#3206),#101,.T.);
#3520=ADVANCED_FACE('',(#3207),#102,.T.);
#3521=ADVANCED_FACE('',(#3208),#38,.T.);
#3522=ADVANCED_FACE('',(#3209),#103,.T.);
#3523=ADVANCED_FACE('',(#3210),#39,.T.);
#3524=ADVANCED_FACE('',(#3211),#104,.T.);
#3525=ADVANCED_FACE('',(#3212),#40,.T.);
#3526=ADVANCED_FACE('',(#3213),#105,.T.);
#3527=ADVANCED_FACE('',(#3214),#106,.T.);
#3528=ADVANCED_FACE('',(#3215),#12,.T.);
#3529=ADVANCED_FACE('',(#3216),#21,.T.);
#3530=ADVANCED_FACE('',(#3217),#22,.T.);
#3531=ADVANCED_FACE('',(#3218),#23,.T.);
#3532=ADVANCED_FACE('',(#3219),#24,.T.);
#3533=ADVANCED_FACE('',(#3220),#25,.T.);
#3534=ADVANCED_FACE('',(#3221),#26,.T.);
#3535=ADVANCED_FACE('',(#3222),#27,.T.);
#3536=ADVANCED_FACE('',(#3223),#28,.T.);
#3537=ADVANCED_FACE('',(#3224),#107,.T.);
#3538=CLOSED_SHELL('',(#3326,#3327,#3328,#3329,#3330,#3331,#3332,#3333,
#3334,#3335,#3336,#3337,#3338,#3339,#3340,#3341,#3342,#3343,#3344,#3345,
#3346,#3347,#3348,#3349,#3350,#3351,#3352,#3353,#3354,#3355,#3356,#3357,
#3358,#3359,#3360,#3361,#3362,#3363,#3364,#3365,#3366,#3367,#3368,#3369,
#3370,#3371,#3372,#3373,#3374,#3375,#3376,#3377,#3378,#3379,#3380,#3381,
#3382,#3383,#3384,#3385,#3386,#3387,#3388,#3389,#3390,#3391,#3392,#3393,
#3394,#3395,#3396,#3397,#3398,#3399,#3400,#3401,#3402,#3403,#3404,#3405,
#3406,#3407,#3408,#3409,#3410,#3411,#3412,#3413,#3414,#3415,#3416,#3417,
#3418,#3419,#3420,#3421,#3422,#3423,#3424,#3425,#3426,#3427,#3428,#3429,
#3430,#3431,#3432,#3433,#3434,#3435,#3436,#3437,#3438,#3439,#3440,#3441,
#3442,#3443,#3444,#3445,#3446,#3447,#3448,#3449,#3450,#3451,#3452,#3453,
#3454,#3455,#3456,#3457,#3458,#3459,#3460,#3461,#3462,#3463,#3464,#3465,
#3466,#3467,#3468,#3469,#3470,#3471,#3472,#3473,#3474,#3475,#3476,#3477,
#3478,#3479,#3480,#3481,#3482,#3483,#3484,#3485,#3486,#3487,#3488,#3489,
#3490,#3491,#3492,#3493,#3494,#3495,#3496,#3497,#3498,#3499,#3500,#3501,
#3502,#3503,#3504,#3505,#3506,#3507,#3508,#3509,#3510,#3511,#3512,#3513,
#3514,#3515,#3516,#3517,#3518,#3519,#3520,#3521,#3522,#3523,#3524,#3525,
#3526,#3527,#3528,#3529,#3530,#3531,#3532,#3533,#3534,#3535,#3536,#3537));
#3539=STYLED_ITEM('',(#3540),#3547);
#3540=PRESENTATION_STYLE_ASSIGNMENT((#3541));
#3541=SURFACE_STYLE_USAGE(.BOTH.,#3542);
#3542=SURFACE_SIDE_STYLE('',(#3543));
#3543=SURFACE_STYLE_FILL_AREA(#3544);
#3544=FILL_AREA_STYLE('',(#3545));
#3545=FILL_AREA_STYLE_COLOUR('',#3546);
#3546=COLOUR_RGB('',0.647058823529412,0.647058823529412,0.647058823529412);
#3547=MANIFOLD_SOLID_BREP('Fixing',#3538);
#3548=SHAPE_DEFINITION_REPRESENTATION(#7895,#3549);
#3549=SHAPE_REPRESENTATION('Fixing',(#3550),#7890);
#3550=AXIS2_PLACEMENT_3D('',#5507,#4186,#4187);
#3551=AXIS2_PLACEMENT_3D('',#5508,#4188,#4189);
#3552=AXIS2_PLACEMENT_3D('',#5512,#4191,#4192);
#3553=AXIS2_PLACEMENT_3D('',#5517,#4195,#4196);
#3554=AXIS2_PLACEMENT_3D('',#5518,#4197,#4198);
#3555=AXIS2_PLACEMENT_3D('',#5532,#4201,#4202);
#3556=AXIS2_PLACEMENT_3D('',#5534,#4203,#4204);
#3557=AXIS2_PLACEMENT_3D('',#5542,#4205,#4206);
#3558=AXIS2_PLACEMENT_3D('',#5548,#4207,#4208);
#3559=AXIS2_PLACEMENT_3D('',#5552,#4210,#4211);
#3560=AXIS2_PLACEMENT_3D('',#5556,#4213,#4214);
#3561=AXIS2_PLACEMENT_3D('',#5557,#4215,#4216);
#3562=AXIS2_PLACEMENT_3D('',#5560,#4218,#4219);
#3563=AXIS2_PLACEMENT_3D('',#5563,#4221,#4222);
#3564=AXIS2_PLACEMENT_3D('',#5564,#4223,#4224);
#3565=AXIS2_PLACEMENT_3D('',#5567,#4225,#4226);
#3566=AXIS2_PLACEMENT_3D('',#5569,#4227,#4228);
#3567=AXIS2_PLACEMENT_3D('',#5571,#4229,#4230);
#3568=AXIS2_PLACEMENT_3D('',#5572,#4231,#4232);
#3569=AXIS2_PLACEMENT_3D('',#5575,#4233,#4234);
#3570=AXIS2_PLACEMENT_3D('',#5577,#4235,#4236);
#3571=AXIS2_PLACEMENT_3D('',#5579,#4237,#4238);
#3572=AXIS2_PLACEMENT_3D('',#5580,#4239,#4240);
#3573=AXIS2_PLACEMENT_3D('',#5583,#4241,#4242);
#3574=AXIS2_PLACEMENT_3D('',#5585,#4243,#4244);
#3575=AXIS2_PLACEMENT_3D('',#5587,#4245,#4246);
#3576=AXIS2_PLACEMENT_3D('',#5588,#4247,#4248);
#3577=AXIS2_PLACEMENT_3D('',#5591,#4249,#4250);
#3578=AXIS2_PLACEMENT_3D('',#5593,#4251,#4252);
#3579=AXIS2_PLACEMENT_3D('',#5595,#4253,#4254);
#3580=AXIS2_PLACEMENT_3D('',#5596,#4255,#4256);
#3581=AXIS2_PLACEMENT_3D('',#5599,#4257,#4258);
#3582=AXIS2_PLACEMENT_3D('',#5601,#4259,#4260);
#3583=AXIS2_PLACEMENT_3D('',#5603,#4261,#4262);
#3584=AXIS2_PLACEMENT_3D('',#5604,#4263,#4264);
#3585=AXIS2_PLACEMENT_3D('',#5607,#4265,#4266);
#3586=AXIS2_PLACEMENT_3D('',#5609,#4267,#4268);
#3587=AXIS2_PLACEMENT_3D('',#5611,#4269,#4270);
#3588=AXIS2_PLACEMENT_3D('',#5612,#4271,#4272);
#3589=AXIS2_PLACEMENT_3D('',#5615,#4273,#4274);
#3590=AXIS2_PLACEMENT_3D('',#5617,#4275,#4276);
#3591=AXIS2_PLACEMENT_3D('',#5619,#4277,#4278);
#3592=AXIS2_PLACEMENT_3D('',#5620,#4279,#4280);
#3593=AXIS2_PLACEMENT_3D('',#5623,#4281,#4282);
#3594=AXIS2_PLACEMENT_3D('',#5625,#4283,#4284);
#3595=AXIS2_PLACEMENT_3D('',#5627,#4285,#4286);
#3596=AXIS2_PLACEMENT_3D('',#5628,#4287,#4288);
#3597=AXIS2_PLACEMENT_3D('',#5631,#4289,#4290);
#3598=AXIS2_PLACEMENT_3D('',#5633,#4291,#4292);
#3599=AXIS2_PLACEMENT_3D('',#5635,#4293,#4294);
#3600=AXIS2_PLACEMENT_3D('',#5636,#4295,#4296);
#3601=AXIS2_PLACEMENT_3D('',#5639,#4297,#4298);
#3602=AXIS2_PLACEMENT_3D('',#5641,#4299,#4300);
#3603=AXIS2_PLACEMENT_3D('',#5643,#4301,#4302);
#3604=AXIS2_PLACEMENT_3D('',#5644,#4303,#4304);
#3605=AXIS2_PLACEMENT_3D('',#5647,#4305,#4306);
#3606=AXIS2_PLACEMENT_3D('',#5649,#4307,#4308);
#3607=AXIS2_PLACEMENT_3D('',#5651,#4309,#4310);
#3608=AXIS2_PLACEMENT_3D('',#5652,#4311,#4312);
#3609=AXIS2_PLACEMENT_3D('',#5655,#4313,#4314);
#3610=AXIS2_PLACEMENT_3D('',#5657,#4315,#4316);
#3611=AXIS2_PLACEMENT_3D('',#5659,#4317,#4318);
#3612=AXIS2_PLACEMENT_3D('',#5660,#4319,#4320);
#3613=AXIS2_PLACEMENT_3D('',#5663,#4321,#4322);
#3614=AXIS2_PLACEMENT_3D('',#5665,#4323,#4324);
#3615=AXIS2_PLACEMENT_3D('',#5667,#4325,#4326);
#3616=AXIS2_PLACEMENT_3D('',#5668,#4327,#4328);
#3617=AXIS2_PLACEMENT_3D('',#5671,#4329,#4330);
#3618=AXIS2_PLACEMENT_3D('',#5673,#4331,#4332);
#3619=AXIS2_PLACEMENT_3D('',#5675,#4333,#4334);
#3620=AXIS2_PLACEMENT_3D('',#5676,#4335,#4336);
#3621=AXIS2_PLACEMENT_3D('',#5679,#4337,#4338);
#3622=AXIS2_PLACEMENT_3D('',#5681,#4339,#4340);
#3623=AXIS2_PLACEMENT_3D('',#5683,#4341,#4342);
#3624=AXIS2_PLACEMENT_3D('',#5684,#4343,#4344);
#3625=AXIS2_PLACEMENT_3D('',#5687,#4345,#4346);
#3626=AXIS2_PLACEMENT_3D('',#5689,#4347,#4348);
#3627=AXIS2_PLACEMENT_3D('',#5691,#4349,#4350);
#3628=AXIS2_PLACEMENT_3D('',#5692,#4351,#4352);
#3629=AXIS2_PLACEMENT_3D('',#5695,#4353,#4354);
#3630=AXIS2_PLACEMENT_3D('',#5697,#4355,#4356);
#3631=AXIS2_PLACEMENT_3D('',#5699,#4357,#4358);
#3632=AXIS2_PLACEMENT_3D('',#5700,#4359,#4360);
#3633=AXIS2_PLACEMENT_3D('',#5703,#4361,#4362);
#3634=AXIS2_PLACEMENT_3D('',#5705,#4363,#4364);
#3635=AXIS2_PLACEMENT_3D('',#5707,#4365,#4366);
#3636=AXIS2_PLACEMENT_3D('',#5708,#4367,#4368);
#3637=AXIS2_PLACEMENT_3D('',#5711,#4369,#4370);
#3638=AXIS2_PLACEMENT_3D('',#5713,#4371,#4372);
#3639=AXIS2_PLACEMENT_3D('',#5715,#4373,#4374);
#3640=AXIS2_PLACEMENT_3D('',#5716,#4375,#4376);
#3641=AXIS2_PLACEMENT_3D('',#5719,#4377,#4378);
#3642=AXIS2_PLACEMENT_3D('',#5721,#4379,#4380);
#3643=AXIS2_PLACEMENT_3D('',#5723,#4381,#4382);
#3644=AXIS2_PLACEMENT_3D('',#5724,#4383,#4384);
#3645=AXIS2_PLACEMENT_3D('',#5727,#4385,#4386);
#3646=AXIS2_PLACEMENT_3D('',#5728,#4387,#4388);
#3647=AXIS2_PLACEMENT_3D('',#5736,#4389,#4390);
#3648=AXIS2_PLACEMENT_3D('',#5738,#4391,#4392);
#3649=AXIS2_PLACEMENT_3D('',#5740,#4393,#4394);
#3650=AXIS2_PLACEMENT_3D('',#5742,#4395,#4396);
#3651=AXIS2_PLACEMENT_3D('',#5744,#4397,#4398);
#3652=AXIS2_PLACEMENT_3D('',#5746,#4399,#4400);
#3653=AXIS2_PLACEMENT_3D('',#5748,#4401,#4402);
#3654=AXIS2_PLACEMENT_3D('',#5750,#4403,#4404);
#3655=AXIS2_PLACEMENT_3D('',#5752,#4405,#4406);
#3656=AXIS2_PLACEMENT_3D('',#5754,#4407,#4408);
#3657=AXIS2_PLACEMENT_3D('',#5756,#4409,#4410);
#3658=AXIS2_PLACEMENT_3D('',#5758,#4411,#4412);
#3659=AXIS2_PLACEMENT_3D('',#5760,#4413,#4414);
#3660=AXIS2_PLACEMENT_3D('',#5762,#4415,#4416);
#3661=AXIS2_PLACEMENT_3D('',#5764,#4417,#4418);
#3662=AXIS2_PLACEMENT_3D('',#5766,#4419,#4420);
#3663=AXIS2_PLACEMENT_3D('',#5768,#4421,#4422);
#3664=AXIS2_PLACEMENT_3D('',#5770,#4423,#4424);
#3665=AXIS2_PLACEMENT_3D('',#5772,#4425,#4426);
#3666=AXIS2_PLACEMENT_3D('',#5774,#4427,#4428);
#3667=AXIS2_PLACEMENT_3D('',#5776,#4429,#4430);
#3668=AXIS2_PLACEMENT_3D('',#5778,#4431,#4432);
#3669=AXIS2_PLACEMENT_3D('',#5780,#4433,#4434);
#3670=AXIS2_PLACEMENT_3D('',#5782,#4435,#4436);
#3671=AXIS2_PLACEMENT_3D('',#5784,#4437,#4438);
#3672=AXIS2_PLACEMENT_3D('',#5786,#4439,#4440);
#3673=AXIS2_PLACEMENT_3D('',#5788,#4441,#4442);
#3674=AXIS2_PLACEMENT_3D('',#5790,#4443,#4444);
#3675=AXIS2_PLACEMENT_3D('',#5792,#4445,#4446);
#3676=AXIS2_PLACEMENT_3D('',#5794,#4447,#4448);
#3677=AXIS2_PLACEMENT_3D('',#5796,#4449,#4450);
#3678=AXIS2_PLACEMENT_3D('',#5798,#4451,#4452);
#3679=AXIS2_PLACEMENT_3D('',#5800,#4453,#4454);
#3680=AXIS2_PLACEMENT_3D('',#5802,#4455,#4456);
#3681=AXIS2_PLACEMENT_3D('',#5804,#4457,#4458);
#3682=AXIS2_PLACEMENT_3D('',#5806,#4459,#4460);
#3683=AXIS2_PLACEMENT_3D('',#5808,#4461,#4462);
#3684=AXIS2_PLACEMENT_3D('',#5810,#4463,#4464);
#3685=AXIS2_PLACEMENT_3D('',#5812,#4465,#4466);
#3686=AXIS2_PLACEMENT_3D('',#5814,#4467,#4468);
#3687=AXIS2_PLACEMENT_3D('',#5816,#4469,#4470);
#3688=AXIS2_PLACEMENT_3D('',#5818,#4471,#4472);
#3689=AXIS2_PLACEMENT_3D('',#5820,#4473,#4474);
#3690=AXIS2_PLACEMENT_3D('',#5828,#4475,#4476);
#3691=AXIS2_PLACEMENT_3D('',#5836,#4477,#4478);
#3692=AXIS2_PLACEMENT_3D('',#5838,#4479,#4480);
#3693=AXIS2_PLACEMENT_3D('',#5840,#4481,#4482);
#3694=AXIS2_PLACEMENT_3D('',#5842,#4483,#4484);
#3695=AXIS2_PLACEMENT_3D('',#5844,#4485,#4486);
#3696=AXIS2_PLACEMENT_3D('',#5846,#4487,#4488);
#3697=AXIS2_PLACEMENT_3D('',#5848,#4489,#4490);
#3698=AXIS2_PLACEMENT_3D('',#5850,#4491,#4492);
#3699=AXIS2_PLACEMENT_3D('',#5852,#4493,#4494);
#3700=AXIS2_PLACEMENT_3D('',#5854,#4495,#4496);
#3701=AXIS2_PLACEMENT_3D('',#5856,#4497,#4498);
#3702=AXIS2_PLACEMENT_3D('',#5858,#4499,#4500);
#3703=AXIS2_PLACEMENT_3D('',#5860,#4501,#4502);
#3704=AXIS2_PLACEMENT_3D('',#5862,#4503,#4504);
#3705=AXIS2_PLACEMENT_3D('',#5864,#4505,#4506);
#3706=AXIS2_PLACEMENT_3D('',#5866,#4507,#4508);
#3707=AXIS2_PLACEMENT_3D('',#5868,#4509,#4510);
#3708=AXIS2_PLACEMENT_3D('',#5870,#4511,#4512);
#3709=AXIS2_PLACEMENT_3D('',#5872,#4513,#4514);
#3710=AXIS2_PLACEMENT_3D('',#5874,#4515,#4516);
#3711=AXIS2_PLACEMENT_3D('',#5876,#4517,#4518);
#3712=AXIS2_PLACEMENT_3D('',#5878,#4519,#4520);
#3713=AXIS2_PLACEMENT_3D('',#5880,#4521,#4522);
#3714=AXIS2_PLACEMENT_3D('',#5882,#4523,#4524);
#3715=AXIS2_PLACEMENT_3D('',#5884,#4525,#4526);
#3716=AXIS2_PLACEMENT_3D('',#5886,#4527,#4528);
#3717=AXIS2_PLACEMENT_3D('',#5888,#4529,#4530);
#3718=AXIS2_PLACEMENT_3D('',#5890,#4531,#4532);
#3719=AXIS2_PLACEMENT_3D('',#5892,#4533,#4534);
#3720=AXIS2_PLACEMENT_3D('',#5894,#4535,#4536);
#3721=AXIS2_PLACEMENT_3D('',#5896,#4537,#4538);
#3722=AXIS2_PLACEMENT_3D('',#5898,#4539,#4540);
#3723=AXIS2_PLACEMENT_3D('',#5900,#4541,#4542);
#3724=AXIS2_PLACEMENT_3D('',#5902,#4543,#4544);
#3725=AXIS2_PLACEMENT_3D('',#5904,#4545,#4546);
#3726=AXIS2_PLACEMENT_3D('',#5906,#4547,#4548);
#3727=AXIS2_PLACEMENT_3D('',#5908,#4549,#4550);
#3728=AXIS2_PLACEMENT_3D('',#5910,#4551,#4552);
#3729=AXIS2_PLACEMENT_3D('',#5912,#4553,#4554);
#3730=AXIS2_PLACEMENT_3D('',#5914,#4555,#4556);
#3731=AXIS2_PLACEMENT_3D('',#5916,#4557,#4558);
#3732=AXIS2_PLACEMENT_3D('',#5918,#4559,#4560);
#3733=AXIS2_PLACEMENT_3D('',#5920,#4561,#4562);
#3734=AXIS2_PLACEMENT_3D('',#5928,#4563,#4564);
#3735=AXIS2_PLACEMENT_3D('',#5936,#4565,#4566);
#3736=AXIS2_PLACEMENT_3D('',#5938,#4567,#4568);
#3737=AXIS2_PLACEMENT_3D('',#5940,#4569,#4570);
#3738=AXIS2_PLACEMENT_3D('',#5942,#4571,#4572);
#3739=AXIS2_PLACEMENT_3D('',#5944,#4573,#4574);
#3740=AXIS2_PLACEMENT_3D('',#5946,#4575,#4576);
#3741=AXIS2_PLACEMENT_3D('',#5948,#4577,#4578);
#3742=AXIS2_PLACEMENT_3D('',#5950,#4579,#4580);
#3743=AXIS2_PLACEMENT_3D('',#5952,#4581,#4582);
#3744=AXIS2_PLACEMENT_3D('',#5954,#4583,#4584);
#3745=AXIS2_PLACEMENT_3D('',#5956,#4585,#4586);
#3746=AXIS2_PLACEMENT_3D('',#5958,#4587,#4588);
#3747=AXIS2_PLACEMENT_3D('',#5960,#4589,#4590);
#3748=AXIS2_PLACEMENT_3D('',#5962,#4591,#4592);
#3749=AXIS2_PLACEMENT_3D('',#5964,#4593,#4594);
#3750=AXIS2_PLACEMENT_3D('',#5966,#4595,#4596);
#3751=AXIS2_PLACEMENT_3D('',#5968,#4597,#4598);
#3752=AXIS2_PLACEMENT_3D('',#5970,#4599,#4600);
#3753=AXIS2_PLACEMENT_3D('',#5972,#4601,#4602);
#3754=AXIS2_PLACEMENT_3D('',#5974,#4603,#4604);
#3755=AXIS2_PLACEMENT_3D('',#5976,#4605,#4606);
#3756=AXIS2_PLACEMENT_3D('',#5978,#4607,#4608);
#3757=AXIS2_PLACEMENT_3D('',#5980,#4609,#4610);
#3758=AXIS2_PLACEMENT_3D('',#5982,#4611,#4612);
#3759=AXIS2_PLACEMENT_3D('',#5984,#4613,#4614);
#3760=AXIS2_PLACEMENT_3D('',#5986,#4615,#4616);
#3761=AXIS2_PLACEMENT_3D('',#5988,#4617,#4618);
#3762=AXIS2_PLACEMENT_3D('',#5990,#4619,#4620);
#3763=AXIS2_PLACEMENT_3D('',#5992,#4621,#4622);
#3764=AXIS2_PLACEMENT_3D('',#5994,#4623,#4624);
#3765=AXIS2_PLACEMENT_3D('',#5996,#4625,#4626);
#3766=AXIS2_PLACEMENT_3D('',#5998,#4627,#4628);
#3767=AXIS2_PLACEMENT_3D('',#6000,#4629,#4630);
#3768=AXIS2_PLACEMENT_3D('',#6002,#4631,#4632);
#3769=AXIS2_PLACEMENT_3D('',#6004,#4633,#4634);
#3770=AXIS2_PLACEMENT_3D('',#6006,#4635,#4636);
#3771=AXIS2_PLACEMENT_3D('',#6008,#4637,#4638);
#3772=AXIS2_PLACEMENT_3D('',#6010,#4639,#4640);
#3773=AXIS2_PLACEMENT_3D('',#6012,#4641,#4642);
#3774=AXIS2_PLACEMENT_3D('',#6014,#4643,#4644);
#3775=AXIS2_PLACEMENT_3D('',#6016,#4645,#4646);
#3776=AXIS2_PLACEMENT_3D('',#6018,#4647,#4648);
#3777=AXIS2_PLACEMENT_3D('',#6020,#4649,#4650);
#3778=AXIS2_PLACEMENT_3D('',#6028,#4651,#4652);
#3779=AXIS2_PLACEMENT_3D('',#6036,#4653,#4654);
#3780=AXIS2_PLACEMENT_3D('',#6038,#4655,#4656);
#3781=AXIS2_PLACEMENT_3D('',#6040,#4657,#4658);
#3782=AXIS2_PLACEMENT_3D('',#6042,#4659,#4660);
#3783=AXIS2_PLACEMENT_3D('',#6044,#4661,#4662);
#3784=AXIS2_PLACEMENT_3D('',#6046,#4663,#4664);
#3785=AXIS2_PLACEMENT_3D('',#6048,#4665,#4666);
#3786=AXIS2_PLACEMENT_3D('',#6050,#4667,#4668);
#3787=AXIS2_PLACEMENT_3D('',#6052,#4669,#4670);
#3788=AXIS2_PLACEMENT_3D('',#6054,#4671,#4672);
#3789=AXIS2_PLACEMENT_3D('',#6056,#4673,#4674);
#3790=AXIS2_PLACEMENT_3D('',#6058,#4675,#4676);
#3791=AXIS2_PLACEMENT_3D('',#6060,#4677,#4678);
#3792=AXIS2_PLACEMENT_3D('',#6062,#4679,#4680);
#3793=AXIS2_PLACEMENT_3D('',#6064,#4681,#4682);
#3794=AXIS2_PLACEMENT_3D('',#6066,#4683,#4684);
#3795=AXIS2_PLACEMENT_3D('',#6068,#4685,#4686);
#3796=AXIS2_PLACEMENT_3D('',#6070,#4687,#4688);
#3797=AXIS2_PLACEMENT_3D('',#6072,#4689,#4690);
#3798=AXIS2_PLACEMENT_3D('',#6074,#4691,#4692);
#3799=AXIS2_PLACEMENT_3D('',#6076,#4693,#4694);
#3800=AXIS2_PLACEMENT_3D('',#6078,#4695,#4696);
#3801=AXIS2_PLACEMENT_3D('',#6080,#4697,#4698);
#3802=AXIS2_PLACEMENT_3D('',#6082,#4699,#4700);
#3803=AXIS2_PLACEMENT_3D('',#6084,#4701,#4702);
#3804=AXIS2_PLACEMENT_3D('',#6086,#4703,#4704);
#3805=AXIS2_PLACEMENT_3D('',#6088,#4705,#4706);
#3806=AXIS2_PLACEMENT_3D('',#6090,#4707,#4708);
#3807=AXIS2_PLACEMENT_3D('',#6092,#4709,#4710);
#3808=AXIS2_PLACEMENT_3D('',#6094,#4711,#4712);
#3809=AXIS2_PLACEMENT_3D('',#6096,#4713,#4714);
#3810=AXIS2_PLACEMENT_3D('',#6098,#4715,#4716);
#3811=AXIS2_PLACEMENT_3D('',#6100,#4717,#4718);
#3812=AXIS2_PLACEMENT_3D('',#6102,#4719,#4720);
#3813=AXIS2_PLACEMENT_3D('',#6104,#4721,#4722);
#3814=AXIS2_PLACEMENT_3D('',#6106,#4723,#4724);
#3815=AXIS2_PLACEMENT_3D('',#6108,#4725,#4726);
#3816=AXIS2_PLACEMENT_3D('',#6110,#4727,#4728);
#3817=AXIS2_PLACEMENT_3D('',#6112,#4729,#4730);
#3818=AXIS2_PLACEMENT_3D('',#6114,#4731,#4732);
#3819=AXIS2_PLACEMENT_3D('',#6116,#4733,#4734);
#3820=AXIS2_PLACEMENT_3D('',#6118,#4735,#4736);
#3821=AXIS2_PLACEMENT_3D('',#6120,#4737,#4738);
#3822=AXIS2_PLACEMENT_3D('',#6128,#4739,#4740);
#3823=AXIS2_PLACEMENT_3D('',#6129,#4741,#4742);
#3824=AXIS2_PLACEMENT_3D('',#6180,#4743,#4744);
#3825=AXIS2_PLACEMENT_3D('',#6182,#4745,#4746);
#3826=AXIS2_PLACEMENT_3D('',#6190,#4747,#4748);
#3827=AXIS2_PLACEMENT_3D('',#6192,#4749,#4750);
#3828=AXIS2_PLACEMENT_3D('',#6194,#4751,#4752);
#3829=AXIS2_PLACEMENT_3D('',#6202,#4753,#4754);
#3830=AXIS2_PLACEMENT_3D('',#6210,#4755,#4756);
#3831=AXIS2_PLACEMENT_3D('',#6212,#4757,#4758);
#3832=AXIS2_PLACEMENT_3D('',#6214,#4759,#4760);
#3833=AXIS2_PLACEMENT_3D('',#6222,#4761,#4762);
#3834=AXIS2_PLACEMENT_3D('',#6230,#4763,#4764);
#3835=AXIS2_PLACEMENT_3D('',#6232,#4765,#4766);
#3836=AXIS2_PLACEMENT_3D('',#6234,#4767,#4768);
#3837=AXIS2_PLACEMENT_3D('',#6242,#4769,#4770);
#3838=AXIS2_PLACEMENT_3D('',#6250,#4771,#4772);
#3839=AXIS2_PLACEMENT_3D('',#6251,#4773,#4774);
#3840=AXIS2_PLACEMENT_3D('',#6259,#4775,#4776);
#3841=AXIS2_PLACEMENT_3D('',#6416,#4777,#4778);
#3842=AXIS2_PLACEMENT_3D('',#6419,#4781,#4782);
#3843=AXIS2_PLACEMENT_3D('',#6420,#4783,#4784);
#3844=AXIS2_PLACEMENT_3D('',#6421,#4785,#4786);
#3845=AXIS2_PLACEMENT_3D('',#6422,#4787,#4788);
#3846=AXIS2_PLACEMENT_3D('',#6423,#4789,#4790);
#3847=AXIS2_PLACEMENT_3D('',#6424,#4791,#4792);
#3848=AXIS2_PLACEMENT_3D('',#6425,#4793,#4794);
#3849=AXIS2_PLACEMENT_3D('',#6426,#4795,#4796);
#3850=AXIS2_PLACEMENT_3D('',#6427,#4797,#4798);
#3851=AXIS2_PLACEMENT_3D('',#6428,#4799,#4800);
#3852=AXIS2_PLACEMENT_3D('',#6429,#4801,#4802);
#3853=AXIS2_PLACEMENT_3D('',#6430,#4803,#4804);
#3854=AXIS2_PLACEMENT_3D('',#6431,#4805,#4806);
#3855=AXIS2_PLACEMENT_3D('',#6432,#4807,#4808);
#3856=AXIS2_PLACEMENT_3D('',#6433,#4809,#4810);
#3857=AXIS2_PLACEMENT_3D('',#6434,#4811,#4812);
#3858=AXIS2_PLACEMENT_3D('',#6435,#4813,#4814);
#3859=AXIS2_PLACEMENT_3D('',#6436,#4815,#4816);
#3860=AXIS2_PLACEMENT_3D('',#6437,#4817,#4818);
#3861=AXIS2_PLACEMENT_3D('',#6438,#4819,#4820);
#3862=AXIS2_PLACEMENT_3D('',#6439,#4821,#4822);
#3863=AXIS2_PLACEMENT_3D('',#6440,#4823,#4824);
#3864=AXIS2_PLACEMENT_3D('',#6441,#4825,#4826);
#3865=AXIS2_PLACEMENT_3D('',#6442,#4827,#4828);
#3866=AXIS2_PLACEMENT_3D('',#6443,#4829,#4830);
#3867=AXIS2_PLACEMENT_3D('',#6444,#4831,#4832);
#3868=AXIS2_PLACEMENT_3D('',#6445,#4833,#4834);
#3869=AXIS2_PLACEMENT_3D('',#6446,#4835,#4836);
#3870=AXIS2_PLACEMENT_3D('',#6447,#4837,#4838);
#3871=AXIS2_PLACEMENT_3D('',#6448,#4839,#4840);
#3872=AXIS2_PLACEMENT_3D('',#6449,#4841,#4842);
#3873=AXIS2_PLACEMENT_3D('',#6452,#4844,#4845);
#3874=AXIS2_PLACEMENT_3D('',#6455,#4847,#4848);
#3875=AXIS2_PLACEMENT_3D('',#6458,#4850,#4851);
#3876=AXIS2_PLACEMENT_3D('',#6461,#4853,#4854);
#3877=AXIS2_PLACEMENT_3D('',#6464,#4857,#4858);
#3878=AXIS2_PLACEMENT_3D('',#6467,#4860,#4861);
#3879=AXIS2_PLACEMENT_3D('',#6470,#4863,#4864);
#3880=AXIS2_PLACEMENT_3D('',#6473,#4866,#4867);
#3881=AXIS2_PLACEMENT_3D('',#6476,#4869,#4870);
#3882=AXIS2_PLACEMENT_3D('',#6479,#4873,#4874);
#3883=AXIS2_PLACEMENT_3D('',#6480,#4875,#4876);
#3884=AXIS2_PLACEMENT_3D('',#6481,#4877,#4878);
#3885=AXIS2_PLACEMENT_3D('',#6482,#4879,#4880);
#3886=AXIS2_PLACEMENT_3D('',#6483,#4881,#4882);
#3887=AXIS2_PLACEMENT_3D('',#6484,#4883,#4884);
#3888=AXIS2_PLACEMENT_3D('',#6485,#4885,#4886);
#3889=AXIS2_PLACEMENT_3D('',#6486,#4887,#4888);
#3890=AXIS2_PLACEMENT_3D('',#6487,#4889,#4890);
#3891=AXIS2_PLACEMENT_3D('',#6488,#4891,#4892);
#3892=AXIS2_PLACEMENT_3D('',#6489,#4893,#4894);
#3893=AXIS2_PLACEMENT_3D('',#6490,#4895,#4896);
#3894=AXIS2_PLACEMENT_3D('',#6491,#4897,#4898);
#3895=AXIS2_PLACEMENT_3D('',#6492,#4899,#4900);
#3896=AXIS2_PLACEMENT_3D('',#6493,#4901,#4902);
#3897=AXIS2_PLACEMENT_3D('',#6494,#4903,#4904);
#3898=AXIS2_PLACEMENT_3D('',#6495,#4905,#4906);
#3899=AXIS2_PLACEMENT_3D('',#6500,#4909,#4910);
#3900=AXIS2_PLACEMENT_3D('',#6505,#4913,#4914);
#3901=AXIS2_PLACEMENT_3D('',#6506,#4915,#4916);
#3902=AXIS2_PLACEMENT_3D('',#6509,#4919,#4920);
#3903=AXIS2_PLACEMENT_3D('',#6510,#4921,#4922);
#3904=AXIS2_PLACEMENT_3D('',#6511,#4923,#4924);
#3905=AXIS2_PLACEMENT_3D('',#6512,#4925,#4926);
#3906=AXIS2_PLACEMENT_3D('',#6513,#4927,#4928);
#3907=AXIS2_PLACEMENT_3D('',#6514,#4929,#4930);
#3908=AXIS2_PLACEMENT_3D('',#6515,#4931,#4932);
#3909=AXIS2_PLACEMENT_3D('',#6516,#4933,#4934);
#3910=AXIS2_PLACEMENT_3D('',#6517,#4935,#4936);
#3911=AXIS2_PLACEMENT_3D('',#6518,#4937,#4938);
#3912=AXIS2_PLACEMENT_3D('',#6519,#4939,#4940);
#3913=AXIS2_PLACEMENT_3D('',#6520,#4941,#4942);
#3914=AXIS2_PLACEMENT_3D('',#6521,#4943,#4944);
#3915=AXIS2_PLACEMENT_3D('',#6522,#4945,#4946);
#3916=AXIS2_PLACEMENT_3D('',#6523,#4947,#4948);
#3917=AXIS2_PLACEMENT_3D('',#6524,#4949,#4950);
#3918=AXIS2_PLACEMENT_3D('',#6543,#4952,#4953);
#3919=AXIS2_PLACEMENT_3D('',#6545,#4954,#4955);
#3920=AXIS2_PLACEMENT_3D('',#6546,#4956,#4957);
#3921=AXIS2_PLACEMENT_3D('',#6547,#4958,#4959);
#3922=AXIS2_PLACEMENT_3D('',#6548,#4960,#4961);
#3923=AXIS2_PLACEMENT_3D('',#6549,#4962,#4963);
#3924=AXIS2_PLACEMENT_3D('',#6552,#4965,#4966);
#3925=AXIS2_PLACEMENT_3D('',#6556,#4968,#4969);
#3926=AXIS2_PLACEMENT_3D('',#6560,#4971,#4972);
#3927=AXIS2_PLACEMENT_3D('',#6564,#4974,#4975);
#3928=AXIS2_PLACEMENT_3D('',#6565,#4976,#4977);
#3929=AXIS2_PLACEMENT_3D('',#6567,#4978,#4979);
#3930=AXIS2_PLACEMENT_3D('',#6569,#4980,#4981);
#3931=AXIS2_PLACEMENT_3D('',#6602,#4983,#4984);
#3932=AXIS2_PLACEMENT_3D('',#6613,#4985,#4986);
#3933=AXIS2_PLACEMENT_3D('',#6616,#4988,#4989);
#3934=AXIS2_PLACEMENT_3D('',#6620,#4992,#4993);
#3935=AXIS2_PLACEMENT_3D('',#6621,#4994,#4995);
#3936=AXIS2_PLACEMENT_3D('',#6624,#4997,#4998);
#3937=AXIS2_PLACEMENT_3D('',#6628,#5001,#5002);
#3938=AXIS2_PLACEMENT_3D('',#6629,#5003,#5004);
#3939=AXIS2_PLACEMENT_3D('',#6632,#5006,#5007);
#3940=AXIS2_PLACEMENT_3D('',#6636,#5010,#5011);
#3941=AXIS2_PLACEMENT_3D('',#6637,#5012,#5013);
#3942=AXIS2_PLACEMENT_3D('',#6651,#5016,#5017);
#3943=AXIS2_PLACEMENT_3D('',#6683,#5018,#5019);
#3944=AXIS2_PLACEMENT_3D('',#6684,#5020,#5021);
#3945=AXIS2_PLACEMENT_3D('',#6686,#5022,#5023);
#3946=AXIS2_PLACEMENT_3D('',#6687,#5024,#5025);
#3947=AXIS2_PLACEMENT_3D('',#6689,#5026,#5027);
#3948=AXIS2_PLACEMENT_3D('',#6690,#5028,#5029);
#3949=AXIS2_PLACEMENT_3D('',#6741,#5030,#5031);
#3950=AXIS2_PLACEMENT_3D('',#6743,#5032,#5033);
#3951=AXIS2_PLACEMENT_3D('',#6747,#5035,#5036);
#3952=AXIS2_PLACEMENT_3D('',#6751,#5038,#5039);
#3953=AXIS2_PLACEMENT_3D('',#6755,#5041,#5042);
#3954=AXIS2_PLACEMENT_3D('',#6756,#5043,#5044);
#3955=AXIS2_PLACEMENT_3D('',#6757,#5045,#5046);
#3956=AXIS2_PLACEMENT_3D('',#6758,#5047,#5048);
#3957=AXIS2_PLACEMENT_3D('',#6759,#5049,#5050);
#3958=AXIS2_PLACEMENT_3D('',#6760,#5051,#5052);
#3959=AXIS2_PLACEMENT_3D('',#6761,#5053,#5054);
#3960=AXIS2_PLACEMENT_3D('',#6762,#5055,#5056);
#3961=AXIS2_PLACEMENT_3D('',#6763,#5057,#5058);
#3962=AXIS2_PLACEMENT_3D('',#6764,#5059,#5060);
#3963=AXIS2_PLACEMENT_3D('',#6765,#5061,#5062);
#3964=AXIS2_PLACEMENT_3D('',#6766,#5063,#5064);
#3965=AXIS2_PLACEMENT_3D('',#6767,#5065,#5066);
#3966=AXIS2_PLACEMENT_3D('',#6768,#5067,#5068);
#3967=AXIS2_PLACEMENT_3D('',#6769,#5069,#5070);
#3968=AXIS2_PLACEMENT_3D('',#6770,#5071,#5072);
#3969=AXIS2_PLACEMENT_3D('',#6771,#5073,#5074);
#3970=AXIS2_PLACEMENT_3D('',#6772,#5075,#5076);
#3971=AXIS2_PLACEMENT_3D('',#6773,#5077,#5078);
#3972=AXIS2_PLACEMENT_3D('',#6774,#5079,#5080);
#3973=AXIS2_PLACEMENT_3D('',#6775,#5081,#5082);
#3974=AXIS2_PLACEMENT_3D('',#6776,#5083,#5084);
#3975=AXIS2_PLACEMENT_3D('',#6777,#5085,#5086);
#3976=AXIS2_PLACEMENT_3D('',#6778,#5087,#5088);
#3977=AXIS2_PLACEMENT_3D('',#6779,#5089,#5090);
#3978=AXIS2_PLACEMENT_3D('',#6780,#5091,#5092);
#3979=AXIS2_PLACEMENT_3D('',#6781,#5093,#5094);
#3980=AXIS2_PLACEMENT_3D('',#6782,#5095,#5096);
#3981=AXIS2_PLACEMENT_3D('',#6783,#5097,#5098);
#3982=AXIS2_PLACEMENT_3D('',#6784,#5099,#5100);
#3983=AXIS2_PLACEMENT_3D('',#6785,#5101,#5102);
#3984=AXIS2_PLACEMENT_3D('',#6786,#5103,#5104);
#3985=AXIS2_PLACEMENT_3D('',#6787,#5105,#5106);
#3986=AXIS2_PLACEMENT_3D('',#6788,#5107,#5108);
#3987=AXIS2_PLACEMENT_3D('',#6789,#5109,#5110);
#3988=AXIS2_PLACEMENT_3D('',#6790,#5111,#5112);
#3989=AXIS2_PLACEMENT_3D('',#6791,#5113,#5114);
#3990=AXIS2_PLACEMENT_3D('',#6792,#5115,#5116);
#3991=AXIS2_PLACEMENT_3D('',#6793,#5117,#5118);
#3992=AXIS2_PLACEMENT_3D('',#6794,#5119,#5120);
#3993=AXIS2_PLACEMENT_3D('',#6795,#5121,#5122);
#3994=AXIS2_PLACEMENT_3D('',#6796,#5123,#5124);
#3995=AXIS2_PLACEMENT_3D('',#6797,#5125,#5126);
#3996=AXIS2_PLACEMENT_3D('',#6798,#5127,#5128);
#3997=AXIS2_PLACEMENT_3D('',#6799,#5129,#5130);
#3998=AXIS2_PLACEMENT_3D('',#6800,#5131,#5132);
#3999=AXIS2_PLACEMENT_3D('',#6801,#5133,#5134);
#4000=AXIS2_PLACEMENT_3D('',#6802,#5135,#5136);
#4001=AXIS2_PLACEMENT_3D('',#6803,#5137,#5138);
#4002=AXIS2_PLACEMENT_3D('',#6804,#5139,#5140);
#4003=AXIS2_PLACEMENT_3D('',#6805,#5141,#5142);
#4004=AXIS2_PLACEMENT_3D('',#6806,#5143,#5144);
#4005=AXIS2_PLACEMENT_3D('',#6807,#5145,#5146);
#4006=AXIS2_PLACEMENT_3D('',#6808,#5147,#5148);
#4007=AXIS2_PLACEMENT_3D('',#6809,#5149,#5150);
#4008=AXIS2_PLACEMENT_3D('',#6810,#5151,#5152);
#4009=AXIS2_PLACEMENT_3D('',#6811,#5153,#5154);
#4010=AXIS2_PLACEMENT_3D('',#6812,#5155,#5156);
#4011=AXIS2_PLACEMENT_3D('',#6813,#5157,#5158);
#4012=AXIS2_PLACEMENT_3D('',#6814,#5159,#5160);
#4013=AXIS2_PLACEMENT_3D('',#6815,#5161,#5162);
#4014=AXIS2_PLACEMENT_3D('',#6816,#5163,#5164);
#4015=AXIS2_PLACEMENT_3D('',#6817,#5165,#5166);
#4016=AXIS2_PLACEMENT_3D('',#6818,#5167,#5168);
#4017=AXIS2_PLACEMENT_3D('',#6819,#5169,#5170);
#4018=AXIS2_PLACEMENT_3D('',#6820,#5171,#5172);
#4019=AXIS2_PLACEMENT_3D('',#6821,#5173,#5174);
#4020=AXIS2_PLACEMENT_3D('',#6822,#5175,#5176);
#4021=AXIS2_PLACEMENT_3D('',#6823,#5177,#5178);
#4022=AXIS2_PLACEMENT_3D('',#6824,#5179,#5180);
#4023=AXIS2_PLACEMENT_3D('',#6825,#5181,#5182);
#4024=AXIS2_PLACEMENT_3D('',#6826,#5183,#5184);
#4025=AXIS2_PLACEMENT_3D('',#6827,#5185,#5186);
#4026=AXIS2_PLACEMENT_3D('',#6828,#5187,#5188);
#4027=AXIS2_PLACEMENT_3D('',#6829,#5189,#5190);
#4028=AXIS2_PLACEMENT_3D('',#6830,#5191,#5192);
#4029=AXIS2_PLACEMENT_3D('',#6831,#5193,#5194);
#4030=AXIS2_PLACEMENT_3D('',#6832,#5195,#5196);
#4031=AXIS2_PLACEMENT_3D('',#6833,#5197,#5198);
#4032=AXIS2_PLACEMENT_3D('',#6834,#5199,#5200);
#4033=AXIS2_PLACEMENT_3D('',#6835,#5201,#5202);
#4034=AXIS2_PLACEMENT_3D('',#6836,#5203,#5204);
#4035=AXIS2_PLACEMENT_3D('',#6837,#5205,#5206);
#4036=AXIS2_PLACEMENT_3D('',#6838,#5207,#5208);
#4037=AXIS2_PLACEMENT_3D('',#6839,#5209,#5210);
#4038=AXIS2_PLACEMENT_3D('',#6840,#5211,#5212);
#4039=AXIS2_PLACEMENT_3D('',#6841,#5213,#5214);
#4040=AXIS2_PLACEMENT_3D('',#6842,#5215,#5216);
#4041=AXIS2_PLACEMENT_3D('',#6843,#5217,#5218);
#4042=AXIS2_PLACEMENT_3D('',#6844,#5219,#5220);
#4043=AXIS2_PLACEMENT_3D('',#6845,#5221,#5222);
#4044=AXIS2_PLACEMENT_3D('',#6846,#5223,#5224);
#4045=AXIS2_PLACEMENT_3D('',#6847,#5225,#5226);
#4046=AXIS2_PLACEMENT_3D('',#6848,#5227,#5228);
#4047=AXIS2_PLACEMENT_3D('',#6849,#5229,#5230);
#4048=AXIS2_PLACEMENT_3D('',#6850,#5231,#5232);
#4049=AXIS2_PLACEMENT_3D('',#6851,#5233,#5234);
#4050=AXIS2_PLACEMENT_3D('',#6852,#5235,#5236);
#4051=AXIS2_PLACEMENT_3D('',#6853,#5237,#5238);
#4052=AXIS2_PLACEMENT_3D('',#6854,#5239,#5240);
#4053=AXIS2_PLACEMENT_3D('',#6855,#5241,#5242);
#4054=AXIS2_PLACEMENT_3D('',#6856,#5243,#5244);
#4055=AXIS2_PLACEMENT_3D('',#6857,#5245,#5246);
#4056=AXIS2_PLACEMENT_3D('',#6858,#5247,#5248);
#4057=AXIS2_PLACEMENT_3D('',#6859,#5249,#5250);
#4058=AXIS2_PLACEMENT_3D('',#6860,#5251,#5252);
#4059=AXIS2_PLACEMENT_3D('',#6861,#5253,#5254);
#4060=AXIS2_PLACEMENT_3D('',#6862,#5255,#5256);
#4061=AXIS2_PLACEMENT_3D('',#6863,#5257,#5258);
#4062=AXIS2_PLACEMENT_3D('',#6864,#5259,#5260);
#4063=AXIS2_PLACEMENT_3D('',#6865,#5261,#5262);
#4064=AXIS2_PLACEMENT_3D('',#6866,#5263,#5264);
#4065=AXIS2_PLACEMENT_3D('',#6867,#5265,#5266);
#4066=AXIS2_PLACEMENT_3D('',#6868,#5267,#5268);
#4067=AXIS2_PLACEMENT_3D('',#6869,#5269,#5270);
#4068=AXIS2_PLACEMENT_3D('',#6870,#5271,#5272);
#4069=AXIS2_PLACEMENT_3D('',#6871,#5273,#5274);
#4070=AXIS2_PLACEMENT_3D('',#6872,#5275,#5276);
#4071=AXIS2_PLACEMENT_3D('',#6873,#5277,#5278);
#4072=AXIS2_PLACEMENT_3D('',#6874,#5279,#5280);
#4073=AXIS2_PLACEMENT_3D('',#6875,#5281,#5282);
#4074=AXIS2_PLACEMENT_3D('',#6876,#5283,#5284);
#4075=AXIS2_PLACEMENT_3D('',#6877,#5285,#5286);
#4076=AXIS2_PLACEMENT_3D('',#6878,#5287,#5288);
#4077=AXIS2_PLACEMENT_3D('',#6879,#5289,#5290);
#4078=AXIS2_PLACEMENT_3D('',#6880,#5291,#5292);
#4079=AXIS2_PLACEMENT_3D('',#6881,#5293,#5294);
#4080=AXIS2_PLACEMENT_3D('',#6882,#5295,#5296);
#4081=AXIS2_PLACEMENT_3D('',#6883,#5297,#5298);
#4082=AXIS2_PLACEMENT_3D('',#6884,#5299,#5300);
#4083=AXIS2_PLACEMENT_3D('',#6885,#5301,#5302);
#4084=AXIS2_PLACEMENT_3D('',#6886,#5303,#5304);
#4085=AXIS2_PLACEMENT_3D('',#6887,#5305,#5306);
#4086=AXIS2_PLACEMENT_3D('',#6888,#5307,#5308);
#4087=AXIS2_PLACEMENT_3D('',#6889,#5309,#5310);
#4088=AXIS2_PLACEMENT_3D('',#6890,#5311,#5312);
#4089=AXIS2_PLACEMENT_3D('',#6891,#5313,#5314);
#4090=AXIS2_PLACEMENT_3D('',#6892,#5315,#5316);
#4091=AXIS2_PLACEMENT_3D('',#6893,#5317,#5318);
#4092=AXIS2_PLACEMENT_3D('',#6894,#5319,#5320);
#4093=AXIS2_PLACEMENT_3D('',#6895,#5321,#5322);
#4094=AXIS2_PLACEMENT_3D('',#6896,#5323,#5324);
#4095=AXIS2_PLACEMENT_3D('',#6897,#5325,#5326);
#4096=AXIS2_PLACEMENT_3D('',#6898,#5327,#5328);
#4097=AXIS2_PLACEMENT_3D('',#6899,#5329,#5330);
#4098=AXIS2_PLACEMENT_3D('',#6900,#5331,#5332);
#4099=AXIS2_PLACEMENT_3D('',#6901,#5333,#5334);
#4100=AXIS2_PLACEMENT_3D('',#6902,#5335,#5336);
#4101=AXIS2_PLACEMENT_3D('',#6903,#5337,#5338);
#4102=AXIS2_PLACEMENT_3D('',#6904,#5339,#5340);
#4103=AXIS2_PLACEMENT_3D('',#6905,#5341,#5342);
#4104=AXIS2_PLACEMENT_3D('',#6906,#5343,#5344);
#4105=AXIS2_PLACEMENT_3D('',#6907,#5345,#5346);
#4106=AXIS2_PLACEMENT_3D('',#6908,#5347,#5348);
#4107=AXIS2_PLACEMENT_3D('',#6909,#5349,#5350);
#4108=AXIS2_PLACEMENT_3D('',#6910,#5351,#5352);
#4109=AXIS2_PLACEMENT_3D('',#6911,#5353,#5354);
#4110=AXIS2_PLACEMENT_3D('',#6912,#5355,#5356);
#4111=AXIS2_PLACEMENT_3D('',#6913,#5357,#5358);
#4112=AXIS2_PLACEMENT_3D('',#6914,#5359,#5360);
#4113=AXIS2_PLACEMENT_3D('',#6915,#5361,#5362);
#4114=AXIS2_PLACEMENT_3D('',#6916,#5363,#5364);
#4115=AXIS2_PLACEMENT_3D('',#6917,#5365,#5366);
#4116=AXIS2_PLACEMENT_3D('',#6918,#5367,#5368);
#4117=AXIS2_PLACEMENT_3D('',#6919,#5369,#5370);
#4118=AXIS2_PLACEMENT_3D('',#6920,#5371,#5372);
#4119=AXIS2_PLACEMENT_3D('',#6921,#5373,#5374);
#4120=AXIS2_PLACEMENT_3D('',#6922,#5375,#5376);
#4121=AXIS2_PLACEMENT_3D('',#6923,#5377,#5378);
#4122=AXIS2_PLACEMENT_3D('',#6924,#5379,#5380);
#4123=AXIS2_PLACEMENT_3D('',#6925,#5381,#5382);
#4124=AXIS2_PLACEMENT_3D('',#6926,#5383,#5384);
#4125=AXIS2_PLACEMENT_3D('',#6927,#5385,#5386);
#4126=AXIS2_PLACEMENT_3D('',#6928,#5387,#5388);
#4127=AXIS2_PLACEMENT_3D('',#6929,#5389,#5390);
#4128=AXIS2_PLACEMENT_3D('',#6930,#5391,#5392);
#4129=AXIS2_PLACEMENT_3D('',#6931,#5393,#5394);
#4130=AXIS2_PLACEMENT_3D('',#6932,#5395,#5396);
#4131=AXIS2_PLACEMENT_3D('',#6933,#5397,#5398);
#4132=AXIS2_PLACEMENT_3D('',#6934,#5399,#5400);
#4133=AXIS2_PLACEMENT_3D('',#6935,#5401,#5402);
#4134=AXIS2_PLACEMENT_3D('',#6936,#5403,#5404);
#4135=AXIS2_PLACEMENT_3D('',#6937,#5405,#5406);
#4136=AXIS2_PLACEMENT_3D('',#6938,#5407,#5408);
#4137=AXIS2_PLACEMENT_3D('',#6939,#5409,#5410);
#4138=AXIS2_PLACEMENT_3D('',#6940,#5411,#5412);
#4139=AXIS2_PLACEMENT_3D('',#6941,#5413,#5414);
#4140=AXIS2_PLACEMENT_3D('',#6942,#5415,#5416);
#4141=AXIS2_PLACEMENT_3D('',#6943,#5417,#5418);
#4142=AXIS2_PLACEMENT_3D('',#6944,#5419,#5420);
#4143=AXIS2_PLACEMENT_3D('',#6945,#5421,#5422);
#4144=AXIS2_PLACEMENT_3D('',#6946,#5423,#5424);
#4145=AXIS2_PLACEMENT_3D('',#6947,#5425,#5426);
#4146=AXIS2_PLACEMENT_3D('',#6948,#5427,#5428);
#4147=AXIS2_PLACEMENT_3D('',#6949,#5429,#5430);
#4148=AXIS2_PLACEMENT_3D('',#6950,#5431,#5432);
#4149=AXIS2_PLACEMENT_3D('',#6951,#5433,#5434);
#4150=AXIS2_PLACEMENT_3D('',#6952,#5435,#5436);
#4151=AXIS2_PLACEMENT_3D('',#6953,#5437,#5438);
#4152=AXIS2_PLACEMENT_3D('',#6954,#5439,#5440);
#4153=AXIS2_PLACEMENT_3D('',#6955,#5441,#5442);
#4154=AXIS2_PLACEMENT_3D('',#6956,#5443,#5444);
#4155=AXIS2_PLACEMENT_3D('',#6957,#5445,#5446);
#4156=AXIS2_PLACEMENT_3D('',#6966,#5447,#5448);
#4157=AXIS2_PLACEMENT_3D('',#6971,#5449,#5450);
#4158=AXIS2_PLACEMENT_3D('',#6976,#5451,#5452);
#4159=AXIS2_PLACEMENT_3D('',#6985,#5453,#5454);
#4160=AXIS2_PLACEMENT_3D('',#6990,#5455,#5456);
#4161=AXIS2_PLACEMENT_3D('',#6995,#5457,#5458);
#4162=AXIS2_PLACEMENT_3D('',#7000,#5459,#5460);
#4163=AXIS2_PLACEMENT_3D('',#7005,#5461,#5462);
#4164=AXIS2_PLACEMENT_3D('',#7010,#5463,#5464);
#4165=AXIS2_PLACEMENT_3D('',#7015,#5465,#5466);
#4166=AXIS2_PLACEMENT_3D('',#7024,#5467,#5468);
#4167=AXIS2_PLACEMENT_3D('',#7029,#5469,#5470);
#4168=AXIS2_PLACEMENT_3D('',#7130,#5471,#5472);
#4169=AXIS2_PLACEMENT_3D('',#7131,#5473,#5474);
#4170=AXIS2_PLACEMENT_3D('',#7155,#5475,#5476);
#4171=AXIS2_PLACEMENT_3D('',#7162,#5477,#5478);
#4172=AXIS2_PLACEMENT_3D('',#7163,#5479,#5480);
#4173=AXIS2_PLACEMENT_3D('',#7164,#5481,#5482);
#4174=AXIS2_PLACEMENT_3D('',#7165,#5483,#5484);
#4175=AXIS2_PLACEMENT_3D('',#7166,#5485,#5486);
#4176=AXIS2_PLACEMENT_3D('',#7167,#5487,#5488);
#4177=AXIS2_PLACEMENT_3D('',#7168,#5489,#5490);
#4178=AXIS2_PLACEMENT_3D('',#7169,#5491,#5492);
#4179=AXIS2_PLACEMENT_3D('',#7170,#5493,#5494);
#4180=AXIS2_PLACEMENT_3D('',#7171,#5495,#5496);
#4181=AXIS2_PLACEMENT_3D('',#7172,#5497,#5498);
#4182=AXIS2_PLACEMENT_3D('',#7173,#5499,#5500);
#4183=AXIS2_PLACEMENT_3D('',#7174,#5501,#5502);
#4184=AXIS2_PLACEMENT_3D('',#7180,#5503,#5504);
#4185=AXIS2_PLACEMENT_3D('',#7888,#5505,#5506);
#4186=DIRECTION('',(0.,0.,1.));
#4187=DIRECTION('',(1.,0.,0.));
#4188=DIRECTION('',(0.,0.,-1.));
#4189=DIRECTION('',(-1.,0.,0.));
#4190=DIRECTION('',(0.,-1.,0.));
#4191=DIRECTION('',(0.,0.,-1.));
#4192=DIRECTION('',(-1.,0.,0.));
#4193=DIRECTION('',(-3.06161699786839E-16,1.,0.));
#4194=DIRECTION('',(-1.,0.,0.));
#4195=DIRECTION('',(-1.,-3.06161699786839E-16,0.));
#4196=DIRECTION('',(3.06161699786839E-16,-1.,0.));
#4197=DIRECTION('',(-1.,-3.06161699786839E-16,0.));
#4198=DIRECTION('',(3.06161699786839E-16,-1.,0.));
#4199=DIRECTION('',(0.,0.,1.));
#4200=DIRECTION('',(-3.06161699786839E-16,1.,0.));
#4201=DIRECTION('',(-1.,-3.06161699786839E-16,0.));
#4202=DIRECTION('',(3.06161699786839E-16,-1.,0.));
#4203=DIRECTION('',(-1.,-3.06161699786839E-16,0.));
#4204=DIRECTION('',(3.06161699786839E-16,-1.,0.));
#4205=DIRECTION('',(-1.,-3.06161699786839E-16,0.));
#4206=DIRECTION('',(3.06161699786839E-16,-1.,0.));
#4207=DIRECTION('',(0.,0.,-1.));
#4208=DIRECTION('',(-1.,0.,0.));
#4209=DIRECTION('',(0.0350195901352117,0.0388931950683552,0.998629534754574));
#4210=DIRECTION('',(0.,0.,1.));
#4211=DIRECTION('',(1.,0.,0.));
#4212=DIRECTION('',(0.00273905231586332,0.0522642316338269,0.998629534754574));
#4213=DIRECTION('',(0.,0.,1.));
#4214=DIRECTION('',(1.,0.,0.));
#4215=DIRECTION('',(0.,0.,1.));
#4216=DIRECTION('',(1.,0.,0.));
#4217=DIRECTION('',(0.460599114623856,0.511547141020501,-0.725374371012288));
#4218=DIRECTION('',(0.,0.,1.));
#4219=DIRECTION('',(1.,0.,0.));
#4220=DIRECTION('',(0.0360256949531382,0.687411209671236,-0.725374371012288));
#4221=DIRECTION('',(0.,0.,1.));
#4222=DIRECTION('',(-3.06161699786839E-16,1.,0.));
#4223=DIRECTION('',(0.,0.,1.));
#4224=DIRECTION('',(-0.923879532511287,-0.38268343236509,0.));
#4225=DIRECTION('',(-0.965925826289068,-0.258819045102521,0.));
#4226=DIRECTION('',(0.,0.,-1.));
#4227=DIRECTION('',(0.,0.,1.));
#4228=DIRECTION('',(-0.923879532511287,-0.38268343236509,0.));
#4229=DIRECTION('',(-0.866025403784439,-0.5,0.));
#4230=DIRECTION('',(0.,0.,-1.));
#4231=DIRECTION('',(0.,0.,1.));
#4232=DIRECTION('',(-0.923879532511287,-0.38268343236509,0.));
#4233=DIRECTION('',(-0.965925826289068,-0.258819045102521,0.));
#4234=DIRECTION('',(0.,0.,-1.));
#4235=DIRECTION('',(0.,0.,1.));
#4236=DIRECTION('',(-0.923879532511287,-0.38268343236509,0.));
#4237=DIRECTION('',(-0.866025403784439,-0.5,0.));
#4238=DIRECTION('',(0.,0.,-1.));
#4239=DIRECTION('',(0.,0.,1.));
#4240=DIRECTION('',(-0.923879532511287,-0.38268343236509,0.));
#4241=DIRECTION('',(-0.965925826289068,-0.258819045102521,0.));
#4242=DIRECTION('',(0.,0.,-1.));
#4243=DIRECTION('',(0.,0.,1.));
#4244=DIRECTION('',(-0.923879532511287,-0.38268343236509,0.));
#4245=DIRECTION('',(-0.866025403784439,-0.5,0.));
#4246=DIRECTION('',(0.,0.,-1.));
#4247=DIRECTION('',(0.,0.,1.));
#4248=DIRECTION('',(-0.923879532511287,-0.38268343236509,0.));
#4249=DIRECTION('',(-0.965925826289068,-0.258819045102521,0.));
#4250=DIRECTION('',(0.,0.,-1.));
#4251=DIRECTION('',(0.,0.,1.));
#4252=DIRECTION('',(-0.923879532511287,-0.38268343236509,0.));
#4253=DIRECTION('',(-0.866025403784439,-0.5,0.));
#4254=DIRECTION('',(0.,0.,-1.));
#4255=DIRECTION('',(0.,0.,1.));
#4256=DIRECTION('',(-0.923879532511287,-0.38268343236509,0.));
#4257=DIRECTION('',(-0.965925826289068,-0.258819045102521,0.));
#4258=DIRECTION('',(0.,0.,-1.));
#4259=DIRECTION('',(0.,0.,1.));
#4260=DIRECTION('',(-0.923879532511287,-0.38268343236509,0.));
#4261=DIRECTION('',(-0.866025403784439,-0.5,0.));
#4262=DIRECTION('',(0.,0.,-1.));
#4263=DIRECTION('',(0.,0.,1.));
#4264=DIRECTION('',(-0.38268343236509,-0.923879532511287,0.));
#4265=DIRECTION('',(-0.5,-0.866025403784439,0.));
#4266=DIRECTION('',(0.,0.,-1.));
#4267=DIRECTION('',(0.,0.,1.));
#4268=DIRECTION('',(-0.38268343236509,-0.923879532511287,0.));
#4269=DIRECTION('',(-0.258819045102521,-0.965925826289068,0.));
#4270=DIRECTION('',(0.,0.,-1.));
#4271=DIRECTION('',(0.,0.,1.));
#4272=DIRECTION('',(-0.38268343236509,-0.923879532511287,0.));
#4273=DIRECTION('',(-0.5,-0.866025403784439,0.));
#4274=DIRECTION('',(0.,0.,-1.));
#4275=DIRECTION('',(0.,0.,1.));
#4276=DIRECTION('',(-0.38268343236509,-0.923879532511287,0.));
#4277=DIRECTION('',(-0.258819045102521,-0.965925826289068,0.));
#4278=DIRECTION('',(0.,0.,-1.));
#4279=DIRECTION('',(0.,0.,1.));
#4280=DIRECTION('',(-0.38268343236509,-0.923879532511287,0.));
#4281=DIRECTION('',(-0.5,-0.866025403784439,0.));
#4282=DIRECTION('',(0.,0.,-1.));
#4283=DIRECTION('',(0.,0.,1.));
#4284=DIRECTION('',(-0.38268343236509,-0.923879532511287,0.));
#4285=DIRECTION('',(-0.258819045102521,-0.965925826289068,0.));
#4286=DIRECTION('',(0.,0.,-1.));
#4287=DIRECTION('',(0.,0.,1.));
#4288=DIRECTION('',(-0.38268343236509,-0.923879532511287,0.));
#4289=DIRECTION('',(-0.5,-0.866025403784439,0.));
#4290=DIRECTION('',(0.,0.,-1.));
#4291=DIRECTION('',(0.,0.,1.));
#4292=DIRECTION('',(-0.38268343236509,-0.923879532511287,0.));
#4293=DIRECTION('',(-0.258819045102521,-0.965925826289068,0.));
#4294=DIRECTION('',(0.,0.,-1.));
#4295=DIRECTION('',(0.,0.,1.));
#4296=DIRECTION('',(-0.38268343236509,-0.923879532511287,0.));
#4297=DIRECTION('',(-0.5,-0.866025403784439,0.));
#4298=DIRECTION('',(0.,0.,-1.));
#4299=DIRECTION('',(0.,0.,1.));
#4300=DIRECTION('',(-0.38268343236509,-0.923879532511287,0.));
#4301=DIRECTION('',(-0.258819045102521,-0.965925826289068,0.));
#4302=DIRECTION('',(0.,0.,-1.));
#4303=DIRECTION('',(0.,0.,1.));
#4304=DIRECTION('',(0.38268343236509,-0.923879532511287,0.));
#4305=DIRECTION('',(0.258819045102521,-0.965925826289068,0.));
#4306=DIRECTION('',(0.,0.,-1.));
#4307=DIRECTION('',(0.,0.,1.));
#4308=DIRECTION('',(0.38268343236509,-0.923879532511287,0.));
#4309=DIRECTION('',(0.5,-0.866025403784439,0.));
#4310=DIRECTION('',(0.,0.,-1.));
#4311=DIRECTION('',(0.,0.,1.));
#4312=DIRECTION('',(0.38268343236509,-0.923879532511287,0.));
#4313=DIRECTION('',(0.258819045102521,-0.965925826289068,0.));
#4314=DIRECTION('',(0.,0.,-1.));
#4315=DIRECTION('',(0.,0.,1.));
#4316=DIRECTION('',(0.38268343236509,-0.923879532511287,0.));
#4317=DIRECTION('',(0.5,-0.866025403784439,0.));
#4318=DIRECTION('',(0.,0.,-1.));
#4319=DIRECTION('',(0.,0.,1.));
#4320=DIRECTION('',(0.38268343236509,-0.923879532511287,0.));
#4321=DIRECTION('',(0.258819045102521,-0.965925826289068,0.));
#4322=DIRECTION('',(0.,0.,-1.));
#4323=DIRECTION('',(0.,0.,1.));
#4324=DIRECTION('',(0.38268343236509,-0.923879532511287,0.));
#4325=DIRECTION('',(0.5,-0.866025403784439,0.));
#4326=DIRECTION('',(0.,0.,-1.));
#4327=DIRECTION('',(0.,0.,1.));
#4328=DIRECTION('',(0.38268343236509,-0.923879532511287,0.));
#4329=DIRECTION('',(0.258819045102521,-0.965925826289068,0.));
#4330=DIRECTION('',(0.,0.,-1.));
#4331=DIRECTION('',(0.,0.,1.));
#4332=DIRECTION('',(0.38268343236509,-0.923879532511287,0.));
#4333=DIRECTION('',(0.5,-0.866025403784439,0.));
#4334=DIRECTION('',(0.,0.,-1.));
#4335=DIRECTION('',(0.,0.,1.));
#4336=DIRECTION('',(0.38268343236509,-0.923879532511287,0.));
#4337=DIRECTION('',(0.258819045102521,-0.965925826289068,0.));
#4338=DIRECTION('',(0.,0.,-1.));
#4339=DIRECTION('',(0.,0.,1.));
#4340=DIRECTION('',(0.38268343236509,-0.923879532511287,0.));
#4341=DIRECTION('',(0.5,-0.866025403784439,0.));
#4342=DIRECTION('',(0.,0.,-1.));
#4343=DIRECTION('',(0.,0.,1.));
#4344=DIRECTION('',(0.923879532511287,-0.38268343236509,0.));
#4345=DIRECTION('',(0.866025403784439,-0.5,0.));
#4346=DIRECTION('',(0.,0.,-1.));
#4347=DIRECTION('',(0.,0.,1.));
#4348=DIRECTION('',(0.923879532511287,-0.38268343236509,0.));
#4349=DIRECTION('',(0.965925826289068,-0.258819045102521,0.));
#4350=DIRECTION('',(0.,0.,-1.));
#4351=DIRECTION('',(0.,0.,1.));
#4352=DIRECTION('',(0.923879532511287,-0.38268343236509,0.));
#4353=DIRECTION('',(0.866025403784439,-0.5,0.));
#4354=DIRECTION('',(0.,0.,-1.));
#4355=DIRECTION('',(0.,0.,1.));
#4356=DIRECTION('',(0.923879532511287,-0.38268343236509,0.));
#4357=DIRECTION('',(0.965925826289068,-0.258819045102521,0.));
#4358=DIRECTION('',(0.,0.,-1.));
#4359=DIRECTION('',(0.,0.,1.));
#4360=DIRECTION('',(0.923879532511287,-0.38268343236509,0.));
#4361=DIRECTION('',(0.866025403784439,-0.5,0.));
#4362=DIRECTION('',(0.,0.,-1.));
#4363=DIRECTION('',(0.,0.,1.));
#4364=DIRECTION('',(0.923879532511287,-0.38268343236509,0.));
#4365=DIRECTION('',(0.965925826289068,-0.258819045102521,0.));
#4366=DIRECTION('',(0.,0.,-1.));
#4367=DIRECTION('',(0.,0.,1.));
#4368=DIRECTION('',(0.923879532511287,-0.38268343236509,0.));
#4369=DIRECTION('',(0.866025403784439,-0.5,0.));
#4370=DIRECTION('',(0.,0.,-1.));
#4371=DIRECTION('',(0.,0.,1.));
#4372=DIRECTION('',(0.923879532511287,-0.38268343236509,0.));
#4373=DIRECTION('',(0.965925826289068,-0.258819045102521,0.));
#4374=DIRECTION('',(0.,0.,-1.));
#4375=DIRECTION('',(0.,0.,1.));
#4376=DIRECTION('',(0.923879532511287,-0.38268343236509,0.));
#4377=DIRECTION('',(0.866025403784439,-0.5,0.));
#4378=DIRECTION('',(0.,0.,-1.));
#4379=DIRECTION('',(0.,0.,1.));
#4380=DIRECTION('',(0.923879532511287,-0.38268343236509,0.));
#4381=DIRECTION('',(0.965925826289068,-0.258819045102521,0.));
#4382=DIRECTION('',(0.,0.,-1.));
#4383=DIRECTION('',(-1.,-3.06161699786839E-16,0.));
#4384=DIRECTION('',(3.06161699786839E-16,-1.,0.));
#4385=DIRECTION('',(0.,0.,-1.));
#4386=DIRECTION('',(-1.,0.,0.));
#4387=DIRECTION('',(0.,0.,1.));
#4388=DIRECTION('',(-1.83697019872103E-16,1.,0.));
#4389=DIRECTION('',(0.998629534754574,-0.0523359562429434,0.));
#4390=DIRECTION('',(0.,0.,-1.));
#4391=DIRECTION('',(0.,0.,1.));
#4392=DIRECTION('',(1.,0.,0.));
#4393=DIRECTION('',(0.99144486137381,-0.130526192220051,0.));
#4394=DIRECTION('',(0.,0.,-1.));
#4395=DIRECTION('',(0.,0.,1.));
#4396=DIRECTION('',(1.,0.,0.));
#4397=DIRECTION('',(0.998629534754574,-0.0523359562429434,0.));
#4398=DIRECTION('',(0.,0.,-1.));
#4399=DIRECTION('',(0.,0.,1.));
#4400=DIRECTION('',(1.,0.,0.));
#4401=DIRECTION('',(0.99144486137381,-0.130526192220051,0.));
#4402=DIRECTION('',(0.,0.,-1.));
#4403=DIRECTION('',(0.,0.,1.));
#4404=DIRECTION('',(1.,0.,0.));
#4405=DIRECTION('',(0.998629534754574,-0.0523359562429434,0.));
#4406=DIRECTION('',(0.,0.,-1.));
#4407=DIRECTION('',(0.,0.,1.));
#4408=DIRECTION('',(1.,0.,0.));
#4409=DIRECTION('',(0.99144486137381,-0.130526192220051,0.));
#4410=DIRECTION('',(0.,0.,-1.));
#4411=DIRECTION('',(0.,0.,1.));
#4412=DIRECTION('',(1.,0.,0.));
#4413=DIRECTION('',(0.998629534754574,-0.0523359562429434,0.));
#4414=DIRECTION('',(0.,0.,-1.));
#4415=DIRECTION('',(0.,0.,1.));
#4416=DIRECTION('',(1.,0.,0.));
#4417=DIRECTION('',(0.99144486137381,-0.130526192220051,0.));
#4418=DIRECTION('',(0.,0.,-1.));
#4419=DIRECTION('',(0.,0.,1.));
#4420=DIRECTION('',(1.,0.,0.));
#4421=DIRECTION('',(0.998629534754574,-0.0523359562429434,0.));
#4422=DIRECTION('',(0.,0.,-1.));
#4423=DIRECTION('',(0.,0.,1.));
#4424=DIRECTION('',(1.,0.,0.));
#4425=DIRECTION('',(0.99144486137381,-0.130526192220051,0.));
#4426=DIRECTION('',(0.,0.,-1.));
#4427=DIRECTION('',(0.,0.,1.));
#4428=DIRECTION('',(1.,0.,0.));
#4429=DIRECTION('',(0.998629534754574,-0.0523359562429434,0.));
#4430=DIRECTION('',(0.,0.,-1.));
#4431=DIRECTION('',(0.,0.,1.));
#4432=DIRECTION('',(1.,0.,0.));
#4433=DIRECTION('',(0.743144825477395,-0.669130606358858,0.));
#4434=DIRECTION('',(0.,0.,-1.));
#4435=DIRECTION('',(0.,0.,1.));
#4436=DIRECTION('',(0.707106781186548,-0.707106781186548,0.));
#4437=DIRECTION('',(0.793353340291235,-0.60876142900872,0.));
#4438=DIRECTION('',(0.,0.,-1.));
#4439=DIRECTION('',(0.,0.,1.));
#4440=DIRECTION('',(0.707106781186548,-0.707106781186548,0.));
#4441=DIRECTION('',(0.743144825477395,-0.669130606358858,0.));
#4442=DIRECTION('',(0.,0.,-1.));
#4443=DIRECTION('',(0.,0.,1.));
#4444=DIRECTION('',(0.707106781186548,-0.707106781186548,0.));
#4445=DIRECTION('',(0.793353340291235,-0.60876142900872,0.));
#4446=DIRECTION('',(0.,0.,-1.));
#4447=DIRECTION('',(0.,0.,1.));
#4448=DIRECTION('',(0.707106781186548,-0.707106781186548,0.));
#4449=DIRECTION('',(0.743144825477395,-0.669130606358858,0.));
#4450=DIRECTION('',(0.,0.,-1.));
#4451=DIRECTION('',(0.,0.,1.));
#4452=DIRECTION('',(0.707106781186548,-0.707106781186548,0.));
#4453=DIRECTION('',(0.793353340291235,-0.60876142900872,0.));
#4454=DIRECTION('',(0.,0.,-1.));
#4455=DIRECTION('',(0.,0.,1.));
#4456=DIRECTION('',(0.707106781186548,-0.707106781186548,0.));
#4457=DIRECTION('',(0.743144825477395,-0.669130606358858,0.));
#4458=DIRECTION('',(0.,0.,-1.));
#4459=DIRECTION('',(0.,0.,1.));
#4460=DIRECTION('',(0.707106781186548,-0.707106781186548,0.));
#4461=DIRECTION('',(0.793353340291235,-0.60876142900872,0.));
#4462=DIRECTION('',(0.,0.,-1.));
#4463=DIRECTION('',(0.,0.,1.));
#4464=DIRECTION('',(0.707106781186548,-0.707106781186548,0.));
#4465=DIRECTION('',(0.743144825477395,-0.669130606358858,0.));
#4466=DIRECTION('',(0.,0.,-1.));
#4467=DIRECTION('',(0.,0.,1.));
#4468=DIRECTION('',(0.707106781186548,-0.707106781186548,0.));
#4469=DIRECTION('',(0.793353340291235,-0.60876142900872,0.));
#4470=DIRECTION('',(0.,0.,-1.));
#4471=DIRECTION('',(0.,0.,1.));
#4472=DIRECTION('',(0.707106781186548,-0.707106781186548,0.));
#4473=DIRECTION('',(0.743144825477395,-0.669130606358858,0.));
#4474=DIRECTION('',(0.,0.,-1.));
#4475=DIRECTION('',(0.,0.,1.));
#4476=DIRECTION('',(0.707106781186547,0.707106781186548,0.));
#4477=DIRECTION('',(0.669130606358859,-0.743144825477394,0.));
#4478=DIRECTION('',(0.,0.,-1.));
#4479=DIRECTION('',(0.,0.,1.));
#4480=DIRECTION('',(0.707106781186548,-0.707106781186548,0.));
#4481=DIRECTION('',(0.608761429008721,-0.793353340291235,0.));
#4482=DIRECTION('',(0.,0.,-1.));
#4483=DIRECTION('',(0.,0.,1.));
#4484=DIRECTION('',(0.707106781186548,-0.707106781186548,0.));
#4485=DIRECTION('',(0.669130606358859,-0.743144825477394,0.));
#4486=DIRECTION('',(0.,0.,-1.));
#4487=DIRECTION('',(0.,0.,1.));
#4488=DIRECTION('',(0.707106781186548,-0.707106781186548,0.));
#4489=DIRECTION('',(0.608761429008721,-0.793353340291235,0.));
#4490=DIRECTION('',(0.,0.,-1.));
#4491=DIRECTION('',(0.,0.,1.));
#4492=DIRECTION('',(0.707106781186548,-0.707106781186548,0.));
#4493=DIRECTION('',(0.669130606358859,-0.743144825477394,0.));
#4494=DIRECTION('',(0.,0.,-1.));
#4495=DIRECTION('',(0.,0.,1.));
#4496=DIRECTION('',(0.707106781186548,-0.707106781186548,0.));
#4497=DIRECTION('',(0.608761429008721,-0.793353340291235,0.));
#4498=DIRECTION('',(0.,0.,-1.));
#4499=DIRECTION('',(0.,0.,1.));
#4500=DIRECTION('',(0.707106781186548,-0.707106781186548,0.));
#4501=DIRECTION('',(0.669130606358859,-0.743144825477394,0.));
#4502=DIRECTION('',(0.,0.,-1.));
#4503=DIRECTION('',(0.,0.,1.));
#4504=DIRECTION('',(0.707106781186548,-0.707106781186548,0.));
#4505=DIRECTION('',(0.608761429008721,-0.793353340291235,0.));
#4506=DIRECTION('',(0.,0.,-1.));
#4507=DIRECTION('',(0.,0.,1.));
#4508=DIRECTION('',(0.707106781186548,-0.707106781186548,0.));
#4509=DIRECTION('',(0.669130606358859,-0.743144825477394,0.));
#4510=DIRECTION('',(0.,0.,-1.));
#4511=DIRECTION('',(0.,0.,1.));
#4512=DIRECTION('',(0.707106781186548,-0.707106781186548,0.));
#4513=DIRECTION('',(0.608761429008721,-0.793353340291235,0.));
#4514=DIRECTION('',(0.,0.,-1.));
#4515=DIRECTION('',(0.,0.,1.));
#4516=DIRECTION('',(0.707106781186548,-0.707106781186548,0.));
#4517=DIRECTION('',(0.669130606358859,-0.743144825477394,0.));
#4518=DIRECTION('',(0.,0.,-1.));
#4519=DIRECTION('',(0.,0.,1.));
#4520=DIRECTION('',(1.,0.,0.));
#4521=DIRECTION('',(0.0523359562429444,-0.998629534754574,0.));
#4522=DIRECTION('',(0.,0.,-1.));
#4523=DIRECTION('',(0.,0.,1.));
#4524=DIRECTION('',(6.12323399573677E-17,-1.,0.));
#4525=DIRECTION('',(0.130526192220052,-0.99144486137381,0.));
#4526=DIRECTION('',(0.,0.,-1.));
#4527=DIRECTION('',(0.,0.,1.));
#4528=DIRECTION('',(6.12323399573677E-17,-1.,0.));
#4529=DIRECTION('',(0.0523359562429444,-0.998629534754574,0.));
#4530=DIRECTION('',(0.,0.,-1.));
#4531=DIRECTION('',(0.,0.,1.));
#4532=DIRECTION('',(6.12323399573677E-17,-1.,0.));
#4533=DIRECTION('',(0.130526192220052,-0.99144486137381,0.));
#4534=DIRECTION('',(0.,0.,-1.));
#4535=DIRECTION('',(0.,0.,1.));
#4536=DIRECTION('',(6.12323399573677E-17,-1.,0.));
#4537=DIRECTION('',(0.0523359562429444,-0.998629534754574,0.));
#4538=DIRECTION('',(0.,0.,-1.));
#4539=DIRECTION('',(0.,0.,1.));
#4540=DIRECTION('',(6.12323399573677E-17,-1.,0.));
#4541=DIRECTION('',(0.130526192220052,-0.99144486137381,0.));
#4542=DIRECTION('',(0.,0.,-1.));
#4543=DIRECTION('',(0.,0.,1.));
#4544=DIRECTION('',(6.12323399573677E-17,-1.,0.));
#4545=DIRECTION('',(0.0523359562429444,-0.998629534754574,0.));
#4546=DIRECTION('',(0.,0.,-1.));
#4547=DIRECTION('',(0.,0.,1.));
#4548=DIRECTION('',(6.12323399573677E-17,-1.,0.));
#4549=DIRECTION('',(0.130526192220052,-0.99144486137381,0.));
#4550=DIRECTION('',(0.,0.,-1.));
#4551=DIRECTION('',(0.,0.,1.));
#4552=DIRECTION('',(6.12323399573677E-17,-1.,0.));
#4553=DIRECTION('',(0.0523359562429444,-0.998629534754574,0.));
#4554=DIRECTION('',(0.,0.,-1.));
#4555=DIRECTION('',(0.,0.,1.));
#4556=DIRECTION('',(6.12323399573677E-17,-1.,0.));
#4557=DIRECTION('',(0.130526192220052,-0.99144486137381,0.));
#4558=DIRECTION('',(0.,0.,-1.));
#4559=DIRECTION('',(0.,0.,1.));
#4560=DIRECTION('',(6.12323399573677E-17,-1.,0.));
#4561=DIRECTION('',(0.0523359562429444,-0.998629534754574,0.));
#4562=DIRECTION('',(0.,0.,-1.));
#4563=DIRECTION('',(0.,0.,1.));
#4564=DIRECTION('',(1.,0.,0.));
#4565=DIRECTION('',(-0.0523359562429436,-0.998629534754574,0.));
#4566=DIRECTION('',(0.,0.,-1.));
#4567=DIRECTION('',(0.,0.,1.));
#4568=DIRECTION('',(6.12323399573677E-17,-1.,0.));
#4569=DIRECTION('',(-0.130526192220051,-0.99144486137381,0.));
#4570=DIRECTION('',(0.,0.,-1.));
#4571=DIRECTION('',(0.,0.,1.));
#4572=DIRECTION('',(6.12323399573677E-17,-1.,0.));
#4573=DIRECTION('',(-0.0523359562429436,-0.998629534754574,0.));
#4574=DIRECTION('',(0.,0.,-1.));
#4575=DIRECTION('',(0.,0.,1.));
#4576=DIRECTION('',(6.12323399573677E-17,-1.,0.));
#4577=DIRECTION('',(-0.130526192220051,-0.99144486137381,0.));
#4578=DIRECTION('',(0.,0.,-1.));
#4579=DIRECTION('',(0.,0.,1.));
#4580=DIRECTION('',(6.12323399573677E-17,-1.,0.));
#4581=DIRECTION('',(-0.0523359562429436,-0.998629534754574,0.));
#4582=DIRECTION('',(0.,0.,-1.));
#4583=DIRECTION('',(0.,0.,1.));
#4584=DIRECTION('',(6.12323399573677E-17,-1.,0.));
#4585=DIRECTION('',(-0.130526192220051,-0.99144486137381,0.));
#4586=DIRECTION('',(0.,0.,-1.));
#4587=DIRECTION('',(0.,0.,1.));
#4588=DIRECTION('',(6.12323399573677E-17,-1.,0.));
#4589=DIRECTION('',(-0.0523359562429436,-0.998629534754574,0.));
#4590=DIRECTION('',(0.,0.,-1.));
#4591=DIRECTION('',(0.,0.,1.));
#4592=DIRECTION('',(6.12323399573677E-17,-1.,0.));
#4593=DIRECTION('',(-0.130526192220051,-0.99144486137381,0.));
#4594=DIRECTION('',(0.,0.,-1.));
#4595=DIRECTION('',(0.,0.,1.));
#4596=DIRECTION('',(6.12323399573677E-17,-1.,0.));
#4597=DIRECTION('',(-0.0523359562429436,-0.998629534754574,0.));
#4598=DIRECTION('',(0.,0.,-1.));
#4599=DIRECTION('',(0.,0.,1.));
#4600=DIRECTION('',(6.12323399573677E-17,-1.,0.));
#4601=DIRECTION('',(-0.130526192220051,-0.99144486137381,0.));
#4602=DIRECTION('',(0.,0.,-1.));
#4603=DIRECTION('',(0.,0.,1.));
#4604=DIRECTION('',(6.12323399573677E-17,-1.,0.));
#4605=DIRECTION('',(-0.0523359562429436,-0.998629534754574,0.));
#4606=DIRECTION('',(0.,0.,-1.));
#4607=DIRECTION('',(0.,0.,1.));
#4608=DIRECTION('',(1.,0.,0.));
#4609=DIRECTION('',(-0.669130606358858,-0.743144825477395,0.));
#4610=DIRECTION('',(0.,0.,-1.));
#4611=DIRECTION('',(0.,0.,1.));
#4612=DIRECTION('',(-0.707106781186548,-0.707106781186548,0.));
#4613=DIRECTION('',(-0.60876142900872,-0.793353340291235,0.));
#4614=DIRECTION('',(0.,0.,-1.));
#4615=DIRECTION('',(0.,0.,1.));
#4616=DIRECTION('',(-0.707106781186548,-0.707106781186548,0.));
#4617=DIRECTION('',(-0.669130606358858,-0.743144825477395,0.));
#4618=DIRECTION('',(0.,0.,-1.));
#4619=DIRECTION('',(0.,0.,1.));
#4620=DIRECTION('',(-0.707106781186548,-0.707106781186548,0.));
#4621=DIRECTION('',(-0.60876142900872,-0.793353340291235,0.));
#4622=DIRECTION('',(0.,0.,-1.));
#4623=DIRECTION('',(0.,0.,1.));
#4624=DIRECTION('',(-0.707106781186548,-0.707106781186548,0.));
#4625=DIRECTION('',(-0.669130606358858,-0.743144825477395,0.));
#4626=DIRECTION('',(0.,0.,-1.));
#4627=DIRECTION('',(0.,0.,1.));
#4628=DIRECTION('',(-0.707106781186548,-0.707106781186548,0.));
#4629=DIRECTION('',(-0.60876142900872,-0.793353340291235,0.));
#4630=DIRECTION('',(0.,0.,-1.));
#4631=DIRECTION('',(0.,0.,1.));
#4632=DIRECTION('',(-0.707106781186548,-0.707106781186548,0.));
#4633=DIRECTION('',(-0.669130606358858,-0.743144825477395,0.));
#4634=DIRECTION('',(0.,0.,-1.));
#4635=DIRECTION('',(0.,0.,1.));
#4636=DIRECTION('',(-0.707106781186548,-0.707106781186548,0.));
#4637=DIRECTION('',(-0.60876142900872,-0.793353340291235,0.));
#4638=DIRECTION('',(0.,0.,-1.));
#4639=DIRECTION('',(0.,0.,1.));
#4640=DIRECTION('',(-0.707106781186548,-0.707106781186548,0.));
#4641=DIRECTION('',(-0.669130606358858,-0.743144825477395,0.));
#4642=DIRECTION('',(0.,0.,-1.));
#4643=DIRECTION('',(0.,0.,1.));
#4644=DIRECTION('',(-0.707106781186548,-0.707106781186548,0.));
#4645=DIRECTION('',(-0.60876142900872,-0.793353340291235,0.));
#4646=DIRECTION('',(0.,0.,-1.));
#4647=DIRECTION('',(0.,0.,1.));
#4648=DIRECTION('',(-0.707106781186548,-0.707106781186548,0.));
#4649=DIRECTION('',(-0.669130606358858,-0.743144825477395,0.));
#4650=DIRECTION('',(0.,0.,-1.));
#4651=DIRECTION('',(0.,0.,1.));
#4652=DIRECTION('',(0.707106781186548,-0.707106781186548,0.));
#4653=DIRECTION('',(-0.743144825477394,-0.669130606358859,0.));
#4654=DIRECTION('',(0.,0.,-1.));
#4655=DIRECTION('',(0.,0.,1.));
#4656=DIRECTION('',(-0.707106781186548,-0.707106781186548,0.));
#4657=DIRECTION('',(-0.793353340291235,-0.608761429008721,0.));
#4658=DIRECTION('',(0.,0.,-1.));
#4659=DIRECTION('',(0.,0.,1.));
#4660=DIRECTION('',(-0.707106781186548,-0.707106781186548,0.));
#4661=DIRECTION('',(-0.743144825477394,-0.669130606358859,0.));
#4662=DIRECTION('',(0.,0.,-1.));
#4663=DIRECTION('',(0.,0.,1.));
#4664=DIRECTION('',(-0.707106781186548,-0.707106781186548,0.));
#4665=DIRECTION('',(-0.793353340291235,-0.608761429008721,0.));
#4666=DIRECTION('',(0.,0.,-1.));
#4667=DIRECTION('',(0.,0.,1.));
#4668=DIRECTION('',(-0.707106781186548,-0.707106781186548,0.));
#4669=DIRECTION('',(-0.743144825477394,-0.669130606358859,0.));
#4670=DIRECTION('',(0.,0.,-1.));
#4671=DIRECTION('',(0.,0.,1.));
#4672=DIRECTION('',(-0.707106781186548,-0.707106781186548,0.));
#4673=DIRECTION('',(-0.793353340291235,-0.608761429008721,0.));
#4674=DIRECTION('',(0.,0.,-1.));
#4675=DIRECTION('',(0.,0.,1.));
#4676=DIRECTION('',(-0.707106781186548,-0.707106781186548,0.));
#4677=DIRECTION('',(-0.743144825477394,-0.669130606358859,0.));
#4678=DIRECTION('',(0.,0.,-1.));
#4679=DIRECTION('',(0.,0.,1.));
#4680=DIRECTION('',(-0.707106781186548,-0.707106781186548,0.));
#4681=DIRECTION('',(-0.793353340291235,-0.608761429008721,0.));
#4682=DIRECTION('',(0.,0.,-1.));
#4683=DIRECTION('',(0.,0.,1.));
#4684=DIRECTION('',(-0.707106781186548,-0.707106781186548,0.));
#4685=DIRECTION('',(-0.743144825477394,-0.669130606358859,0.));
#4686=DIRECTION('',(0.,0.,-1.));
#4687=DIRECTION('',(0.,0.,1.));
#4688=DIRECTION('',(-0.707106781186548,-0.707106781186548,0.));
#4689=DIRECTION('',(-0.793353340291235,-0.608761429008721,0.));
#4690=DIRECTION('',(0.,0.,-1.));
#4691=DIRECTION('',(0.,0.,1.));
#4692=DIRECTION('',(-0.707106781186548,-0.707106781186548,0.));
#4693=DIRECTION('',(-0.743144825477394,-0.669130606358859,0.));
#4694=DIRECTION('',(0.,0.,-1.));
#4695=DIRECTION('',(0.,0.,1.));
#4696=DIRECTION('',(1.,0.,0.));
#4697=DIRECTION('',(-0.998629534754574,-0.0523359562429444,0.));
#4698=DIRECTION('',(0.,0.,-1.));
#4699=DIRECTION('',(0.,0.,1.));
#4700=DIRECTION('',(-1.,-1.22464679914735E-16,0.));
#4701=DIRECTION('',(-0.99144486137381,-0.130526192220052,0.));
#4702=DIRECTION('',(0.,0.,-1.));
#4703=DIRECTION('',(0.,0.,1.));
#4704=DIRECTION('',(-1.,-1.22464679914735E-16,0.));
#4705=DIRECTION('',(-0.998629534754574,-0.0523359562429444,0.));
#4706=DIRECTION('',(0.,0.,-1.));
#4707=DIRECTION('',(0.,0.,1.));
#4708=DIRECTION('',(-1.,-1.22464679914735E-16,0.));
#4709=DIRECTION('',(-0.99144486137381,-0.130526192220052,0.));
#4710=DIRECTION('',(0.,0.,-1.));
#4711=DIRECTION('',(0.,0.,1.));
#4712=DIRECTION('',(-1.,-1.22464679914735E-16,0.));
#4713=DIRECTION('',(-0.998629534754574,-0.0523359562429444,0.));
#4714=DIRECTION('',(0.,0.,-1.));
#4715=DIRECTION('',(0.,0.,1.));
#4716=DIRECTION('',(-1.,-1.22464679914735E-16,0.));
#4717=DIRECTION('',(-0.99144486137381,-0.130526192220052,0.));
#4718=DIRECTION('',(0.,0.,-1.));
#4719=DIRECTION('',(0.,0.,1.));
#4720=DIRECTION('',(-1.,-1.22464679914735E-16,0.));
#4721=DIRECTION('',(-0.998629534754574,-0.0523359562429444,0.));
#4722=DIRECTION('',(0.,0.,-1.));
#4723=DIRECTION('',(0.,0.,1.));
#4724=DIRECTION('',(-1.,-1.22464679914735E-16,0.));
#4725=DIRECTION('',(-0.99144486137381,-0.130526192220052,0.));
#4726=DIRECTION('',(0.,0.,-1.));
#4727=DIRECTION('',(0.,0.,1.));
#4728=DIRECTION('',(-1.,-1.22464679914735E-16,0.));
#4729=DIRECTION('',(-0.998629534754574,-0.0523359562429444,0.));
#4730=DIRECTION('',(0.,0.,-1.));
#4731=DIRECTION('',(0.,0.,1.));
#4732=DIRECTION('',(-1.,-1.22464679914735E-16,0.));
#4733=DIRECTION('',(-0.99144486137381,-0.130526192220052,0.));
#4734=DIRECTION('',(0.,0.,-1.));
#4735=DIRECTION('',(0.,0.,1.));
#4736=DIRECTION('',(-1.,-1.22464679914735E-16,0.));
#4737=DIRECTION('',(-0.998629534754574,-0.0523359562429444,0.));
#4738=DIRECTION('',(0.,0.,-1.));
#4739=DIRECTION('',(0.,0.,1.));
#4740=DIRECTION('',(6.12323399573677E-17,-1.,0.));
#4741=DIRECTION('',(0.,0.,1.));
#4742=DIRECTION('',(-3.06161699786839E-16,1.,0.));
#4743=DIRECTION('',(-1.,-3.06161699786839E-16,0.));
#4744=DIRECTION('',(3.06161699786839E-16,-1.,0.));
#4745=DIRECTION('',(0.,0.,1.));
#4746=DIRECTION('',(6.12323399573677E-17,-1.,0.));
#4747=DIRECTION('',(0.998629534754574,0.0523359562429444,0.));
#4748=DIRECTION('',(0.,0.,-1.));
#4749=DIRECTION('',(0.,0.,1.));
#4750=DIRECTION('',(1.,0.,0.));
#4751=DIRECTION('',(0.743144825477394,0.669130606358859,0.));
#4752=DIRECTION('',(0.,0.,-1.));
#4753=DIRECTION('',(0.,0.,1.));
#4754=DIRECTION('',(0.707106781186548,-0.707106781186548,0.));
#4755=DIRECTION('',(0.669130606358858,0.743144825477395,0.));
#4756=DIRECTION('',(0.,0.,-1.));
#4757=DIRECTION('',(0.,0.,1.));
#4758=DIRECTION('',(1.,0.,0.));
#4759=DIRECTION('',(0.0523359562429436,0.998629534754574,0.));
#4760=DIRECTION('',(0.,0.,-1.));
#4761=DIRECTION('',(0.,0.,1.));
#4762=DIRECTION('',(1.,0.,0.));
#4763=DIRECTION('',(-0.0523359562429444,0.998629534754574,0.));
#4764=DIRECTION('',(0.,0.,-1.));
#4765=DIRECTION('',(0.,0.,1.));
#4766=DIRECTION('',(1.,0.,0.));
#4767=DIRECTION('',(-0.669130606358859,0.743144825477394,0.));
#4768=DIRECTION('',(0.,0.,-1.));
#4769=DIRECTION('',(0.,0.,1.));
#4770=DIRECTION('',(0.707106781186547,0.707106781186548,0.));
#4771=DIRECTION('',(-0.743144825477395,0.669130606358858,0.));
#4772=DIRECTION('',(0.,0.,-1.));
#4773=DIRECTION('',(-0.998629534754574,0.0523359562429434,0.));
#4774=DIRECTION('',(0.,0.,-1.));
#4775=DIRECTION('',(0.,0.,1.));
#4776=DIRECTION('',(-1.83697019872103E-16,1.,0.));
#4777=DIRECTION('',(0.,0.,1.));
#4778=DIRECTION('',(1.,0.,0.));
#4779=DIRECTION('',(-0.669130606358858,-0.743144825477395,0.));
#4780=DIRECTION('',(-0.0523359562429434,-0.998629534754574,0.));
#4781=DIRECTION('',(0.,0.,1.));
#4782=DIRECTION('',(0.707106781186548,-0.707106781186548,0.));
#4783=DIRECTION('',(0.669130606358859,-0.743144825477394,0.));
#4784=DIRECTION('',(0.743144825477394,0.669130606358859,0.));
#4785=DIRECTION('',(-0.608761429008721,0.793353340291235,0.));
#4786=DIRECTION('',(0.,0.,-1.));
#4787=DIRECTION('',(0.,0.,1.));
#4788=DIRECTION('',(0.707106781186548,-0.707106781186548,0.));
#4789=DIRECTION('',(0.669130606358859,-0.743144825477394,0.));
#4790=DIRECTION('',(0.743144825477394,0.669130606358859,0.));
#4791=DIRECTION('',(-0.608761429008721,0.793353340291235,0.));
#4792=DIRECTION('',(0.,0.,-1.));
#4793=DIRECTION('',(0.,0.,1.));
#4794=DIRECTION('',(0.707106781186548,-0.707106781186548,0.));
#4795=DIRECTION('',(0.669130606358859,-0.743144825477394,0.));
#4796=DIRECTION('',(0.743144825477394,0.669130606358859,0.));
#4797=DIRECTION('',(-0.608761429008721,0.793353340291235,0.));
#4798=DIRECTION('',(0.,0.,-1.));
#4799=DIRECTION('',(0.,0.,1.));
#4800=DIRECTION('',(0.707106781186548,-0.707106781186548,0.));
#4801=DIRECTION('',(0.669130606358859,-0.743144825477394,0.));
#4802=DIRECTION('',(0.743144825477394,0.669130606358859,0.));
#4803=DIRECTION('',(-0.608761429008721,0.793353340291235,0.));
#4804=DIRECTION('',(0.,0.,-1.));
#4805=DIRECTION('',(0.,0.,1.));
#4806=DIRECTION('',(0.707106781186548,-0.707106781186548,0.));
#4807=DIRECTION('',(0.669130606358859,-0.743144825477394,0.));
#4808=DIRECTION('',(0.743144825477394,0.669130606358859,0.));
#4809=DIRECTION('',(-0.608761429008721,0.793353340291235,0.));
#4810=DIRECTION('',(0.,0.,-1.));
#4811=DIRECTION('',(0.,0.,1.));
#4812=DIRECTION('',(1.,0.,0.));
#4813=DIRECTION('',(0.998629534754574,-0.0523359562429434,0.));
#4814=DIRECTION('',(0.0523359562429434,0.998629534754574,0.));
#4815=DIRECTION('',(-0.99144486137381,0.130526192220051,0.));
#4816=DIRECTION('',(0.,0.,-1.));
#4817=DIRECTION('',(0.,0.,1.));
#4818=DIRECTION('',(1.,0.,0.));
#4819=DIRECTION('',(0.998629534754574,-0.0523359562429434,0.));
#4820=DIRECTION('',(0.0523359562429434,0.998629534754574,0.));
#4821=DIRECTION('',(-0.99144486137381,0.130526192220051,0.));
#4822=DIRECTION('',(0.,0.,-1.));
#4823=DIRECTION('',(0.,0.,1.));
#4824=DIRECTION('',(1.,0.,0.));
#4825=DIRECTION('',(0.998629534754574,-0.0523359562429434,0.));
#4826=DIRECTION('',(0.0523359562429434,0.998629534754574,0.));
#4827=DIRECTION('',(-0.99144486137381,0.130526192220051,0.));
#4828=DIRECTION('',(0.,0.,-1.));
#4829=DIRECTION('',(0.,0.,1.));
#4830=DIRECTION('',(1.,0.,0.));
#4831=DIRECTION('',(0.998629534754574,-0.0523359562429434,0.));
#4832=DIRECTION('',(0.0523359562429434,0.998629534754574,0.));
#4833=DIRECTION('',(-0.99144486137381,0.130526192220051,0.));
#4834=DIRECTION('',(0.,0.,-1.));
#4835=DIRECTION('',(0.,0.,1.));
#4836=DIRECTION('',(1.,0.,0.));
#4837=DIRECTION('',(0.998629534754574,-0.0523359562429434,0.));
#4838=DIRECTION('',(0.0523359562429434,0.998629534754574,0.));
#4839=DIRECTION('',(-0.99144486137381,0.130526192220051,0.));
#4840=DIRECTION('',(0.,0.,-1.));
#4841=DIRECTION('',(0.,0.,-1.));
#4842=DIRECTION('',(-1.,0.,0.));
#4843=DIRECTION('',(0.00273905231586337,-0.0522642316338269,0.998629534754574));
#4844=DIRECTION('',(0.,0.,1.));
#4845=DIRECTION('',(1.,0.,0.));
#4846=DIRECTION('',(0.0350195901352118,-0.0388931950683551,0.998629534754574));
#4847=DIRECTION('',(0.,0.,1.));
#4848=DIRECTION('',(1.,0.,0.));
#4849=DIRECTION('',(0.0360256949531389,-0.687411209671236,-0.725374371012288));
#4850=DIRECTION('',(0.,0.,1.));
#4851=DIRECTION('',(1.,0.,0.));
#4852=DIRECTION('',(0.460599114623856,-0.511547141020501,-0.725374371012288));
#4853=DIRECTION('',(0.,0.,1.));
#4854=DIRECTION('',(1.,0.,0.));
#4855=DIRECTION('',(-0.0523359562429444,0.998629534754574,0.));
#4856=DIRECTION('',(-0.669130606358859,0.743144825477394,0.));
#4857=DIRECTION('',(0.,0.,-1.));
#4858=DIRECTION('',(-1.,0.,0.));
#4859=DIRECTION('',(0.0388931950683552,-0.0350195901352117,0.998629534754574));
#4860=DIRECTION('',(0.,0.,1.));
#4861=DIRECTION('',(1.,0.,0.));
#4862=DIRECTION('',(0.0522642316338269,-0.00273905231586333,0.998629534754574));
#4863=DIRECTION('',(0.,0.,1.));
#4864=DIRECTION('',(1.,0.,0.));
#4865=DIRECTION('',(0.511547141020501,-0.460599114623856,-0.725374371012288));
#4866=DIRECTION('',(0.,0.,1.));
#4867=DIRECTION('',(1.,0.,0.));
#4868=DIRECTION('',(0.687411209671236,-0.0360256949531383,-0.725374371012288));
#4869=DIRECTION('',(0.,0.,1.));
#4870=DIRECTION('',(1.,0.,0.));
#4871=DIRECTION('',(-0.743144825477395,0.669130606358858,0.));
#4872=DIRECTION('',(-0.998629534754574,0.0523359562429436,0.));
#4873=DIRECTION('',(0.,0.,1.));
#4874=DIRECTION('',(-0.707106781186548,-0.707106781186548,0.));
#4875=DIRECTION('',(-0.743144825477394,-0.669130606358859,0.));
#4876=DIRECTION('',(0.669130606358859,-0.743144825477394,0.));
#4877=DIRECTION('',(0.793353340291235,0.608761429008721,0.));
#4878=DIRECTION('',(0.,0.,-1.));
#4879=DIRECTION('',(0.,0.,1.));
#4880=DIRECTION('',(-0.707106781186548,-0.707106781186548,0.));
#4881=DIRECTION('',(-0.743144825477394,-0.669130606358859,0.));
#4882=DIRECTION('',(0.669130606358859,-0.743144825477394,0.));
#4883=DIRECTION('',(0.793353340291235,0.608761429008721,0.));
#4884=DIRECTION('',(0.,0.,-1.));
#4885=DIRECTION('',(0.,0.,1.));
#4886=DIRECTION('',(-0.707106781186548,-0.707106781186548,0.));
#4887=DIRECTION('',(-0.743144825477394,-0.669130606358859,0.));
#4888=DIRECTION('',(0.669130606358859,-0.743144825477394,0.));
#4889=DIRECTION('',(0.793353340291235,0.608761429008721,0.));
#4890=DIRECTION('',(0.,0.,-1.));
#4891=DIRECTION('',(0.,0.,1.));
#4892=DIRECTION('',(-0.707106781186548,-0.707106781186548,0.));
#4893=DIRECTION('',(-0.743144825477394,-0.669130606358859,0.));
#4894=DIRECTION('',(0.669130606358859,-0.743144825477394,0.));
#4895=DIRECTION('',(0.793353340291235,0.608761429008721,0.));
#4896=DIRECTION('',(0.,0.,-1.));
#4897=DIRECTION('',(0.,0.,1.));
#4898=DIRECTION('',(-0.707106781186548,-0.707106781186548,0.));
#4899=DIRECTION('',(-0.743144825477394,-0.669130606358859,0.));
#4900=DIRECTION('',(0.669130606358859,-0.743144825477394,0.));
#4901=DIRECTION('',(0.793353340291235,0.608761429008721,0.));
#4902=DIRECTION('',(0.,0.,-1.));
#4903=DIRECTION('',(0.,0.,-1.));
#4904=DIRECTION('',(-1.,0.,0.));
#4905=DIRECTION('',(0.,0.,1.));
#4906=DIRECTION('',(1.,0.,0.));
#4907=DIRECTION('',(0.0388931950683551,0.0350195901352118,0.998629534754574));
#4908=DIRECTION('',(0.0522642316338269,0.00273905231586337,0.998629534754574));
#4909=DIRECTION('',(0.,0.,1.));
#4910=DIRECTION('',(1.,0.,0.));
#4911=DIRECTION('',(0.5115471410205,0.460599114623856,-0.725374371012288));
#4912=DIRECTION('',(0.687411209671236,0.0360256949531388,-0.725374371012288));
#4913=DIRECTION('',(0.,0.,1.));
#4914=DIRECTION('',(1.,0.,0.));
#4915=DIRECTION('',(0.,0.,1.));
#4916=DIRECTION('',(1.,0.,0.));
#4917=DIRECTION('',(-0.743144825477394,-0.669130606358859,0.));
#4918=DIRECTION('',(-0.998629534754574,-0.0523359562429444,0.));
#4919=DIRECTION('',(0.,0.,1.));
#4920=DIRECTION('',(6.12323399573677E-17,-1.,0.));
#4921=DIRECTION('',(-0.0523359562429436,-0.998629534754574,0.));
#4922=DIRECTION('',(0.998629534754574,-0.0523359562429436,0.));
#4923=DIRECTION('',(0.130526192220051,0.99144486137381,0.));
#4924=DIRECTION('',(0.,0.,-1.));
#4925=DIRECTION('',(0.,0.,1.));
#4926=DIRECTION('',(6.12323399573677E-17,-1.,0.));
#4927=DIRECTION('',(-0.0523359562429436,-0.998629534754574,0.));
#4928=DIRECTION('',(0.998629534754574,-0.0523359562429436,0.));
#4929=DIRECTION('',(0.130526192220051,0.99144486137381,0.));
#4930=DIRECTION('',(0.,0.,-1.));
#4931=DIRECTION('',(0.,0.,1.));
#4932=DIRECTION('',(6.12323399573677E-17,-1.,0.));
#4933=DIRECTION('',(-0.0523359562429436,-0.998629534754574,0.));
#4934=DIRECTION('',(0.998629534754574,-0.0523359562429436,0.));
#4935=DIRECTION('',(0.130526192220051,0.99144486137381,0.));
#4936=DIRECTION('',(0.,0.,-1.));
#4937=DIRECTION('',(0.,0.,1.));
#4938=DIRECTION('',(6.12323399573677E-17,-1.,0.));
#4939=DIRECTION('',(-0.0523359562429436,-0.998629534754574,0.));
#4940=DIRECTION('',(0.998629534754574,-0.0523359562429436,0.));
#4941=DIRECTION('',(0.130526192220051,0.99144486137381,0.));
#4942=DIRECTION('',(0.,0.,-1.));
#4943=DIRECTION('',(0.,0.,1.));
#4944=DIRECTION('',(6.12323399573677E-17,-1.,0.));
#4945=DIRECTION('',(-0.0523359562429436,-0.998629534754574,0.));
#4946=DIRECTION('',(0.998629534754574,-0.0523359562429436,0.));
#4947=DIRECTION('',(0.130526192220051,0.99144486137381,0.));
#4948=DIRECTION('',(0.,0.,-1.));
#4949=DIRECTION('',(-1.,-3.06161699786839E-16,0.));
#4950=DIRECTION('',(3.06161699786839E-16,-1.,0.));
#4951=DIRECTION('',(0.,0.,1.));
#4952=DIRECTION('',(-1.,-3.06161699786839E-16,0.));
#4953=DIRECTION('',(3.06161699786839E-16,-1.,0.));
#4954=DIRECTION('',(-1.,-3.06161699786839E-16,0.));
#4955=DIRECTION('',(3.06161699786839E-16,-1.,0.));
#4956=DIRECTION('',(0.,0.,1.));
#4957=DIRECTION('',(1.,0.,0.));
#4958=DIRECTION('',(0.,0.,-1.));
#4959=DIRECTION('',(-1.,0.,0.));
#4960=DIRECTION('',(0.,0.,-1.));
#4961=DIRECTION('',(-1.,0.,0.));
#4962=DIRECTION('',(1.,0.,0.));
#4963=DIRECTION('',(0.,1.,0.));
#4964=DIRECTION('',(0.,-1.,0.));
#4965=DIRECTION('',(1.,0.,0.));
#4966=DIRECTION('',(0.,0.,-1.));
#4967=DIRECTION('',(0.,0.,-1.));
#4968=DIRECTION('',(1.,0.,0.));
#4969=DIRECTION('',(0.,0.,-1.));
#4970=DIRECTION('',(0.,-1.,0.));
#4971=DIRECTION('',(1.,0.,0.));
#4972=DIRECTION('',(0.,0.,-1.));
#4973=DIRECTION('',(0.,0.,-1.));
#4974=DIRECTION('',(1.,0.,0.));
#4975=DIRECTION('',(0.,0.,-1.));
#4976=DIRECTION('',(-1.,0.,0.));
#4977=DIRECTION('',(0.,0.,-1.));
#4978=DIRECTION('',(1.,0.,0.));
#4979=DIRECTION('',(0.,0.,-1.));
#4980=DIRECTION('',(1.,0.,0.));
#4981=DIRECTION('',(0.,0.,-1.));
#4982=DIRECTION('',(1.,0.,0.));
#4983=DIRECTION('',(1.,0.,0.));
#4984=DIRECTION('',(0.,0.,-1.));
#4985=DIRECTION('',(1.,0.,0.));
#4986=DIRECTION('',(0.,0.,-1.));
#4987=DIRECTION('',(1.,0.,0.));
#4988=DIRECTION('',(0.,-1.,0.));
#4989=DIRECTION('',(0.,0.,-1.));
#4990=DIRECTION('',(0.,0.,-1.));
#4991=DIRECTION('',(1.,0.,0.));
#4992=DIRECTION('',(1.,0.,0.));
#4993=DIRECTION('',(0.,0.,-1.));
#4994=DIRECTION('',(1.,0.,0.));
#4995=DIRECTION('',(0.,0.,-1.));
#4996=DIRECTION('',(1.,0.,0.));
#4997=DIRECTION('',(0.,0.,1.));
#4998=DIRECTION('',(1.,0.,0.));
#4999=DIRECTION('',(0.,-1.,0.));
#5000=DIRECTION('',(1.,0.,0.));
#5001=DIRECTION('',(1.,0.,0.));
#5002=DIRECTION('',(0.,0.,-1.));
#5003=DIRECTION('',(1.,0.,0.));
#5004=DIRECTION('',(0.,0.,-1.));
#5005=DIRECTION('',(1.,0.,0.));
#5006=DIRECTION('',(0.,-1.,0.));
#5007=DIRECTION('',(0.,0.,-1.));
#5008=DIRECTION('',(0.,0.,-1.));
#5009=DIRECTION('',(1.,0.,0.));
#5010=DIRECTION('',(1.,0.,0.));
#5011=DIRECTION('',(0.,0.,-1.));
#5012=DIRECTION('',(1.,0.,0.));
#5013=DIRECTION('',(0.,0.,-1.));
#5014=DIRECTION('',(1.,0.,0.));
#5015=DIRECTION('',(-1.,0.,0.));
#5016=DIRECTION('',(1.,0.,0.));
#5017=DIRECTION('',(0.,0.,-1.));
#5018=DIRECTION('',(1.,0.,0.));
#5019=DIRECTION('',(0.,0.,-1.));
#5020=DIRECTION('',(1.,0.,0.));
#5021=DIRECTION('',(0.,0.,-1.));
#5022=DIRECTION('',(1.,0.,0.));
#5023=DIRECTION('',(0.,0.,-1.));
#5024=DIRECTION('',(-1.,0.,0.));
#5025=DIRECTION('',(0.,0.,-1.));
#5026=DIRECTION('',(1.,0.,0.));
#5027=DIRECTION('',(0.,1.,0.));
#5028=DIRECTION('',(1.,0.,0.));
#5029=DIRECTION('',(0.,0.,-1.));
#5030=DIRECTION('',(1.,0.,0.));
#5031=DIRECTION('',(0.,0.,-1.));
#5032=DIRECTION('',(1.,0.,0.));
#5033=DIRECTION('',(0.,0.,-1.));
#5034=DIRECTION('',(0.,0.,-1.));
#5035=DIRECTION('',(1.,0.,0.));
#5036=DIRECTION('',(0.,0.,-1.));
#5037=DIRECTION('',(0.,-1.,0.));
#5038=DIRECTION('',(1.,0.,0.));
#5039=DIRECTION('',(0.,0.,-1.));
#5040=DIRECTION('',(0.,0.,-1.));
#5041=DIRECTION('',(1.,0.,0.));
#5042=DIRECTION('',(0.,0.,-1.));
#5043=DIRECTION('',(0.,0.,-1.));
#5044=DIRECTION('',(-1.,0.,0.));
#5045=DIRECTION('',(0.99144486137381,-0.130526192220051,0.));
#5046=DIRECTION('',(0.130526192220051,0.99144486137381,0.));
#5047=DIRECTION('',(0.99144486137381,-0.130526192220051,0.));
#5048=DIRECTION('',(0.130526192220051,0.99144486137381,0.));
#5049=DIRECTION('',(0.99144486137381,-0.130526192220051,0.));
#5050=DIRECTION('',(0.130526192220051,0.99144486137381,0.));
#5051=DIRECTION('',(0.99144486137381,-0.130526192220051,0.));
#5052=DIRECTION('',(0.130526192220051,0.99144486137381,0.));
#5053=DIRECTION('',(0.99144486137381,-0.130526192220051,0.));
#5054=DIRECTION('',(0.130526192220051,0.99144486137381,0.));
#5055=DIRECTION('',(0.,0.,1.));
#5056=DIRECTION('',(0.923879532511287,-0.38268343236509,0.));
#5057=DIRECTION('',(-0.866025403784439,0.5,0.));
#5058=DIRECTION('',(0.,0.,-1.));
#5059=DIRECTION('',(-0.965925826289068,0.258819045102521,0.));
#5060=DIRECTION('',(0.,0.,-1.));
#5061=DIRECTION('',(0.866025403784439,-0.5,0.));
#5062=DIRECTION('',(0.5,0.866025403784439,0.));
#5063=DIRECTION('',(0.965925826289068,-0.258819045102521,0.));
#5064=DIRECTION('',(0.258819045102521,0.965925826289068,0.));
#5065=DIRECTION('',(0.,0.,1.));
#5066=DIRECTION('',(0.923879532511287,-0.38268343236509,0.));
#5067=DIRECTION('',(-0.866025403784439,0.5,0.));
#5068=DIRECTION('',(0.,0.,-1.));
#5069=DIRECTION('',(-0.965925826289068,0.258819045102521,0.));
#5070=DIRECTION('',(0.,0.,-1.));
#5071=DIRECTION('',(0.866025403784439,-0.5,0.));
#5072=DIRECTION('',(0.5,0.866025403784439,0.));
#5073=DIRECTION('',(0.965925826289068,-0.258819045102521,0.));
#5074=DIRECTION('',(0.258819045102521,0.965925826289068,0.));
#5075=DIRECTION('',(0.,0.,1.));
#5076=DIRECTION('',(0.923879532511287,-0.38268343236509,0.));
#5077=DIRECTION('',(-0.866025403784439,0.5,0.));
#5078=DIRECTION('',(0.,0.,-1.));
#5079=DIRECTION('',(-0.965925826289068,0.258819045102521,0.));
#5080=DIRECTION('',(0.,0.,-1.));
#5081=DIRECTION('',(0.866025403784439,-0.5,0.));
#5082=DIRECTION('',(0.5,0.866025403784439,0.));
#5083=DIRECTION('',(0.965925826289068,-0.258819045102521,0.));
#5084=DIRECTION('',(0.258819045102521,0.965925826289068,0.));
#5085=DIRECTION('',(0.,0.,1.));
#5086=DIRECTION('',(0.923879532511287,-0.38268343236509,0.));
#5087=DIRECTION('',(-0.866025403784439,0.5,0.));
#5088=DIRECTION('',(0.,0.,-1.));
#5089=DIRECTION('',(-0.965925826289068,0.258819045102521,0.));
#5090=DIRECTION('',(0.,0.,-1.));
#5091=DIRECTION('',(0.866025403784439,-0.5,0.));
#5092=DIRECTION('',(0.5,0.866025403784439,0.));
#5093=DIRECTION('',(0.965925826289068,-0.258819045102521,0.));
#5094=DIRECTION('',(0.258819045102521,0.965925826289068,0.));
#5095=DIRECTION('',(0.,0.,1.));
#5096=DIRECTION('',(0.923879532511287,-0.38268343236509,0.));
#5097=DIRECTION('',(-0.866025403784439,0.5,0.));
#5098=DIRECTION('',(0.,0.,-1.));
#5099=DIRECTION('',(-0.965925826289068,0.258819045102521,0.));
#5100=DIRECTION('',(0.,0.,-1.));
#5101=DIRECTION('',(0.866025403784439,-0.5,0.));
#5102=DIRECTION('',(0.5,0.866025403784439,0.));
#5103=DIRECTION('',(0.965925826289068,-0.258819045102521,0.));
#5104=DIRECTION('',(0.258819045102521,0.965925826289068,0.));
#5105=DIRECTION('',(0.,0.,1.));
#5106=DIRECTION('',(0.707106781186548,-0.707106781186548,0.));
#5107=DIRECTION('',(0.743144825477395,-0.669130606358858,0.));
#5108=DIRECTION('',(0.669130606358858,0.743144825477395,0.));
#5109=DIRECTION('',(-0.793353340291235,0.60876142900872,0.));
#5110=DIRECTION('',(0.,0.,-1.));
#5111=DIRECTION('',(0.608761429008721,-0.793353340291235,0.));
#5112=DIRECTION('',(0.793353340291235,0.608761429008721,0.));
#5113=DIRECTION('',(0.793353340291235,-0.60876142900872,0.));
#5114=DIRECTION('',(0.60876142900872,0.793353340291235,0.));
#5115=DIRECTION('',(0.,0.,1.));
#5116=DIRECTION('',(0.707106781186548,-0.707106781186548,0.));
#5117=DIRECTION('',(0.743144825477395,-0.669130606358858,0.));
#5118=DIRECTION('',(0.669130606358858,0.743144825477395,0.));
#5119=DIRECTION('',(-0.793353340291235,0.60876142900872,0.));
#5120=DIRECTION('',(0.,0.,-1.));
#5121=DIRECTION('',(0.608761429008721,-0.793353340291235,0.));
#5122=DIRECTION('',(0.793353340291235,0.608761429008721,0.));
#5123=DIRECTION('',(0.793353340291235,-0.60876142900872,0.));
#5124=DIRECTION('',(0.60876142900872,0.793353340291235,0.));
#5125=DIRECTION('',(0.,0.,1.));
#5126=DIRECTION('',(0.707106781186548,-0.707106781186548,0.));
#5127=DIRECTION('',(0.743144825477395,-0.669130606358858,0.));
#5128=DIRECTION('',(0.669130606358858,0.743144825477395,0.));
#5129=DIRECTION('',(-0.793353340291235,0.60876142900872,0.));
#5130=DIRECTION('',(0.,0.,-1.));
#5131=DIRECTION('',(0.608761429008721,-0.793353340291235,0.));
#5132=DIRECTION('',(0.793353340291235,0.608761429008721,0.));
#5133=DIRECTION('',(0.793353340291235,-0.60876142900872,0.));
#5134=DIRECTION('',(0.60876142900872,0.793353340291235,0.));
#5135=DIRECTION('',(0.,0.,1.));
#5136=DIRECTION('',(0.707106781186548,-0.707106781186548,0.));
#5137=DIRECTION('',(0.743144825477395,-0.669130606358858,0.));
#5138=DIRECTION('',(0.669130606358858,0.743144825477395,0.));
#5139=DIRECTION('',(-0.793353340291235,0.60876142900872,0.));
#5140=DIRECTION('',(0.,0.,-1.));
#5141=DIRECTION('',(0.608761429008721,-0.793353340291235,0.));
#5142=DIRECTION('',(0.793353340291235,0.608761429008721,0.));
#5143=DIRECTION('',(0.793353340291235,-0.60876142900872,0.));
#5144=DIRECTION('',(0.60876142900872,0.793353340291235,0.));
#5145=DIRECTION('',(0.,0.,1.));
#5146=DIRECTION('',(0.707106781186548,-0.707106781186548,0.));
#5147=DIRECTION('',(0.743144825477395,-0.669130606358858,0.));
#5148=DIRECTION('',(0.669130606358858,0.743144825477395,0.));
#5149=DIRECTION('',(-0.793353340291235,0.60876142900872,0.));
#5150=DIRECTION('',(0.,0.,-1.));
#5151=DIRECTION('',(0.608761429008721,-0.793353340291235,0.));
#5152=DIRECTION('',(0.793353340291235,0.608761429008721,0.));
#5153=DIRECTION('',(0.793353340291235,-0.60876142900872,0.));
#5154=DIRECTION('',(0.60876142900872,0.793353340291235,0.));
#5155=DIRECTION('',(0.,0.,1.));
#5156=DIRECTION('',(0.38268343236509,-0.923879532511287,0.));
#5157=DIRECTION('',(-0.258819045102521,0.965925826289068,0.));
#5158=DIRECTION('',(0.,0.,-1.));
#5159=DIRECTION('',(-0.5,0.866025403784439,0.));
#5160=DIRECTION('',(0.,0.,-1.));
#5161=DIRECTION('',(0.258819045102521,-0.965925826289068,0.));
#5162=DIRECTION('',(0.965925826289068,0.258819045102521,0.));
#5163=DIRECTION('',(0.5,-0.866025403784439,0.));
#5164=DIRECTION('',(0.866025403784439,0.5,0.));
#5165=DIRECTION('',(0.,0.,1.));
#5166=DIRECTION('',(0.38268343236509,-0.923879532511287,0.));
#5167=DIRECTION('',(-0.258819045102521,0.965925826289068,0.));
#5168=DIRECTION('',(0.,0.,-1.));
#5169=DIRECTION('',(-0.5,0.866025403784439,0.));
#5170=DIRECTION('',(0.,0.,-1.));
#5171=DIRECTION('',(0.258819045102521,-0.965925826289068,0.));
#5172=DIRECTION('',(0.965925826289068,0.258819045102521,0.));
#5173=DIRECTION('',(0.5,-0.866025403784439,0.));
#5174=DIRECTION('',(0.866025403784439,0.5,0.));
#5175=DIRECTION('',(0.,0.,1.));
#5176=DIRECTION('',(0.38268343236509,-0.923879532511287,0.));
#5177=DIRECTION('',(-0.258819045102521,0.965925826289068,0.));
#5178=DIRECTION('',(0.,0.,-1.));
#5179=DIRECTION('',(-0.5,0.866025403784439,0.));
#5180=DIRECTION('',(0.,0.,-1.));
#5181=DIRECTION('',(0.258819045102521,-0.965925826289068,0.));
#5182=DIRECTION('',(0.965925826289068,0.258819045102521,0.));
#5183=DIRECTION('',(0.5,-0.866025403784439,0.));
#5184=DIRECTION('',(0.866025403784439,0.5,0.));
#5185=DIRECTION('',(0.,0.,1.));
#5186=DIRECTION('',(0.38268343236509,-0.923879532511287,0.));
#5187=DIRECTION('',(-0.258819045102521,0.965925826289068,0.));
#5188=DIRECTION('',(0.,0.,-1.));
#5189=DIRECTION('',(-0.5,0.866025403784439,0.));
#5190=DIRECTION('',(0.,0.,-1.));
#5191=DIRECTION('',(0.258819045102521,-0.965925826289068,0.));
#5192=DIRECTION('',(0.965925826289068,0.258819045102521,0.));
#5193=DIRECTION('',(0.5,-0.866025403784439,0.));
#5194=DIRECTION('',(0.866025403784439,0.5,0.));
#5195=DIRECTION('',(0.,0.,1.));
#5196=DIRECTION('',(0.38268343236509,-0.923879532511287,0.));
#5197=DIRECTION('',(-0.258819045102521,0.965925826289068,0.));
#5198=DIRECTION('',(0.,0.,-1.));
#5199=DIRECTION('',(-0.5,0.866025403784439,0.));
#5200=DIRECTION('',(0.,0.,-1.));
#5201=DIRECTION('',(0.258819045102521,-0.965925826289068,0.));
#5202=DIRECTION('',(0.965925826289068,0.258819045102521,0.));
#5203=DIRECTION('',(0.5,-0.866025403784439,0.));
#5204=DIRECTION('',(0.866025403784439,0.5,0.));
#5205=DIRECTION('',(0.,0.,1.));
#5206=DIRECTION('',(6.12323399573677E-17,-1.,0.));
#5207=DIRECTION('',(0.0523359562429444,-0.998629534754574,0.));
#5208=DIRECTION('',(0.998629534754574,0.0523359562429444,0.));
#5209=DIRECTION('',(-0.130526192220052,0.99144486137381,0.));
#5210=DIRECTION('',(0.,0.,-1.));
#5211=DIRECTION('',(-0.130526192220051,-0.99144486137381,0.));
#5212=DIRECTION('',(0.99144486137381,-0.130526192220051,0.));
#5213=DIRECTION('',(0.130526192220052,-0.99144486137381,0.));
#5214=DIRECTION('',(0.99144486137381,0.130526192220052,0.));
#5215=DIRECTION('',(0.,0.,1.));
#5216=DIRECTION('',(6.12323399573677E-17,-1.,0.));
#5217=DIRECTION('',(0.0523359562429444,-0.998629534754574,0.));
#5218=DIRECTION('',(0.998629534754574,0.0523359562429444,0.));
#5219=DIRECTION('',(-0.130526192220052,0.99144486137381,0.));
#5220=DIRECTION('',(0.,0.,-1.));
#5221=DIRECTION('',(-0.130526192220051,-0.99144486137381,0.));
#5222=DIRECTION('',(0.99144486137381,-0.130526192220051,0.));
#5223=DIRECTION('',(0.130526192220052,-0.99144486137381,0.));
#5224=DIRECTION('',(0.99144486137381,0.130526192220052,0.));
#5225=DIRECTION('',(0.,0.,1.));
#5226=DIRECTION('',(6.12323399573677E-17,-1.,0.));
#5227=DIRECTION('',(0.0523359562429444,-0.998629534754574,0.));
#5228=DIRECTION('',(0.998629534754574,0.0523359562429444,0.));
#5229=DIRECTION('',(-0.130526192220052,0.99144486137381,0.));
#5230=DIRECTION('',(0.,0.,-1.));
#5231=DIRECTION('',(-0.130526192220051,-0.99144486137381,0.));
#5232=DIRECTION('',(0.99144486137381,-0.130526192220051,0.));
#5233=DIRECTION('',(0.130526192220052,-0.99144486137381,0.));
#5234=DIRECTION('',(0.99144486137381,0.130526192220052,0.));
#5235=DIRECTION('',(0.,0.,1.));
#5236=DIRECTION('',(6.12323399573677E-17,-1.,0.));
#5237=DIRECTION('',(0.0523359562429444,-0.998629534754574,0.));
#5238=DIRECTION('',(0.998629534754574,0.0523359562429444,0.));
#5239=DIRECTION('',(-0.130526192220052,0.99144486137381,0.));
#5240=DIRECTION('',(0.,0.,-1.));
#5241=DIRECTION('',(-0.130526192220051,-0.99144486137381,0.));
#5242=DIRECTION('',(0.99144486137381,-0.130526192220051,0.));
#5243=DIRECTION('',(0.130526192220052,-0.99144486137381,0.));
#5244=DIRECTION('',(0.99144486137381,0.130526192220052,0.));
#5245=DIRECTION('',(0.,0.,1.));
#5246=DIRECTION('',(6.12323399573677E-17,-1.,0.));
#5247=DIRECTION('',(0.0523359562429444,-0.998629534754574,0.));
#5248=DIRECTION('',(0.998629534754574,0.0523359562429444,0.));
#5249=DIRECTION('',(-0.130526192220052,0.99144486137381,0.));
#5250=DIRECTION('',(0.,0.,-1.));
#5251=DIRECTION('',(-0.130526192220051,-0.99144486137381,0.));
#5252=DIRECTION('',(0.99144486137381,-0.130526192220051,0.));
#5253=DIRECTION('',(0.130526192220052,-0.99144486137381,0.));
#5254=DIRECTION('',(0.99144486137381,0.130526192220052,0.));
#5255=DIRECTION('',(0.,0.,1.));
#5256=DIRECTION('',(-0.38268343236509,-0.923879532511287,0.));
#5257=DIRECTION('',(0.5,0.866025403784439,0.));
#5258=DIRECTION('',(0.,0.,-1.));
#5259=DIRECTION('',(0.258819045102521,0.965925826289068,0.));
#5260=DIRECTION('',(0.,0.,-1.));
#5261=DIRECTION('',(-0.5,-0.866025403784439,0.));
#5262=DIRECTION('',(0.866025403784439,-0.5,0.));
#5263=DIRECTION('',(-0.258819045102521,-0.965925826289068,0.));
#5264=DIRECTION('',(0.965925826289068,-0.258819045102521,0.));
#5265=DIRECTION('',(0.,0.,1.));
#5266=DIRECTION('',(-0.38268343236509,-0.923879532511287,0.));
#5267=DIRECTION('',(0.5,0.866025403784439,0.));
#5268=DIRECTION('',(0.,0.,-1.));
#5269=DIRECTION('',(0.258819045102521,0.965925826289068,0.));
#5270=DIRECTION('',(0.,0.,-1.));
#5271=DIRECTION('',(-0.5,-0.866025403784439,0.));
#5272=DIRECTION('',(0.866025403784439,-0.5,0.));
#5273=DIRECTION('',(-0.258819045102521,-0.965925826289068,0.));
#5274=DIRECTION('',(0.965925826289068,-0.258819045102521,0.));
#5275=DIRECTION('',(0.,0.,1.));
#5276=DIRECTION('',(-0.38268343236509,-0.923879532511287,0.));
#5277=DIRECTION('',(0.5,0.866025403784439,0.));
#5278=DIRECTION('',(0.,0.,-1.));
#5279=DIRECTION('',(0.258819045102521,0.965925826289068,0.));
#5280=DIRECTION('',(0.,0.,-1.));
#5281=DIRECTION('',(-0.5,-0.866025403784439,0.));
#5282=DIRECTION('',(0.866025403784439,-0.5,0.));
#5283=DIRECTION('',(-0.258819045102521,-0.965925826289068,0.));
#5284=DIRECTION('',(0.965925826289068,-0.258819045102521,0.));
#5285=DIRECTION('',(0.,0.,1.));
#5286=DIRECTION('',(-0.38268343236509,-0.923879532511287,0.));
#5287=DIRECTION('',(0.5,0.866025403784439,0.));
#5288=DIRECTION('',(0.,0.,-1.));
#5289=DIRECTION('',(0.258819045102521,0.965925826289068,0.));
#5290=DIRECTION('',(0.,0.,-1.));
#5291=DIRECTION('',(-0.5,-0.866025403784439,0.));
#5292=DIRECTION('',(0.866025403784439,-0.5,0.));
#5293=DIRECTION('',(-0.258819045102521,-0.965925826289068,0.));
#5294=DIRECTION('',(0.965925826289068,-0.258819045102521,0.));
#5295=DIRECTION('',(0.,0.,1.));
#5296=DIRECTION('',(-0.38268343236509,-0.923879532511287,0.));
#5297=DIRECTION('',(0.5,0.866025403784439,0.));
#5298=DIRECTION('',(0.,0.,-1.));
#5299=DIRECTION('',(0.258819045102521,0.965925826289068,0.));
#5300=DIRECTION('',(0.,0.,-1.));
#5301=DIRECTION('',(-0.5,-0.866025403784439,0.));
#5302=DIRECTION('',(0.866025403784439,-0.5,0.));
#5303=DIRECTION('',(-0.258819045102521,-0.965925826289068,0.));
#5304=DIRECTION('',(0.965925826289068,-0.258819045102521,0.));
#5305=DIRECTION('',(0.,0.,1.));
#5306=DIRECTION('',(-0.707106781186548,-0.707106781186548,0.));
#5307=DIRECTION('',(-0.669130606358858,-0.743144825477395,0.));
#5308=DIRECTION('',(0.743144825477395,-0.669130606358858,0.));
#5309=DIRECTION('',(0.60876142900872,0.793353340291235,0.));
#5310=DIRECTION('',(0.,0.,-1.));
#5311=DIRECTION('',(-0.793353340291235,-0.608761429008721,0.));
#5312=DIRECTION('',(0.608761429008721,-0.793353340291235,0.));
#5313=DIRECTION('',(-0.60876142900872,-0.793353340291235,0.));
#5314=DIRECTION('',(0.793353340291235,-0.60876142900872,0.));
#5315=DIRECTION('',(0.,0.,1.));
#5316=DIRECTION('',(-0.707106781186548,-0.707106781186548,0.));
#5317=DIRECTION('',(-0.669130606358858,-0.743144825477395,0.));
#5318=DIRECTION('',(0.743144825477395,-0.669130606358858,0.));
#5319=DIRECTION('',(0.60876142900872,0.793353340291235,0.));
#5320=DIRECTION('',(0.,0.,-1.));
#5321=DIRECTION('',(-0.793353340291235,-0.608761429008721,0.));
#5322=DIRECTION('',(0.608761429008721,-0.793353340291235,0.));
#5323=DIRECTION('',(-0.60876142900872,-0.793353340291235,0.));
#5324=DIRECTION('',(0.793353340291235,-0.60876142900872,0.));
#5325=DIRECTION('',(0.,0.,1.));
#5326=DIRECTION('',(-0.707106781186548,-0.707106781186548,0.));
#5327=DIRECTION('',(-0.669130606358858,-0.743144825477395,0.));
#5328=DIRECTION('',(0.743144825477395,-0.669130606358858,0.));
#5329=DIRECTION('',(0.60876142900872,0.793353340291235,0.));
#5330=DIRECTION('',(0.,0.,-1.));
#5331=DIRECTION('',(-0.793353340291235,-0.608761429008721,0.));
#5332=DIRECTION('',(0.608761429008721,-0.793353340291235,0.));
#5333=DIRECTION('',(-0.60876142900872,-0.793353340291235,0.));
#5334=DIRECTION('',(0.793353340291235,-0.60876142900872,0.));
#5335=DIRECTION('',(0.,0.,1.));
#5336=DIRECTION('',(-0.707106781186548,-0.707106781186548,0.));
#5337=DIRECTION('',(-0.669130606358858,-0.743144825477395,0.));
#5338=DIRECTION('',(0.743144825477395,-0.669130606358858,0.));
#5339=DIRECTION('',(0.60876142900872,0.793353340291235,0.));
#5340=DIRECTION('',(0.,0.,-1.));
#5341=DIRECTION('',(-0.793353340291235,-0.608761429008721,0.));
#5342=DIRECTION('',(0.608761429008721,-0.793353340291235,0.));
#5343=DIRECTION('',(-0.60876142900872,-0.793353340291235,0.));
#5344=DIRECTION('',(0.793353340291235,-0.60876142900872,0.));
#5345=DIRECTION('',(0.,0.,1.));
#5346=DIRECTION('',(-0.707106781186548,-0.707106781186548,0.));
#5347=DIRECTION('',(-0.669130606358858,-0.743144825477395,0.));
#5348=DIRECTION('',(0.743144825477395,-0.669130606358858,0.));
#5349=DIRECTION('',(0.60876142900872,0.793353340291235,0.));
#5350=DIRECTION('',(0.,0.,-1.));
#5351=DIRECTION('',(-0.793353340291235,-0.608761429008721,0.));
#5352=DIRECTION('',(0.608761429008721,-0.793353340291235,0.));
#5353=DIRECTION('',(-0.60876142900872,-0.793353340291235,0.));
#5354=DIRECTION('',(0.793353340291235,-0.60876142900872,0.));
#5355=DIRECTION('',(0.,0.,1.));
#5356=DIRECTION('',(-0.923879532511287,-0.38268343236509,0.));
#5357=DIRECTION('',(0.965925826289068,0.258819045102521,0.));
#5358=DIRECTION('',(0.,0.,-1.));
#5359=DIRECTION('',(0.866025403784439,0.5,0.));
#5360=DIRECTION('',(0.,0.,-1.));
#5361=DIRECTION('',(-0.965925826289068,-0.258819045102521,0.));
#5362=DIRECTION('',(0.258819045102521,-0.965925826289068,0.));
#5363=DIRECTION('',(-0.866025403784439,-0.5,0.));
#5364=DIRECTION('',(0.5,-0.866025403784439,0.));
#5365=DIRECTION('',(0.,0.,1.));
#5366=DIRECTION('',(-0.923879532511287,-0.38268343236509,0.));
#5367=DIRECTION('',(0.965925826289068,0.258819045102521,0.));
#5368=DIRECTION('',(0.,0.,-1.));
#5369=DIRECTION('',(0.866025403784439,0.5,0.));
#5370=DIRECTION('',(0.,0.,-1.));
#5371=DIRECTION('',(-0.965925826289068,-0.258819045102521,0.));
#5372=DIRECTION('',(0.258819045102521,-0.965925826289068,0.));
#5373=DIRECTION('',(-0.866025403784439,-0.5,0.));
#5374=DIRECTION('',(0.5,-0.866025403784439,0.));
#5375=DIRECTION('',(0.,0.,1.));
#5376=DIRECTION('',(-0.923879532511287,-0.38268343236509,0.));
#5377=DIRECTION('',(0.965925826289068,0.258819045102521,0.));
#5378=DIRECTION('',(0.,0.,-1.));
#5379=DIRECTION('',(0.866025403784439,0.5,0.));
#5380=DIRECTION('',(0.,0.,-1.));
#5381=DIRECTION('',(-0.965925826289068,-0.258819045102521,0.));
#5382=DIRECTION('',(0.258819045102521,-0.965925826289068,0.));
#5383=DIRECTION('',(-0.866025403784439,-0.5,0.));
#5384=DIRECTION('',(0.5,-0.866025403784439,0.));
#5385=DIRECTION('',(0.,0.,1.));
#5386=DIRECTION('',(-0.923879532511287,-0.38268343236509,0.));
#5387=DIRECTION('',(0.965925826289068,0.258819045102521,0.));
#5388=DIRECTION('',(0.,0.,-1.));
#5389=DIRECTION('',(0.866025403784439,0.5,0.));
#5390=DIRECTION('',(0.,0.,-1.));
#5391=DIRECTION('',(-0.965925826289068,-0.258819045102521,0.));
#5392=DIRECTION('',(0.258819045102521,-0.965925826289068,0.));
#5393=DIRECTION('',(-0.866025403784439,-0.5,0.));
#5394=DIRECTION('',(0.5,-0.866025403784439,0.));
#5395=DIRECTION('',(0.,0.,1.));
#5396=DIRECTION('',(-0.923879532511287,-0.38268343236509,0.));
#5397=DIRECTION('',(0.965925826289068,0.258819045102521,0.));
#5398=DIRECTION('',(0.,0.,-1.));
#5399=DIRECTION('',(0.866025403784439,0.5,0.));
#5400=DIRECTION('',(0.,0.,-1.));
#5401=DIRECTION('',(-0.965925826289068,-0.258819045102521,0.));
#5402=DIRECTION('',(0.258819045102521,-0.965925826289068,0.));
#5403=DIRECTION('',(-0.866025403784439,-0.5,0.));
#5404=DIRECTION('',(0.5,-0.866025403784439,0.));
#5405=DIRECTION('',(0.,0.,1.));
#5406=DIRECTION('',(-1.,-1.22464679914735E-16,0.));
#5407=DIRECTION('',(-0.998629534754574,-0.0523359562429444,0.));
#5408=DIRECTION('',(0.0523359562429445,-0.998629534754574,0.));
#5409=DIRECTION('',(0.99144486137381,0.130526192220052,0.));
#5410=DIRECTION('',(0.,0.,-1.));
#5411=DIRECTION('',(-0.99144486137381,-0.130526192220052,0.));
#5412=DIRECTION('',(0.130526192220052,-0.99144486137381,0.));
#5413=DIRECTION('',(0.,0.,1.));
#5414=DIRECTION('',(-1.,-1.22464679914735E-16,0.));
#5415=DIRECTION('',(-0.998629534754574,-0.0523359562429444,0.));
#5416=DIRECTION('',(0.0523359562429445,-0.998629534754574,0.));
#5417=DIRECTION('',(0.99144486137381,0.130526192220052,0.));
#5418=DIRECTION('',(0.,0.,-1.));
#5419=DIRECTION('',(-0.99144486137381,-0.130526192220052,0.));
#5420=DIRECTION('',(0.130526192220052,-0.99144486137381,0.));
#5421=DIRECTION('',(0.,0.,1.));
#5422=DIRECTION('',(-1.,-1.22464679914735E-16,0.));
#5423=DIRECTION('',(-0.998629534754574,-0.0523359562429444,0.));
#5424=DIRECTION('',(0.0523359562429445,-0.998629534754574,0.));
#5425=DIRECTION('',(0.99144486137381,0.130526192220052,0.));
#5426=DIRECTION('',(0.,0.,-1.));
#5427=DIRECTION('',(-0.99144486137381,-0.130526192220052,0.));
#5428=DIRECTION('',(0.130526192220052,-0.99144486137381,0.));
#5429=DIRECTION('',(0.,0.,1.));
#5430=DIRECTION('',(-1.,-1.22464679914735E-16,0.));
#5431=DIRECTION('',(-0.998629534754574,-0.0523359562429444,0.));
#5432=DIRECTION('',(0.0523359562429445,-0.998629534754574,0.));
#5433=DIRECTION('',(0.99144486137381,0.130526192220052,0.));
#5434=DIRECTION('',(0.,0.,-1.));
#5435=DIRECTION('',(-0.99144486137381,-0.130526192220052,0.));
#5436=DIRECTION('',(0.130526192220052,-0.99144486137381,0.));
#5437=DIRECTION('',(0.,0.,1.));
#5438=DIRECTION('',(-1.,-1.22464679914735E-16,0.));
#5439=DIRECTION('',(-0.998629534754574,-0.0523359562429444,0.));
#5440=DIRECTION('',(0.0523359562429445,-0.998629534754574,0.));
#5441=DIRECTION('',(0.99144486137381,0.130526192220052,0.));
#5442=DIRECTION('',(0.,0.,-1.));
#5443=DIRECTION('',(-0.99144486137381,-0.130526192220052,0.));
#5444=DIRECTION('',(0.130526192220052,-0.99144486137381,0.));
#5445=DIRECTION('',(0.,0.,1.));
#5446=DIRECTION('',(1.,0.,0.));
#5447=DIRECTION('',(-0.0523359562429436,-0.998629534754574,0.));
#5448=DIRECTION('',(0.998629534754574,-0.0523359562429436,0.));
#5449=DIRECTION('',(0.0523359562429444,-0.998629534754574,0.));
#5450=DIRECTION('',(0.998629534754574,0.0523359562429444,0.));
#5451=DIRECTION('',(0.,0.,1.));
#5452=DIRECTION('',(0.707106781186548,-0.707106781186548,0.));
#5453=DIRECTION('',(-0.743144825477394,-0.669130606358859,0.));
#5454=DIRECTION('',(0.669130606358859,-0.743144825477394,0.));
#5455=DIRECTION('',(-0.669130606358858,-0.743144825477395,0.));
#5456=DIRECTION('',(0.743144825477395,-0.669130606358858,0.));
#5457=DIRECTION('',(0.,0.,1.));
#5458=DIRECTION('',(6.12323399573677E-17,-1.,0.));
#5459=DIRECTION('',(-0.998629534754574,-0.0523359562429444,0.));
#5460=DIRECTION('',(0.0523359562429444,-0.998629534754574,0.));
#5461=DIRECTION('',(0.,0.,1.));
#5462=DIRECTION('',(-1.83697019872103E-16,1.,0.));
#5463=DIRECTION('',(0.998629534754574,-0.0523359562429434,0.));
#5464=DIRECTION('',(0.0523359562429434,0.998629534754574,0.));
#5465=DIRECTION('',(0.,0.,1.));
#5466=DIRECTION('',(0.707106781186547,0.707106781186548,0.));
#5467=DIRECTION('',(0.669130606358859,-0.743144825477394,0.));
#5468=DIRECTION('',(0.743144825477394,0.669130606358859,0.));
#5469=DIRECTION('',(0.743144825477395,-0.669130606358858,0.));
#5470=DIRECTION('',(0.669130606358858,0.743144825477395,0.));
#5471=DIRECTION('',(1.,0.,0.));
#5472=DIRECTION('',(0.,0.,-1.));
#5473=DIRECTION('',(3.64535800986504E-15,0.840562328312843,0.541714844010474));
#5474=DIRECTION('',(0.,-0.541714844010474,0.840562328312843));
#5475=DIRECTION('',(1.,0.,0.));
#5476=DIRECTION('',(0.,0.,-1.));
#5477=DIRECTION('',(1.73472347597681E-14,-1.73472347597681E-14,1.));
#5478=DIRECTION('',(1.,0.,-1.73472347597681E-14));
#5479=DIRECTION('',(0.,0.,-1.));
#5480=DIRECTION('',(-1.,0.,0.));
#5481=DIRECTION('',(0.,0.,1.));
#5482=DIRECTION('',(1.,0.,0.));
#5483=DIRECTION('',(1.,0.,0.));
#5484=DIRECTION('',(0.,0.,-1.));
#5485=DIRECTION('',(0.,-1.,0.));
#5486=DIRECTION('',(0.,0.,-1.));
#5487=DIRECTION('',(0.,1.,0.));
#5488=DIRECTION('',(0.,0.,1.));
#5489=DIRECTION('',(-8.67361737988403E-15,-1.,0.));
#5490=DIRECTION('',(1.,-8.67361737988403E-15,0.));
#5491=DIRECTION('',(1.,0.,0.));
#5492=DIRECTION('',(0.,0.,-1.));
#5493=DIRECTION('',(0.,0.,-1.));
#5494=DIRECTION('',(-1.,0.,0.));
#5495=DIRECTION('',(0.,0.,1.));
#5496=DIRECTION('',(1.,0.,0.));
#5497=DIRECTION('',(1.73472347597681E-14,0.,-1.));
#5498=DIRECTION('',(-1.,0.,-1.73472347597681E-14));
#5499=DIRECTION('',(1.,0.,0.));
#5500=DIRECTION('',(0.,0.,-1.));
#5501=DIRECTION('',(2.87594828101791E-15,0.840562328312842,-0.541714844010475));
#5502=DIRECTION('',(0.,0.541714844010475,0.840562328312843));
#5503=DIRECTION('',(1.,0.,0.));
#5504=DIRECTION('',(0.,0.,-1.));
#5505=DIRECTION('',(0.,0.,-1.));
#5506=DIRECTION('',(-1.,0.,0.));
#5507=CARTESIAN_POINT('',(0.,0.,0.));
#5508=CARTESIAN_POINT('',(2.000000000002E-6,0.0145394242441942,0.113649147329781));
#5509=CARTESIAN_POINT('',(-0.015,0.0145394242441942,0.113649147329781));
#5510=CARTESIAN_POINT('',(-0.015,0.0290788484883884,0.113649147329781));
#5511=CARTESIAN_POINT('',(-0.015,0.,0.113649147329781));
#5512=CARTESIAN_POINT('',(0.,0.,0.113649147329781));
#5513=CARTESIAN_POINT('',(-0.000100000000000005,0.0149996666629629,0.113649147329781));
#5514=CARTESIAN_POINT('',(-0.000100000000000004,0.0145394242441942,0.113649147329781));
#5515=CARTESIAN_POINT('',(-0.000100000000000009,0.0290788484883884,0.113649147329781));
#5516=CARTESIAN_POINT('',(2.000000000002E-6,0.0290788484883884,0.113649147329781));
#5517=CARTESIAN_POINT('',(-9.99999999999984E-5,-0.00527777962673875,0.0118762750464971));
#5518=CARTESIAN_POINT('',(-0.0001,2.40950029196181E-15,0.0750000000000017));
#5519=CARTESIAN_POINT('',(-9.99999999999942E-5,-0.0188179161158216,0.105689998909379));
#5520=CARTESIAN_POINT('',(-9.99999999999901E-5,-0.0323223924174072,0.0908509604887254));
#5521=CARTESIAN_POINT('',(-9.99999999999942E-5,-0.0188179161158216,0.105689998909379));
#5522=CARTESIAN_POINT('',(-9.99999999999946E-5,-0.0176463247208408,0.106408373278107));
#5523=CARTESIAN_POINT('',(-9.99999999999951E-5,-0.0162012950451274,0.107916146471888));
#5524=CARTESIAN_POINT('',(-9.99999999999954E-5,-0.0151725707930169,0.110477531529802));
#5525=CARTESIAN_POINT('',(-9.99999999999954E-5,-0.0149996666629629,0.111822850620961));
#5526=CARTESIAN_POINT('',(-9.99999999999954E-5,-0.0149996666629629,0.11250999866702));
#5527=CARTESIAN_POINT('',(-9.99999999999954E-5,-0.0149996666629629,0.11250999866702));
#5528=CARTESIAN_POINT('',(-9.99999999999954E-5,-0.0149996666629629,0.0118762750464971));
#5529=CARTESIAN_POINT('',(-9.99999999999954E-5,-0.0149996666629629,0.113649147329781));
#5530=CARTESIAN_POINT('',(-0.000100000000000004,0.0145394242441942,0.113649147329781));
#5531=CARTESIAN_POINT('',(-9.99999999999911E-5,-0.0290788484883884,0.113649147329781));
#5532=CARTESIAN_POINT('',(-9.99999999999925E-5,-0.025,0.116541031665084));
#5533=CARTESIAN_POINT('',(-9.99999999999925E-5,-0.0277085742200523,0.11233822002352));
#5534=CARTESIAN_POINT('',(-9.9999999999989E-5,-0.0412514453203143,0.0913241618156991));
#5535=CARTESIAN_POINT('',(-9.99999999999928E-5,-0.0236722671777093,0.109099777018289));
#5536=CARTESIAN_POINT('',(-9.9999999999993E-5,-0.0236722933402196,0.109099750562798));
#5537=CARTESIAN_POINT('',(-9.99999999999931E-5,-0.0233393333878057,0.108770477968673));
#5538=CARTESIAN_POINT('',(-9.99999999999925E-5,-0.0229761811228171,0.107807510098384));
#5539=CARTESIAN_POINT('',(-9.99999999999929E-5,-0.0234657204186543,0.106901801113876));
#5540=CARTESIAN_POINT('',(-9.99999999999928E-5,-0.0238400213431529,0.106619587164562));
#5541=CARTESIAN_POINT('',(-9.99999999999927E-5,-0.0238400600336183,0.106619638479804));
#5542=CARTESIAN_POINT('',(-0.0001,-8.2429981278877E-17,0.075));
#5543=CARTESIAN_POINT('',(-9.99999999999891E-5,-0.0355546611911531,0.0924360565375979));
#5544=CARTESIAN_POINT('',(-9.99999999999891E-5,-0.0355546611911531,0.0924360565375979));
#5545=CARTESIAN_POINT('',(-9.99999999999894E-5,-0.0344772383491876,0.0919076910195053));
#5546=CARTESIAN_POINT('',(-9.99999999999898E-5,-0.0333998154328673,0.0913793256530343));
#5547=CARTESIAN_POINT('',(-9.99999999999901E-5,-0.0323223924174072,0.0908509604887254));
#5548=CARTESIAN_POINT('',(0.,0.,0.0607468467668819));
#5549=CARTESIAN_POINT('',(-0.0267475092177827,-0.0297061184777787,0.0689096753170513));
#5550=CARTESIAN_POINT('',(-0.027033760425285,-0.0300240326512157,0.0607468467668819));
#5551=CARTESIAN_POINT('',(-0.0264612580102804,-0.0293882043043417,0.0770725038672206));
#5552=CARTESIAN_POINT('',(0.,0.,0.0607468467668819));
#5553=CARTESIAN_POINT('',(-0.00211444176854936,-0.0403459524039325,0.0607468467668819));
#5554=CARTESIAN_POINT('',(-0.00209205267062444,-0.0399187429661121,0.0689096753170513));
#5555=CARTESIAN_POINT('',(-0.00206966357269952,-0.0394915335282918,0.0770725038672206));
#5556=CARTESIAN_POINT('',(0.,0.,0.0770725038672206));
#5557=CARTESIAN_POINT('',(0.,0.,0.0607468467668819));
#5558=CARTESIAN_POINT('',(-0.026526471612306,-0.0294606313468885,0.0599479431390783));
#5559=CARTESIAN_POINT('',(-0.0260191827993271,-0.0288972300425612,0.0591490395112746));
#5560=CARTESIAN_POINT('',(0.,0.,0.0591490395112746));
#5561=CARTESIAN_POINT('',(-0.00203508672226603,-0.0388317679189393,0.0591490395112746));
#5562=CARTESIAN_POINT('',(-0.0020747642454077,-0.0395888601614358,0.0599479431390783));
#5563=CARTESIAN_POINT('',(-7.37706078522551E-31,2.40953090813179E-15,0.0750000000000017));
#5564=CARTESIAN_POINT('',(0.,0.,0.0755543854982485));
#5565=CARTESIAN_POINT('',(-0.00931638074853738,0.034769206296198,0.0755543854982485));
#5566=CARTESIAN_POINT('',(-0.0179978655451089,0.0311732175519219,0.0755543854982488));
#5567=CARTESIAN_POINT('',(-4.97469256714722E-16,1.85658054126287E-15,0.0750000000000018));
#5568=CARTESIAN_POINT('',(-0.00930125486769744,0.0347127557403942,0.0728760304159849));
#5569=CARTESIAN_POINT('',(0.,0.,0.0728760304159849));
#5570=CARTESIAN_POINT('',(-0.0179686445872117,0.0311226053681982,0.0728760304159849));
#5571=CARTESIAN_POINT('',(-9.61036805691151E-16,1.66456457540078E-15,0.0750000000000018));
#5572=CARTESIAN_POINT('',(0.,0.,0.0696834390991265));
#5573=CARTESIAN_POINT('',(-0.00921531808727328,0.0343920353096123,0.0696834390991265));
#5574=CARTESIAN_POINT('',(-0.0178026274759319,0.0308350552965358,0.0696834390991268));
#5575=CARTESIAN_POINT('',(-2.00244845211882E-16,7.4732393628451E-16,0.075000000000002));
#5576=CARTESIAN_POINT('',(-0.00908747357992769,0.0339149131127299,0.0670503778397949));
#5577=CARTESIAN_POINT('',(0.,0.,0.0670503778397949));
#5578=CARTESIAN_POINT('',(-0.0175556508531435,0.0304072792375844,0.0670503778397949));
#5579=CARTESIAN_POINT('',(-3.86843335142828E-16,6.70032311036773E-16,0.075000000000002));
#5580=CARTESIAN_POINT('',(0.,0.,0.0639545157768114));
#5581=CARTESIAN_POINT('',(-0.00886808353916136,0.0330961383339154,0.0639545157768114));
#5582=CARTESIAN_POINT('',(-0.0171318218403297,0.0296731858536692,0.0639545157768117));
#5583=CARTESIAN_POINT('',(-3.87918265163827E-16,1.44773067477537E-15,0.075000000000002));
#5584=CARTESIAN_POINT('',(-0.0086309355585689,0.032211090021432,0.061437086190094));
#5585=CARTESIAN_POINT('',(0.,0.,0.061437086190094));
#5586=CARTESIAN_POINT('',(-0.0166736871221167,0.028879673245013,0.061437086190094));
#5587=CARTESIAN_POINT('',(-7.49400541621981E-16,1.29799981330891E-15,0.075000000000002));
#5588=CARTESIAN_POINT('',(0.,0.,0.0870954128864821));
#5589=CARTESIAN_POINT('',(-0.00877583971811513,0.0327518797070865,0.0870954128864821));
#5590=CARTESIAN_POINT('',(-0.0169536204622013,0.0293645320127721,0.0870954128864822));
#5591=CARTESIAN_POINT('',(-1.72946893218873E-15,6.45446592504021E-15,0.0750000000000031));
#5592=CARTESIAN_POINT('',(-0.00898434139410261,0.0335300185553351,0.084540412223436));
#5593=CARTESIAN_POINT('',(0.,0.,0.084540412223436));
#5594=CARTESIAN_POINT('',(-0.0173564147695233,0.0300621922180531,0.084540412223436));
#5595=CARTESIAN_POINT('',(-3.34107741473133E-15,5.78691583433554E-15,0.0750000000000031));
#5596=CARTESIAN_POINT('',(0.,0.,0.0814105224113765));
#5597=CARTESIAN_POINT('',(-0.00916857180214342,0.0342175757984426,0.0814105224113765));
#5598=CARTESIAN_POINT('',(-0.0177123205877519,0.0306786391779345,0.0814105224113767));
#5599=CARTESIAN_POINT('',(-9.32979346076888E-16,3.48192632197133E-15,0.0750000000000017));
#5600=CARTESIAN_POINT('',(-0.00926656861054373,0.0345833048663721,0.078758421304966));
#5601=CARTESIAN_POINT('',(0.,0.,0.078758421304966));
#5602=CARTESIAN_POINT('',(-0.0179016358840076,0.0310065428896993,0.078758421304966));
#5603=CARTESIAN_POINT('',(-1.8023776915399E-15,3.12180973617582E-15,0.0750000000000017));
#5604=CARTESIAN_POINT('',(0.,0.,0.0755543854982485));
#5605=CARTESIAN_POINT('',(-0.0311732175519222,0.017997865545109,0.0755543854982485));
#5606=CARTESIAN_POINT('',(-0.0347692062961963,0.0093163807485369,0.0755543854982498));
#5607=CARTESIAN_POINT('',(-1.66456457540078E-15,9.61036805691151E-16,0.0750000000000018));
#5608=CARTESIAN_POINT('',(-0.0311226053681982,0.0179686445872117,0.0728760304159849));
#5609=CARTESIAN_POINT('',(0.,0.,0.0728760304159849));
#5610=CARTESIAN_POINT('',(-0.0347127557403942,0.00930125486769743,0.0728760304159849));
#5611=CARTESIAN_POINT('',(-1.85658054126287E-15,4.97469256714721E-16,0.0750000000000018));
#5612=CARTESIAN_POINT('',(0.,0.,0.0696834390991265));
#5613=CARTESIAN_POINT('',(-0.030835055296536,0.017802627475932,0.0696834390991265));
#5614=CARTESIAN_POINT('',(-0.0343920353096108,0.00921531808727286,0.069683439099128));
#5615=CARTESIAN_POINT('',(-6.70032311036773E-16,3.86843335142828E-16,0.075000000000002));
#5616=CARTESIAN_POINT('',(-0.0304072792375844,0.0175556508531435,0.0670503778397949));
#5617=CARTESIAN_POINT('',(0.,0.,0.0670503778397949));
#5618=CARTESIAN_POINT('',(-0.0339149131127299,0.00908747357992768,0.0670503778397949));
#5619=CARTESIAN_POINT('',(-7.4732393628451E-16,2.00244845211882E-16,0.075000000000002));
#5620=CARTESIAN_POINT('',(0.,0.,0.0639545157768114));
#5621=CARTESIAN_POINT('',(-0.0296731858536694,0.0171318218403298,0.0639545157768114));
#5622=CARTESIAN_POINT('',(-0.0330961383339142,0.00886808353916102,0.0639545157768131));
#5623=CARTESIAN_POINT('',(-1.29799981330891E-15,7.4940054162198E-16,0.075000000000002));
#5624=CARTESIAN_POINT('',(-0.028879673245013,0.0166736871221167,0.061437086190094));
#5625=CARTESIAN_POINT('',(0.,0.,0.061437086190094));
#5626=CARTESIAN_POINT('',(-0.032211090021432,0.00863093555856889,0.061437086190094));
#5627=CARTESIAN_POINT('',(-1.44773067477537E-15,3.87918265163826E-16,0.075000000000002));
#5628=CARTESIAN_POINT('',(0.,0.,0.0870954128864821));
#5629=CARTESIAN_POINT('',(-0.0293645320127724,0.0169536204622015,0.0870954128864821));
#5630=CARTESIAN_POINT('',(-0.0327518797070847,0.00877583971811461,0.0870954128864827));
#5631=CARTESIAN_POINT('',(-5.78691583433554E-15,3.34107741473133E-15,0.0750000000000031));
#5632=CARTESIAN_POINT('',(-0.0300621922180531,0.0173564147695233,0.084540412223436));
#5633=CARTESIAN_POINT('',(0.,0.,0.084540412223436));
#5634=CARTESIAN_POINT('',(-0.0335300185553351,0.00898434139410259,0.084540412223436));
#5635=CARTESIAN_POINT('',(-6.45446592504021E-15,1.72946893218873E-15,0.0750000000000031));
#5636=CARTESIAN_POINT('',(0.,0.,0.0814105224113765));
#5637=CARTESIAN_POINT('',(-0.0306786391779348,0.017712320587752,0.0814105224113765));
#5638=CARTESIAN_POINT('',(-0.0342175757984407,0.0091685718021429,0.0814105224113774));
#5639=CARTESIAN_POINT('',(-3.12180973617582E-15,1.8023776915399E-15,0.0750000000000017));
#5640=CARTESIAN_POINT('',(-0.0310065428896993,0.0179016358840076,0.078758421304966));
#5641=CARTESIAN_POINT('',(0.,0.,0.078758421304966));
#5642=CARTESIAN_POINT('',(-0.0345833048663721,0.00926656861054372,0.078758421304966));
#5643=CARTESIAN_POINT('',(-3.48192632197133E-15,9.32979346076886E-16,0.0750000000000017));
#5644=CARTESIAN_POINT('',(0.,0.,0.0755543854982485));
#5645=CARTESIAN_POINT('',(-0.034769206296198,-0.00931638074853738,0.0755543854982485));
#5646=CARTESIAN_POINT('',(-0.031173217551919,-0.0179978655451073,0.0755543854982511));
#5647=CARTESIAN_POINT('',(-1.85658054126287E-15,-4.97469256714722E-16,0.0750000000000018));
#5648=CARTESIAN_POINT('',(-0.0347127557403942,-0.00930125486769744,0.0728760304159849));
#5649=CARTESIAN_POINT('',(0.,0.,0.0728760304159849));
#5650=CARTESIAN_POINT('',(-0.0311226053681982,-0.0179686445872117,0.0728760304159849));
#5651=CARTESIAN_POINT('',(-1.66456457540078E-15,-9.61036805691151E-16,0.0750000000000018));
#5652=CARTESIAN_POINT('',(0.,0.,0.0696834390991265));
#5653=CARTESIAN_POINT('',(-0.0343920353096123,-0.00921531808727328,0.0696834390991265));
#5654=CARTESIAN_POINT('',(-0.0308350552965333,-0.0178026274759305,0.0696834390991295));
#5655=CARTESIAN_POINT('',(-7.4732393628451E-16,-2.00244845211882E-16,0.075000000000002));
#5656=CARTESIAN_POINT('',(-0.0339149131127299,-0.00908747357992769,0.0670503778397949));
#5657=CARTESIAN_POINT('',(0.,0.,0.0670503778397949));
#5658=CARTESIAN_POINT('',(-0.0304072792375844,-0.0175556508531435,0.0670503778397949));
#5659=CARTESIAN_POINT('',(-6.70032311036773E-16,-3.86843335142828E-16,0.075000000000002));
#5660=CARTESIAN_POINT('',(0.,0.,0.0639545157768114));
#5661=CARTESIAN_POINT('',(-0.0330961383339154,-0.00886808353916136,0.0639545157768114));
#5662=CARTESIAN_POINT('',(-0.0296731858536672,-0.0171318218403285,0.0639545157768148));
#5663=CARTESIAN_POINT('',(-1.44773067477537E-15,-3.87918265163827E-16,0.075000000000002));
#5664=CARTESIAN_POINT('',(-0.032211090021432,-0.0086309355585689,0.061437086190094));
#5665=CARTESIAN_POINT('',(0.,0.,0.061437086190094));
#5666=CARTESIAN_POINT('',(-0.028879673245013,-0.0166736871221167,0.061437086190094));
#5667=CARTESIAN_POINT('',(-1.29799981330891E-15,-7.49400541621981E-16,0.075000000000002));
#5668=CARTESIAN_POINT('',(0.,0.,0.0870954128864821));
#5669=CARTESIAN_POINT('',(-0.0327518797070865,-0.00877583971811512,0.0870954128864821));
#5670=CARTESIAN_POINT('',(-0.0293645320127689,-0.0169536204621995,0.0870954128864832));
#5671=CARTESIAN_POINT('',(-6.45446592504021E-15,-1.72946893218873E-15,0.0750000000000031));
#5672=CARTESIAN_POINT('',(-0.0335300185553351,-0.0089843413941026,0.084540412223436));
#5673=CARTESIAN_POINT('',(0.,0.,0.084540412223436));
#5674=CARTESIAN_POINT('',(-0.0300621922180531,-0.0173564147695233,0.084540412223436));
#5675=CARTESIAN_POINT('',(-5.78691583433554E-15,-3.34107741473133E-15,0.0750000000000031));
#5676=CARTESIAN_POINT('',(0.,0.,0.0814105224113765));
#5677=CARTESIAN_POINT('',(-0.0342175757984426,-0.00916857180214342,0.0814105224113765));
#5678=CARTESIAN_POINT('',(-0.0306786391779313,-0.0177123205877501,0.0814105224113783));
#5679=CARTESIAN_POINT('',(-3.48192632197133E-15,-9.32979346076888E-16,0.0750000000000017));
#5680=CARTESIAN_POINT('',(-0.0345833048663721,-0.00926656861054373,0.078758421304966));
#5681=CARTESIAN_POINT('',(0.,0.,0.078758421304966));
#5682=CARTESIAN_POINT('',(-0.0310065428896993,-0.0179016358840076,0.078758421304966));
#5683=CARTESIAN_POINT('',(-3.12180973617582E-15,-1.8023776915399E-15,0.0750000000000017));
#5684=CARTESIAN_POINT('',(0.,0.,0.0755543854982485));
#5685=CARTESIAN_POINT('',(-0.017997865545109,-0.0311732175519222,0.0755543854982485));
#5686=CARTESIAN_POINT('',(-0.00931638074853613,-0.0347692062961934,0.0755543854982518));
#5687=CARTESIAN_POINT('',(-9.61036805691151E-16,-1.66456457540078E-15,0.0750000000000018));
#5688=CARTESIAN_POINT('',(-0.0179686445872117,-0.0311226053681982,0.0728760304159849));
#5689=CARTESIAN_POINT('',(0.,0.,0.0728760304159849));
#5690=CARTESIAN_POINT('',(-0.00930125486769743,-0.0347127557403942,0.0728760304159849));
#5691=CARTESIAN_POINT('',(-4.97469256714721E-16,-1.85658054126287E-15,0.0750000000000018));
#5692=CARTESIAN_POINT('',(0.,0.,0.0696834390991265));
#5693=CARTESIAN_POINT('',(-0.017802627475932,-0.030835055296536,0.0696834390991265));
#5694=CARTESIAN_POINT('',(-0.00921531808727219,-0.0343920353096083,0.0696834390991305));
#5695=CARTESIAN_POINT('',(-3.86843335142828E-16,-6.70032311036773E-16,0.075000000000002));
#5696=CARTESIAN_POINT('',(-0.0175556508531435,-0.0304072792375844,0.0670503778397949));
#5697=CARTESIAN_POINT('',(0.,0.,0.0670503778397949));
#5698=CARTESIAN_POINT('',(-0.00908747357992768,-0.0339149131127299,0.0670503778397949));
#5699=CARTESIAN_POINT('',(-2.00244845211882E-16,-7.4732393628451E-16,0.075000000000002));
#5700=CARTESIAN_POINT('',(0.,0.,0.0639545157768114));
#5701=CARTESIAN_POINT('',(-0.0171318218403298,-0.0296731858536694,0.0639545157768114));
#5702=CARTESIAN_POINT('',(-0.00886808353916049,-0.0330961383339122,0.0639545157768158));
#5703=CARTESIAN_POINT('',(-7.4940054162198E-16,-1.29799981330891E-15,0.075000000000002));
#5704=CARTESIAN_POINT('',(-0.0166736871221167,-0.028879673245013,0.061437086190094));
#5705=CARTESIAN_POINT('',(0.,0.,0.061437086190094));
#5706=CARTESIAN_POINT('',(-0.00863093555856889,-0.032211090021432,0.061437086190094));
#5707=CARTESIAN_POINT('',(-3.87918265163826E-16,-1.44773067477537E-15,0.075000000000002));
#5708=CARTESIAN_POINT('',(0.,0.,0.0870954128864821));
#5709=CARTESIAN_POINT('',(-0.0169536204622015,-0.0293645320127724,0.0870954128864821));
#5710=CARTESIAN_POINT('',(-0.00877583971811376,-0.0327518797070815,0.0870954128864836));
#5711=CARTESIAN_POINT('',(-3.34107741473133E-15,-5.78691583433554E-15,0.0750000000000031));
#5712=CARTESIAN_POINT('',(-0.0173564147695233,-0.0300621922180531,0.084540412223436));
#5713=CARTESIAN_POINT('',(0.,0.,0.084540412223436));
#5714=CARTESIAN_POINT('',(-0.00898434139410259,-0.0335300185553351,0.084540412223436));
#5715=CARTESIAN_POINT('',(-1.72946893218873E-15,-6.45446592504021E-15,0.0750000000000031));
#5716=CARTESIAN_POINT('',(0.,0.,0.0814105224113765));
#5717=CARTESIAN_POINT('',(-0.017712320587752,-0.0306786391779348,0.0814105224113765));
#5718=CARTESIAN_POINT('',(-0.00916857180214207,-0.0342175757984376,0.0814105224113789));
#5719=CARTESIAN_POINT('',(-1.8023776915399E-15,-3.12180973617582E-15,0.0750000000000017));
#5720=CARTESIAN_POINT('',(-0.0179016358840076,-0.0310065428896993,0.078758421304966));
#5721=CARTESIAN_POINT('',(0.,0.,0.078758421304966));
#5722=CARTESIAN_POINT('',(-0.00926656861054372,-0.0345833048663721,0.078758421304966));
#5723=CARTESIAN_POINT('',(-9.32979346076886E-16,-3.48192632197133E-15,0.0750000000000017));
#5724=CARTESIAN_POINT('',(-0.0001,2.40950029196181E-15,0.0750000000000017));
#5725=CARTESIAN_POINT('',(-0.000100000000000006,0.018817916115823,0.105689998909381));
#5726=CARTESIAN_POINT('',(-0.00010000000000001,0.0323223924174072,0.0908509604887254));
#5727=CARTESIAN_POINT('',(-7.37706078522551E-31,2.40953090813179E-15,0.10568999890938));
#5728=CARTESIAN_POINT('',(0.,0.,0.0908509604887254));
#5729=CARTESIAN_POINT('',(-0.000125920136269961,-0.0323223018317716,0.0908509604887254));
#5730=CARTESIAN_POINT('',(-0.000125920136269961,-0.0323223018317716,0.0908509604887254));
#5731=CARTESIAN_POINT('',(-0.00054287480697054,-0.0323206774737903,0.0908509604887254));
#5732=CARTESIAN_POINT('',(-0.00136097002136945,-0.0324527126659856,0.0905410784119529));
#5733=CARTESIAN_POINT('',(-0.00171773434094237,-0.0327763237527271,0.0897964808754539));
#5734=CARTESIAN_POINT('',(-0.00172647188832621,-0.0329430460886729,0.0894144028394544));
#5735=CARTESIAN_POINT('',(-0.00172647188832642,-0.0329430460886769,0.0894144028394562));
#5736=CARTESIAN_POINT('',(-1.77945287387364E-17,-3.39539835157541E-16,0.075));
#5737=CARTESIAN_POINT('',(-0.0017745678773385,-0.0338607722291479,0.0870954128864821));
#5738=CARTESIAN_POINT('',(0.,0.,0.0870954128864821));
#5739=CARTESIAN_POINT('',(-0.00442578304655022,-0.0336171597778632,0.0870954128864821));
#5740=CARTESIAN_POINT('',(-8.72196225714587E-16,-6.62498806857495E-15,0.0750000000000031));
#5741=CARTESIAN_POINT('',(-0.00453093346091546,-0.0344158564702327,0.084540412223436));
#5742=CARTESIAN_POINT('',(0.,0.,0.084540412223436));
#5743=CARTESIAN_POINT('',(-0.00181672912782429,-0.0346652568125929,0.0845404122234361));
#5744=CARTESIAN_POINT('',(-1.77945287387364E-17,-3.39539835157541E-16,0.075));
#5745=CARTESIAN_POINT('',(-0.00185398247048316,-0.0353760929359417,0.0814105224113764));
#5746=CARTESIAN_POINT('',(0.,0.,0.0814105224113765));
#5747=CARTESIAN_POINT('',(-0.00462384352340019,-0.0351215784594646,0.0814105224113765));
#5748=CARTESIAN_POINT('',(-4.70514994038139E-16,-3.57391620106406E-15,0.0750000000000017));
#5749=CARTESIAN_POINT('',(-0.00467326473289868,-0.0354969698147687,0.078758421304966));
#5750=CARTESIAN_POINT('',(0.,0.,0.078758421304966));
#5751=CARTESIAN_POINT('',(-0.00187379846460507,-0.0357542046283848,0.0787584213049662));
#5752=CARTESIAN_POINT('',(-1.77945287387364E-17,-3.39539835157541E-16,0.075));
#5753=CARTESIAN_POINT('',(-0.00188387100727044,-0.0359464001917757,0.0755543854982481));
#5754=CARTESIAN_POINT('',(0.,0.,0.0755543854982485));
#5755=CARTESIAN_POINT('',(-0.00469838571538309,-0.0356877826207903,0.0755543854982485));
#5756=CARTESIAN_POINT('',(-2.50880949660374E-16,-1.90563000518719E-15,0.0750000000000018));
#5757=CARTESIAN_POINT('',(-0.00469075751464836,-0.0356298406836867,0.0728760304159849));
#5758=CARTESIAN_POINT('',(0.,0.,0.0728760304159849));
#5759=CARTESIAN_POINT('',(-0.00188081239372263,-0.0358880383685951,0.0728760304159849));
#5760=CARTESIAN_POINT('',(-1.77945287387364E-17,-3.39539835157541E-16,0.075));
#5761=CARTESIAN_POINT('',(-0.00186343506517964,-0.0355564591873988,0.0696834390991258));
#5762=CARTESIAN_POINT('',(0.,0.,0.0696834390991265));
#5763=CARTESIAN_POINT('',(-0.00464741835189095,-0.0353006470599301,0.0696834390991265));
#5764=CARTESIAN_POINT('',(-1.00986375043797E-16,-7.67067673568127E-16,0.075000000000002));
#5765=CARTESIAN_POINT('',(-0.00458294451561102,-0.0348109196528436,0.0670503778397949));
#5766=CARTESIAN_POINT('',(0.,0.,0.0670503778397949));
#5767=CARTESIAN_POINT('',(-0.00183758354973308,-0.0350631828875778,0.0670503778397953));
#5768=CARTESIAN_POINT('',(-1.77945287387364E-17,-3.39539835157541E-16,0.075));
#5769=CARTESIAN_POINT('',(-0.00179322055639485,-0.0342166865478146,0.0639545157768103));
#5770=CARTESIAN_POINT('',(0.,0.,0.0639545157768114));
#5771=CARTESIAN_POINT('',(-0.00447230294122112,-0.0339705134591332,0.0639545157768114));
#5772=CARTESIAN_POINT('',(-1.95632798291122E-16,-1.48597863220373E-15,0.075000000000002));
#5773=CARTESIAN_POINT('',(-0.0043527057806368,-0.0330620828347546,0.061437086190094));
#5774=CARTESIAN_POINT('',(0.,0.,0.061437086190094));
#5775=CARTESIAN_POINT('',(-0.00174526671926334,-0.0333016728268071,0.0614370861900942));
#5776=CARTESIAN_POINT('',(-1.77945287387364E-17,-3.39539835157541E-16,0.075));
#5777=CARTESIAN_POINT('',(-0.0016916314111339,-0.0322782501811008,0.0591490395112746));
#5778=CARTESIAN_POINT('',(0.,0.,0.0591490395112746));
#5779=CARTESIAN_POINT('',(-0.0216280055458112,-0.0240203336299732,0.0591490395112746));
#5780=CARTESIAN_POINT('',(-2.2750828798368E-16,-2.52673551862039E-16,0.075));
#5781=CARTESIAN_POINT('',(-0.0223137487485207,-0.0247819286128614,0.0614370861900942));
#5782=CARTESIAN_POINT('',(0.,0.,0.061437086190094));
#5783=CARTESIAN_POINT('',(-0.0203005951986081,-0.0264562507466045,0.061437086190094));
#5784=CARTESIAN_POINT('',(-9.12412289235412E-16,-1.18907884582372E-15,0.075000000000002));
#5785=CARTESIAN_POINT('',(-0.0208583846900821,-0.0271831761645976,0.0639545157768155));
#5786=CARTESIAN_POINT('',(0.,0.,0.0639545157768114));
#5787=CARTESIAN_POINT('',(-0.0229268526721042,-0.0254628495032841,0.0639545157768103));
#5788=CARTESIAN_POINT('',(-2.2750828798368E-16,-2.52673551862039E-16,0.075));
#5789=CARTESIAN_POINT('',(-0.0234940466007773,-0.0260927821788036,0.0670503778397953));
#5790=CARTESIAN_POINT('',(0.,0.,0.0670503778397949));
#5791=CARTESIAN_POINT('',(-0.0213744062010756,-0.027855668490656,0.0670503778397949));
#5792=CARTESIAN_POINT('',(-4.70990603008095E-16,-6.13806904209929E-16,0.075000000000002));
#5793=CARTESIAN_POINT('',(-0.0216751058847144,-0.0282475479479794,0.0696834390991301));
#5794=CARTESIAN_POINT('',(0.,0.,0.0696834390991265));
#5795=CARTESIAN_POINT('',(-0.023824565835503,-0.0264598609772818,0.0696834390991258));
#5796=CARTESIAN_POINT('',(-2.2750828798368E-16,-2.52673551862039E-16,0.075));
#5797=CARTESIAN_POINT('',(-0.024046740096176,-0.026706610491658,0.0728760304159854));
#5798=CARTESIAN_POINT('',(0.,0.,0.0728760304159849));
#5799=CARTESIAN_POINT('',(-0.0218772355125217,-0.0285109684075409,0.0728760304159849));
#5800=CARTESIAN_POINT('',(-1.17008427832504E-15,-1.52488351987579E-15,0.0750000000000018));
#5801=CARTESIAN_POINT('',(-0.0219128126966922,-0.0285573334966461,0.0755543854982515));
#5802=CARTESIAN_POINT('',(0.,0.,0.0755543854982485));
#5803=CARTESIAN_POINT('',(-0.024085845370728,-0.0267500412989714,0.0755543854982485));
#5804=CARTESIAN_POINT('',(-2.2750828798368E-16,-2.52673551862039E-16,0.075));
#5805=CARTESIAN_POINT('',(-0.0239570649477631,-0.0266070161495616,0.0787584213049662));
#5806=CARTESIAN_POINT('',(0.,0.,0.078758421304966));
#5807=CARTESIAN_POINT('',(-0.0217956508846845,-0.0284046452505097,0.078758421304966));
#5808=CARTESIAN_POINT('',(-2.19443603823054E-15,-2.85984472409918E-15,0.0750000000000017));
#5809=CARTESIAN_POINT('',(-0.0215651551841182,-0.0281042574052008,0.0814105224113787));
#5810=CARTESIAN_POINT('',(0.,0.,0.0814105224113765));
#5811=CARTESIAN_POINT('',(-0.0237037116298102,-0.0263256387839695,0.0814105224113764));
#5812=CARTESIAN_POINT('',(-2.2750828798368E-16,-2.52673551862039E-16,0.075));
#5813=CARTESIAN_POINT('',(-0.023227416677894,-0.0257966596496213,0.0845404122234361));
#5814=CARTESIAN_POINT('',(0.,0.,0.084540412223436));
#5815=CARTESIAN_POINT('',(-0.021131831715126,-0.0275395392657628,0.084540412223436));
#5816=CARTESIAN_POINT('',(-4.06783812284122E-15,-5.30130985429741E-15,0.0750000000000031));
#5817=CARTESIAN_POINT('',(-0.0206414204388797,-0.026900422847431,0.0870954128864834));
#5818=CARTESIAN_POINT('',(0.,0.,0.0870954128864821));
#5819=CARTESIAN_POINT('',(-0.0226883726797017,-0.0251979906391855,0.0870954128864821));
#5820=CARTESIAN_POINT('',(-2.2750828798368E-16,-2.52673551862039E-16,0.075));
#5821=CARTESIAN_POINT('',(-0.0220734513024808,-0.024515051262008,0.0894144028394562));
#5822=CARTESIAN_POINT('',(-0.0220734513024808,-0.024515051262008,0.0894144028394562));
#5823=CARTESIAN_POINT('',(-0.0219617399811614,-0.0243909832705025,0.0897964781598251));
#5824=CARTESIAN_POINT('',(-0.0219844859954451,-0.0239114623616856,0.0905396351381865));
#5825=CARTESIAN_POINT('',(-0.0224702976529738,-0.0232380427592131,0.0908509604887238));
#5826=CARTESIAN_POINT('',(-0.0227662798265573,-0.0229443577910462,0.0908509604887238));
#5827=CARTESIAN_POINT('',(-0.0227662798265597,-0.0229443577910486,0.0908509604887254));
#5828=CARTESIAN_POINT('',(0.,0.,0.0908509604887254));
#5829=CARTESIAN_POINT('',(-0.0229443577910485,-0.0227662798265597,0.0908509604887254));
#5830=CARTESIAN_POINT('',(-0.0229443577910485,-0.0227662798265597,0.0908509604887254));
#5831=CARTESIAN_POINT('',(-0.0232380406716047,-0.0224702997569163,0.0908509604887254));
#5832=CARTESIAN_POINT('',(-0.0239098843251196,-0.0219851820629156,0.0905410784119533));
#5833=CARTESIAN_POINT('',(-0.0243909823886769,-0.0219617391871621,0.0897964808754543));
#5834=CARTESIAN_POINT('',(-0.0245150512620055,-0.0220734513024786,0.0894144028394547));
#5835=CARTESIAN_POINT('',(-0.0245150512620079,-0.0220734513024809,0.0894144028394562));
#5836=CARTESIAN_POINT('',(-2.52673551862039E-16,-2.27508287983681E-16,0.075));
#5837=CARTESIAN_POINT('',(-0.0251979906391855,-0.0226883726797017,0.0870954128864821));
#5838=CARTESIAN_POINT('',(0.,0.,0.0870954128864821));
#5839=CARTESIAN_POINT('',(-0.0269004228474349,-0.0206414204388826,0.0870954128864821));
#5840=CARTESIAN_POINT('',(-5.30130985429741E-15,-4.06783812284122E-15,0.0750000000000031));
#5841=CARTESIAN_POINT('',(-0.0275395392657628,-0.0211318317151261,0.084540412223436));
#5842=CARTESIAN_POINT('',(0.,0.,0.084540412223436));
#5843=CARTESIAN_POINT('',(-0.0257966596496213,-0.023227416677894,0.0845404122234361));
#5844=CARTESIAN_POINT('',(-2.52673551862039E-16,-2.27508287983681E-16,0.075));
#5845=CARTESIAN_POINT('',(-0.0263256387839695,-0.0237037116298102,0.0814105224113764));
#5846=CARTESIAN_POINT('',(0.,0.,0.0814105224113765));
#5847=CARTESIAN_POINT('',(-0.0281042574052046,-0.0215651551841211,0.0814105224113765));
#5848=CARTESIAN_POINT('',(-2.85984472409918E-15,-2.19443603823054E-15,0.0750000000000017));
#5849=CARTESIAN_POINT('',(-0.0284046452505097,-0.0217956508846845,0.078758421304966));
#5850=CARTESIAN_POINT('',(0.,0.,0.078758421304966));
#5851=CARTESIAN_POINT('',(-0.0266070161495615,-0.0239570649477632,0.0787584213049662));
#5852=CARTESIAN_POINT('',(-2.52673551862039E-16,-2.27508287983681E-16,0.075));
#5853=CARTESIAN_POINT('',(-0.0267500412989717,-0.0240858453707284,0.0755543854982481));
#5854=CARTESIAN_POINT('',(0.,0.,0.0755543854982485));
#5855=CARTESIAN_POINT('',(-0.0285573334966496,-0.0219128126966948,0.0755543854982485));
#5856=CARTESIAN_POINT('',(-1.52488351987579E-15,-1.17008427832504E-15,0.0750000000000018));
#5857=CARTESIAN_POINT('',(-0.0285109684075408,-0.0218772355125217,0.0728760304159849));
#5858=CARTESIAN_POINT('',(0.,0.,0.0728760304159849));
#5859=CARTESIAN_POINT('',(-0.026706610491658,-0.0240467400961761,0.0728760304159854));
#5860=CARTESIAN_POINT('',(-2.52673551862039E-16,-2.27508287983681E-16,0.075));
#5861=CARTESIAN_POINT('',(-0.0264598609772817,-0.023824565835503,0.0696834390991258));
#5862=CARTESIAN_POINT('',(0.,0.,0.0696834390991265));
#5863=CARTESIAN_POINT('',(-0.0282475479479825,-0.0216751058847167,0.0696834390991265));
#5864=CARTESIAN_POINT('',(-6.13806904209929E-16,-4.70990603008095E-16,0.075000000000002));
#5865=CARTESIAN_POINT('',(-0.027855668490656,-0.0213744062010756,0.0670503778397949));
#5866=CARTESIAN_POINT('',(0.,0.,0.0670503778397949));
#5867=CARTESIAN_POINT('',(-0.0260927821788035,-0.0234940466007773,0.0670503778397953));
#5868=CARTESIAN_POINT('',(-2.52673551862039E-16,-2.27508287983681E-16,0.075));
#5869=CARTESIAN_POINT('',(-0.0254628495032841,-0.0229268526721042,0.0639545157768103));
#5870=CARTESIAN_POINT('',(0.,0.,0.0639545157768114));
#5871=CARTESIAN_POINT('',(-0.0271831761646,-0.020858384690084,0.0639545157768114));
#5872=CARTESIAN_POINT('',(-1.18907884582372E-15,-9.12412289235413E-16,0.075000000000002));
#5873=CARTESIAN_POINT('',(-0.0264562507466045,-0.0203005951986081,0.061437086190094));
#5874=CARTESIAN_POINT('',(0.,0.,0.061437086190094));
#5875=CARTESIAN_POINT('',(-0.0247819286128614,-0.0223137487485208,0.0614370861900942));
#5876=CARTESIAN_POINT('',(-2.52673551862039E-16,-2.27508287983681E-16,0.075));
#5877=CARTESIAN_POINT('',(-0.0240203336299732,-0.0216280055458113,0.0591490395112746));
#5878=CARTESIAN_POINT('',(0.,0.,0.0591490395112746));
#5879=CARTESIAN_POINT('',(-0.0322782501811008,-0.00169163141113393,0.0591490395112746));
#5880=CARTESIAN_POINT('',(-3.39539835157541E-16,-1.77945287387368E-17,0.075));
#5881=CARTESIAN_POINT('',(-0.0333016728268071,-0.00174526671926338,0.0614370861900942));
#5882=CARTESIAN_POINT('',(0.,0.,0.061437086190094));
#5883=CARTESIAN_POINT('',(-0.0330620828347546,-0.00435270578063681,0.061437086190094));
#5884=CARTESIAN_POINT('',(-1.48597863220373E-15,-1.95632798291123E-16,0.075000000000002));
#5885=CARTESIAN_POINT('',(-0.0339705134591314,-0.00447230294122089,0.063954515776814));
#5886=CARTESIAN_POINT('',(0.,0.,0.0639545157768114));
#5887=CARTESIAN_POINT('',(-0.0342166865478146,-0.00179322055639489,0.0639545157768103));
#5888=CARTESIAN_POINT('',(-3.39539835157541E-16,-1.77945287387368E-17,0.075));
#5889=CARTESIAN_POINT('',(-0.0350631828875778,-0.00183758354973311,0.0670503778397953));
#5890=CARTESIAN_POINT('',(0.,0.,0.0670503778397949));
#5891=CARTESIAN_POINT('',(-0.0348109196528436,-0.00458294451561103,0.0670503778397949));
#5892=CARTESIAN_POINT('',(-7.67067673568127E-16,-1.00986375043797E-16,0.075000000000002));
#5893=CARTESIAN_POINT('',(-0.0353006470599277,-0.00464741835189065,0.0696834390991288));
#5894=CARTESIAN_POINT('',(0.,0.,0.0696834390991265));
#5895=CARTESIAN_POINT('',(-0.0355564591873987,-0.00186343506517968,0.0696834390991258));
#5896=CARTESIAN_POINT('',(-3.39539835157541E-16,-1.77945287387368E-17,0.075));
#5897=CARTESIAN_POINT('',(-0.0358880383685957,-0.0018808123937227,0.0728760304159854));
#5898=CARTESIAN_POINT('',(0.,0.,0.0728760304159849));
#5899=CARTESIAN_POINT('',(-0.0356298406836867,-0.00469075751464838,0.0728760304159849));
#5900=CARTESIAN_POINT('',(-1.90563000518719E-15,-2.50880949660375E-16,0.0750000000000018));
#5901=CARTESIAN_POINT('',(-0.0356877826207875,-0.00469838571538274,0.0755543854982504));
#5902=CARTESIAN_POINT('',(0.,0.,0.0755543854982485));
#5903=CARTESIAN_POINT('',(-0.0359464001917753,-0.00188387100727045,0.0755543854982485));
#5904=CARTESIAN_POINT('',(-3.39539835157541E-16,-1.77945287387368E-17,0.075));
#5905=CARTESIAN_POINT('',(-0.0357542046283848,-0.0018737984646051,0.0787584213049662));
#5906=CARTESIAN_POINT('',(0.,0.,0.078758421304966));
#5907=CARTESIAN_POINT('',(-0.0354969698147687,-0.0046732647328987,0.078758421304966));
#5908=CARTESIAN_POINT('',(-3.57391620106406E-15,-4.70514994038141E-16,0.0750000000000017));
#5909=CARTESIAN_POINT('',(-0.0351215784594617,-0.00462384352339982,0.0814105224113779));
#5910=CARTESIAN_POINT('',(0.,0.,0.0814105224113765));
#5911=CARTESIAN_POINT('',(-0.0353760929359417,-0.0018539824704832,0.0814105224113764));
#5912=CARTESIAN_POINT('',(-3.39539835157541E-16,-1.77945287387368E-17,0.075));
#5913=CARTESIAN_POINT('',(-0.0346652568125929,-0.00181672912782433,0.0845404122234361));
#5914=CARTESIAN_POINT('',(0.,0.,0.084540412223436));
#5915=CARTESIAN_POINT('',(-0.0344158564702327,-0.00453093346091547,0.084540412223436));
#5916=CARTESIAN_POINT('',(-6.62498806857495E-15,-8.7219622571459E-16,0.0750000000000031));
#5917=CARTESIAN_POINT('',(-0.0336171597778602,-0.00442578304654984,0.087095412886483));
#5918=CARTESIAN_POINT('',(0.,0.,0.0870954128864821));
#5919=CARTESIAN_POINT('',(-0.0338607722291479,-0.00177456787733854,0.0870954128864821));
#5920=CARTESIAN_POINT('',(-3.39539835157541E-16,-1.77945287387368E-17,0.075));
#5921=CARTESIAN_POINT('',(-0.0329430460886769,-0.00172647188832645,0.0894144028394562));
#5922=CARTESIAN_POINT('',(-0.0329430460886769,-0.00172647188832645,0.0894144028394562));
#5923=CARTESIAN_POINT('',(-0.0327763249377149,-0.00171773440304502,0.0897964781598251));
#5924=CARTESIAN_POINT('',(-0.0324533363123168,-0.00136257805575501,0.0905396351381876));
#5925=CARTESIAN_POINT('',(-0.0323206774622418,-0.000542877770844602,0.0908509604887244));
#5926=CARTESIAN_POINT('',(-0.0323223018317697,-0.000125920136269963,0.0908509604887244));
#5927=CARTESIAN_POINT('',(-0.0323223018317716,-0.000125920136269993,0.0908509604887254));
#5928=CARTESIAN_POINT('',(0.,0.,0.0908509604887254));
#5929=CARTESIAN_POINT('',(-0.0323223018317716,0.000125920136269967,0.0908509604887254));
#5930=CARTESIAN_POINT('',(-0.0323223018317716,0.000125920136269967,0.0908509604887254));
#5931=CARTESIAN_POINT('',(-0.0323206774737904,0.000542874806970548,0.0908509604887254));
#5932=CARTESIAN_POINT('',(-0.0324527126659886,0.0013609700213696,0.0905410784119544));
#5933=CARTESIAN_POINT('',(-0.0327763237527292,0.00171773434094251,0.0897964808754549));
#5934=CARTESIAN_POINT('',(-0.032943046088675,0.00172647188832632,0.0894144028394553));
#5935=CARTESIAN_POINT('',(-0.0329430460886769,0.00172647188832643,0.0894144028394562));
#5936=CARTESIAN_POINT('',(-3.39539835157541E-16,1.77945287387365E-17,0.075));
#5937=CARTESIAN_POINT('',(-0.0338607722291479,0.00177456787733851,0.0870954128864821));
#5938=CARTESIAN_POINT('',(0.,0.,0.0870954128864821));
#5939=CARTESIAN_POINT('',(-0.0336171597778632,0.00442578304655022,0.0870954128864821));
#5940=CARTESIAN_POINT('',(-6.62498806857495E-15,8.72196225714587E-16,0.0750000000000031));
#5941=CARTESIAN_POINT('',(-0.0344158564702327,0.00453093346091546,0.084540412223436));
#5942=CARTESIAN_POINT('',(0.,0.,0.084540412223436));
#5943=CARTESIAN_POINT('',(-0.0346652568125929,0.0018167291278243,0.0845404122234361));
#5944=CARTESIAN_POINT('',(-3.39539835157541E-16,1.77945287387365E-17,0.075));
#5945=CARTESIAN_POINT('',(-0.0353760929359417,0.00185398247048317,0.0814105224113764));
#5946=CARTESIAN_POINT('',(0.,0.,0.0814105224113765));
#5947=CARTESIAN_POINT('',(-0.0351215784594646,0.00462384352340019,0.0814105224113765));
#5948=CARTESIAN_POINT('',(-3.57391620106406E-15,4.70514994038139E-16,0.0750000000000017));
#5949=CARTESIAN_POINT('',(-0.0354969698147687,0.00467326473289868,0.078758421304966));
#5950=CARTESIAN_POINT('',(0.,0.,0.078758421304966));
#5951=CARTESIAN_POINT('',(-0.0357542046283848,0.00187379846460507,0.0787584213049662));
#5952=CARTESIAN_POINT('',(-3.39539835157541E-16,1.77945287387365E-17,0.075));
#5953=CARTESIAN_POINT('',(-0.0359464001917757,0.00188387100727044,0.0755543854982481));
#5954=CARTESIAN_POINT('',(0.,0.,0.0755543854982485));
#5955=CARTESIAN_POINT('',(-0.0356877826207903,0.00469838571538308,0.0755543854982485));
#5956=CARTESIAN_POINT('',(-1.90563000518719E-15,2.50880949660374E-16,0.0750000000000018));
#5957=CARTESIAN_POINT('',(-0.0356298406836867,0.00469075751464836,0.0728760304159849));
#5958=CARTESIAN_POINT('',(0.,0.,0.0728760304159849));
#5959=CARTESIAN_POINT('',(-0.0358880383685957,0.00188081239372267,0.0728760304159854));
#5960=CARTESIAN_POINT('',(-3.39539835157541E-16,1.77945287387365E-17,0.075));
#5961=CARTESIAN_POINT('',(-0.0355564591873988,0.00186343506517965,0.0696834390991258));
#5962=CARTESIAN_POINT('',(0.,0.,0.0696834390991265));
#5963=CARTESIAN_POINT('',(-0.0353006470599301,0.00464741835189095,0.0696834390991265));
#5964=CARTESIAN_POINT('',(-7.67067673568127E-16,1.00986375043797E-16,0.075000000000002));
#5965=CARTESIAN_POINT('',(-0.0348109196528436,0.00458294451561102,0.0670503778397949));
#5966=CARTESIAN_POINT('',(0.,0.,0.0670503778397949));
#5967=CARTESIAN_POINT('',(-0.0350631828875778,0.00183758354973308,0.0670503778397953));
#5968=CARTESIAN_POINT('',(-3.39539835157541E-16,1.77945287387365E-17,0.075));
#5969=CARTESIAN_POINT('',(-0.0342166865478146,0.00179322055639486,0.0639545157768103));
#5970=CARTESIAN_POINT('',(0.,0.,0.0639545157768114));
#5971=CARTESIAN_POINT('',(-0.0339705134591332,0.00447230294122112,0.0639545157768114));
#5972=CARTESIAN_POINT('',(-1.48597863220373E-15,1.95632798291122E-16,0.075000000000002));
#5973=CARTESIAN_POINT('',(-0.0330620828347546,0.0043527057806368,0.061437086190094));
#5974=CARTESIAN_POINT('',(0.,0.,0.061437086190094));
#5975=CARTESIAN_POINT('',(-0.0333016728268071,0.00174526671926334,0.0614370861900942));
#5976=CARTESIAN_POINT('',(-3.39539835157541E-16,1.77945287387365E-17,0.075));
#5977=CARTESIAN_POINT('',(-0.0322782501811008,0.0016916314111339,0.0591490395112746));
#5978=CARTESIAN_POINT('',(0.,0.,0.0591490395112746));
#5979=CARTESIAN_POINT('',(-0.0240203336299732,0.0216280055458113,0.0591490395112746));
#5980=CARTESIAN_POINT('',(-2.52673551862039E-16,2.2750828798368E-16,0.075));
#5981=CARTESIAN_POINT('',(-0.0247819286128614,0.0223137487485208,0.0614370861900942));
#5982=CARTESIAN_POINT('',(0.,0.,0.061437086190094));
#5983=CARTESIAN_POINT('',(-0.0264562507466045,0.0203005951986081,0.061437086190094));
#5984=CARTESIAN_POINT('',(-1.18907884582372E-15,9.12412289235412E-16,0.075000000000002));
#5985=CARTESIAN_POINT('',(-0.0271831761645995,0.0208583846900836,0.0639545157768123));
#5986=CARTESIAN_POINT('',(0.,0.,0.0639545157768114));
#5987=CARTESIAN_POINT('',(-0.0254628495032841,0.0229268526721042,0.0639545157768103));
#5988=CARTESIAN_POINT('',(-2.52673551862039E-16,2.2750828798368E-16,0.075));
#5989=CARTESIAN_POINT('',(-0.0260927821788036,0.0234940466007773,0.0670503778397953));
#5990=CARTESIAN_POINT('',(0.,0.,0.0670503778397949));
#5991=CARTESIAN_POINT('',(-0.027855668490656,0.0213744062010756,0.0670503778397949));
#5992=CARTESIAN_POINT('',(-6.13806904209929E-16,4.70990603008095E-16,0.075000000000002));
#5993=CARTESIAN_POINT('',(-0.0282475479479818,0.0216751058847161,0.0696834390991273));
#5994=CARTESIAN_POINT('',(0.,0.,0.0696834390991265));
#5995=CARTESIAN_POINT('',(-0.0264598609772818,0.023824565835503,0.0696834390991258));
#5996=CARTESIAN_POINT('',(-2.52673551862039E-16,2.2750828798368E-16,0.075));
#5997=CARTESIAN_POINT('',(-0.026706610491658,0.024046740096176,0.0728760304159854));
#5998=CARTESIAN_POINT('',(0.,0.,0.0728760304159849));
#5999=CARTESIAN_POINT('',(-0.0285109684075409,0.0218772355125217,0.0728760304159849));
#6000=CARTESIAN_POINT('',(-1.52488351987579E-15,1.17008427832504E-15,0.0750000000000018));
#6001=CARTESIAN_POINT('',(-0.0285573334966488,0.0219128126966942,0.0755543854982492));
#6002=CARTESIAN_POINT('',(0.,0.,0.0755543854982485));
#6003=CARTESIAN_POINT('',(-0.0267500412989714,0.024085845370728,0.0755543854982485));
#6004=CARTESIAN_POINT('',(-2.52673551862039E-16,2.2750828798368E-16,0.075));
#6005=CARTESIAN_POINT('',(-0.0266070161495616,0.0239570649477632,0.0787584213049662));
#6006=CARTESIAN_POINT('',(0.,0.,0.078758421304966));
#6007=CARTESIAN_POINT('',(-0.0284046452505097,0.0217956508846845,0.078758421304966));
#6008=CARTESIAN_POINT('',(-2.85984472409918E-15,2.19443603823054E-15,0.0750000000000017));
#6009=CARTESIAN_POINT('',(-0.0281042574052038,0.0215651551841204,0.081410522411377));
#6010=CARTESIAN_POINT('',(0.,0.,0.0814105224113765));
#6011=CARTESIAN_POINT('',(-0.0263256387839695,0.0237037116298102,0.0814105224113764));
#6012=CARTESIAN_POINT('',(-2.52673551862039E-16,2.2750828798368E-16,0.075));
#6013=CARTESIAN_POINT('',(-0.0257966596496213,0.023227416677894,0.0845404122234361));
#6014=CARTESIAN_POINT('',(0.,0.,0.084540412223436));
#6015=CARTESIAN_POINT('',(-0.0275395392657628,0.021131831715126,0.084540412223436));
#6016=CARTESIAN_POINT('',(-5.30130985429741E-15,4.06783812284122E-15,0.0750000000000031));
#6017=CARTESIAN_POINT('',(-0.0269004228474341,0.020641420438882,0.0870954128864824));
#6018=CARTESIAN_POINT('',(0.,0.,0.0870954128864821));
#6019=CARTESIAN_POINT('',(-0.0251979906391855,0.0226883726797017,0.0870954128864821));
#6020=CARTESIAN_POINT('',(-2.52673551862039E-16,2.2750828798368E-16,0.075));
#6021=CARTESIAN_POINT('',(-0.024515051262008,0.0220734513024808,0.0894144028394562));
#6022=CARTESIAN_POINT('',(-0.0245150512620079,0.0220734513024808,0.0894144028394562));
#6023=CARTESIAN_POINT('',(-0.0243909832705025,0.0219617399811614,0.0897964781598251));
#6024=CARTESIAN_POINT('',(-0.0239114623616888,0.0219844859954479,0.0905396351381886));
#6025=CARTESIAN_POINT('',(-0.0232380427592151,0.0224702976529757,0.0908509604887251));
#6026=CARTESIAN_POINT('',(-0.0229443577910481,0.0227662798265592,0.0908509604887251));
#6027=CARTESIAN_POINT('',(-0.0229443577910486,0.0227662798265597,0.0908509604887254));
#6028=CARTESIAN_POINT('',(0.,0.,0.0908509604887254));
#6029=CARTESIAN_POINT('',(-0.0227662798265597,0.0229443577910485,0.0908509604887254));
#6030=CARTESIAN_POINT('',(-0.0227662798265597,0.0229443577910485,0.0908509604887254));
#6031=CARTESIAN_POINT('',(-0.0224702997569163,0.0232380406716047,0.0908509604887254));
#6032=CARTESIAN_POINT('',(-0.0219851820629184,0.0239098843251226,0.0905410784119554));
#6033=CARTESIAN_POINT('',(-0.021961739187164,0.024390982388679,0.0897964808754556));
#6034=CARTESIAN_POINT('',(-0.0220734513024805,0.0245150512620076,0.089414402839456));
#6035=CARTESIAN_POINT('',(-0.0220734513024809,0.0245150512620079,0.0894144028394562));
#6036=CARTESIAN_POINT('',(-2.27508287983681E-16,2.52673551862039E-16,0.075));
#6037=CARTESIAN_POINT('',(-0.0226883726797017,0.0251979906391855,0.0870954128864821));
#6038=CARTESIAN_POINT('',(0.,0.,0.0870954128864821));
#6039=CARTESIAN_POINT('',(-0.0206414204388826,0.0269004228474349,0.0870954128864821));
#6040=CARTESIAN_POINT('',(-4.06783812284122E-15,5.30130985429741E-15,0.0750000000000031));
#6041=CARTESIAN_POINT('',(-0.0211318317151261,0.0275395392657628,0.084540412223436));
#6042=CARTESIAN_POINT('',(0.,0.,0.084540412223436));
#6043=CARTESIAN_POINT('',(-0.023227416677894,0.0257966596496213,0.0845404122234361));
#6044=CARTESIAN_POINT('',(-2.27508287983681E-16,2.52673551862039E-16,0.075));
#6045=CARTESIAN_POINT('',(-0.0237037116298102,0.0263256387839695,0.0814105224113764));
#6046=CARTESIAN_POINT('',(0.,0.,0.0814105224113765));
#6047=CARTESIAN_POINT('',(-0.0215651551841211,0.0281042574052046,0.0814105224113765));
#6048=CARTESIAN_POINT('',(-2.19443603823054E-15,2.85984472409918E-15,0.0750000000000017));
#6049=CARTESIAN_POINT('',(-0.0217956508846845,0.0284046452505097,0.078758421304966));
#6050=CARTESIAN_POINT('',(0.,0.,0.078758421304966));
#6051=CARTESIAN_POINT('',(-0.0239570649477632,0.0266070161495615,0.0787584213049662));
#6052=CARTESIAN_POINT('',(-2.27508287983681E-16,2.52673551862039E-16,0.075));
#6053=CARTESIAN_POINT('',(-0.0240858453707284,0.0267500412989717,0.0755543854982481));
#6054=CARTESIAN_POINT('',(0.,0.,0.0755543854982485));
#6055=CARTESIAN_POINT('',(-0.0219128126966948,0.0285573334966496,0.0755543854982485));
#6056=CARTESIAN_POINT('',(-1.17008427832504E-15,1.52488351987579E-15,0.0750000000000018));
#6057=CARTESIAN_POINT('',(-0.0218772355125217,0.0285109684075408,0.0728760304159849));
#6058=CARTESIAN_POINT('',(0.,0.,0.0728760304159849));
#6059=CARTESIAN_POINT('',(-0.0240467400961761,0.026706610491658,0.0728760304159854));
#6060=CARTESIAN_POINT('',(-2.27508287983681E-16,2.52673551862039E-16,0.075));
#6061=CARTESIAN_POINT('',(-0.023824565835503,0.0264598609772817,0.0696834390991258));
#6062=CARTESIAN_POINT('',(0.,0.,0.0696834390991265));
#6063=CARTESIAN_POINT('',(-0.0216751058847167,0.0282475479479825,0.0696834390991265));
#6064=CARTESIAN_POINT('',(-4.70990603008095E-16,6.13806904209929E-16,0.075000000000002));
#6065=CARTESIAN_POINT('',(-0.0213744062010756,0.027855668490656,0.0670503778397949));
#6066=CARTESIAN_POINT('',(0.,0.,0.0670503778397949));
#6067=CARTESIAN_POINT('',(-0.0234940466007773,0.0260927821788036,0.0670503778397953));
#6068=CARTESIAN_POINT('',(-2.27508287983681E-16,2.52673551862039E-16,0.075));
#6069=CARTESIAN_POINT('',(-0.0229268526721042,0.0254628495032841,0.0639545157768103));
#6070=CARTESIAN_POINT('',(0.,0.,0.0639545157768114));
#6071=CARTESIAN_POINT('',(-0.020858384690084,0.0271831761646,0.0639545157768114));
#6072=CARTESIAN_POINT('',(-9.12412289235413E-16,1.18907884582372E-15,0.075000000000002));
#6073=CARTESIAN_POINT('',(-0.0203005951986081,0.0264562507466045,0.061437086190094));
#6074=CARTESIAN_POINT('',(0.,0.,0.061437086190094));
#6075=CARTESIAN_POINT('',(-0.0223137487485208,0.0247819286128614,0.0614370861900942));
#6076=CARTESIAN_POINT('',(-2.27508287983681E-16,2.52673551862039E-16,0.075));
#6077=CARTESIAN_POINT('',(-0.0216280055458113,0.0240203336299732,0.0591490395112746));
#6078=CARTESIAN_POINT('',(0.,0.,0.0591490395112746));
#6079=CARTESIAN_POINT('',(-0.00169163141113393,0.0322782501811008,0.0591490395112746));
#6080=CARTESIAN_POINT('',(-1.77945287387368E-17,3.39539835157541E-16,0.075));
#6081=CARTESIAN_POINT('',(-0.00174526671926338,0.0333016728268071,0.0614370861900942));
#6082=CARTESIAN_POINT('',(0.,0.,0.061437086190094));
#6083=CARTESIAN_POINT('',(-0.00435270578063681,0.0330620828347546,0.061437086190094));
#6084=CARTESIAN_POINT('',(-1.95632798291123E-16,1.48597863220373E-15,0.075000000000002));
#6085=CARTESIAN_POINT('',(-0.00447230294122114,0.0339705134591332,0.0639545157768114));
#6086=CARTESIAN_POINT('',(0.,0.,0.0639545157768114));
#6087=CARTESIAN_POINT('',(-0.00179322055639489,0.0342166865478145,0.0639545157768103));
#6088=CARTESIAN_POINT('',(-1.77945287387368E-17,3.39539835157541E-16,0.075));
#6089=CARTESIAN_POINT('',(-0.00183758354973311,0.0350631828875778,0.0670503778397953));
#6090=CARTESIAN_POINT('',(0.,0.,0.0670503778397949));
#6091=CARTESIAN_POINT('',(-0.00458294451561104,0.0348109196528436,0.0670503778397949));
#6092=CARTESIAN_POINT('',(-1.00986375043797E-16,7.67067673568127E-16,0.075000000000002));
#6093=CARTESIAN_POINT('',(-0.00464741835189097,0.0353006470599301,0.0696834390991265));
#6094=CARTESIAN_POINT('',(0.,0.,0.0696834390991265));
#6095=CARTESIAN_POINT('',(-0.00186343506517968,0.0355564591873987,0.0696834390991258));
#6096=CARTESIAN_POINT('',(-1.77945287387368E-17,3.39539835157541E-16,0.075));
#6097=CARTESIAN_POINT('',(-0.0018808123937227,0.0358880383685957,0.0728760304159854));
#6098=CARTESIAN_POINT('',(0.,0.,0.0728760304159849));
#6099=CARTESIAN_POINT('',(-0.00469075751464838,0.0356298406836867,0.0728760304159849));
#6100=CARTESIAN_POINT('',(-2.50880949660375E-16,1.90563000518719E-15,0.0750000000000018));
#6101=CARTESIAN_POINT('',(-0.0046983857153831,0.0356877826207903,0.0755543854982485));
#6102=CARTESIAN_POINT('',(0.,0.,0.0755543854982485));
#6103=CARTESIAN_POINT('',(-0.00188387100727045,0.0359464001917753,0.0755543854982485));
#6104=CARTESIAN_POINT('',(-1.77945287387368E-17,3.39539835157541E-16,0.075));
#6105=CARTESIAN_POINT('',(-0.0018737984646051,0.0357542046283848,0.0787584213049662));
#6106=CARTESIAN_POINT('',(0.,0.,0.078758421304966));
#6107=CARTESIAN_POINT('',(-0.0046732647328987,0.0354969698147687,0.078758421304966));
#6108=CARTESIAN_POINT('',(-4.70514994038141E-16,3.57391620106406E-15,0.0750000000000017));
#6109=CARTESIAN_POINT('',(-0.00462384352340021,0.0351215784594646,0.0814105224113765));
#6110=CARTESIAN_POINT('',(0.,0.,0.0814105224113765));
#6111=CARTESIAN_POINT('',(-0.00185398247048321,0.0353760929359417,0.0814105224113764));
#6112=CARTESIAN_POINT('',(-1.77945287387368E-17,3.39539835157541E-16,0.075));
#6113=CARTESIAN_POINT('',(-0.00181672912782433,0.0346652568125929,0.0845404122234361));
#6114=CARTESIAN_POINT('',(0.,0.,0.084540412223436));
#6115=CARTESIAN_POINT('',(-0.00453093346091548,0.0344158564702327,0.084540412223436));
#6116=CARTESIAN_POINT('',(-8.72196225714591E-16,6.62498806857495E-15,0.0750000000000031));
#6117=CARTESIAN_POINT('',(-0.00442578304655024,0.0336171597778632,0.0870954128864821));
#6118=CARTESIAN_POINT('',(0.,0.,0.0870954128864821));
#6119=CARTESIAN_POINT('',(-0.00177456787733854,0.0338607722291479,0.0870954128864821));
#6120=CARTESIAN_POINT('',(-1.77945287387368E-17,3.39539835157541E-16,0.075));
#6121=CARTESIAN_POINT('',(-0.00172647188832645,0.0329430460886769,0.0894144028394562));
#6122=CARTESIAN_POINT('',(-0.00172647188832645,0.0329430460886769,0.0894144028394562));
#6123=CARTESIAN_POINT('',(-0.00171773440304502,0.0327763249377149,0.0897964781598251));
#6124=CARTESIAN_POINT('',(-0.0013625780557552,0.0324533363123199,0.090539635138189));
#6125=CARTESIAN_POINT('',(-0.000542877770844673,0.0323206774622438,0.0908509604887254));
#6126=CARTESIAN_POINT('',(-0.000125920136269993,0.0323223018317716,0.0908509604887254));
#6127=CARTESIAN_POINT('',(-0.000125920136269995,0.0323223018317716,0.0908509604887254));
#6128=CARTESIAN_POINT('',(0.,0.,0.0908509604887254));
#6129=CARTESIAN_POINT('',(2.52275296830966E-32,-8.23993651088983E-17,0.075));
#6130=CARTESIAN_POINT('',(-0.0157999358489872,0.0268564895275966,0.0994387192263011));
#6131=CARTESIAN_POINT('',(-0.0157544372677599,0.0268598041989302,0.0994644920265375));
#6132=CARTESIAN_POINT('',(-0.0155894774760508,0.0268728336970134,0.0995567257670547));
#6133=CARTESIAN_POINT('',(-0.0151193828378305,0.0269042822719621,0.0998166096619818));
#6134=CARTESIAN_POINT('',(-0.0145468455087957,0.0269291016722926,0.100130531208119));
#6135=CARTESIAN_POINT('',(-0.0140458422890764,0.0269367806046391,0.100403402524672));
#6136=CARTESIAN_POINT('',(-0.0137410357306296,0.026937022604801,0.10056891172624));
#6137=CARTESIAN_POINT('',(-0.0134758423744541,0.0269341266848569,0.100712599620523));
#6138=CARTESIAN_POINT('',(-0.0132864985299331,0.0269301184804061,0.100814959092053));
#6139=CARTESIAN_POINT('',(-0.0130208358353626,0.0269225987930659,0.100958266142036));
#6140=CARTESIAN_POINT('',(-0.0125944191715911,0.0269050597098137,0.10118745536809));
#6141=CARTESIAN_POINT('',(-0.0118428388027517,0.0268572633243666,0.101588549503501));
#6142=CARTESIAN_POINT('',(-0.0113853875624647,0.0268110202770858,0.101828483048178));
#6143=CARTESIAN_POINT('',(-0.0111591217521625,0.0267878521772677,0.101945221792542));
#6144=CARTESIAN_POINT('',(-0.0157999358489872,0.0268564895275967,0.0994387192263011));
#6145=CARTESIAN_POINT('',(-0.0111591217521625,0.0267878521772677,0.101945221792542));
#6146=CARTESIAN_POINT('',(-0.0111591217521626,0.0267878521772676,0.101945221792542));
#6147=CARTESIAN_POINT('',(-0.0106840462396655,0.026739207634102,0.102190330493737));
#6148=CARTESIAN_POINT('',(-0.00975631980252358,0.0266226039513175,0.102658585675317));
#6149=CARTESIAN_POINT('',(-0.00864553401257627,0.0264357799894838,0.103195112111003));
#6150=CARTESIAN_POINT('',(-0.0078010237006343,0.0262697773876131,0.103589702845508));
#6151=CARTESIAN_POINT('',(-0.00715262096109587,0.0261306380951106,0.103885534099325));
#6152=CARTESIAN_POINT('',(-0.00657996343774426,0.0259958941639483,0.104141108479668));
#6153=CARTESIAN_POINT('',(-0.00610559666506966,0.0258753126612591,0.104349549181914));
#6154=CARTESIAN_POINT('',(-0.0057677213500734,0.0257856210693731,0.10449678086781));
#6155=CARTESIAN_POINT('',(-0.00533477874222445,0.0256643061209575,0.104683608304978));
#6156=CARTESIAN_POINT('',(-0.00484353621430259,0.0255199392387581,0.104892353950652));
#6157=CARTESIAN_POINT('',(-0.00442554753813764,0.0253918231129469,0.10506474231052));
#6158=CARTESIAN_POINT('',(-0.00410521773906944,0.0252961648057562,0.105190093596408));
#6159=CARTESIAN_POINT('',(-0.00377593421880091,0.0251983744862904,0.105314979483239));
#6160=CARTESIAN_POINT('',(-0.00345236128794044,0.0250994390391268,0.105435233480658));
#6161=CARTESIAN_POINT('',(-0.00315950969953181,0.0250064254588466,0.105543026202726));
#6162=CARTESIAN_POINT('',(-0.00296653528003192,0.0249433939621395,0.105613776057172));
#6163=CARTESIAN_POINT('',(-0.0027979516784122,0.0248869868221101,0.105675286091874));
#6164=CARTESIAN_POINT('',(-0.00271639205676826,0.0248588158998773,0.105705432706246));
#6165=CARTESIAN_POINT('',(-0.00257707031266103,0.0248089342903449,0.105757906155666));
#6166=CARTESIAN_POINT('',(-0.00241085813590934,0.0247454563025155,0.105822415011758));
#6167=CARTESIAN_POINT('',(-0.00226659983975527,0.0246879494837863,0.105879420401211));
#6168=CARTESIAN_POINT('',(-0.00213378028290417,0.024632284743566,0.105933151880774));
#6169=CARTESIAN_POINT('',(-0.00207937435903091,0.0246102053038687,0.105954408754798));
#6170=CARTESIAN_POINT('',(-0.00195595271824786,0.0245624901432943,0.106000498187254));
#6171=CARTESIAN_POINT('',(-0.00177924366376397,0.0244968376126742,0.106063043161177));
#6172=CARTESIAN_POINT('',(-0.00160668718010621,0.0244331190689532,0.106122635121054));
#6173=CARTESIAN_POINT('',(-0.00142881860193121,0.0243668723203964,0.106182991926611));
#6174=CARTESIAN_POINT('',(-0.00132533488911744,0.024328001305379,0.106217896533248));
#6175=CARTESIAN_POINT('',(-0.00110921709498149,0.0242460415930017,0.106290472979908));
#6176=CARTESIAN_POINT('',(-0.000700399607882888,0.0240871985287592,0.106426031820686));
#6177=CARTESIAN_POINT('',(-0.00033943807725264,0.0239405550734116,0.106543111669372));
#6178=CARTESIAN_POINT('',(-0.000100000000000014,0.0238400504911809,0.106619645674453));
#6179=CARTESIAN_POINT('',(-0.000100000000000007,0.023840050491181,0.106619645674453));
#6180=CARTESIAN_POINT('',(-0.0001,-8.2429981278877E-17,0.075));
#6181=CARTESIAN_POINT('',(-0.000100000000000011,0.0355546611911531,0.0924360565375979));
#6182=CARTESIAN_POINT('',(0.,0.,0.0924360565375979));
#6183=CARTESIAN_POINT('',(-0.000292218818009712,0.0355536009509598,0.0924360565375979));
#6184=CARTESIAN_POINT('',(-0.000292218818009712,0.0355536009509598,0.0924360565375979));
#6185=CARTESIAN_POINT('',(-0.00070965184769057,0.0355501700246044,0.0924360565375979));
#6186=CARTESIAN_POINT('',(-0.00152922026433641,0.0356802505632672,0.0921259606541934));
#6187=CARTESIAN_POINT('',(-0.00188698908654064,0.0360058966885332,0.091381359528315));
#6188=CARTESIAN_POINT('',(-0.00189581613253241,0.0361743267596509,0.0909994988883288));
#6189=CARTESIAN_POINT('',(-0.00189581613253242,0.0361743267596509,0.0909994988883288));
#6190=CARTESIAN_POINT('',(-9.07884119323306E-19,1.73234609774256E-17,0.075));
#6191=CARTESIAN_POINT('',(-0.00206966357269957,0.0394915335282918,0.0770725038672206));
#6192=CARTESIAN_POINT('',(0.,0.,0.0770725038672206));
#6193=CARTESIAN_POINT('',(-0.0264612580102805,0.0293882043043417,0.0770725038672206));
#6194=CARTESIAN_POINT('',(-1.16075657134531E-17,1.28915077480632E-17,0.075));
#6195=CARTESIAN_POINT('',(-0.0242385673134107,0.0269196561998037,0.0909994988883288));
#6196=CARTESIAN_POINT('',(-0.0242385673134107,0.0269196561998037,0.0909994988883288));
#6197=CARTESIAN_POINT('',(-0.0241257115952897,0.0267943172268885,0.0913813572841657));
#6198=CARTESIAN_POINT('',(-0.0241477263427135,0.0263126505148659,0.0921245163015794));
#6199=CARTESIAN_POINT('',(-0.0246359649138547,0.0256395676510928,0.0924360565375979));
#6200=CARTESIAN_POINT('',(-0.0249335624202192,0.0253468222358291,0.0924360565375979));
#6201=CARTESIAN_POINT('',(-0.0249335624202192,0.0253468222358291,0.0924360565375979));
#6202=CARTESIAN_POINT('',(0.,0.,0.0924360565375979));
#6203=CARTESIAN_POINT('',(-0.0253468222358291,0.0249335624202192,0.0924360565375979));
#6204=CARTESIAN_POINT('',(-0.0253468222358291,0.0249335624202192,0.0924360565375979));
#6205=CARTESIAN_POINT('',(-0.0256395659305161,0.0246359666629489,0.0924360565375979));
#6206=CARTESIAN_POINT('',(-0.0263110691465616,0.0241484251088812,0.0921259606541934));
#6207=CARTESIAN_POINT('',(-0.026794316490282,0.0241257109320462,0.091381359528315));
#6208=CARTESIAN_POINT('',(-0.0269196561998037,0.0242385673134107,0.0909994988883288));
#6209=CARTESIAN_POINT('',(-0.0269196561998037,0.0242385673134107,0.0909994988883288));
#6210=CARTESIAN_POINT('',(-1.28915077480632E-17,1.16075657134531E-17,0.075));
#6211=CARTESIAN_POINT('',(-0.0293882043043417,0.0264612580102804,0.0770725038672206));
#6212=CARTESIAN_POINT('',(0.,0.,0.0770725038672206));
#6213=CARTESIAN_POINT('',(-0.0394915335282918,0.00206966357269953,0.0770725038672206));
#6214=CARTESIAN_POINT('',(-1.73234609774256E-17,9.07884119323292E-19,0.075));
#6215=CARTESIAN_POINT('',(-0.0361743267596509,0.00189581613253239,0.0909994988883288));
#6216=CARTESIAN_POINT('',(-0.0361743267596509,0.00189581613253239,0.0909994988883288));
#6217=CARTESIAN_POINT('',(-0.0360058976783766,0.00188698913841611,0.0913813572841657));
#6218=CARTESIAN_POINT('',(-0.0356808746572232,0.00153083256288367,0.0921245163015794));
#6219=CARTESIAN_POINT('',(-0.0355501700044395,0.000709654301118473,0.092436056537598));
#6220=CARTESIAN_POINT('',(-0.0355536009509599,0.000292218818009686,0.092436056537598));
#6221=CARTESIAN_POINT('',(-0.0355536009509598,0.000292218818009683,0.0924360565375979));
#6222=CARTESIAN_POINT('',(0.,0.,0.0924360565375979));
#6223=CARTESIAN_POINT('',(-0.0355536009509598,-0.000292218818009712,0.0924360565375979));
#6224=CARTESIAN_POINT('',(-0.0355536009509598,-0.000292218818009712,0.0924360565375979));
#6225=CARTESIAN_POINT('',(-0.0355501700246044,-0.000709651847690566,0.0924360565375979));
#6226=CARTESIAN_POINT('',(-0.0356802505632673,-0.0015292202643364,0.0921259606541935));
#6227=CARTESIAN_POINT('',(-0.0360058966885333,-0.00188698908654065,0.091381359528315));
#6228=CARTESIAN_POINT('',(-0.036174326759651,-0.00189581613253242,0.0909994988883288));
#6229=CARTESIAN_POINT('',(-0.0361743267596509,-0.00189581613253241,0.0909994988883288));
#6230=CARTESIAN_POINT('',(-1.73234609774256E-17,-9.07884119323305E-19,0.075));
#6231=CARTESIAN_POINT('',(-0.0394915335282918,-0.00206966357269956,0.0770725038672206));
#6232=CARTESIAN_POINT('',(0.,0.,0.0770725038672206));
#6233=CARTESIAN_POINT('',(-0.0293882043043417,-0.0264612580102805,0.0770725038672206));
#6234=CARTESIAN_POINT('',(-1.28915077480632E-17,-1.16075657134531E-17,0.075));
#6235=CARTESIAN_POINT('',(-0.0269196561998037,-0.0242385673134107,0.0909994988883288));
#6236=CARTESIAN_POINT('',(-0.0269196561998037,-0.0242385673134107,0.0909994988883288));
#6237=CARTESIAN_POINT('',(-0.0267943172268885,-0.0241257115952897,0.0913813572841657));
#6238=CARTESIAN_POINT('',(-0.026312650514866,-0.0241477263427136,0.0921245163015794));
#6239=CARTESIAN_POINT('',(-0.0256395676510929,-0.0246359649138547,0.092436056537598));
#6240=CARTESIAN_POINT('',(-0.0253468222358292,-0.0249335624202193,0.092436056537598));
#6241=CARTESIAN_POINT('',(-0.0253468222358291,-0.0249335624202192,0.0924360565375979));
#6242=CARTESIAN_POINT('',(0.,0.,0.0924360565375979));
#6243=CARTESIAN_POINT('',(-0.0249335624202192,-0.0253468222358291,0.0924360565375979));
#6244=CARTESIAN_POINT('',(-0.0249335624202192,-0.0253468222358291,0.0924360565375979));
#6245=CARTESIAN_POINT('',(-0.0246359666629489,-0.0256395659305161,0.0924360565375979));
#6246=CARTESIAN_POINT('',(-0.0241484251088813,-0.0263110691465617,0.0921259606541935));
#6247=CARTESIAN_POINT('',(-0.0241257109320463,-0.0267943164902821,0.091381359528315));
#6248=CARTESIAN_POINT('',(-0.0242385673134107,-0.0269196561998038,0.0909994988883288));
#6249=CARTESIAN_POINT('',(-0.0242385673134106,-0.0269196561998037,0.0909994988883288));
#6250=CARTESIAN_POINT('',(-1.16075657134531E-17,-1.28915077480632E-17,0.075));
#6251=CARTESIAN_POINT('',(-9.07884119323288E-19,-1.73234609774256E-17,0.075));
#6252=CARTESIAN_POINT('',(-0.00189581613253238,-0.0361743267596509,0.0909994988883288));
#6253=CARTESIAN_POINT('',(-0.00189581613253238,-0.0361743267596509,0.0909994988883288));
#6254=CARTESIAN_POINT('',(-0.0018869891384161,-0.0360058976783766,0.0913813572841657));
#6255=CARTESIAN_POINT('',(-0.00153083256288367,-0.0356808746572233,0.0921245163015795));
#6256=CARTESIAN_POINT('',(-0.000709654301118459,-0.0355501700044395,0.092436056537598));
#6257=CARTESIAN_POINT('',(-0.000292218818009678,-0.0355536009509599,0.092436056537598));
#6258=CARTESIAN_POINT('',(-0.000292218818009677,-0.0355536009509598,0.0924360565375979));
#6259=CARTESIAN_POINT('',(0.,0.,0.0924360565375979));
#6260=CARTESIAN_POINT('',(-9.99999999999473E-5,-0.0238400600336183,0.106619638479804));
#6261=CARTESIAN_POINT('',(-0.000338935132997573,-0.0239403586159366,0.106543261334043));
#6262=CARTESIAN_POINT('',(-0.000698689121342162,-0.0240865413354717,0.106426581198881));
#6263=CARTESIAN_POINT('',(-0.0011077833868142,-0.0242455062471799,0.106290926422917));
#6264=CARTESIAN_POINT('',(-0.00132198816398067,-0.02432676070457,0.106219011439388));
#6265=CARTESIAN_POINT('',(-0.00142767946214327,-0.0243664716519034,0.106183351792565));
#6266=CARTESIAN_POINT('',(-0.0016791872362262,-0.0244601045158877,0.106098079570806));
#6267=CARTESIAN_POINT('',(-0.00196213522970225,-0.0245633831709824,0.105999703862802));
#6268=CARTESIAN_POINT('',(-0.00216857768630961,-0.0246406128377539,0.10592438455729));
#6269=CARTESIAN_POINT('',(-0.00237430795339323,-0.0247255917997762,0.105841213839573));
#6270=CARTESIAN_POINT('',(-0.0025496441792455,-0.024804743654134,0.105763617994226));
#6271=CARTESIAN_POINT('',(-0.0026972082983991,-0.0248640081548559,0.105702917560164));
#6272=CARTESIAN_POINT('',(-0.00276477709247093,-0.0248888468689831,0.105676762592386));
#6273=CARTESIAN_POINT('',(-0.0028996082559959,-0.0249332652073071,0.105628329086476));
#6274=CARTESIAN_POINT('',(-0.00302460279622883,-0.0249712433847072,0.105585293203306));
#6275=CARTESIAN_POINT('',(-0.00317405217418664,-0.0250113577855463,0.105537198928596));
#6276=CARTESIAN_POINT('',(-0.00324457352335165,-0.0250298439434879,0.105514596142474));
#6277=CARTESIAN_POINT('',(-0.00335855640641747,-0.0250646757332323,0.105473916199728));
#6278=CARTESIAN_POINT('',(-0.00354585156957027,-0.0251227315751925,0.105404627588192));
#6279=CARTESIAN_POINT('',(-0.0036631272144438,-0.0251590330599915,0.105360667222533));
#6280=CARTESIAN_POINT('',(-0.00380229802968958,-0.0252022574154283,0.105307769358542));
#6281=CARTESIAN_POINT('',(-0.0040411034342008,-0.0252763782045006,0.105215380961552));
#6282=CARTESIAN_POINT('',(-0.00436460291406125,-0.025375850553938,0.105086936594388));
#6283=CARTESIAN_POINT('',(-0.00465503401356253,-0.0254637779322141,0.104968753339298));
#6284=CARTESIAN_POINT('',(-0.00500236234841309,-0.0255667642593382,0.104824970939354));
#6285=CARTESIAN_POINT('',(-0.00536002482089541,-0.0256696116896711,0.104674347874496));
#6286=CARTESIAN_POINT('',(-0.00576298810949568,-0.0257802586541163,0.104502140649248));
#6287=CARTESIAN_POINT('',(-0.00604153847940458,-0.0258538155483099,0.104381500608269));
#6288=CARTESIAN_POINT('',(-0.00646314511012291,-0.0259621290221164,0.104196877926752));
#6289=CARTESIAN_POINT('',(-0.00719437127954466,-0.0261396678659482,0.103870514668221));
#6290=CARTESIAN_POINT('',(-0.00829121935184032,-0.0263756033223634,0.103363878350031));
#6291=CARTESIAN_POINT('',(-0.00966956371692947,-0.0266143266865032,0.102697956948385));
#6292=CARTESIAN_POINT('',(-0.0106336130112921,-0.0267379553913797,0.102211723442128));
#6293=CARTESIAN_POINT('',(-0.011126303351367,-0.0267889569246996,0.101957692049208));
#6294=CARTESIAN_POINT('',(-0.0111263033513671,-0.0267889569246996,0.101957692049208));
#6295=CARTESIAN_POINT('',(-0.0111263033513687,-0.0267889569246998,0.101957692049208));
#6296=CARTESIAN_POINT('',(-0.0113800802286147,-0.0268152269947707,0.101826844560895));
#6297=CARTESIAN_POINT('',(-0.0118634943951145,-0.0268623701446805,0.101574015236358));
#6298=CARTESIAN_POINT('',(-0.0126041740105861,-0.0269076121326784,0.101180228875979));
#6299=CARTESIAN_POINT('',(-0.0130886671908622,-0.0269260894235653,0.10092073567441));
#6300=CARTESIAN_POINT('',(-0.0134553965471073,-0.0269350851354225,0.100723447326632));
#6301=CARTESIAN_POINT('',(-0.0139378431559338,-0.0269376391037457,0.100462725924609));
#6302=CARTESIAN_POINT('',(-0.014466200023054,-0.0269295541535954,0.100175925583964));
#6303=CARTESIAN_POINT('',(-0.015033436273648,-0.0269070532646519,0.099865998385766));
#6304=CARTESIAN_POINT('',(-0.0155234008469604,-0.0268756119969697,0.0995957485711114));
#6305=CARTESIAN_POINT('',(-0.0157290205046196,-0.0268597706707965,0.0994809613072073));
#6306=CARTESIAN_POINT('',(-0.0158008721914386,-0.0268543632919255,0.0994404502858501));
#6307=CARTESIAN_POINT('',(-0.0158008721914386,-0.0268543632919256,0.0994404502858501));
#6308=CARTESIAN_POINT('',(-0.0158008721914385,-0.0268543632919256,0.0994404502858501));
#6309=CARTESIAN_POINT('',(-0.0167265305456901,-0.0267847005472573,0.0989185507076489));
#6310=CARTESIAN_POINT('',(-0.0176349727269267,-0.0265417614692302,0.0985302692822829));
#6311=CARTESIAN_POINT('',(-0.0185029874979633,-0.0261433627128256,0.0982878517625792));
#6312=CARTESIAN_POINT('',(-0.0185029874979633,-0.0261433627128256,0.0982878517625792));
#6313=CARTESIAN_POINT('',(-0.0185029874979634,-0.0261433627128255,0.0982878517625792));
#6314=CARTESIAN_POINT('',(-0.0185844431895579,-0.0261059764292404,0.0982651029716489));
#6315=CARTESIAN_POINT('',(-0.0186877916593471,-0.0260528486246929,0.098241938968132));
#6316=CARTESIAN_POINT('',(-0.018813437396955,-0.0259798119161118,0.0982221010570471));
#6317=CARTESIAN_POINT('',(-0.018866528814725,-0.0259474819238057,0.0982151412482629));
#6318=CARTESIAN_POINT('',(-0.0189081993883359,-0.025921384704462,0.0982104126154548));
#6319=CARTESIAN_POINT('',(-0.0190046648340869,-0.0258596765644714,0.0982005557630412));
#6320=CARTESIAN_POINT('',(-0.0191534754030717,-0.0257613446612863,0.0981878398059344));
#6321=CARTESIAN_POINT('',(-0.0193920516651911,-0.0255958012531717,0.098173440508245));
#6322=CARTESIAN_POINT('',(-0.0197938967969874,-0.0252977502647237,0.0981624308392421));
#6323=CARTESIAN_POINT('',(-0.0203450999743656,-0.024854796015859,0.0981683708903334));
#6324=CARTESIAN_POINT('',(-0.0210840468755978,-0.0241889154671292,0.0982129546631234));
#6325=CARTESIAN_POINT('',(-0.0219615584797314,-0.0232956496887798,0.0983204102489439));
#6326=CARTESIAN_POINT('',(-0.0229536007021381,-0.0220929187614036,0.0985450425790836));
#6327=CARTESIAN_POINT('',(-0.0237487038621157,-0.0208356220570009,0.0988879892081695));
#6328=CARTESIAN_POINT('',(-0.0241838942049693,-0.0199659016013557,0.0991828836762346));
#6329=CARTESIAN_POINT('',(-0.0244024866193692,-0.0194632922669231,0.0993703731632483));
#6330=CARTESIAN_POINT('',(-0.0245435183873352,-0.0191063714827788,0.0995110113491515));
#6331=CARTESIAN_POINT('',(-0.0246930136651202,-0.0186790527654568,0.0996897782909565));
#6332=CARTESIAN_POINT('',(-0.0248141741719356,-0.0182755023238581,0.099869530398985));
#6333=CARTESIAN_POINT('',(-0.0249007860827756,-0.0179330750982426,0.10003104013779));
#6334=CARTESIAN_POINT('',(-0.0249579284726137,-0.0176718635311083,0.100159250366494));
#6335=CARTESIAN_POINT('',(-0.0250004406476654,-0.0174495869308024,0.100271783370146));
#6336=CARTESIAN_POINT('',(-0.0250202314892309,-0.0173322096247555,0.100332755248742));
#6337=CARTESIAN_POINT('',(-0.0250516913279475,-0.0171307073747294,0.100438881137711));
#6338=CARTESIAN_POINT('',(-0.0250969145085415,-0.0167786554802893,0.100629617256014));
#6339=CARTESIAN_POINT('',(-0.0251246253467815,-0.0164411457145608,0.100820081883224));
#6340=CARTESIAN_POINT('',(-0.0251361134620352,-0.0162046498435196,0.100956600768834));
#6341=CARTESIAN_POINT('',(-0.0251361134620352,-0.0162046498435196,0.100956600768834));
#6342=CARTESIAN_POINT('',(-0.0251361134620351,-0.0162046498435218,0.100956600768832));
#6343=CARTESIAN_POINT('',(-0.0251431710643899,-0.016059362664646,0.101040468729289));
#6344=CARTESIAN_POINT('',(-0.0251637369429438,-0.0157489575358274,0.101211110712797));
#6345=CARTESIAN_POINT('',(-0.0252105789831871,-0.0152224662429087,0.101476196965672));
#6346=CARTESIAN_POINT('',(-0.0252592655449963,-0.0147371417255652,0.101702809073212));
#6347=CARTESIAN_POINT('',(-0.025297265941814,-0.0143654699798438,0.101867512550373));
#6348=CARTESIAN_POINT('',(-0.0253186989381931,-0.0141550845079602,0.101958681249399));
#6349=CARTESIAN_POINT('',(-0.0253376626607551,-0.0139671876560577,0.102038655559313));
#6350=CARTESIAN_POINT('',(-0.0253467236638248,-0.0138766218950823,0.102076667799411));
#6351=CARTESIAN_POINT('',(-0.0253622924790727,-0.0137206133519452,0.10214171083818));
#6352=CARTESIAN_POINT('',(-0.0253879521706443,-0.0134608311476002,0.102248167347381));
#6353=CARTESIAN_POINT('',(-0.0254253080065323,-0.0130736721127846,0.102402172717958));
#6354=CARTESIAN_POINT('',(-0.025468958748518,-0.0126002979715487,0.102582817104961));
#6355=CARTESIAN_POINT('',(-0.025524881890004,-0.0119519637887314,0.102820980872331));
#6356=CARTESIAN_POINT('',(-0.0255912765742129,-0.0111093451542284,0.103110628815135));
#6357=CARTESIAN_POINT('',(-0.0256861173239859,-0.00978143726427604,0.103522562935116));
#6358=CARTESIAN_POINT('',(-0.0257877328078688,-0.0081314100234486,0.103956157022744));
#6359=CARTESIAN_POINT('',(-0.0258851227904174,-0.00609307714931199,0.104366915202001));
#6360=CARTESIAN_POINT('',(-0.0259538868998654,-0.0040797176959206,0.104652524223517));
#6361=CARTESIAN_POINT('',(-0.0259987934739856,-0.00205530753226105,0.104822848315864));
#6362=CARTESIAN_POINT('',(-0.0260217467525563,0.000698885654411525,0.104897576516251));
#6363=CARTESIAN_POINT('',(-0.0259765812656293,0.00342604702764006,0.10474616804707));
#6364=CARTESIAN_POINT('',(-0.0258847595975951,0.00610833823715952,0.104363989940035));
#6365=CARTESIAN_POINT('',(-0.0257873901931043,0.00814803842757533,0.103951896178839));
#6366=CARTESIAN_POINT('',(-0.0256832278809596,0.00980303279781254,0.103517867632653));
#6367=CARTESIAN_POINT('',(-0.0255993766421636,0.0109577592996867,0.103159578044542));
#6368=CARTESIAN_POINT('',(-0.0255493901609892,0.0116061666139353,0.102942485433248));
#6369=CARTESIAN_POINT('',(-0.0255082111637129,0.0121141511644391,0.102763625269881));
#6370=CARTESIAN_POINT('',(-0.0254743425074427,0.0125325550350382,0.102608423773033));
#6371=CARTESIAN_POINT('',(-0.0254347913375313,0.0130185553768535,0.102419926300053));
#6372=CARTESIAN_POINT('',(-0.0253969029271154,0.0134519570061242,0.102244468924979));
#6373=CARTESIAN_POINT('',(-0.0253637169332795,0.0138051555100965,0.102097897670323));
#6374=CARTESIAN_POINT('',(-0.0253326285767656,0.0141154366568764,0.101966600913228));
#6375=CARTESIAN_POINT('',(-0.0253133048551204,0.0142957433579534,0.101889422628299));
#6376=CARTESIAN_POINT('',(-0.0252890403255484,0.0145122214029007,0.101796239876796));
#6377=CARTESIAN_POINT('',(-0.025264344220338,0.0147152622501259,0.101708658416361));
#6378=CARTESIAN_POINT('',(-0.0252378460590491,0.0149370820082862,0.101610359562859));
#6379=CARTESIAN_POINT('',(-0.0252150411429749,0.0150714733594618,0.101555888055597));
#6380=CARTESIAN_POINT('',(-0.0252028394233047,0.0151657572506355,0.101513800335889));
#6381=CARTESIAN_POINT('',(-0.0251873851006829,0.0153317620695706,0.101433126942658));
#6382=CARTESIAN_POINT('',(-0.0251689777523335,0.0155530341079201,0.101321212808767));
#6383=CARTESIAN_POINT('',(-0.0251502679771132,0.0158349251220462,0.101171055169852));
#6384=CARTESIAN_POINT('',(-0.0251397929724664,0.0160560508980542,0.101045806109591));
#6385=CARTESIAN_POINT('',(-0.0251345078322513,0.0162051036952816,0.100957872221268));
#6386=CARTESIAN_POINT('',(-0.0251345078322514,0.0162051036952817,0.100957872221268));
#6387=CARTESIAN_POINT('',(-0.0251345078322513,0.0162051036952837,0.100957872221266));
#6388=CARTESIAN_POINT('',(-0.0250973795605752,0.0172522259761133,0.10034012034351));
#6389=CARTESIAN_POINT('',(-0.0247494273504284,0.0188361766517916,0.0995643382262753));
#6390=CARTESIAN_POINT('',(-0.0236980091254011,0.0209649352110559,0.0988382374332347));
#6391=CARTESIAN_POINT('',(-0.0226055390844381,0.0225609288413555,0.0984416337314784));
#6392=CARTESIAN_POINT('',(-0.0214608877842476,0.0238369583456731,0.0982440256285857));
#6393=CARTESIAN_POINT('',(-0.020551116365023,0.0246740544920049,0.0981772699101773));
#6394=CARTESIAN_POINT('',(-0.0200643161785512,0.0250817065858431,0.0981640960111066));
#6395=CARTESIAN_POINT('',(-0.0196682925977186,0.0253897130635653,0.0981676455585731));
#6396=CARTESIAN_POINT('',(-0.0194122043692531,0.0255763795377919,0.0981776025140874));
#6397=CARTESIAN_POINT('',(-0.0191641332522707,0.0257488309791231,0.0981931481996831));
#6398=CARTESIAN_POINT('',(-0.0189896523492834,0.0258604348897798,0.0982120299001659));
#6399=CARTESIAN_POINT('',(-0.0188767006930182,0.0259286185471171,0.0982280343752682));
#6400=CARTESIAN_POINT('',(-0.0187751279955838,0.0259850661064857,0.0982472068990416));
#6401=CARTESIAN_POINT('',(-0.0187831894487181,0.0259801095793534,0.0982461913194474));
#6402=CARTESIAN_POINT('',(-0.0187386094396887,0.0260031365106369,0.0982564612339967));
#6403=CARTESIAN_POINT('',(-0.0186446132639703,0.026049540476821,0.0982802109025397));
#6404=CARTESIAN_POINT('',(-0.0184961719085216,0.0261215461600386,0.0983181596210121));
#6405=CARTESIAN_POINT('',(-0.0183712443482672,0.0261804684939441,0.0983503843765763));
#6406=CARTESIAN_POINT('',(-0.0183712443482672,0.0261804684939441,0.0983503843765763));
#6407=CARTESIAN_POINT('',(-0.0183712443482673,0.026180468493944,0.0983503843765763));
#6408=CARTESIAN_POINT('',(-0.0181859995627301,0.0262678395687852,0.0983981678104243));
#6409=CARTESIAN_POINT('',(-0.017858528875075,0.0264139648649003,0.0984860868084875));
#6410=CARTESIAN_POINT('',(-0.0175612381098423,0.0265336196332564,0.0985745058197205));
#6411=CARTESIAN_POINT('',(-0.0172740458799283,0.026626555313427,0.0986819867261072));
#6412=CARTESIAN_POINT('',(-0.0168369161764015,0.026727001763739,0.0988840052829566));
#6413=CARTESIAN_POINT('',(-0.0163673824237502,0.0268013887234574,0.0991264900427781));
#6414=CARTESIAN_POINT('',(-0.0159851428049806,0.0268429967932963,0.0993338082233018));
#6415=CARTESIAN_POINT('',(-0.0157999358489872,0.0268564895275966,0.0994387192263011));
#6416=CARTESIAN_POINT('',(-1.15989539192022E-17,0.037885058540235,0.0591490395112746));
#6417=CARTESIAN_POINT('',(-0.0253500521929683,-0.0281540852170838,0.0591490395112746));
#6418=CARTESIAN_POINT('',(-0.00198275076602309,-0.0378331383841847,0.0591490395112746));
#6419=CARTESIAN_POINT('',(0.,0.,0.0799607952436085));
#6420=CARTESIAN_POINT('',(-0.0258225505175945,-0.0232507289201274,0.0799607952436085));
#6421=CARTESIAN_POINT('',(-0.0275671793782758,-0.0211530407194081,0.0799607952436085));
#6422=CARTESIAN_POINT('',(0.,0.,0.0855547735626008));
#6423=CARTESIAN_POINT('',(-0.0248771185738434,-0.0223994581743655,0.0855547735626008));
#6424=CARTESIAN_POINT('',(-0.0265578719527532,-0.020378571892637,0.0855547735626008));
#6425=CARTESIAN_POINT('',(0.,0.,0.0629950929692717));
#6426=CARTESIAN_POINT('',(-0.0245113025745392,-0.0220700759691232,0.0629950929692717));
#6427=CARTESIAN_POINT('',(-0.0261673406121178,-0.0200789066553159,0.0629950929692717));
#6428=CARTESIAN_POINT('',(0.,0.,0.0685282542940548));
#6429=CARTESIAN_POINT('',(-0.0256371664038991,-0.0230838083144075,0.0685282542940548));
#6430=CARTESIAN_POINT('',(-0.0273692703021509,-0.0210011797441314,0.0685282542940548));
#6431=CARTESIAN_POINT('',(0.,0.,0.0742342975352887));
#6432=CARTESIAN_POINT('',(-0.0260781759973758,-0.023480895135948,0.0742342975352887));
#6433=CARTESIAN_POINT('',(-0.0278400754831739,-0.0213624412656108,0.0742342975352887));
#6434=CARTESIAN_POINT('',(0.,0.,0.0799607952436085));
#6435=CARTESIAN_POINT('',(-0.00181855249157101,-0.0347000486654755,0.0799607952436085));
#6436=CARTESIAN_POINT('',(-0.00453548094115614,-0.0344503980119734,0.0799607952436085));
#6437=CARTESIAN_POINT('',(0.,0.,0.0855547735626008));
#6438=CARTESIAN_POINT('',(-0.00175197046994817,-0.0334295880099448,0.0855547735626008));
#6439=CARTESIAN_POINT('',(-0.00436942497549458,-0.033189077727857,0.0855547735626008));
#6440=CARTESIAN_POINT('',(0.,0.,0.0629950929692717));
#6441=CARTESIAN_POINT('',(-0.00172620788710269,-0.0329380086452412,0.0629950929692717));
#6442=CARTESIAN_POINT('',(-0.00430517293766109,-0.0327010350472323,0.0629950929692717));
#6443=CARTESIAN_POINT('',(0.,0.,0.0685282542940548));
#6444=CARTESIAN_POINT('',(-0.00180549681987705,-0.0344509316093329,0.0685282542940548));
#6445=CARTESIAN_POINT('',(-0.00450292001678556,-0.0342030732367714,0.0685282542940548));
#6446=CARTESIAN_POINT('',(0.,0.,0.0742342975352887));
#6447=CARTESIAN_POINT('',(-0.0018365549097616,-0.0350435552676797,0.0742342975352887));
#6448=CARTESIAN_POINT('',(-0.00458037908128493,-0.0347914332445103,0.0742342975352887));
#6449=CARTESIAN_POINT('',(0.,0.,0.0607468467668819));
#6450=CARTESIAN_POINT('',(-0.00209205267062448,0.0399187429661121,0.0689096753170513));
#6451=CARTESIAN_POINT('',(-0.0021144417685494,0.0403459524039325,0.0607468467668819));
#6452=CARTESIAN_POINT('',(0.,0.,0.0607468467668819));
#6453=CARTESIAN_POINT('',(-0.027033760425285,0.0300240326512156,0.0607468467668819));
#6454=CARTESIAN_POINT('',(-0.0267475092177827,0.0297061184777787,0.0689096753170513));
#6455=CARTESIAN_POINT('',(0.,0.,0.0607468467668819));
#6456=CARTESIAN_POINT('',(-0.00207476424540774,0.0395888601614358,0.0599479431390783));
#6457=CARTESIAN_POINT('',(-0.00203508672226607,0.0388317679189393,0.0591490395112746));
#6458=CARTESIAN_POINT('',(0.,0.,0.0591490395112746));
#6459=CARTESIAN_POINT('',(-0.0260191827993272,0.0288972300425612,0.0591490395112746));
#6460=CARTESIAN_POINT('',(-0.026526471612306,0.0294606313468884,0.0599479431390783));
#6461=CARTESIAN_POINT('',(-1.15989539192022E-17,0.037885058540235,0.0591490395112746));
#6462=CARTESIAN_POINT('',(-0.00198275076602313,0.0378331383841847,0.0591490395112746));
#6463=CARTESIAN_POINT('',(-0.0253500521929683,0.0281540852170838,0.0591490395112746));
#6464=CARTESIAN_POINT('',(0.,0.,0.0607468467668819));
#6465=CARTESIAN_POINT('',(-0.0297061184777787,0.0267475092177827,0.0689096753170513));
#6466=CARTESIAN_POINT('',(-0.0300240326512156,0.027033760425285,0.0607468467668819));
#6467=CARTESIAN_POINT('',(0.,0.,0.0607468467668819));
#6468=CARTESIAN_POINT('',(-0.0403459524039325,0.00211444176854936,0.0607468467668819));
#6469=CARTESIAN_POINT('',(-0.0399187429661121,0.00209205267062445,0.0689096753170513));
#6470=CARTESIAN_POINT('',(0.,0.,0.0607468467668819));
#6471=CARTESIAN_POINT('',(-0.0294606313468885,0.026526471612306,0.0599479431390783));
#6472=CARTESIAN_POINT('',(-0.0288972300425612,0.0260191827993272,0.0591490395112746));
#6473=CARTESIAN_POINT('',(0.,0.,0.0591490395112746));
#6474=CARTESIAN_POINT('',(-0.0388317679189393,0.00203508672226604,0.0591490395112746));
#6475=CARTESIAN_POINT('',(-0.0395888601614358,0.00207476424540771,0.0599479431390783));
#6476=CARTESIAN_POINT('',(-1.15989539192022E-17,0.037885058540235,0.0591490395112746));
#6477=CARTESIAN_POINT('',(-0.0281540852170838,0.0253500521929683,0.0591490395112746));
#6478=CARTESIAN_POINT('',(-0.0378331383841847,0.00198275076602309,0.0591490395112746));
#6479=CARTESIAN_POINT('',(0.,0.,0.0799607952436085));
#6480=CARTESIAN_POINT('',(-0.0232507289201274,0.0258225505175945,0.0799607952436085));
#6481=CARTESIAN_POINT('',(-0.0211530407194081,0.0275671793782758,0.0799607952436085));
#6482=CARTESIAN_POINT('',(0.,0.,0.0855547735626008));
#6483=CARTESIAN_POINT('',(-0.0223994581743655,0.0248771185738434,0.0855547735626008));
#6484=CARTESIAN_POINT('',(-0.020378571892637,0.0265578719527532,0.0855547735626008));
#6485=CARTESIAN_POINT('',(0.,0.,0.0629950929692717));
#6486=CARTESIAN_POINT('',(-0.0220700759691232,0.0245113025745392,0.0629950929692717));
#6487=CARTESIAN_POINT('',(-0.0200789066553159,0.0261673406121178,0.0629950929692717));
#6488=CARTESIAN_POINT('',(0.,0.,0.0685282542940548));
#6489=CARTESIAN_POINT('',(-0.0230838083144075,0.0256371664038991,0.0685282542940548));
#6490=CARTESIAN_POINT('',(-0.0210011797441314,0.0273692703021509,0.0685282542940548));
#6491=CARTESIAN_POINT('',(0.,0.,0.0742342975352887));
#6492=CARTESIAN_POINT('',(-0.023480895135948,0.0260781759973758,0.0742342975352887));
#6493=CARTESIAN_POINT('',(-0.0213624412656108,0.0278400754831739,0.0742342975352887));
#6494=CARTESIAN_POINT('',(0.,0.,0.0607468467668819));
#6495=CARTESIAN_POINT('',(0.,0.,0.0607468467668819));
#6496=CARTESIAN_POINT('',(-0.0403459524039325,-0.0021144417685494,0.0607468467668819));
#6497=CARTESIAN_POINT('',(-0.0300240326512156,-0.027033760425285,0.0607468467668819));
#6498=CARTESIAN_POINT('',(-0.0297061184777787,-0.0267475092177827,0.0689096753170513));
#6499=CARTESIAN_POINT('',(-0.0399187429661121,-0.00209205267062448,0.0689096753170513));
#6500=CARTESIAN_POINT('',(0.,0.,0.0607468467668819));
#6501=CARTESIAN_POINT('',(-0.0294606313468884,-0.0265264716123061,0.0599479431390783));
#6502=CARTESIAN_POINT('',(-0.0288972300425612,-0.0260191827993272,0.0591490395112746));
#6503=CARTESIAN_POINT('',(-0.0395888601614358,-0.00207476424540774,0.0599479431390783));
#6504=CARTESIAN_POINT('',(-0.0388317679189393,-0.00203508672226607,0.0591490395112746));
#6505=CARTESIAN_POINT('',(0.,0.,0.0591490395112746));
#6506=CARTESIAN_POINT('',(-1.15989539192022E-17,0.037885058540235,0.0591490395112746));
#6507=CARTESIAN_POINT('',(-0.0281540852170838,-0.0253500521929683,0.0591490395112746));
#6508=CARTESIAN_POINT('',(-0.0378331383841847,-0.00198275076602313,0.0591490395112746));
#6509=CARTESIAN_POINT('',(0.,0.,0.0799607952436085));
#6510=CARTESIAN_POINT('',(-0.0347000486654755,0.00181855249157102,0.0799607952436085));
#6511=CARTESIAN_POINT('',(-0.0344503980119734,0.00453548094115613,0.0799607952436085));
#6512=CARTESIAN_POINT('',(0.,0.,0.0855547735626008));
#6513=CARTESIAN_POINT('',(-0.0334295880099448,0.00175197046994818,0.0855547735626008));
#6514=CARTESIAN_POINT('',(-0.033189077727857,0.00436942497549458,0.0855547735626008));
#6515=CARTESIAN_POINT('',(0.,0.,0.0629950929692717));
#6516=CARTESIAN_POINT('',(-0.0329380086452412,0.0017262078871027,0.0629950929692717));
#6517=CARTESIAN_POINT('',(-0.0327010350472323,0.00430517293766109,0.0629950929692717));
#6518=CARTESIAN_POINT('',(0.,0.,0.0685282542940548));
#6519=CARTESIAN_POINT('',(-0.0344509316093329,0.00180549681987705,0.0685282542940548));
#6520=CARTESIAN_POINT('',(-0.0342030732367714,0.00450292001678556,0.0685282542940548));
#6521=CARTESIAN_POINT('',(0.,0.,0.0742342975352887));
#6522=CARTESIAN_POINT('',(-0.0350435552676797,0.00183655490976161,0.0742342975352887));
#6523=CARTESIAN_POINT('',(-0.0347914332445103,0.00458037908128493,0.0742342975352887));
#6524=CARTESIAN_POINT('',(-9.99999999999984E-5,-0.00527777962673875,0.0118762750464971));
#6525=CARTESIAN_POINT('',(-0.000100000000000005,0.0149996666629629,0.0118762750464971));
#6526=CARTESIAN_POINT('',(-0.000100000000000005,0.0149996666629629,0.11250999866702));
#6527=CARTESIAN_POINT('',(-0.000100000000000005,0.0149996666629629,0.11250999866702));
#6528=CARTESIAN_POINT('',(-0.000100000000000005,0.0149996666629629,0.111135702559923));
#6529=CARTESIAN_POINT('',(-0.000100000000000005,0.0155297255327499,0.109115668352791));
#6530=CARTESIAN_POINT('',(-0.000100000000000005,0.0171756093586314,0.10689980720645));
#6531=CARTESIAN_POINT('',(-0.000100000000000006,0.0182321204124528,0.106049186097349));
#6532=CARTESIAN_POINT('',(-0.000100000000000006,0.0188179161158219,0.105689998909381));
#6533=CARTESIAN_POINT('',(-0.00010000000000001,0.0323223924174073,0.0908509604887254));
#6534=CARTESIAN_POINT('',(-0.00010000000000001,0.0333998154328673,0.0913793256530343));
#6535=CARTESIAN_POINT('',(-0.000100000000000011,0.0344772383491877,0.0919076910195054));
#6536=CARTESIAN_POINT('',(-0.000100000000000011,0.0355546611911531,0.0924360565375979));
#6537=CARTESIAN_POINT('',(-0.000100000000000008,0.0238400116598502,0.106619594172346));
#6538=CARTESIAN_POINT('',(-0.000100000000000008,0.0234640482224295,0.106903061419578));
#6539=CARTESIAN_POINT('',(-0.000100000000000011,0.0229773548827969,0.107808525562306));
#6540=CARTESIAN_POINT('',(-0.000100000000000007,0.0233384715866159,0.108769619139837));
#6541=CARTESIAN_POINT('',(-0.000100000000000007,0.0236722231974479,0.109099680954849));
#6542=CARTESIAN_POINT('',(-0.000100000000000007,0.0236721969146687,0.109099707531446));
#6543=CARTESIAN_POINT('',(-0.000100000000000013,0.0412514453203143,0.0913241618156991));
#6544=CARTESIAN_POINT('',(-0.00010000000000001,0.0277085742200523,0.11233822002352));
#6545=CARTESIAN_POINT('',(-0.00010000000000001,0.025,0.116541031665084));
#6546=CARTESIAN_POINT('',(0.,0.,0.0118762750464971));
#6547=CARTESIAN_POINT('',(0.,0.,0.11250999866702));
#6548=CARTESIAN_POINT('',(0.,0.,0.113649147329781));
#6549=CARTESIAN_POINT('',(-0.015,-0.0041224118322134,0.0614056810736656));
#6550=CARTESIAN_POINT('',(-0.015,0.0145394242441942,0.113649147329781));
#6551=CARTESIAN_POINT('',(-0.015,-0.0290788484883884,0.113649147329781));
#6552=CARTESIAN_POINT('',(-0.015,0.025,0.116541031665084));
#6553=CARTESIAN_POINT('',(-0.015,0.03,0.116541031665084));
#6554=CARTESIAN_POINT('',(-0.015,0.03,0.121595089497433));
#6555=CARTESIAN_POINT('',(-0.015,0.03,0.126649147329781));
#6556=CARTESIAN_POINT('',(-0.015,0.025,0.126649147329781));
#6557=CARTESIAN_POINT('',(-0.015,0.025,0.131649147329781));
#6558=CARTESIAN_POINT('',(-0.015,0.,0.131649147329781));
#6559=CARTESIAN_POINT('',(-0.015,-0.025,0.131649147329781));
#6560=CARTESIAN_POINT('',(-0.015,-0.025,0.126649147329781));
#6561=CARTESIAN_POINT('',(-0.015,-0.03,0.126649147329781));
#6562=CARTESIAN_POINT('',(-0.015,-0.03,0.121595089497433));
#6563=CARTESIAN_POINT('',(-0.015,-0.03,0.116541031665084));
#6564=CARTESIAN_POINT('',(-0.015,-0.025,0.116541031665084));
#6565=CARTESIAN_POINT('',(-0.015,0.02,0.121649147329781));
#6566=CARTESIAN_POINT('',(-0.015,0.02,0.118949147329781));
#6567=CARTESIAN_POINT('',(-0.015,-0.02,0.121649147329781));
#6568=CARTESIAN_POINT('',(-0.015,-0.02,0.118949147329781));
#6569=CARTESIAN_POINT('',(-0.021,0.0412514453203143,0.0913241618156991));
#6570=CARTESIAN_POINT('',(-0.000100000000000058,0.0236721969146688,0.109099707531446));
#6571=CARTESIAN_POINT('',(-0.000344180551048404,0.0237697500896429,0.109196183415959));
#6572=CARTESIAN_POINT('',(-0.000721979087960728,0.0239179656881267,0.109340261664107));
#6573=CARTESIAN_POINT('',(-0.00115613442902615,0.0240839801405394,0.109497976590943));
#6574=CARTESIAN_POINT('',(-0.00139834280665275,0.0241753120187567,0.109583585872433));
#6575=CARTESIAN_POINT('',(-0.00150184004884288,0.0242140578987985,0.109619764044344));
#6576=CARTESIAN_POINT('',(-0.0017402134923628,0.0243032849016898,0.109702578942955));
#6577=CARTESIAN_POINT('',(-0.00194840884623103,0.0243821751232475,0.109774937707355));
#6578=CARTESIAN_POINT('',(-0.00214069504170039,0.0244557026684347,0.109841881652426));
#6579=CARTESIAN_POINT('',(-0.00225530234427576,0.0245012662293522,0.109883023111442));
#6580=CARTESIAN_POINT('',(-0.00227098483072032,0.0245072991595277,0.109888485176566));
#6581=CARTESIAN_POINT('',(-0.00241289335958727,0.0245683852291671,0.109943469386281));
#6582=CARTESIAN_POINT('',(-0.00256479966382072,0.024631297094409,0.109999648736611));
#6583=CARTESIAN_POINT('',(-0.00281402825500388,0.0247308222007236,0.110087854315785));
#6584=CARTESIAN_POINT('',(-0.00309369631347901,0.0248328437144216,0.110177216479657));
#6585=CARTESIAN_POINT('',(-0.00347771328613648,0.024965994746186,0.110292493884128));
#6586=CARTESIAN_POINT('',(-0.00395094922025871,0.0251256729233236,0.110428402877033));
#6587=CARTESIAN_POINT('',(-0.00434795542832861,0.0252586767802056,0.110539817879692));
#6588=CARTESIAN_POINT('',(-0.00477363682801553,0.0254001089021673,0.110656672835326));
#6589=CARTESIAN_POINT('',(-0.00517699899886727,0.0255366537118138,0.110767836816993));
#6590=CARTESIAN_POINT('',(-0.00556784698386673,0.0256753689663223,0.110879031098099));
#6591=CARTESIAN_POINT('',(-0.00588534367224411,0.0257844934596747,0.110965564855742));
#6592=CARTESIAN_POINT('',(-0.00639405248452909,0.0259538114743594,0.111097746828418));
#6593=CARTESIAN_POINT('',(-0.00675432713461541,0.0260706763265208,0.111187468852159));
#6594=CARTESIAN_POINT('',(-0.00729793704613927,0.0262427052322562,0.111318133033443));
#6595=CARTESIAN_POINT('',(-0.00797657807801584,0.0264485904329351,0.111471255795378));
#6596=CARTESIAN_POINT('',(-0.00882310955233943,0.0266920378498435,0.11164789335265));
#6597=CARTESIAN_POINT('',(-0.0105892503886344,0.0271727404798568,0.111987754553705));
#6598=CARTESIAN_POINT('',(-0.0119771421858778,0.027493757206485,0.112199777505749));
#6599=CARTESIAN_POINT('',(-0.0130846383317343,0.0277085742134965,0.112338220019295));
#6600=CARTESIAN_POINT('',(-0.0130846383317343,0.0277085742200523,0.11233822002352));
#6601=CARTESIAN_POINT('',(-0.021,0.0277085742200523,0.11233822002352));
#6602=CARTESIAN_POINT('',(-0.021,0.025,0.116541031665084));
#6603=CARTESIAN_POINT('',(-0.0130846383317343,0.0277085742180393,0.112338220022223));
#6604=CARTESIAN_POINT('',(-0.0136193290318506,0.027740419598719,0.112358743325288));
#6605=CARTESIAN_POINT('',(-0.0144125063327509,0.0277799320126833,0.112384954521677));
#6606=CARTESIAN_POINT('',(-0.0154344167428426,0.0278163421818487,0.112409628495648));
#6607=CARTESIAN_POINT('',(-0.0162189035399776,0.0278362784526569,0.112423310556025));
#6608=CARTESIAN_POINT('',(-0.0168779097195302,0.0278462572225982,0.112430211590953));
#6609=CARTESIAN_POINT('',(-0.0179139217822216,0.0278534197016563,0.11243518209801));
#6610=CARTESIAN_POINT('',(-0.0187766288235459,0.0278499133415405,0.112432741452668));
#6611=CARTESIAN_POINT('',(-0.019399999993775,0.0278438400011739,0.112428541659294));
#6612=CARTESIAN_POINT('',(-0.0194,0.0278438400011741,0.112428541659294));
#6613=CARTESIAN_POINT('',(-0.0194,0.025,0.116541031665084));
#6614=CARTESIAN_POINT('',(-0.0194,0.03,0.116541031665084));
#6615=CARTESIAN_POINT('',(-0.021,0.03,0.116541031665084));
#6616=CARTESIAN_POINT('',(-0.021,0.03,0.121595089497433));
#6617=CARTESIAN_POINT('',(-0.0194,0.03,0.121595089497433));
#6618=CARTESIAN_POINT('',(-0.0194,0.03,0.126649147329781));
#6619=CARTESIAN_POINT('',(-0.021,0.03,0.126649147329781));
#6620=CARTESIAN_POINT('',(-0.021,0.025,0.126649147329781));
#6621=CARTESIAN_POINT('',(-0.0194,0.025,0.126649147329781));
#6622=CARTESIAN_POINT('',(-0.0194,0.025,0.131649147329781));
#6623=CARTESIAN_POINT('',(-0.021,0.025,0.131649147329781));
#6624=CARTESIAN_POINT('',(-0.021,0.,0.131649147329781));
#6625=CARTESIAN_POINT('',(-0.0194,-0.025,0.131649147329781));
#6626=CARTESIAN_POINT('',(-0.0194,-0.025,0.131649147329781));
#6627=CARTESIAN_POINT('',(-0.021,-0.025,0.131649147329781));
#6628=CARTESIAN_POINT('',(-0.021,-0.025,0.126649147329781));
#6629=CARTESIAN_POINT('',(-0.0194,-0.025,0.126649147329781));
#6630=CARTESIAN_POINT('',(-0.0194,-0.03,0.126649147329781));
#6631=CARTESIAN_POINT('',(-0.021,-0.03,0.126649147329781));
#6632=CARTESIAN_POINT('',(-0.021,-0.03,0.121595089497433));
#6633=CARTESIAN_POINT('',(-0.0194,-0.03,0.116541031665084));
#6634=CARTESIAN_POINT('',(-0.0194,-0.03,0.116541031665084));
#6635=CARTESIAN_POINT('',(-0.021,-0.03,0.116541031665084));
#6636=CARTESIAN_POINT('',(-0.021,-0.025,0.116541031665084));
#6637=CARTESIAN_POINT('',(-0.0194,-0.025,0.116541031665084));
#6638=CARTESIAN_POINT('',(-0.0194,-0.027842796555299,0.112427820298624));
#6639=CARTESIAN_POINT('',(-0.0193999999996136,-0.0278427965552989,0.112427820298624));
#6640=CARTESIAN_POINT('',(-0.0187876783697408,-0.0278492816101331,0.112432302366259));
#6641=CARTESIAN_POINT('',(-0.0179304747763461,-0.0278531864314116,0.112435020345279));
#6642=CARTESIAN_POINT('',(-0.0168823680480625,-0.0278461812579271,0.112430158917946));
#6643=CARTESIAN_POINT('',(-0.0161991563131439,-0.0278360164308911,0.112423129869178));
#6644=CARTESIAN_POINT('',(-0.0153970024368282,-0.0278160549283076,0.112409432706421));
#6645=CARTESIAN_POINT('',(-0.0143624479061224,-0.0277796693751975,0.112384779151816));
#6646=CARTESIAN_POINT('',(-0.0135714464306413,-0.0277402864927947,0.112358657542886));
#6647=CARTESIAN_POINT('',(-0.0130434565842177,-0.027708574217935,0.112338220022156));
#6648=CARTESIAN_POINT('',(-0.0130434565842155,-0.0277085742200523,0.11233822002352));
#6649=CARTESIAN_POINT('',(-0.021,-0.0277085742200523,0.11233822002352));
#6650=CARTESIAN_POINT('',(2.000000000002E-6,-0.0290788484883884,0.113649147329781));
#6651=CARTESIAN_POINT('',(-0.021,-0.0412514453203143,0.0913241618156991));
#6652=CARTESIAN_POINT('',(-0.0130434565842155,-0.0277085742131658,0.112338220019082));
#6653=CARTESIAN_POINT('',(-0.0119682652477715,-0.027498541183702,0.112202860622113));
#6654=CARTESIAN_POINT('',(-0.0106002906268024,-0.0271796153659795,0.11199207836568));
#6655=CARTESIAN_POINT('',(-0.00892090184608145,-0.0267185742863126,0.111666825628516));
#6656=CARTESIAN_POINT('',(-0.00807585288053362,-0.0264735943484411,0.111489692506725));
#6657=CARTESIAN_POINT('',(-0.00735920533686133,-0.0262551883678226,0.111327478253504));
#6658=CARTESIAN_POINT('',(-0.00679646564587499,-0.0260780548016175,0.111193223858887));
#6659=CARTESIAN_POINT('',(-0.00633367355119015,-0.0259290793007314,0.111078494509386));
#6660=CARTESIAN_POINT('',(-0.00601756403162991,-0.0258251008336322,0.110997353560776));
#6661=CARTESIAN_POINT('',(-0.00562890070472729,-0.0256949522689754,0.110894683943957));
#6662=CARTESIAN_POINT('',(-0.00521827084705096,-0.0255555754366945,0.110783173971402));
#6663=CARTESIAN_POINT('',(-0.0047350045214917,-0.0253898610227922,0.110648335432834));
#6664=CARTESIAN_POINT('',(-0.0043311941999178,-0.0252509900025253,0.110533423147551));
#6665=CARTESIAN_POINT('',(-0.00399076729366019,-0.0251346105328884,0.110435779087472));
#6666=CARTESIAN_POINT('',(-0.00371772106319168,-0.0250416442297117,0.110356914505716));
#6667=CARTESIAN_POINT('',(-0.00354149935370164,-0.0249847157459449,0.110308212229462));
#6668=CARTESIAN_POINT('',(-0.00345262303673116,-0.0249565876120979,0.110284064667494));
#6669=CARTESIAN_POINT('',(-0.00332344836076556,-0.0249160732200209,0.11024919611386));
#6670=CARTESIAN_POINT('',(-0.00314108625495006,-0.0248586449199643,0.110199503868746));
#6671=CARTESIAN_POINT('',(-0.00301798060561781,-0.0248194461759093,0.110165328078699));
#6672=CARTESIAN_POINT('',(-0.00297068434109199,-0.0248029675072222,0.110150947167764));
#6673=CARTESIAN_POINT('',(-0.00286221482527012,-0.0247609953794886,0.110114232298864));
#6674=CARTESIAN_POINT('',(-0.00270752985872703,-0.0246934531772148,0.110054821720276));
#6675=CARTESIAN_POINT('',(-0.00251657736478354,-0.0246046980396663,0.109975961033146));
#6676=CARTESIAN_POINT('',(-0.00229998146986958,-0.0245131649481027,0.109893917726012));
#6677=CARTESIAN_POINT('',(-0.00199584838768007,-0.0243942649345389,0.109786316376866));
#6678=CARTESIAN_POINT('',(-0.00156701204326114,-0.0242368442466739,0.109641185227583));
#6679=CARTESIAN_POINT('',(-0.00129434167761704,-0.0241400395616485,0.109550692488336));
#6680=CARTESIAN_POINT('',(-0.000837837315640979,-0.0239658063575749,0.109386170140018));
#6681=CARTESIAN_POINT('',(-0.000417664604726642,-0.0237995626215214,0.109225665729201));
#6682=CARTESIAN_POINT('',(-0.000100000000000003,-0.0236722671777094,0.109099777018289));
#6683=CARTESIAN_POINT('',(-0.021,-0.02,0.121649147329781));
#6684=CARTESIAN_POINT('',(-0.021,-0.02,0.121649147329781));
#6685=CARTESIAN_POINT('',(-0.021,-0.02,0.118949147329781));
#6686=CARTESIAN_POINT('',(-0.021,0.02,0.121649147329781));
#6687=CARTESIAN_POINT('',(-0.021,0.02,0.121649147329781));
#6688=CARTESIAN_POINT('',(-0.021,0.02,0.118949147329781));
#6689=CARTESIAN_POINT('',(-0.021,-0.0041224118322134,0.0614056810736656));
#6690=CARTESIAN_POINT('',(-0.021,0.0412514453203143,0.0913241618156991));
#6691=CARTESIAN_POINT('',(-0.021,0.0268418304696356,0.113683119748821));
#6692=CARTESIAN_POINT('',(-0.021,0.020836825003342,0.10837711690606));
#6693=CARTESIAN_POINT('',(-0.021,0.0208368249926715,0.108377116914974));
#6694=CARTESIAN_POINT('',(-0.021,0.0204722856356646,0.108625227869994));
#6695=CARTESIAN_POINT('',(-0.021,0.0198625938194199,0.109048228336092));
#6696=CARTESIAN_POINT('',(-0.021,0.0193556937408925,0.109447169722155));
#6697=CARTESIAN_POINT('',(-0.021,0.0191811570878979,0.109592597369128));
#6698=CARTESIAN_POINT('',(-0.021,0.0189549772449941,0.109762504802839));
#6699=CARTESIAN_POINT('',(-0.021,0.0187034409236729,0.109944376243962));
#6700=CARTESIAN_POINT('',(-0.021,0.0183576336830435,0.110186003027358));
#6701=CARTESIAN_POINT('',(-0.021,0.018123292411929,0.110345092504651));
#6702=CARTESIAN_POINT('',(-0.021,0.0177528185803347,0.110589835122153));
#6703=CARTESIAN_POINT('',(-0.021,0.0172729066135025,0.110893022237186));
#6704=CARTESIAN_POINT('',(-0.021,0.0166568199744574,0.111263777879881));
#6705=CARTESIAN_POINT('',(-0.021,0.0159511406875575,0.111668139652871));
#6706=CARTESIAN_POINT('',(-0.021,0.0153667510239392,0.11198809049799));
#6707=CARTESIAN_POINT('',(-0.021,0.0145377584533863,0.112421032765861));
#6708=CARTESIAN_POINT('',(-0.021,0.0130892455177897,0.113119944406978));
#6709=CARTESIAN_POINT('',(-0.021,0.0109814468442562,0.11398180115048));
#6710=CARTESIAN_POINT('',(-0.021,0.00830185051846517,0.114819875410221));
#6711=CARTESIAN_POINT('',(-0.021,0.00558623305598858,0.115418348983224));
#6712=CARTESIAN_POINT('',(-0.021,0.00279983925104239,0.115787569657524));
#6713=CARTESIAN_POINT('',(-0.021,9.07390691128719E-6,0.11590928740918));
#6714=CARTESIAN_POINT('',(-0.021,-0.00276974228907826,0.115789624374983));
#6715=CARTESIAN_POINT('',(-0.021,-0.00555239557731076,0.115424065149973));
#6716=CARTESIAN_POINT('',(-0.021,-0.00827509690818989,0.114826308365934));
#6717=CARTESIAN_POINT('',(-0.021,-0.0109467476987263,0.113993994880392));
#6718=CARTESIAN_POINT('',(-0.021,-0.0131077312642142,0.113115794315649));
#6719=CARTESIAN_POINT('',(-0.021,-0.0145680008361634,0.112410766392502));
#6720=CARTESIAN_POINT('',(-0.021,-0.0153805743366889,0.11198635667889));
#6721=CARTESIAN_POINT('',(-0.021,-0.0160049076144784,0.111642607158293));
#6722=CARTESIAN_POINT('',(-0.021,-0.0165367797783736,0.11133416254264));
#6723=CARTESIAN_POINT('',(-0.021,-0.0170999049159314,0.110991571004749));
#6724=CARTESIAN_POINT('',(-0.021,-0.0175709406234584,0.110690830781956));
#6725=CARTESIAN_POINT('',(-0.021,-0.0179452415258149,0.110444115767026));
#6726=CARTESIAN_POINT('',(-0.021,-0.0182454920224268,0.110241754063096));
#6727=CARTESIAN_POINT('',(-0.021,-0.018477574194551,0.110081860670076));
#6728=CARTESIAN_POINT('',(-0.021,-0.018746680875506,0.109893075245368));
#6729=CARTESIAN_POINT('',(-0.021,-0.0189842425588966,0.109723225565494));
#6730=CARTESIAN_POINT('',(-0.021,-0.0191717934979406,0.109587793216227));
#6731=CARTESIAN_POINT('',(-0.021,-0.019347929649403,0.109459343613329));
#6732=CARTESIAN_POINT('',(-0.021,-0.0194073974784692,0.109416138175161));
#6733=CARTESIAN_POINT('',(-0.021,-0.0195626311947438,0.10930407940257));
#6734=CARTESIAN_POINT('',(-0.021,-0.0197435958922692,0.109173767523695));
#6735=CARTESIAN_POINT('',(-0.021,-0.0200179969852717,0.108976899125131));
#6736=CARTESIAN_POINT('',(-0.021,-0.0201850477228035,0.108856087632361));
#6737=CARTESIAN_POINT('',(-0.021,-0.0204190452271194,0.108681271813036));
#6738=CARTESIAN_POINT('',(-0.021,-0.0206679445136198,0.108499070046515));
#6739=CARTESIAN_POINT('',(-0.021,-0.0208385544437432,0.108379187055502));
#6740=CARTESIAN_POINT('',(-0.021,-0.0208385544418548,0.108379187057079));
#6741=CARTESIAN_POINT('',(-0.021,-0.0412514453203143,0.0913241618156991));
#6742=CARTESIAN_POINT('',(-0.021,-0.0268418304696356,0.113683119748821));
#6743=CARTESIAN_POINT('',(-0.021,-0.025,0.116541031665084));
#6744=CARTESIAN_POINT('',(-0.021,-0.0284,0.116541031665084));
#6745=CARTESIAN_POINT('',(-0.021,-0.0284,0.126649147329781));
#6746=CARTESIAN_POINT('',(-0.021,-0.0284,0.126649147329781));
#6747=CARTESIAN_POINT('',(-0.021,-0.025,0.126649147329781));
#6748=CARTESIAN_POINT('',(-0.021,-0.025,0.130049147329781));
#6749=CARTESIAN_POINT('',(-0.021,0.025,0.130049147329781));
#6750=CARTESIAN_POINT('',(-0.021,0.025,0.130049147329781));
#6751=CARTESIAN_POINT('',(-0.021,0.025,0.126649147329781));
#6752=CARTESIAN_POINT('',(-0.021,0.0284,0.126649147329781));
#6753=CARTESIAN_POINT('',(-0.021,0.0284,0.0614056810736656));
#6754=CARTESIAN_POINT('',(-0.021,0.0284,0.116541031665084));
#6755=CARTESIAN_POINT('',(-0.021,0.025,0.116541031665084));
#6756=CARTESIAN_POINT('',(2.000000000002E-6,0.0145394242441942,0.113649147329781));
#6757=CARTESIAN_POINT('',(-0.00312953756224498,-0.0237711978093503,0.083437587927591));
#6758=CARTESIAN_POINT('',(-0.00312953756224498,-0.0237711978093503,0.083437587927591));
#6759=CARTESIAN_POINT('',(-0.00312953756224498,-0.0237711978093503,0.083437587927591));
#6760=CARTESIAN_POINT('',(-0.00312953756224498,-0.0237711978093503,0.083437587927591));
#6761=CARTESIAN_POINT('',(-0.00312953756224498,-0.0237711978093503,0.083437587927591));
#6762=CARTESIAN_POINT('',(0.,0.,0.0799607952436085));
#6763=CARTESIAN_POINT('',(-0.0173738345691946,-0.0300923641961416,0.0799607952436085));
#6764=CARTESIAN_POINT('',(-0.00899335854593623,-0.0335636710241178,0.0799607952436085));
#6765=CARTESIAN_POINT('',(-0.0119881592690951,-0.0207641009433004,0.083437587927591));
#6766=CARTESIAN_POINT('',(-0.00620552786912823,-0.0231593452953712,0.083437587927591));
#6767=CARTESIAN_POINT('',(0.,0.,0.0855547735626008));
#6768=CARTESIAN_POINT('',(-0.0167377324856312,-0.0289906030686094,0.0855547735626008));
#6769=CARTESIAN_POINT('',(-0.00866408787822501,-0.0323348161627773,0.0855547735626008));
#6770=CARTESIAN_POINT('',(-0.0119881592690951,-0.0207641009433004,0.083437587927591));
#6771=CARTESIAN_POINT('',(-0.00620552786912823,-0.0231593452953712,0.083437587927591));
#6772=CARTESIAN_POINT('',(0.,0.,0.0629950929692717));
#6773=CARTESIAN_POINT('',(-0.0164916054947925,-0.0285642986153627,0.0629950929692717));
#6774=CARTESIAN_POINT('',(-0.00853668317273937,-0.0318593353287816,0.0629950929692717));
#6775=CARTESIAN_POINT('',(-0.0119881592690951,-0.0207641009433004,0.083437587927591));
#6776=CARTESIAN_POINT('',(-0.00620552786912823,-0.0231593452953712,0.083437587927591));
#6777=CARTESIAN_POINT('',(0.,0.,0.0685282542940548));
#6778=CARTESIAN_POINT('',(-0.0172491051037258,-0.0298763264247487,0.0685282542940548));
#6779=CARTESIAN_POINT('',(-0.00892879382363865,-0.0333227122001266,0.0685282542940548));
#6780=CARTESIAN_POINT('',(-0.0119881592690951,-0.0207641009433004,0.083437587927591));
#6781=CARTESIAN_POINT('',(-0.00620552786912823,-0.0231593452953712,0.083437587927591));
#6782=CARTESIAN_POINT('',(0.,0.,0.0742342975352887));
#6783=CARTESIAN_POINT('',(-0.0175458235752521,-0.0303902578929765,0.0742342975352887));
#6784=CARTESIAN_POINT('',(-0.00908238660656809,-0.0338959282696952,0.0742342975352887));
#6785=CARTESIAN_POINT('',(-0.0119881592690951,-0.0207641009433004,0.083437587927591));
#6786=CARTESIAN_POINT('',(-0.00620552786912823,-0.0231593452953712,0.083437587927591));
#6787=CARTESIAN_POINT('',(0.,0.,0.0799607952436085));
#6788=CARTESIAN_POINT('',(-0.0232507289201274,-0.0258225505175945,0.0799607952436085));
#6789=CARTESIAN_POINT('',(-0.0211530407194081,-0.0275671793782758,0.0799607952436085));
#6790=CARTESIAN_POINT('',(-0.0190216924001598,-0.0145958579356769,0.083437587927591));
#6791=CARTESIAN_POINT('',(-0.0145958579356769,-0.0190216924001598,0.083437587927591));
#6792=CARTESIAN_POINT('',(0.,0.,0.0855547735626008));
#6793=CARTESIAN_POINT('',(-0.0223994581743655,-0.0248771185738434,0.0855547735626008));
#6794=CARTESIAN_POINT('',(-0.020378571892637,-0.0265578719527532,0.0855547735626008));
#6795=CARTESIAN_POINT('',(-0.0190216924001598,-0.0145958579356769,0.083437587927591));
#6796=CARTESIAN_POINT('',(-0.0145958579356769,-0.0190216924001598,0.083437587927591));
#6797=CARTESIAN_POINT('',(0.,0.,0.0629950929692717));
#6798=CARTESIAN_POINT('',(-0.0220700759691232,-0.0245113025745392,0.0629950929692717));
#6799=CARTESIAN_POINT('',(-0.0200789066553159,-0.0261673406121179,0.0629950929692717));
#6800=CARTESIAN_POINT('',(-0.0190216924001598,-0.0145958579356769,0.083437587927591));
#6801=CARTESIAN_POINT('',(-0.0145958579356769,-0.0190216924001598,0.083437587927591));
#6802=CARTESIAN_POINT('',(0.,0.,0.0685282542940548));
#6803=CARTESIAN_POINT('',(-0.0230838083144074,-0.0256371664038991,0.0685282542940548));
#6804=CARTESIAN_POINT('',(-0.0210011797441314,-0.0273692703021509,0.0685282542940548));
#6805=CARTESIAN_POINT('',(-0.0190216924001598,-0.0145958579356769,0.083437587927591));
#6806=CARTESIAN_POINT('',(-0.0145958579356769,-0.0190216924001598,0.083437587927591));
#6807=CARTESIAN_POINT('',(0.,0.,0.0742342975352887));
#6808=CARTESIAN_POINT('',(-0.0234808951359479,-0.0260781759973758,0.0742342975352887));
#6809=CARTESIAN_POINT('',(-0.0213624412656108,-0.027840075483174,0.0742342975352887));
#6810=CARTESIAN_POINT('',(-0.0190216924001598,-0.0145958579356769,0.083437587927591));
#6811=CARTESIAN_POINT('',(-0.0145958579356769,-0.0190216924001598,0.083437587927591));
#6812=CARTESIAN_POINT('',(0.,0.,0.0799607952436085));
#6813=CARTESIAN_POINT('',(-0.0335636710241178,-0.00899335854593624,0.0799607952436085));
#6814=CARTESIAN_POINT('',(-0.0300923641961416,-0.0173738345691946,0.0799607952436085));
#6815=CARTESIAN_POINT('',(-0.0231593452953712,-0.00620552786912824,0.083437587927591));
#6816=CARTESIAN_POINT('',(-0.0207641009433004,-0.0119881592690951,0.083437587927591));
#6817=CARTESIAN_POINT('',(0.,0.,0.0855547735626008));
#6818=CARTESIAN_POINT('',(-0.0323348161627773,-0.00866408787822502,0.0855547735626008));
#6819=CARTESIAN_POINT('',(-0.0289906030686094,-0.0167377324856312,0.0855547735626008));
#6820=CARTESIAN_POINT('',(-0.0231593452953712,-0.00620552786912824,0.083437587927591));
#6821=CARTESIAN_POINT('',(-0.0207641009433004,-0.0119881592690951,0.083437587927591));
#6822=CARTESIAN_POINT('',(0.,0.,0.0629950929692717));
#6823=CARTESIAN_POINT('',(-0.0318593353287816,-0.00853668317273938,0.0629950929692717));
#6824=CARTESIAN_POINT('',(-0.0285642986153627,-0.0164916054947925,0.0629950929692717));
#6825=CARTESIAN_POINT('',(-0.0231593452953712,-0.00620552786912824,0.083437587927591));
#6826=CARTESIAN_POINT('',(-0.0207641009433004,-0.0119881592690951,0.083437587927591));
#6827=CARTESIAN_POINT('',(0.,0.,0.0685282542940548));
#6828=CARTESIAN_POINT('',(-0.0333227122001266,-0.00892879382363867,0.0685282542940548));
#6829=CARTESIAN_POINT('',(-0.0298763264247487,-0.0172491051037258,0.0685282542940548));
#6830=CARTESIAN_POINT('',(-0.0231593452953712,-0.00620552786912824,0.083437587927591));
#6831=CARTESIAN_POINT('',(-0.0207641009433004,-0.0119881592690951,0.083437587927591));
#6832=CARTESIAN_POINT('',(0.,0.,0.0742342975352887));
#6833=CARTESIAN_POINT('',(-0.0338959282696952,-0.00908238660656811,0.0742342975352887));
#6834=CARTESIAN_POINT('',(-0.0303902578929765,-0.0175458235752521,0.0742342975352887));
#6835=CARTESIAN_POINT('',(-0.0231593452953712,-0.00620552786912824,0.083437587927591));
#6836=CARTESIAN_POINT('',(-0.0207641009433004,-0.0119881592690951,0.083437587927591));
#6837=CARTESIAN_POINT('',(0.,0.,0.0799607952436085));
#6838=CARTESIAN_POINT('',(-0.0347000486654755,-0.00181855249157105,0.0799607952436085));
#6839=CARTESIAN_POINT('',(-0.0344503980119734,-0.00453548094115615,0.0799607952436085));
#6840=CARTESIAN_POINT('',(-0.0237711978093503,0.00312953756224498,0.083437587927591));
#6841=CARTESIAN_POINT('',(-0.0237711978093503,-0.00312953756224499,0.083437587927591));
#6842=CARTESIAN_POINT('',(0.,0.,0.0855547735626008));
#6843=CARTESIAN_POINT('',(-0.0334295880099448,-0.0017519704699482,0.0855547735626008));
#6844=CARTESIAN_POINT('',(-0.033189077727857,-0.0043694249754946,0.0855547735626008));
#6845=CARTESIAN_POINT('',(-0.0237711978093503,0.00312953756224498,0.083437587927591));
#6846=CARTESIAN_POINT('',(-0.0237711978093503,-0.00312953756224499,0.083437587927591));
#6847=CARTESIAN_POINT('',(0.,0.,0.0629950929692717));
#6848=CARTESIAN_POINT('',(-0.0329380086452412,-0.00172620788710272,0.0629950929692717));
#6849=CARTESIAN_POINT('',(-0.0327010350472323,-0.0043051729376611,0.0629950929692717));
#6850=CARTESIAN_POINT('',(-0.0237711978093503,0.00312953756224498,0.083437587927591));
#6851=CARTESIAN_POINT('',(-0.0237711978093503,-0.00312953756224499,0.083437587927591));
#6852=CARTESIAN_POINT('',(0.,0.,0.0685282542940548));
#6853=CARTESIAN_POINT('',(-0.0344509316093329,-0.00180549681987709,0.0685282542940548));
#6854=CARTESIAN_POINT('',(-0.0342030732367714,-0.00450292001678558,0.0685282542940548));
#6855=CARTESIAN_POINT('',(-0.0237711978093503,0.00312953756224498,0.083437587927591));
#6856=CARTESIAN_POINT('',(-0.0237711978093503,-0.00312953756224499,0.083437587927591));
#6857=CARTESIAN_POINT('',(0.,0.,0.0742342975352887));
#6858=CARTESIAN_POINT('',(-0.0350435552676797,-0.00183655490976163,0.0742342975352887));
#6859=CARTESIAN_POINT('',(-0.0347914332445103,-0.00458037908128495,0.0742342975352887));
#6860=CARTESIAN_POINT('',(-0.0237711978093503,0.00312953756224498,0.083437587927591));
#6861=CARTESIAN_POINT('',(-0.0237711978093503,-0.00312953756224499,0.083437587927591));
#6862=CARTESIAN_POINT('',(0.,0.,0.0799607952436085));
#6863=CARTESIAN_POINT('',(-0.0300923641961416,0.0173738345691946,0.0799607952436085));
#6864=CARTESIAN_POINT('',(-0.0335636710241178,0.00899335854593623,0.0799607952436085));
#6865=CARTESIAN_POINT('',(-0.0207641009433004,0.0119881592690951,0.083437587927591));
#6866=CARTESIAN_POINT('',(-0.0231593452953712,0.00620552786912823,0.083437587927591));
#6867=CARTESIAN_POINT('',(0.,0.,0.0855547735626008));
#6868=CARTESIAN_POINT('',(-0.0289906030686094,0.0167377324856312,0.0855547735626008));
#6869=CARTESIAN_POINT('',(-0.0323348161627773,0.00866408787822501,0.0855547735626008));
#6870=CARTESIAN_POINT('',(-0.0207641009433004,0.0119881592690951,0.083437587927591));
#6871=CARTESIAN_POINT('',(-0.0231593452953712,0.00620552786912823,0.083437587927591));
#6872=CARTESIAN_POINT('',(0.,0.,0.0629950929692717));
#6873=CARTESIAN_POINT('',(-0.0285642986153627,0.0164916054947925,0.0629950929692717));
#6874=CARTESIAN_POINT('',(-0.0318593353287816,0.00853668317273937,0.0629950929692717));
#6875=CARTESIAN_POINT('',(-0.0207641009433004,0.0119881592690951,0.083437587927591));
#6876=CARTESIAN_POINT('',(-0.0231593452953712,0.00620552786912823,0.083437587927591));
#6877=CARTESIAN_POINT('',(0.,0.,0.0685282542940548));
#6878=CARTESIAN_POINT('',(-0.0298763264247487,0.0172491051037258,0.0685282542940548));
#6879=CARTESIAN_POINT('',(-0.0333227122001266,0.00892879382363865,0.0685282542940548));
#6880=CARTESIAN_POINT('',(-0.0207641009433004,0.0119881592690951,0.083437587927591));
#6881=CARTESIAN_POINT('',(-0.0231593452953712,0.00620552786912823,0.083437587927591));
#6882=CARTESIAN_POINT('',(0.,0.,0.0742342975352887));
#6883=CARTESIAN_POINT('',(-0.0303902578929765,0.0175458235752521,0.0742342975352887));
#6884=CARTESIAN_POINT('',(-0.0338959282696953,0.00908238660656809,0.0742342975352887));
#6885=CARTESIAN_POINT('',(-0.0207641009433004,0.0119881592690951,0.083437587927591));
#6886=CARTESIAN_POINT('',(-0.0231593452953712,0.00620552786912823,0.083437587927591));
#6887=CARTESIAN_POINT('',(0.,0.,0.0799607952436085));
#6888=CARTESIAN_POINT('',(-0.0258225505175945,0.0232507289201274,0.0799607952436085));
#6889=CARTESIAN_POINT('',(-0.0275671793782758,0.0211530407194081,0.0799607952436085));
#6890=CARTESIAN_POINT('',(-0.0145958579356769,0.0190216924001598,0.083437587927591));
#6891=CARTESIAN_POINT('',(-0.0190216924001598,0.0145958579356769,0.083437587927591));
#6892=CARTESIAN_POINT('',(0.,0.,0.0855547735626008));
#6893=CARTESIAN_POINT('',(-0.0248771185738434,0.0223994581743655,0.0855547735626008));
#6894=CARTESIAN_POINT('',(-0.0265578719527532,0.020378571892637,0.0855547735626008));
#6895=CARTESIAN_POINT('',(-0.0145958579356769,0.0190216924001598,0.083437587927591));
#6896=CARTESIAN_POINT('',(-0.0190216924001598,0.0145958579356769,0.083437587927591));
#6897=CARTESIAN_POINT('',(0.,0.,0.0629950929692717));
#6898=CARTESIAN_POINT('',(-0.0245113025745392,0.0220700759691232,0.0629950929692717));
#6899=CARTESIAN_POINT('',(-0.0261673406121179,0.0200789066553159,0.0629950929692717));
#6900=CARTESIAN_POINT('',(-0.0145958579356769,0.0190216924001598,0.083437587927591));
#6901=CARTESIAN_POINT('',(-0.0190216924001598,0.0145958579356769,0.083437587927591));
#6902=CARTESIAN_POINT('',(0.,0.,0.0685282542940548));
#6903=CARTESIAN_POINT('',(-0.0256371664038991,0.0230838083144074,0.0685282542940548));
#6904=CARTESIAN_POINT('',(-0.0273692703021509,0.0210011797441314,0.0685282542940548));
#6905=CARTESIAN_POINT('',(-0.0145958579356769,0.0190216924001598,0.083437587927591));
#6906=CARTESIAN_POINT('',(-0.0190216924001598,0.0145958579356769,0.083437587927591));
#6907=CARTESIAN_POINT('',(0.,0.,0.0742342975352887));
#6908=CARTESIAN_POINT('',(-0.0260781759973758,0.023480895135948,0.0742342975352887));
#6909=CARTESIAN_POINT('',(-0.027840075483174,0.0213624412656108,0.0742342975352887));
#6910=CARTESIAN_POINT('',(-0.0145958579356769,0.0190216924001598,0.083437587927591));
#6911=CARTESIAN_POINT('',(-0.0190216924001598,0.0145958579356769,0.083437587927591));
#6912=CARTESIAN_POINT('',(0.,0.,0.0799607952436085));
#6913=CARTESIAN_POINT('',(-0.00899335854593625,0.0335636710241178,0.0799607952436085));
#6914=CARTESIAN_POINT('',(-0.0173738345691946,0.0300923641961416,0.0799607952436085));
#6915=CARTESIAN_POINT('',(-0.00620552786912825,0.0231593452953712,0.083437587927591));
#6916=CARTESIAN_POINT('',(-0.0119881592690951,0.0207641009433004,0.083437587927591));
#6917=CARTESIAN_POINT('',(0.,0.,0.0855547735626008));
#6918=CARTESIAN_POINT('',(-0.00866408787822502,0.0323348161627773,0.0855547735626008));
#6919=CARTESIAN_POINT('',(-0.0167377324856312,0.0289906030686094,0.0855547735626008));
#6920=CARTESIAN_POINT('',(-0.00620552786912825,0.0231593452953712,0.083437587927591));
#6921=CARTESIAN_POINT('',(-0.0119881592690951,0.0207641009433004,0.083437587927591));
#6922=CARTESIAN_POINT('',(0.,0.,0.0629950929692717));
#6923=CARTESIAN_POINT('',(-0.00853668317273938,0.0318593353287816,0.0629950929692717));
#6924=CARTESIAN_POINT('',(-0.0164916054947925,0.0285642986153627,0.0629950929692717));
#6925=CARTESIAN_POINT('',(-0.00620552786912825,0.0231593452953712,0.083437587927591));
#6926=CARTESIAN_POINT('',(-0.0119881592690951,0.0207641009433004,0.083437587927591));
#6927=CARTESIAN_POINT('',(0.,0.,0.0685282542940548));
#6928=CARTESIAN_POINT('',(-0.00892879382363867,0.0333227122001266,0.0685282542940548));
#6929=CARTESIAN_POINT('',(-0.0172491051037258,0.0298763264247487,0.0685282542940548));
#6930=CARTESIAN_POINT('',(-0.00620552786912825,0.0231593452953712,0.083437587927591));
#6931=CARTESIAN_POINT('',(-0.0119881592690951,0.0207641009433004,0.083437587927591));
#6932=CARTESIAN_POINT('',(0.,0.,0.0742342975352887));
#6933=CARTESIAN_POINT('',(-0.00908238660656811,0.0338959282696952,0.0742342975352887));
#6934=CARTESIAN_POINT('',(-0.0175458235752521,0.0303902578929765,0.0742342975352887));
#6935=CARTESIAN_POINT('',(-0.00620552786912825,0.0231593452953712,0.083437587927591));
#6936=CARTESIAN_POINT('',(-0.0119881592690951,0.0207641009433004,0.083437587927591));
#6937=CARTESIAN_POINT('',(0.,0.,0.0799607952436085));
#6938=CARTESIAN_POINT('',(-0.00181855249157105,0.0347000486654755,0.0799607952436085));
#6939=CARTESIAN_POINT('',(-0.00453548094115616,0.0344503980119734,0.0799607952436085));
#6940=CARTESIAN_POINT('',(-0.00312953756224499,0.0237711978093503,0.083437587927591));
#6941=CARTESIAN_POINT('',(0.,0.,0.0855547735626008));
#6942=CARTESIAN_POINT('',(-0.0017519704699482,0.0334295880099448,0.0855547735626008));
#6943=CARTESIAN_POINT('',(-0.0043694249754946,0.033189077727857,0.0855547735626008));
#6944=CARTESIAN_POINT('',(-0.00312953756224499,0.0237711978093503,0.083437587927591));
#6945=CARTESIAN_POINT('',(0.,0.,0.0629950929692717));
#6946=CARTESIAN_POINT('',(-0.00172620788710272,0.0329380086452412,0.0629950929692717));
#6947=CARTESIAN_POINT('',(-0.00430517293766111,0.0327010350472323,0.0629950929692717));
#6948=CARTESIAN_POINT('',(-0.00312953756224499,0.0237711978093503,0.083437587927591));
#6949=CARTESIAN_POINT('',(0.,0.,0.0685282542940548));
#6950=CARTESIAN_POINT('',(-0.00180549681987709,0.0344509316093329,0.0685282542940548));
#6951=CARTESIAN_POINT('',(-0.00450292001678558,0.0342030732367714,0.0685282542940548));
#6952=CARTESIAN_POINT('',(-0.00312953756224499,0.0237711978093503,0.083437587927591));
#6953=CARTESIAN_POINT('',(0.,0.,0.0742342975352887));
#6954=CARTESIAN_POINT('',(-0.00183655490976163,0.0350435552676797,0.0742342975352887));
#6955=CARTESIAN_POINT('',(-0.00458037908128495,0.0347914332445103,0.0742342975352887));
#6956=CARTESIAN_POINT('',(-0.00312953756224499,0.0237711978093503,0.083437587927591));
#6957=CARTESIAN_POINT('',(0.,0.,0.0908509604887254));
#6958=CARTESIAN_POINT('',(-0.0323223018317716,-0.000125920136269993,0.0908509604887254));
#6959=CARTESIAN_POINT('',(-0.0333994271514065,-0.00018125507618033,0.0913792838990789));
#6960=CARTESIAN_POINT('',(-0.0344765246134378,-0.000236696690425239,0.0919076529127801));
#6961=CARTESIAN_POINT('',(-0.0355536009509598,-0.000292218818009715,0.0924360565375979));
#6962=CARTESIAN_POINT('',(-0.0355536009509598,0.000292218818009684,0.0924360565375979));
#6963=CARTESIAN_POINT('',(-0.0344765246135951,0.00023669669043332,0.0919076529128573));
#6964=CARTESIAN_POINT('',(-0.0333994271512111,0.000181255076170269,0.0913792838989829));
#6965=CARTESIAN_POINT('',(-0.0323223018317717,0.000125920136269972,0.0908509604887253));
#6966=CARTESIAN_POINT('',(0.00527054661318729,-0.000276217643604899,0.0118762750464971));
#6967=CARTESIAN_POINT('',(-0.0329430460886769,0.00172647188832643,0.0894144028394562));
#6968=CARTESIAN_POINT('',(-0.0340201614980132,0.00178292111496128,0.0899427235186496));
#6969=CARTESIAN_POINT('',(-0.0350972531070516,0.00183936909427539,0.0904710928522902));
#6970=CARTESIAN_POINT('',(-0.0361743267596509,0.00189581613253239,0.0909994988883288));
#6971=CARTESIAN_POINT('',(0.00527054661318729,0.000276217643604903,0.0118762750464971));
#6972=CARTESIAN_POINT('',(-0.0361743267596509,-0.00189581613253241,0.0909994988883288));
#6973=CARTESIAN_POINT('',(-0.0350972531070516,-0.00183936909427541,0.0904710928522902));
#6974=CARTESIAN_POINT('',(-0.0340201614980132,-0.00178292111496131,0.0899427235186496));
#6975=CARTESIAN_POINT('',(-0.0329430460886769,-0.00172647188832645,0.0894144028394562));
#6976=CARTESIAN_POINT('',(0.,0.,0.0908509604887254));
#6977=CARTESIAN_POINT('',(-0.0229443577910486,0.0227662798265597,0.0908509604887254));
#6978=CARTESIAN_POINT('',(-0.0237451281199973,0.0234887947330141,0.0913792838990789));
#6979=CARTESIAN_POINT('',(-0.0245459541807909,0.0242112145110227,0.0919076529127801));
#6980=CARTESIAN_POINT('',(-0.0253468222358291,0.0249335624202192,0.0924360565375979));
#6981=CARTESIAN_POINT('',(-0.0249335624202192,0.0253468222358291,0.0924360565375979));
#6982=CARTESIAN_POINT('',(-0.0242112145111282,0.0245459541809078,0.0919076529128572));
#6983=CARTESIAN_POINT('',(-0.023488794732883,0.023745128119852,0.0913792838989829));
#6984=CARTESIAN_POINT('',(-0.0227662798265597,0.0229443577910486,0.0908509604887253));
#6985=CARTESIAN_POINT('',(0.00353152388186813,-0.00392215461962092,0.0118762750464971));
#6986=CARTESIAN_POINT('',(-0.0220734513024809,0.0245150512620079,0.0894144028394562));
#6987=CARTESIAN_POINT('',(-0.0227951712815968,0.0253166025030164,0.0899427235186496));
#6988=CARTESIAN_POINT('',(-0.0235168753133497,0.0261181360326839,0.0904710928522902));
#6989=CARTESIAN_POINT('',(-0.0242385673134107,0.0269196561998037,0.0909994988883288));
#6990=CARTESIAN_POINT('',(0.00392215461962092,-0.00353152388186813,0.0118762750464971));
#6991=CARTESIAN_POINT('',(-0.0269196561998037,0.0242385673134107,0.0909994988883288));
#6992=CARTESIAN_POINT('',(-0.0261181360326839,0.0235168753133497,0.0904710928522901));
#6993=CARTESIAN_POINT('',(-0.0253166025030165,0.0227951712815968,0.0899427235186496));
#6994=CARTESIAN_POINT('',(-0.024515051262008,0.0220734513024808,0.0894144028394562));
#6995=CARTESIAN_POINT('',(0.,0.,0.0908509604887254));
#6996=CARTESIAN_POINT('',(-0.000125920136269995,0.0323223018317716,0.0908509604887254));
#6997=CARTESIAN_POINT('',(-0.000181255076180332,0.0333994271514065,0.0913792838990789));
#6998=CARTESIAN_POINT('',(-0.000236696690425239,0.0344765246134378,0.0919076529127801));
#6999=CARTESIAN_POINT('',(-0.000292218818009715,0.0355536009509598,0.0924360565375979));
#7000=CARTESIAN_POINT('',(0.000276217643604903,-0.00527054661318729,0.0118762750464971));
#7001=CARTESIAN_POINT('',(-0.00189581613253242,0.0361743267596509,0.0909994988883288));
#7002=CARTESIAN_POINT('',(-0.00183936909427542,0.0350972531070516,0.0904710928522902));
#7003=CARTESIAN_POINT('',(-0.00178292111496131,0.0340201614980132,0.0899427235186496));
#7004=CARTESIAN_POINT('',(-0.00172647188832645,0.0329430460886769,0.0894144028394562));
#7005=CARTESIAN_POINT('',(0.,0.,0.0908509604887254));
#7006=CARTESIAN_POINT('',(-0.000292218818009677,-0.0355536009509598,0.0924360565375979));
#7007=CARTESIAN_POINT('',(-0.000236696690433314,-0.0344765246135951,0.0919076529128573));
#7008=CARTESIAN_POINT('',(-0.000181255076170263,-0.0333994271512111,0.0913792838989829));
#7009=CARTESIAN_POINT('',(-0.000125920136269966,-0.0323223018317717,0.0908509604887253));
#7010=CARTESIAN_POINT('',(0.000276217643604898,0.00527054661318729,0.0118762750464971));
#7011=CARTESIAN_POINT('',(-0.00172647188832642,-0.0329430460886769,0.0894144028394562));
#7012=CARTESIAN_POINT('',(-0.00178292111496128,-0.0340201614980132,0.0899427235186496));
#7013=CARTESIAN_POINT('',(-0.00183936909427538,-0.0350972531070516,0.0904710928522902));
#7014=CARTESIAN_POINT('',(-0.00189581613253238,-0.0361743267596509,0.0909994988883288));
#7015=CARTESIAN_POINT('',(0.,0.,0.0908509604887254));
#7016=CARTESIAN_POINT('',(-0.0227662798265597,-0.0229443577910486,0.0908509604887254));
#7017=CARTESIAN_POINT('',(-0.0234887947330141,-0.0237451281199973,0.0913792838990789));
#7018=CARTESIAN_POINT('',(-0.0242112145110227,-0.0245459541807909,0.0919076529127801));
#7019=CARTESIAN_POINT('',(-0.0249335624202192,-0.0253468222358291,0.0924360565375979));
#7020=CARTESIAN_POINT('',(-0.0253468222358291,-0.0249335624202192,0.0924360565375979));
#7021=CARTESIAN_POINT('',(-0.0245459541809078,-0.0242112145111282,0.0919076529128572));
#7022=CARTESIAN_POINT('',(-0.023745128119852,-0.023488794732883,0.0913792838989829));
#7023=CARTESIAN_POINT('',(-0.0229443577910486,-0.0227662798265597,0.0908509604887253));
#7024=CARTESIAN_POINT('',(0.00392215461962092,0.00353152388186813,0.0118762750464971));
#7025=CARTESIAN_POINT('',(-0.0245150512620079,-0.0220734513024809,0.0894144028394562));
#7026=CARTESIAN_POINT('',(-0.0253166025030164,-0.0227951712815968,0.0899427235186496));
#7027=CARTESIAN_POINT('',(-0.0261181360326839,-0.0235168753133497,0.0904710928522902));
#7028=CARTESIAN_POINT('',(-0.0269196561998037,-0.0242385673134107,0.0909994988883288));
#7029=CARTESIAN_POINT('',(0.00353152388186813,0.00392215461962092,0.0118762750464971));
#7030=CARTESIAN_POINT('',(-0.0242385673134106,-0.0269196561998037,0.0909994988883288));
#7031=CARTESIAN_POINT('',(-0.0235168753133497,-0.0261181360326839,0.0904710928522902));
#7032=CARTESIAN_POINT('',(-0.0227951712815968,-0.0253166025030165,0.0899427235186496));
#7033=CARTESIAN_POINT('',(-0.0220734513024808,-0.024515051262008,0.0894144028394562));
#7034=CARTESIAN_POINT('',(-0.00172544833634615,-0.0329235155534343,0.0894048231988975));
#7035=CARTESIAN_POINT('',(-0.00168939124630149,-0.0322355052897305,0.0908113607731387));
#7036=CARTESIAN_POINT('',(-0.000124916805973186,-0.0323027712180403,0.0908413808481667));
#7037=CARTESIAN_POINT('',(-0.00178299471099172,-0.0340215657939298,0.0899434115766175));
#7038=CARTESIAN_POINT('',(-0.00174692972793921,-0.0333334049220823,0.0913511147909489));
#7039=CARTESIAN_POINT('',(-0.000181325599580278,-0.0334008258576289,0.0913799692259016));
#7040=CARTESIAN_POINT('',(-0.00184053978788727,-0.0351195912718795,0.0904820505976179));
#7041=CARTESIAN_POINT('',(-0.00180444630630248,-0.034430886616188,0.091890604746216));
#7042=CARTESIAN_POINT('',(-0.000237845750761644,-0.0344988579905092,0.0919186082468786));
#7043=CARTESIAN_POINT('',(-0.00189808389010326,-0.0362175981518355,0.0910207276050087));
#7044=CARTESIAN_POINT('',(-0.00186195090608268,-0.0355281397448032,0.0924299381412992));
#7045=CARTESIAN_POINT('',(-0.000294449471813751,-0.0355968726490813,0.0924572852542779));
#7046=CARTESIAN_POINT('',(-0.0242675612576026,-0.0269518572370775,0.0910207276021557));
#7047=CARTESIAN_POINT('',(-0.023805590420671,-0.0264387866440952,0.0924299381384418));
#7048=CARTESIAN_POINT('',(-0.0249625828170628,-0.0253789972531115,0.0924572852514248));
#7049=CARTESIAN_POINT('',(-0.0235318429691327,-0.0261347592985142,0.0904820505927345));
#7050=CARTESIAN_POINT('',(-0.0230703771825155,-0.0256222496206439,0.0918906047413736));
#7051=CARTESIAN_POINT('',(-0.0242261940783687,-0.0245625587641285,0.0919186082419999));
#7052=CARTESIAN_POINT('',(-0.0227961122146969,-0.025317647515093,0.0899434115665402));
#7053=CARTESIAN_POINT('',(-0.0223350107897662,-0.0248055425019515,0.0913511147808377));
#7054=CARTESIAN_POINT('',(-0.0234897338862721,-0.0237461670069102,0.0913799692157955));
#7055=CARTESIAN_POINT('',(-0.0220603648893653,-0.0245005173278277,0.0894048231990795));
#7056=CARTESIAN_POINT('',(-0.0215993643792547,-0.0239885243919562,0.090811360773321));
#7057=CARTESIAN_POINT('',(-0.0227531790590549,-0.0229298381002575,0.0908413808483487));
#7058=CARTESIAN_POINT('',(-0.0253789972575167,-0.0249625828210362,0.0924572852543314));
#7059=CARTESIAN_POINT('',(-0.0264387866485022,-0.0238055904246391,0.0924299381413528));
#7060=CARTESIAN_POINT('',(-0.0269518572414863,-0.0242675612615723,0.0910207276050622));
#7061=CARTESIAN_POINT('',(-0.024562558767055,-0.0242261940810168,0.0919186082439335));
#7062=CARTESIAN_POINT('',(-0.0256222496235939,-0.0230703771850936,0.0918906047432604));
#7063=CARTESIAN_POINT('',(-0.0261347593014432,-0.0235318429717701,0.0904820505946579));
#7064=CARTESIAN_POINT('',(-0.0237461670082976,-0.0234897338875221,0.0913799692167102));
#7065=CARTESIAN_POINT('',(-0.0248055425033588,-0.0223350107909865,0.0913511147817456));
#7066=CARTESIAN_POINT('',(-0.0253176475164882,-0.0227961122159532,0.0899434115674379));
#7067=CARTESIAN_POINT('',(-0.0229298381002313,-0.0227531790590313,0.0908413808483314));
#7068=CARTESIAN_POINT('',(-0.0239885243919299,-0.0215993643792311,0.0908113607733037));
#7069=CARTESIAN_POINT('',(-0.0245005173278014,-0.0220603648893417,0.0894048231990622));
#7070=CARTESIAN_POINT('',(-0.03621759814602,-0.00189808388979852,0.0910207276021557));
#7071=CARTESIAN_POINT('',(-0.03552813973899,-0.00186195090577806,0.0924299381384418));
#7072=CARTESIAN_POINT('',(-0.0355968726432658,-0.000294449471513989,0.0924572852514248));
#7073=CARTESIAN_POINT('',(-0.0351195912619552,-0.00184053978736719,0.090482050592726));
#7074=CARTESIAN_POINT('',(-0.0344308866063198,-0.00180444630573155,0.0918906047413316));
#7075=CARTESIAN_POINT('',(-0.0344988579805756,-0.000237845750250087,0.0919186082420055));
#7076=CARTESIAN_POINT('',(-0.0340215657733061,-0.00178299470991092,0.0899434115665402));
#7077=CARTESIAN_POINT('',(-0.0333334049014568,-0.00174692972682682,0.0913511147808624));
#7078=CARTESIAN_POINT('',(-0.0334008258370204,-0.000181325598521066,0.0913799692157933));
#7079=CARTESIAN_POINT('',(-0.0329235155538054,-0.00172544833636563,0.0894048231990795));
#7080=CARTESIAN_POINT('',(-0.0322355052901013,-0.00168939124632096,0.090811360773321));
#7081=CARTESIAN_POINT('',(-0.0323027712184113,-0.000124916805992279,0.0908413808483487));
#7082=CARTESIAN_POINT('',(-0.0329235155534344,0.00172544833634616,0.0894048231988975));
#7083=CARTESIAN_POINT('',(-0.0322355052897305,0.0016893912463015,0.0908113607731387));
#7084=CARTESIAN_POINT('',(-0.0323027712180403,0.000124916805973195,0.0908413808481667));
#7085=CARTESIAN_POINT('',(-0.0340215657939127,0.00178299471099084,0.0899434115766175));
#7086=CARTESIAN_POINT('',(-0.0333334049220788,0.00174692972789944,0.091351114790986));
#7087=CARTESIAN_POINT('',(-0.0334008258576152,0.00018132559957907,0.0913799692258949));
#7088=CARTESIAN_POINT('',(-0.0351195912719177,0.00184053978788928,0.0904820505976434));
#7089=CARTESIAN_POINT('',(-0.0344308866162261,0.00180444630631101,0.0918906047462111));
#7090=CARTESIAN_POINT('',(-0.03449885799055,0.000237845750764028,0.0919186082468987));
#7091=CARTESIAN_POINT('',(-0.0362175981518354,0.00189808389010327,0.0910207276050087));
#7092=CARTESIAN_POINT('',(-0.0355281397448031,0.00186195090608268,0.0924299381412992));
#7093=CARTESIAN_POINT('',(-0.0355968726490813,0.000294449471813755,0.0924572852542779));
#7094=CARTESIAN_POINT('',(-0.00189808388979852,0.0362175981460199,0.0910207276021556));
#7095=CARTESIAN_POINT('',(-0.00186195090577805,0.0355281397389899,0.0924299381384418));
#7096=CARTESIAN_POINT('',(-0.000294449471513985,0.0355968726432657,0.0924572852514248));
#7097=CARTESIAN_POINT('',(-0.00184053978736652,0.0351195912619423,0.090482050592726));
#7098=CARTESIAN_POINT('',(-0.00180444630577985,0.0344308866062588,0.0918906047413249));
#7099=CARTESIAN_POINT('',(-0.000237845750247583,0.0344988579805653,0.0919186082420004));
#7100=CARTESIAN_POINT('',(-0.00178299470991158,0.0340215657733189,0.0899434115665402));
#7101=CARTESIAN_POINT('',(-0.00174692972682775,0.0333334049014657,0.0913511147808624));
#7102=CARTESIAN_POINT('',(-0.00018132559852152,0.0334008258370307,0.0913799692157984));
#7103=CARTESIAN_POINT('',(-0.00172544833636563,0.0329235155538054,0.0894048231990795));
#7104=CARTESIAN_POINT('',(-0.00168939124632096,0.0322355052901013,0.090811360773321));
#7105=CARTESIAN_POINT('',(-0.000124916805992279,0.0323027712184113,0.0908413808483487));
#7106=CARTESIAN_POINT('',(-0.0269518572370774,0.0242675612576025,0.0910207276021556));
#7107=CARTESIAN_POINT('',(-0.0264387866440951,0.0238055904206709,0.0924299381384418));
#7108=CARTESIAN_POINT('',(-0.0253789972531114,0.0249625828170627,0.0924572852514248));
#7109=CARTESIAN_POINT('',(-0.0261347592985101,0.0235318429691291,0.090482050592726));
#7110=CARTESIAN_POINT('',(-0.0256222496206508,0.0230703771824534,0.0918906047413225));
#7111=CARTESIAN_POINT('',(-0.0245625587641118,0.0242261940783754,0.0919186082419964));
#7112=CARTESIAN_POINT('',(-0.0253176475150412,0.0227961122146502,0.0899434115664807));
#7113=CARTESIAN_POINT('',(-0.024805542501898,0.0223350107897252,0.0913511147808043));
#7114=CARTESIAN_POINT('',(-0.0237461670068457,0.0234897338862245,0.0913799692157566));
#7115=CARTESIAN_POINT('',(-0.0245005173278277,0.0220603648893653,0.0894048231990795));
#7116=CARTESIAN_POINT('',(-0.0239885243919562,0.0215993643792547,0.090811360773321));
#7117=CARTESIAN_POINT('',(-0.0229298381002575,0.0227531790590549,0.0908413808483487));
#7118=CARTESIAN_POINT('',(-0.0249625828210361,0.0253789972575166,0.0924572852543313));
#7119=CARTESIAN_POINT('',(-0.023805590424639,0.0264387866485021,0.0924299381413527));
#7120=CARTESIAN_POINT('',(-0.0242675612615722,0.0269518572414862,0.0910207276050621));
#7121=CARTESIAN_POINT('',(-0.0242261940810077,0.024562558767048,0.091918608243928));
#7122=CARTESIAN_POINT('',(-0.0230703771851255,0.0256222496235864,0.0918906047432123));
#7123=CARTESIAN_POINT('',(-0.0235318429717691,0.0261347593014421,0.0904820505946324));
#7124=CARTESIAN_POINT('',(-0.0234897338875516,0.0237461670083315,0.0913799692167322));
#7125=CARTESIAN_POINT('',(-0.0223350107910583,0.024805542503367,0.091351114781789));
#7126=CARTESIAN_POINT('',(-0.0227961122159793,0.0253176475165173,0.0899434115674719));
#7127=CARTESIAN_POINT('',(-0.0227531790590313,0.0229298381002313,0.0908413808483314));
#7128=CARTESIAN_POINT('',(-0.0215993643792311,0.0239885243919299,0.0908113607733037));
#7129=CARTESIAN_POINT('',(-0.0220603648893417,0.0245005173278014,0.0894048231990622));
#7130=CARTESIAN_POINT('',(-0.0194,0.0412514453203143,0.0913241618156991));
#7131=CARTESIAN_POINT('',(-0.0194,0.0268418304696356,0.113683119748821));
#7132=CARTESIAN_POINT('',(-0.0199006226458685,0.0276650547121942,0.112405747910667));
#7133=CARTESIAN_POINT('',(-0.0199006226458686,0.0276650546758363,0.112405747887236));
#7134=CARTESIAN_POINT('',(-0.0199131906867868,0.0276277577540121,0.112386636862786));
#7135=CARTESIAN_POINT('',(-0.0199382927735016,0.0275507716971432,0.112346995275568));
#7136=CARTESIAN_POINT('',(-0.0199690805761934,0.0274679045891179,0.112306391054248));
#7137=CARTESIAN_POINT('',(-0.0199942188228338,0.027374784515386,0.112256783622894));
#7138=CARTESIAN_POINT('',(-0.0200392544890919,0.0271617717976481,0.112136917998432));
#7139=CARTESIAN_POINT('',(-0.0201035470858252,0.0268204431930858,0.111939379074741));
#7140=CARTESIAN_POINT('',(-0.0201948605950957,0.0263031630767572,0.111626776219034));
#7141=CARTESIAN_POINT('',(-0.020257741690934,0.0259377195696171,0.111400137885428));
#7142=CARTESIAN_POINT('',(-0.0203190764147374,0.0255719257163833,0.111168144936133));
#7143=CARTESIAN_POINT('',(-0.0203809447884085,0.0251873459170995,0.110917031667706));
#7144=CARTESIAN_POINT('',(-0.0204301915253308,0.0248812557375229,0.110713921185773));
#7145=CARTESIAN_POINT('',(-0.0204868854214326,0.0245388998092635,0.110486000316074));
#7146=CARTESIAN_POINT('',(-0.0205429231299918,0.0242026220167337,0.110260616489366));
#7147=CARTESIAN_POINT('',(-0.0206065001277866,0.0238166632319026,0.109999908410082));
#7148=CARTESIAN_POINT('',(-0.0206481444139706,0.0235605829250121,0.109826365826341));
#7149=CARTESIAN_POINT('',(-0.0207072988849617,0.0231965127944347,0.109581154269243));
#7150=CARTESIAN_POINT('',(-0.0207988499995918,0.0226241330489887,0.109201088199057));
#7151=CARTESIAN_POINT('',(-0.0209043548855273,0.0219219544820346,0.108764048673563));
#7152=CARTESIAN_POINT('',(-0.0209822286932988,0.0212721123223751,0.108443849987016));
#7153=CARTESIAN_POINT('',(-0.0210000000001045,0.0209609575682182,0.108374214116203));
#7154=CARTESIAN_POINT('',(-0.021,0.0208368250020211,0.108377116907164));
#7155=CARTESIAN_POINT('',(-0.0194,0.025,0.116541031665084));
#7156=CARTESIAN_POINT('',(-0.0193999999990624,0.027843840001174,0.112428541659295));
#7157=CARTESIAN_POINT('',(-0.0194741063544506,0.0278390463893061,0.112425226814668));
#7158=CARTESIAN_POINT('',(-0.0195958236564669,0.0278290561131375,0.112427324023497));
#7159=CARTESIAN_POINT('',(-0.019758875146663,0.0277730963966093,0.112429067280213));
#7160=CARTESIAN_POINT('',(-0.0198209133930659,0.0277256639633356,0.112413569241444));
#7161=CARTESIAN_POINT('',(-0.0199006226458686,0.0276650547046085,0.112405747905779));
#7162=CARTESIAN_POINT('',(-0.0194,0.0284,0.116541031665084));
#7163=CARTESIAN_POINT('',(-0.0194,0.0284,0.0614056810736656));
#7164=CARTESIAN_POINT('',(-0.0194,0.0284,0.126649147329781));
#7165=CARTESIAN_POINT('',(-0.0194,0.025,0.126649147329781));
#7166=CARTESIAN_POINT('',(-0.0194,0.025,0.130049147329781));
#7167=CARTESIAN_POINT('',(-0.0194,0.,0.130049147329781));
#7168=CARTESIAN_POINT('',(-0.0194,-0.025,0.130049147329781));
#7169=CARTESIAN_POINT('',(-0.0194,-0.025,0.126649147329781));
#7170=CARTESIAN_POINT('',(-0.0194,-0.0284,0.126649147329781));
#7171=CARTESIAN_POINT('',(-0.0194,-0.0284,0.121595089497433));
#7172=CARTESIAN_POINT('',(-0.0194,-0.0284,0.116541031665084));
#7173=CARTESIAN_POINT('',(-0.0194,-0.025,0.116541031665084));
#7174=CARTESIAN_POINT('',(-0.0194,-0.0268418304696356,0.113683119748821));
#7175=CARTESIAN_POINT('',(-0.0199249709147665,-0.0276605918291821,0.112412672829519));
#7176=CARTESIAN_POINT('',(-0.0199249709147665,-0.0276605918220512,0.112412672824924));
#7177=CARTESIAN_POINT('',(-0.0197791027258411,-0.0277626092058675,0.112418144391628));
#7178=CARTESIAN_POINT('',(-0.0196021687388785,-0.0278285845051211,0.112417997811101));
#7179=CARTESIAN_POINT('',(-0.0193999999999418,-0.0278427965552989,0.112427820298624));
#7180=CARTESIAN_POINT('',(-0.0194,-0.0412514453203143,0.0913241618156991));
#7181=CARTESIAN_POINT('',(-0.021,-0.0208385544420883,0.108379187056884));
#7182=CARTESIAN_POINT('',(-0.020999999999969,-0.0210341357094565,0.108359256500399));
#7183=CARTESIAN_POINT('',(-0.0209610785184574,-0.0215202459791929,0.108532531412589));
#7184=CARTESIAN_POINT('',(-0.0208330477452678,-0.022397961341725,0.109056395607002));
#7185=CARTESIAN_POINT('',(-0.0207415488860335,-0.0229831775791902,0.109438235318839));
#7186=CARTESIAN_POINT('',(-0.0206589689810081,-0.0234950688029645,0.109781808332577));
#7187=CARTESIAN_POINT('',(-0.0205835475190994,-0.0239609719432773,0.110098792688639));
#7188=CARTESIAN_POINT('',(-0.0204868855366332,-0.0245540948224754,0.110500116643616));
#7189=CARTESIAN_POINT('',(-0.0203930035884065,-0.0251210672696883,0.110875499423083));
#7190=CARTESIAN_POINT('',(-0.020319864223785,-0.025557759760904,0.111157336076664));
#7191=CARTESIAN_POINT('',(-0.0202745555447931,-0.0258265937074734,0.111328082504306));
#7192=CARTESIAN_POINT('',(-0.0202428307260532,-0.0260147781303925,0.11144660940891));
#7193=CARTESIAN_POINT('',(-0.0201968171408378,-0.0262847523478492,0.111614155700471));
#7194=CARTESIAN_POINT('',(-0.0201470085688384,-0.0265714421202358,0.111788913256954));
#7195=CARTESIAN_POINT('',(-0.0200937234236377,-0.0268724745985602,0.111968842587249));
#7196=CARTESIAN_POINT('',(-0.0200467677830037,-0.027130523752633,0.112119625118408));
#7197=CARTESIAN_POINT('',(-0.0200275398954575,-0.0272350622621584,0.112180099281617));
#7198=CARTESIAN_POINT('',(-0.0199958652270599,-0.0273930426537868,0.112269710521345));
#7199=CARTESIAN_POINT('',(-0.0199617938088428,-0.0275431866302587,0.112352438030471));
#7200=CARTESIAN_POINT('',(-0.0199385767249112,-0.0276245017618493,0.112395036124077));
#7201=CARTESIAN_POINT('',(-0.0199249709147665,-0.0276605917948069,0.112412672807365));
#7202=CARTESIAN_POINT('',(-2.87361656868688E-5,-0.0238100165896206,0.106642337219214));
#7203=CARTESIAN_POINT('',(-0.000497078328967672,-0.0240078562217072,0.106493001456052));
#7204=CARTESIAN_POINT('',(-0.000978546515835898,-0.0241989046348791,0.106335451804233));
#7205=CARTESIAN_POINT('',(-0.00170610223883074,-0.0244702868131196,0.106089033736896));
#7206=CARTESIAN_POINT('',(-0.00195527570519969,-0.0245581731457538,0.106004707789118));
#7207=CARTESIAN_POINT('',(-0.00239812593254951,-0.0247321274100025,0.10583495214324));
#7208=CARTESIAN_POINT('',(-0.00255619809570302,-0.0248204305430975,0.105751453410285));
#7209=CARTESIAN_POINT('',(-0.00305405023953311,-0.024983528862605,0.105573317462404));
#7210=CARTESIAN_POINT('',(-0.00334380153251337,-0.0250600952822202,0.105480323821184));
#7211=CARTESIAN_POINT('',(-0.0038374783294914,-0.0252131457545006,0.105295360248278));
#7212=CARTESIAN_POINT('',(-0.00407685620988168,-0.0252876928331694,0.105201699327627));
#7213=CARTESIAN_POINT('',(-0.00478747183369616,-0.0255048465083892,0.104917094186458));
#7214=CARTESIAN_POINT('',(-0.00524921478103637,-0.0256408934017737,0.104722490929477));
#7215=CARTESIAN_POINT('',(-0.00757431187337651,-0.026268928397263,0.103723796865588));
#7216=CARTESIAN_POINT('',(-0.00940061971047127,-0.0266103203561456,0.102847455422626));
#7217=CARTESIAN_POINT('',(-0.0111263033513671,-0.0267889569246996,0.101957692049208));
#7218=CARTESIAN_POINT('',(-2.85964076969633E-5,-0.0236468872556206,0.10676508728375));
#7219=CARTESIAN_POINT('',(-0.000496611839232878,-0.0238225420154952,0.106634048742918));
#7220=CARTESIAN_POINT('',(-0.000977619731189593,-0.0239915277517783,0.106495390074475));
#7221=CARTESIAN_POINT('',(-0.00170399563570336,-0.0242304411721361,0.106277872669771));
#7222=CARTESIAN_POINT('',(-0.00195270643800906,-0.0243075793786909,0.106203299743585));
#7223=CARTESIAN_POINT('',(-0.00239459159237399,-0.0244601719661013,0.106053296549993));
#7224=CARTESIAN_POINT('',(-0.00255221944201266,-0.0245378401073874,0.105979808937755));
#7225=CARTESIAN_POINT('',(-0.00304878456705371,-0.0246799271118559,0.105821874606747));
#7226=CARTESIAN_POINT('',(-0.00333776158290778,-0.0247461032540518,0.105739078485858));
#7227=CARTESIAN_POINT('',(-0.00382988692953114,-0.0248785271780162,0.105574742324185));
#7228=CARTESIAN_POINT('',(-0.00406843394528464,-0.0249428559480108,0.10549150170488));
#7229=CARTESIAN_POINT('',(-0.00477637159985094,-0.0251296676898338,0.105238457505443));
#7230=CARTESIAN_POINT('',(-0.00523608903763844,-0.0252459049547003,0.105065277670756));
#7231=CARTESIAN_POINT('',(-0.00754962028614436,-0.0257774579798768,0.104175499142463));
#7232=CARTESIAN_POINT('',(-0.00936248016294827,-0.0260496933400564,0.1033919343344));
#7233=CARTESIAN_POINT('',(-0.0110738275836052,-0.0261708687064373,0.102593569925331));
#7234=CARTESIAN_POINT('',(-2.84958946008137E-5,-0.0234924318732447,0.106931630652574));
#7235=CARTESIAN_POINT('',(-0.000496628378869025,-0.0236473614930311,0.106825131684808));
#7236=CARTESIAN_POINT('',(-0.00097781230028613,-0.0237958527755021,0.106711687372138));
#7237=CARTESIAN_POINT('',(-0.00170427605445386,-0.0240047827238197,0.106532541278762));
#7238=CARTESIAN_POINT('',(-0.001953007111943,-0.0240720246510919,0.106470882055431));
#7239=CARTESIAN_POINT('',(-0.00239489787964161,-0.0242050094109,0.106346975798925));
#7240=CARTESIAN_POINT('',(-0.00255250307676973,-0.0242729477153329,0.106286699888419));
#7241=CARTESIAN_POINT('',(-0.00304902087892147,-0.0243958654237846,0.106155305802861));
#7242=CARTESIAN_POINT('',(-0.0033379674282155,-0.0244525903595083,0.106085854631287));
#7243=CARTESIAN_POINT('',(-0.00382997432495222,-0.0245663134407096,0.105948463072432));
#7244=CARTESIAN_POINT('',(-0.0040684411931365,-0.024621407927891,0.105878798496365));
#7245=CARTESIAN_POINT('',(-0.00477607379785016,-0.0247808895313369,0.105666759843851));
#7246=CARTESIAN_POINT('',(-0.00523550697698563,-0.0248794019981516,0.105521269387419));
#7247=CARTESIAN_POINT('',(-0.00754711517636503,-0.025325234300341,0.104771340431399));
#7248=CARTESIAN_POINT('',(-0.00935703647702375,-0.0255380174431898,0.104104171371397));
#7249=CARTESIAN_POINT('',(-0.0110665273529733,-0.0256112498375192,0.103416952313606));
#7250=CARTESIAN_POINT('',(-2.84461508309816E-5,-0.023261254889695,0.107340173458907));
#7251=CARTESIAN_POINT('',(-0.000498103989897725,-0.0233864513337952,0.107293160806474));
#7252=CARTESIAN_POINT('',(-0.000981496187983663,-0.0235060790533397,0.10724053069599));
#7253=CARTESIAN_POINT('',(-0.00171194663499783,-0.0236735743122332,0.107153417337228));
#7254=CARTESIAN_POINT('',(-0.00196217744177226,-0.0237272680343451,0.107122642973219));
#7255=CARTESIAN_POINT('',(-0.00240703401123366,-0.0238336992084499,0.107060998430772));
#7256=CARTESIAN_POINT('',(-0.00256589218680486,-0.0238886356284018,0.107032191654127));
#7257=CARTESIAN_POINT('',(-0.00306612076614173,-0.0239860943420681,0.106963740691578));
#7258=CARTESIAN_POINT('',(-0.00335729147599314,-0.0240303618818378,0.106925816414688));
#7259=CARTESIAN_POINT('',(-0.00385349907522823,-0.0241197390921715,0.106851938877472));
#7260=CARTESIAN_POINT('',(-0.00409414131552434,-0.0241629424853328,0.106814184564323));
#7261=CARTESIAN_POINT('',(-0.00480857849755852,-0.0242876084902113,0.106698239629791));
#7262=CARTESIAN_POINT('',(-0.00527292305628113,-0.0243640433691951,0.106617265568177));
#7263=CARTESIAN_POINT('',(-0.00761122778711938,-0.0247053909912605,0.106190913950166));
#7264=CARTESIAN_POINT('',(-0.00944920295274682,-0.0248533740101053,0.105786116740932));
#7265=CARTESIAN_POINT('',(-0.011194067469908,-0.0248769981108465,0.105341769388349));
#7266=CARTESIAN_POINT('',(-2.84994756065945E-5,-0.0231866595899894,0.107581733549918));
#7267=CARTESIAN_POINT('',(-0.00049957974363465,-0.0233031710530145,0.107569589902413));
#7268=CARTESIAN_POINT('',(-0.000985024856152764,-0.0234147650323422,0.107552474005943));
#7269=CARTESIAN_POINT('',(-0.00171942016831206,-0.0235713222288156,0.107518882199882));
#7270=CARTESIAN_POINT('',(-0.00197114836769774,-0.023621536877383,0.107506030365066));
#7271=CARTESIAN_POINT('',(-0.00241900219950539,-0.023721373707073,0.107480449061151));
#7272=CARTESIAN_POINT('',(-0.00257915285945302,-0.0237732187081999,0.107469846659887));
#7273=CARTESIAN_POINT('',(-0.00308318851323164,-0.0238647444623157,0.107437688708506));
#7274=CARTESIAN_POINT('',(-0.00337664334451229,-0.0239061830126624,0.107417889522079));
#7275=CARTESIAN_POINT('',(-0.00387722871050375,-0.0239902754975634,0.107380463194628));
#7276=CARTESIAN_POINT('',(-0.00412015773914429,-0.0240310034647886,0.107360981862573));
#7277=CARTESIAN_POINT('',(-0.00484180505598537,-0.0241487302691972,0.107299934996704));
#7278=CARTESIAN_POINT('',(-0.00531142108194853,-0.0242211792726927,0.107255652899944));
#7279=CARTESIAN_POINT('',(-0.00767877528173587,-0.0245455807150028,0.107012311898638));
#7280=CARTESIAN_POINT('',(-0.00954824824379642,-0.024689628066843,0.106752777224475));
#7281=CARTESIAN_POINT('',(-0.0113308752987433,-0.0247126037521684,0.106439434742511));
#7282=CARTESIAN_POINT('',(-2.87698055140506E-5,-0.0231557695919259,0.108074422113451));
#7283=CARTESIAN_POINT('',(-0.000503767806111972,-0.023272165555969,0.108132397420734));
#7284=CARTESIAN_POINT('',(-0.000994854326107152,-0.023385323479137,0.108186272184371));
#7285=CARTESIAN_POINT('',(-0.00174037511157073,-0.023546610799372,0.108259001576136));
#7286=CARTESIAN_POINT('',(-0.00199634053017973,-0.0235987778524153,0.10828164427773));
#7287=CARTESIAN_POINT('',(-0.00245271329353206,-0.0237033835763607,0.108327258294749));
#7288=CARTESIAN_POINT('',(-0.00261656458421226,-0.0237581489659969,0.10835247826267));
#7289=CARTESIAN_POINT('',(-0.00313148036000589,-0.0238558582562778,0.108391523867502));
#7290=CARTESIAN_POINT('',(-0.00343146505059634,-0.0239006174837881,0.108407177377125));
#7291=CARTESIAN_POINT('',(-0.00394463129693131,-0.0239922233056693,0.108440821325279));
#7292=CARTESIAN_POINT('',(-0.00419415212805175,-0.0240370577280022,0.108456855782528));
#7293=CARTESIAN_POINT('',(-0.00493664058434071,-0.0241680742316451,0.10850217456454));
#7294=CARTESIAN_POINT('',(-0.00542156064939452,-0.0242506524080693,0.108528546224944));
#7295=CARTESIAN_POINT('',(-0.00787365457833711,-0.0246307281268976,0.108635344685267));
#7296=CARTESIAN_POINT('',(-0.00983592749925855,-0.0248358232887258,0.108646474009111));
#7297=CARTESIAN_POINT('',(-0.0117280320845225,-0.0249138715515312,0.108573164962346));
#7298=CARTESIAN_POINT('',(-2.89854113556864E-5,-0.0231996046869939,0.108323063754699));
#7299=CARTESIAN_POINT('',(-0.000506458705268162,-0.0233245684853919,0.108415905673878));
#7300=CARTESIAN_POINT('',(-0.00100110418910529,-0.0234473137476914,0.108504856856907));
#7301=CARTESIAN_POINT('',(-0.00175374527915531,-0.023624240170241,0.108629770611677));
#7302=CARTESIAN_POINT('',(-0.00201242730941748,-0.0236818268581207,0.108669777559834));
#7303=CARTESIAN_POINT('',(-0.00247427428304606,-0.0237977670747739,0.108750100237437));
#7304=CARTESIAN_POINT('',(-0.00264051258263723,-0.0238585267910796,0.108792720008856));
#7305=CARTESIAN_POINT('',(-0.00316243970971938,-0.0239683151638718,0.108866244237957));
#7306=CARTESIAN_POINT('',(-0.00346663302291115,-0.0240192038659492,0.108899010315913));
#7307=CARTESIAN_POINT('',(-0.00398792968397781,-0.0241235619825255,0.108966834951081));
#7308=CARTESIAN_POINT('',(-0.00424171706410491,-0.0241749531836977,0.108999890977134));
#7309=CARTESIAN_POINT('',(-0.00499771380528737,-0.0243261169271466,0.10909600934505));
#7310=CARTESIAN_POINT('',(-0.0054925748997109,-0.0244227473427566,0.109155891820271));
#7311=CARTESIAN_POINT('',(-0.00799984662840361,-0.0248750951421227,0.109427571192964));
#7312=CARTESIAN_POINT('',(-0.0100228337941879,-0.0251447769216187,0.109562310658636));
#7313=CARTESIAN_POINT('',(-0.0119860095485695,-0.0252782127995946,0.10959667376123));
#7314=CARTESIAN_POINT('',(-2.94960897125986E-5,-0.0233772728625568,0.108756363131074));
#7315=CARTESIAN_POINT('',(-0.000512131580236742,-0.0235317149547672,0.108908709421443));
#7316=CARTESIAN_POINT('',(-0.00101417877711122,-0.0236859338252124,0.109056992291698));
#7317=CARTESIAN_POINT('',(-0.00178172923651857,-0.0239122438236347,0.109269385674015));
#7318=CARTESIAN_POINT('',(-0.00204610154152524,-0.0239866636750735,0.109338374563312));
#7319=CARTESIAN_POINT('',(-0.00251941728932422,-0.0241371857881895,0.109476340606954));
#7320=CARTESIAN_POINT('',(-0.00269065906823511,-0.0242158670987236,0.109547685877546));
#7321=CARTESIAN_POINT('',(-0.00322728228030175,-0.0243615197431228,0.109677968507459));
#7322=CARTESIAN_POINT('',(-0.00354029634683331,-0.0244304506742895,0.109738810596268));
#7323=CARTESIAN_POINT('',(-0.00407864090395959,-0.0245717890064715,0.109862413543014));
#7324=CARTESIAN_POINT('',(-0.00434137642507977,-0.0246419743265512,0.109923117505874));
#7325=CARTESIAN_POINT('',(-0.00512570898222971,-0.0248502827819584,0.110101375849156));
#7326=CARTESIAN_POINT('',(-0.00564142612525229,-0.0249859946837284,0.110214951780012));
#7327=CARTESIAN_POINT('',(-0.00826453706346334,-0.025636205144516,0.110748567055468));
#7328=CARTESIAN_POINT('',(-0.0104148926611507,-0.0260726967510455,0.111072281791598));
#7329=CARTESIAN_POINT('',(-0.0125273161337881,-0.0263483640986967,0.111269981874221));
#7330=CARTESIAN_POINT('',(-2.97877272883735E-5,-0.0235097179160432,0.108938513137215));
#7331=CARTESIAN_POINT('',(-0.000515077188991851,-0.0236848210364697,0.109115149032543));
#7332=CARTESIAN_POINT('',(-0.00102091911655683,-0.0238606528856462,0.109287339568849));
#7333=CARTESIAN_POINT('',(-0.00179615903307079,-0.0241202696067387,0.109534517131805));
#7334=CARTESIAN_POINT('',(-0.00206346666859987,-0.0242059525908741,0.109614954679472));
#7335=CARTESIAN_POINT('',(-0.0025426987289121,-0.0243794093196796,0.109775519775362));
#7336=CARTESIAN_POINT('',(-0.00271652218035884,-0.024469852598773,0.109858023532469));
#7337=CARTESIAN_POINT('',(-0.00326072847501156,-0.0246389621358482,0.110010257571832));
#7338=CARTESIAN_POINT('',(-0.00357829355230393,-0.0247196412972078,0.110081901501233));
#7339=CARTESIAN_POINT('',(-0.00412543595243713,-0.0248848661115435,0.110226781953676));
#7340=CARTESIAN_POINT('',(-0.00439278979568774,-0.0249671142703749,0.110297954274485));
#7341=CARTESIAN_POINT('',(-0.00519174813058653,-0.0252118875252086,0.110507085950777));
#7342=CARTESIAN_POINT('',(-0.00571823000873686,-0.0253722615206654,0.110640542413623));
#7343=CARTESIAN_POINT('',(-0.0084011603654719,-0.0261462075259616,0.111269758934705));
#7344=CARTESIAN_POINT('',(-0.0106172115670075,-0.0266833618351872,0.111657863300149));
#7345=CARTESIAN_POINT('',(-0.0128067489445469,-0.0270447502039206,0.111910407223094));
#7346=CARTESIAN_POINT('',(-3.00717659592655E-5,-0.0236546605688814,0.109082304165624));
#7347=CARTESIAN_POINT('',(-0.000517794505160449,-0.0238517418563698,0.109277569269924));
#7348=CARTESIAN_POINT('',(-0.00102710581259086,-0.0240503348209834,0.109467860062339));
#7349=CARTESIAN_POINT('',(-0.00180939125640209,-0.0243447133765777,0.109741024110001));
#7350=CARTESIAN_POINT('',(-0.00207938744059973,-0.0244421045930461,0.109829957862036));
#7351=CARTESIAN_POINT('',(-0.00256403437736189,-0.0246392902991013,0.11000716307831));
#7352=CARTESIAN_POINT('',(-0.0027402182913165,-0.0247418309291909,0.110097802368383));
#7353=CARTESIAN_POINT('',(-0.00329136045605458,-0.0249350377582919,0.110265973755555));
#7354=CARTESIAN_POINT('',(-0.00361308742489604,-0.0250277632925769,0.110345418944009));
#7355=CARTESIAN_POINT('',(-0.00416827050109088,-0.0252173698419455,0.110505524963261));
#7356=CARTESIAN_POINT('',(-0.00443984356605116,-0.0253118894310578,0.110584128053916));
#7357=CARTESIAN_POINT('',(-0.00525215877695771,-0.0255936447455128,0.110815000878599));
#7358=CARTESIAN_POINT('',(-0.00578846409192527,-0.0257788823404758,0.110962225987456));
#7359=CARTESIAN_POINT('',(-0.00852597221965446,-0.0266770267801357,0.111656596463384));
#7360=CARTESIAN_POINT('',(-0.0108017870733295,-0.0273133877790868,0.112085057129854));
#7361=CARTESIAN_POINT('',(-0.0130617969325644,-0.0277600079716577,0.112371367389051));
#7362=CARTESIAN_POINT('',(-0.0130434565842155,-0.0277085742131657,0.112338220019082));
#7363=CARTESIAN_POINT('',(-0.0127899369585605,-0.0269976025919697,0.111880022133956));
#7364=CARTESIAN_POINT('',(-0.0122303077559035,-0.025618641493611,0.110573038370708));
#7365=CARTESIAN_POINT('',(-0.0114614846733651,-0.0245458797011158,0.107502539624453));
#7366=CARTESIAN_POINT('',(-0.0110577865323463,-0.0250562082098225,0.104224359951132));
#7367=CARTESIAN_POINT('',(-0.0110741420420293,-0.0261745725692938,0.102589759458836));
#7368=CARTESIAN_POINT('',(-0.0111263033513671,-0.0267889569246996,0.101957692049208));
#7369=CARTESIAN_POINT('',(-0.0111263033513687,-0.0267889569246998,0.101957692049208));
#7370=CARTESIAN_POINT('',(-0.0119386179299635,-0.0268730448098173,0.101538862235072));
#7371=CARTESIAN_POINT('',(-0.0126992120069419,-0.0269226745551551,0.101131131451624));
#7372=CARTESIAN_POINT('',(-0.0142501535047998,-0.0269453484678454,0.100294618850224));
#7373=CARTESIAN_POINT('',(-0.0150522065967824,-0.0269107059986478,0.099862558787922));
#7374=CARTESIAN_POINT('',(-0.0158008721914386,-0.0268543632919256,0.0994404502858501));
#7375=CARTESIAN_POINT('',(-0.0106296701596907,-0.0209393403030506,0.107975670849181));
#7376=CARTESIAN_POINT('',(-0.0114389685606559,-0.0208989686558974,0.107806575509357));
#7377=CARTESIAN_POINT('',(-0.0122162411760776,-0.0208188465735596,0.107649354816181));
#7378=CARTESIAN_POINT('',(-0.0137709549778966,-0.0205591480451803,0.107361761315387));
#7379=CARTESIAN_POINT('',(-0.0145666664073762,-0.0203689856224245,0.107231415565656));
#7380=CARTESIAN_POINT('',(-0.0153000286713369,-0.0201610316352207,0.107118660883311));
#7381=CARTESIAN_POINT('',(-0.0130434565842177,-0.0277085742179351,0.112338220022156));
#7382=CARTESIAN_POINT('',(-0.0141051674463364,-0.0277723429947573,0.11237931690669));
#7383=CARTESIAN_POINT('',(-0.0151234398253096,-0.0278130886667298,0.1124073649688));
#7384=CARTESIAN_POINT('',(-0.0172352254205126,-0.0278556786365366,0.112436672064893));
#7385=CARTESIAN_POINT('',(-0.0183431509574294,-0.0278539895683425,0.11243555621494));
#7386=CARTESIAN_POINT('',(-0.0193999999996135,-0.027842796555299,0.112427820298624));
#7387=CARTESIAN_POINT('',(-0.0193999999996135,-0.027842796555299,0.112427820298624));
#7388=CARTESIAN_POINT('',(-0.0189472871764218,-0.0269945873348883,0.111841590699625));
#7389=CARTESIAN_POINT('',(-0.0179570418149996,-0.0253852423190553,0.110203371864683));
#7390=CARTESIAN_POINT('',(-0.0165870141200867,-0.0241821758734449,0.106455966447815));
#7391=CARTESIAN_POINT('',(-0.0157972400674325,-0.0247920930886394,0.10240977687587));
#7392=CARTESIAN_POINT('',(-0.0157455697842245,-0.0261152954233366,0.100288267043168));
#7393=CARTESIAN_POINT('',(-0.0158008721914386,-0.0268543632919256,0.0994404502858501));
#7394=CARTESIAN_POINT('',(-0.0158008721914385,-0.0268543632919256,0.0994404502858501));
#7395=CARTESIAN_POINT('',(-0.0162524981555458,-0.0268203750455292,0.0991858170304058));
#7396=CARTESIAN_POINT('',(-0.0166978406048552,-0.0267441296693445,0.0989653252527517));
#7397=CARTESIAN_POINT('',(-0.0175786470037661,-0.0265181515922734,0.0985835106112773));
#7398=CARTESIAN_POINT('',(-0.0180307531713195,-0.0263601073751796,0.0984197364700793));
#7399=CARTESIAN_POINT('',(-0.0185029874979633,-0.0261433627128257,0.0982878517625792));
#7400=CARTESIAN_POINT('',(-0.0153000286716431,-0.0201610316350088,0.107118660883346));
#7401=CARTESIAN_POINT('',(-0.0152372565034884,-0.0203820903078105,0.106995097350528));
#7402=CARTESIAN_POINT('',(-0.0152178834341541,-0.0205803263846909,0.106864347984833));
#7403=CARTESIAN_POINT('',(-0.0152391563467658,-0.020923055023683,0.106607846088217));
#7404=CARTESIAN_POINT('',(-0.0152774317277652,-0.021071689319256,0.106479885577419));
#7405=CARTESIAN_POINT('',(-0.015341794854299,-0.0211965196365324,0.106352941780592));
#7406=CARTESIAN_POINT('',(-0.0193999999999417,-0.027842796555299,0.112427820298624));
#7407=CARTESIAN_POINT('',(-0.0194960508340877,-0.0278360443774812,0.112423153612147));
#7408=CARTESIAN_POINT('',(-0.0195861562920338,-0.027817473217596,0.112420655179485));
#7409=CARTESIAN_POINT('',(-0.0197571314670728,-0.0277607383593372,0.112417829467573));
#7410=CARTESIAN_POINT('',(-0.0198409389859634,-0.027719362124176,0.112415824891917));
#7411=CARTESIAN_POINT('',(-0.0199249709147665,-0.0276605918220512,0.112412672824924));
#7412=CARTESIAN_POINT('',(-0.0199249709144225,-0.0276605918222918,0.112412672824937));
#7413=CARTESIAN_POINT('',(-0.0193783443706372,-0.0268896344356667,0.111689940424279));
#7414=CARTESIAN_POINT('',(-0.0183399530967797,-0.0254459488266412,0.109794135241723));
#7415=CARTESIAN_POINT('',(-0.0174351671754208,-0.0242809923791527,0.105810875263838));
#7416=CARTESIAN_POINT('',(-0.0175123438901701,-0.0245629056332011,0.101573341805404));
#7417=CARTESIAN_POINT('',(-0.0181259581641072,-0.0255533623081913,0.09924975944979));
#7418=CARTESIAN_POINT('',(-0.0185029874960301,-0.026143362713713,0.0982878517631191));
#7419=CARTESIAN_POINT('',(-0.0185029874979634,-0.0261433627128255,0.0982878517625792));
#7420=CARTESIAN_POINT('',(-0.0185677871648922,-0.0261136211603742,0.0982697546346013));
#7421=CARTESIAN_POINT('',(-0.0186097372458571,-0.0260969008653973,0.0982551116704968));
#7422=CARTESIAN_POINT('',(-0.0187888253773145,-0.0259969171882937,0.098223072828359));
#7423=CARTESIAN_POINT('',(-0.018917874727,-0.0259178036861051,0.0982073470030245));
#7424=CARTESIAN_POINT('',(-0.0192473994043042,-0.0256971022818222,0.0981818040174938));
#7425=CARTESIAN_POINT('',(-0.0194531544090036,-0.0255509791521925,0.0981723408381806));
#7426=CARTESIAN_POINT('',(-0.0198898163905693,-0.02521962560927,0.0981646459091181));
#7427=CARTESIAN_POINT('',(-0.0201204770599381,-0.0250350300191776,0.098166165579643));
#7428=CARTESIAN_POINT('',(-0.0205955572515859,-0.0246297835291764,0.0981830614381839));
#7429=CARTESIAN_POINT('',(-0.0208445042266672,-0.0244043785164451,0.0981991817007132));
#7430=CARTESIAN_POINT('',(-0.0213193503781738,-0.0239473880216649,0.0982438590858889));
#7431=CARTESIAN_POINT('',(-0.0215436159683572,-0.0237183114552252,0.0982717424674417));
#7432=CARTESIAN_POINT('',(-0.0221833584355128,-0.0230269480209941,0.0983712860656017));
#7433=CARTESIAN_POINT('',(-0.0225664406443961,-0.0225603518442584,0.0984586477585018));
#7434=CARTESIAN_POINT('',(-0.0232619851349087,-0.0216036593677383,0.0986787631192439));
#7435=CARTESIAN_POINT('',(-0.0235738144361879,-0.021113149482378,0.0988120355654821));
#7436=CARTESIAN_POINT('',(-0.0241160086626448,-0.020123218993465,0.0991242000786168));
#7437=CARTESIAN_POINT('',(-0.0243501456963066,-0.0196183986389381,0.0993044530204595));
#7438=CARTESIAN_POINT('',(-0.0247397122483035,-0.0185708783488939,0.0997302792631442));
#7439=CARTESIAN_POINT('',(-0.0248945476491831,-0.0180298421189179,0.0999751159166611));
#7440=CARTESIAN_POINT('',(-0.0250221802861431,-0.0173263771534109,0.100335208332464));
#7441=CARTESIAN_POINT('',(-0.0250441568559274,-0.0171855085687241,0.100409335356203));
#7442=CARTESIAN_POINT('',(-0.0250806650740519,-0.0169046736452874,0.100561261100023));
#7443=CARTESIAN_POINT('',(-0.0250943047470718,-0.0167683448247386,0.100637299277598));
#7444=CARTESIAN_POINT('',(-0.0251214103762725,-0.0164749203144515,0.100801206831017));
#7445=CARTESIAN_POINT('',(-0.0251295594139886,-0.0163395723497291,0.100878715814182));
#7446=CARTESIAN_POINT('',(-0.0251361134620352,-0.0162046498435196,0.100956600768834));
#7447=CARTESIAN_POINT('',(-0.0153417948757657,-0.0211965196415616,0.10635294175789));
#7448=CARTESIAN_POINT('',(-0.0153688089627043,-0.0212180608843396,0.106316212393567));
#7449=CARTESIAN_POINT('',(-0.0153823025871732,-0.0212325238784055,0.106296330097632));
#7450=CARTESIAN_POINT('',(-0.0154772709819764,-0.0212787054596367,0.106183763946854));
#7451=CARTESIAN_POINT('',(-0.0155538164689031,-0.0213071953597025,0.106097675624778));
#7452=CARTESIAN_POINT('',(-0.0157720166199409,-0.0213600045158334,0.105873984923945));
#7453=CARTESIAN_POINT('',(-0.015916964045784,-0.0213839682984335,0.105733915524919));
#7454=CARTESIAN_POINT('',(-0.0162438907979896,-0.021407150665847,0.105443993298994));
#7455=CARTESIAN_POINT('',(-0.0164240544821663,-0.0214073219072753,0.105294784620311));
#7456=CARTESIAN_POINT('',(-0.0168095403784904,-0.0213774716849154,0.104999555334195));
#7457=CARTESIAN_POINT('',(-0.0170185535267818,-0.0213467982742453,0.10485088425914));
#7458=CARTESIAN_POINT('',(-0.0174251548203408,-0.021259264174976,0.104582736530381));
#7459=CARTESIAN_POINT('',(-0.0176212270784232,-0.0212041412134884,0.104463179625374));
#7460=CARTESIAN_POINT('',(-0.0181812718257069,-0.0210140066506635,0.104144696926424));
#7461=CARTESIAN_POINT('',(-0.0185290063889159,-0.0208524197565363,0.103977485015852));
#7462=CARTESIAN_POINT('',(-0.019161641601816,-0.020484069379944,0.103720743186179));
#7463=CARTESIAN_POINT('',(-0.0194497059508248,-0.0202764570187473,0.103629397971792));
#7464=CARTESIAN_POINT('',(-0.0199520245643504,-0.0198389419993352,0.103516541088933));
#7465=CARTESIAN_POINT('',(-0.0201722550171537,-0.0196060287131688,0.103492335564091));
#7466=CARTESIAN_POINT('',(-0.0205469191940011,-0.0191156967342322,0.103507761927937));
#7467=CARTESIAN_POINT('',(-0.0207021355628953,-0.0188582324053769,0.10354688256504));
#7468=CARTESIAN_POINT('',(-0.020846287090832,-0.0185249351631915,0.10363926779513));
#7469=CARTESIAN_POINT('',(-0.0208722896505729,-0.0184584715589844,0.10365971327004));
#7470=CARTESIAN_POINT('',(-0.0209185314397078,-0.0183263778227194,0.103704344643178));
#7471=CARTESIAN_POINT('',(-0.0209378134190738,-0.0182624931290051,0.103728215858922));
#7472=CARTESIAN_POINT('',(-0.020975555993976,-0.018126588471735,0.103782080000214));
#7473=CARTESIAN_POINT('',(-0.0209885970349203,-0.0180649777494832,0.103809862687247));
#7474=CARTESIAN_POINT('',(-0.0209999999998601,-0.0180039291870967,0.103838685607676));
#7475=CARTESIAN_POINT('',(-0.0199249709147665,-0.0276605917948069,0.112412672807365));
#7476=CARTESIAN_POINT('',(-0.0199375432265322,-0.0276272431635124,0.112396375807888));
#7477=CARTESIAN_POINT('',(-0.0199440259899314,-0.0276169742290649,0.112392549079719));
#7478=CARTESIAN_POINT('',(-0.0199751767458245,-0.0274941330433309,0.112326445682486));
#7479=CARTESIAN_POINT('',(-0.0199973735372414,-0.0273895414922144,0.112268332291178));
#7480=CARTESIAN_POINT('',(-0.0200535573267231,-0.0270983969928031,0.112101578630896));
#7481=CARTESIAN_POINT('',(-0.0200884290065634,-0.026905959810683,0.111989216382601));
#7482=CARTESIAN_POINT('',(-0.0201620495360602,-0.0264879883003175,0.111738927021417));
#7483=CARTESIAN_POINT('',(-0.0202007629912518,-0.0262629012096632,0.111601390172842));
#7484=CARTESIAN_POINT('',(-0.0202801355386961,-0.0257939183159675,0.111308168440631));
#7485=CARTESIAN_POINT('',(-0.0203215474867427,-0.0255450651071416,0.111149131966253));
#7486=CARTESIAN_POINT('',(-0.0204001805565379,-0.0250709170857503,0.110840849304829));
#7487=CARTESIAN_POINT('',(-0.0204371358893369,-0.0248474399039284,0.110693082085683));
#7488=CARTESIAN_POINT('',(-0.0205420762695076,-0.0242113545506031,0.110268589094184));
#7489=CARTESIAN_POINT('',(-0.0206042475217312,-0.0238326011592228,0.11001047832846));
#7490=CARTESIAN_POINT('',(-0.0207160765879907,-0.0231422070855522,0.109544275450802));
#7491=CARTESIAN_POINT('',(-0.0207656242951554,-0.022831060718699,0.109336535731759));
#7492=CARTESIAN_POINT('',(-0.0208507740603184,-0.022275444236282,0.108982752997543));
#7493=CARTESIAN_POINT('',(-0.0208869919603266,-0.0220269679917118,0.108833750210196));
#7494=CARTESIAN_POINT('',(-0.0209462670389383,-0.0215742349765981,0.108591941703254));
#7495=CARTESIAN_POINT('',(-0.0209692238667974,-0.021370949939771,0.108499708533406));
#7496=CARTESIAN_POINT('',(-0.0209872267208981,-0.0211435041366856,0.108425504357786));
#7497=CARTESIAN_POINT('',(-0.0209902520738013,-0.0210997824408723,0.108412902465316));
#7498=CARTESIAN_POINT('',(-0.020995103944917,-0.0210161154078088,0.10839224112228));
#7499=CARTESIAN_POINT('',(-0.0209967876800176,-0.0209775714101405,0.108384854896582));
#7500=CARTESIAN_POINT('',(-0.0209996297322398,-0.0208998165119955,0.108375259363955));
#7501=CARTESIAN_POINT('',(-0.0209999999999952,-0.0208688608602477,0.108376098704982));
#7502=CARTESIAN_POINT('',(-0.021,-0.0208385544420883,0.108379187056884));
#7503=CARTESIAN_POINT('',(-0.021,-0.0208385544420883,0.108379187056884));
#7504=CARTESIAN_POINT('',(-0.0209999999999578,-0.0199843041858195,0.107010849383414));
#7505=CARTESIAN_POINT('',(-0.0217274064475032,-0.0181860125120262,0.104130346594796));
#7506=CARTESIAN_POINT('',(-0.0238896432350456,-0.0167468854838898,0.10182515357236));
#7507=CARTESIAN_POINT('',(-0.0251361134620352,-0.0162046498435196,0.100956600768834));
#7508=CARTESIAN_POINT('',(-0.0251361134620352,-0.0162046498435218,0.100956600768832));
#7509=CARTESIAN_POINT('',(-0.0251454590180684,-0.0160122630522519,0.101067657284125));
#7510=CARTESIAN_POINT('',(-0.0251537571161994,-0.0159108549008113,0.101120989645704));
#7511=CARTESIAN_POINT('',(-0.0251712036383607,-0.0157099545728557,0.101225574074201));
#7512=CARTESIAN_POINT('',(-0.0251798611926159,-0.0156052991875196,0.10127973153911));
#7513=CARTESIAN_POINT('',(-0.0251970449140124,-0.0153874380043002,0.101391489943619));
#7514=CARTESIAN_POINT('',(-0.0252055710802755,-0.0152780569346965,0.101446767460343));
#7515=CARTESIAN_POINT('',(-0.0252224920364332,-0.0150872554021737,0.101540006898751));
#7516=CARTESIAN_POINT('',(-0.0252308868289762,-0.015004869262993,0.101578645860078));
#7517=CARTESIAN_POINT('',(-0.0252725323689744,-0.014596705295028,0.101768002964248));
#7518=CARTESIAN_POINT('',(-0.0253047979510756,-0.0142940197544056,0.101900240233545));
#7519=CARTESIAN_POINT('',(-0.0253672264639372,-0.0136727992546855,0.102163083528476));
#7520=CARTESIAN_POINT('',(-0.0253973894037581,-0.0133549361476279,0.10229263996869));
#7521=CARTESIAN_POINT('',(-0.0254556092813262,-0.0127392368209405,0.102531685488367));
#7522=CARTESIAN_POINT('',(-0.0254836662283333,-0.0124363023501267,0.102644180743897));
#7523=CARTESIAN_POINT('',(-0.025537668081912,-0.0117874988646139,0.102877624881559));
#7524=CARTESIAN_POINT('',(-0.025563612997291,-0.0114420517234683,0.102997610946926));
#7525=CARTESIAN_POINT('',(-0.0256133817827827,-0.0107715429989167,0.103217257324643));
#7526=CARTESIAN_POINT('',(-0.025637205662855,-0.0104439844616564,0.103318459449972));
#7527=CARTESIAN_POINT('',(-0.0257054773513358,-0.00945620741421052,0.103608419398798));
#7528=CARTESIAN_POINT('',(-0.0257467271734055,-0.00879148360992814,0.103782805477187));
#7529=CARTESIAN_POINT('',(-0.0258205555762951,-0.00745190304192128,0.104092990326335));
#7530=CARTESIAN_POINT('',(-0.0258531345324363,-0.00677291458160714,0.104229498162001));
#7531=CARTESIAN_POINT('',(-0.0259094125658089,-0.00543625869742803,0.104457934953994));
#7532=CARTESIAN_POINT('',(-0.0259331120853978,-0.00474587549711676,0.10455634945087));
#7533=CARTESIAN_POINT('',(-0.0259713431052174,-0.00338761511525918,0.104709271796391));
#7534=CARTESIAN_POINT('',(-0.0259858751404718,-0.00272018899657566,0.104765046557384));
#7535=CARTESIAN_POINT('',(-0.026005389004431,-0.00136137859455969,0.104841071070037));
#7536=CARTESIAN_POINT('',(-0.0260103714816388,-0.000675641058781288,0.10486020035923));
#7537=CARTESIAN_POINT('',(-0.026010252644089,0.00137553623743186,0.10485974851261));
#7538=CARTESIAN_POINT('',(-0.0259901520077534,0.00273413913534518,0.104783568518349));
#7539=CARTESIAN_POINT('',(-0.0259134069107234,0.00544662920354823,0.104476330241112));
#7540=CARTESIAN_POINT('',(-0.0258567452202867,0.0068046641241474,0.104243241937998));
#7541=CARTESIAN_POINT('',(-0.0257458063369925,0.00880629884275651,0.103779038175702));
#7542=CARTESIAN_POINT('',(-0.025704492113483,0.00947051870280477,0.103604556180254));
#7543=CARTESIAN_POINT('',(-0.0256133359485221,0.0107862777778787,0.103217822504017));
#7544=CARTESIAN_POINT('',(-0.0255634936782589,0.0114393722478906,0.10300541821599));
#7545=CARTESIAN_POINT('',(-0.0254823974916914,0.0124291454527372,0.102648643463456));
#7546=CARTESIAN_POINT('',(-0.0254543095532111,0.0127646249880315,0.102521610085276));
#7547=CARTESIAN_POINT('',(-0.0253960279367063,0.0134487890969006,0.102248273054762));
#7548=CARTESIAN_POINT('',(-0.0253658342504718,0.0137903563835142,0.102104801232606));
#7549=CARTESIAN_POINT('',(-0.0253189668986298,0.0142454831821318,0.101911030371581));
#7550=CARTESIAN_POINT('',(-0.0253030816247293,0.0143836866346717,0.101852336217184));
#7551=CARTESIAN_POINT('',(-0.0252707856159449,0.0146682740688877,0.101728514201613));
#7552=CARTESIAN_POINT('',(-0.025254374881093,0.0148219559936011,0.101658944791587));
#7553=CARTESIAN_POINT('',(-0.0252293647135271,0.0149795074814414,0.101594300209692));
#7554=CARTESIAN_POINT('',(-0.0252209623126074,0.0150256950393341,0.101576253014694));
#7555=CARTESIAN_POINT('',(-0.025204026149039,0.0151621887602152,0.101514727484329));
#7556=CARTESIAN_POINT('',(-0.0251954923828618,0.0152447444751252,0.101475583756066));
#7557=CARTESIAN_POINT('',(-0.0251782934765949,0.0154372020704875,0.101380256549029));
#7558=CARTESIAN_POINT('',(-0.0251696283305352,0.0155470954543566,0.101324078388613));
#7559=CARTESIAN_POINT('',(-0.025152166642949,0.0157933151266312,0.101193876781612));
#7560=CARTESIAN_POINT('',(-0.0251436917351337,0.0159460970543277,0.101110673520299));
#7561=CARTESIAN_POINT('',(-0.0251345078322514,0.0162051036952817,0.100957872221268));
#7562=CARTESIAN_POINT('',(-0.021,-0.0180039291881448,0.103838685606886));
#7563=CARTESIAN_POINT('',(-0.021,-0.0177957995441276,0.103971114736291));
#7564=CARTESIAN_POINT('',(-0.0210000000000005,-0.0176880143963279,0.104038480811806));
#7565=CARTESIAN_POINT('',(-0.0209999999999995,-0.0174749237230679,0.104171855236223));
#7566=CARTESIAN_POINT('',(-0.0209999999999997,-0.0173635770503311,0.104240622499406));
#7567=CARTESIAN_POINT('',(-0.0210000000000003,-0.0171311007965411,0.104382005864721));
#7568=CARTESIAN_POINT('',(-0.0210000000000002,-0.0170142229458305,0.10445203907761));
#7569=CARTESIAN_POINT('',(-0.0209999999999998,-0.0168113702511201,0.104572815121727));
#7570=CARTESIAN_POINT('',(-0.021,-0.0167243260462909,0.104624308702656));
#7571=CARTESIAN_POINT('',(-0.021,-0.0162928910419081,0.104877372327343));
#7572=CARTESIAN_POINT('',(-0.0209999999999994,-0.0159726236034506,0.105058189247211));
#7573=CARTESIAN_POINT('',(-0.0210000000000007,-0.0153113526828091,0.105417216704221));
#7574=CARTESIAN_POINT('',(-0.021,-0.0149710263973546,0.105594300582807));
#7575=CARTESIAN_POINT('',(-0.021,-0.0143098612336482,0.10592498459396));
#7576=CARTESIAN_POINT('',(-0.020999999999998,-0.01398334376079,0.106081946040155));
#7577=CARTESIAN_POINT('',(-0.021000000000002,-0.0132791249975684,0.106404191134044));
#7578=CARTESIAN_POINT('',(-0.021,-0.0129018332499496,0.106568425322131));
#7579=CARTESIAN_POINT('',(-0.021,-0.0121673771292661,0.106872598375902));
#7580=CARTESIAN_POINT('',(-0.0210000000000014,-0.0118074272149843,0.107014268890785));
#7581=CARTESIAN_POINT('',(-0.0209999999999974,-0.010718141946647,0.107421310474877));
#7582=CARTESIAN_POINT('',(-0.0210000000000053,-0.00997954844073552,0.107668097766889));
#7583=CARTESIAN_POINT('',(-0.0209999999999947,-0.00848203217938259,0.108109575495586));
#7584=CARTESIAN_POINT('',(-0.0210000000000026,-0.00771829911216845,0.108305133747393));
#7585=CARTESIAN_POINT('',(-0.0209999999999973,-0.00620821380189164,0.108635630192553));
#7586=CARTESIAN_POINT('',(-0.0210000000000027,-0.00542443199815154,0.108778013655388));
#7587=CARTESIAN_POINT('',(-0.0209999999999973,-0.00387771488926642,0.109001481038133));
#7588=CARTESIAN_POINT('',(-0.0210000000000013,-0.00311524193042811,0.109084036090312));
#7589=CARTESIAN_POINT('',(-0.0209999999999987,-0.00156041132247743,0.109196252035295));
#7590=CARTESIAN_POINT('',(-0.021,-0.000774393134505551,0.10922464628576));
#7591=CARTESIAN_POINT('',(-0.021,0.00157658681303671,0.109223974680263));
#7592=CARTESIAN_POINT('',(-0.0210000000000106,0.00313404560268371,0.109110288959207));
#7593=CARTESIAN_POINT('',(-0.0209999999999894,0.00622269208023966,0.108661423719745));
#7594=CARTESIAN_POINT('',(-0.0209999999999973,0.0077593880439679,0.108323716041371));
#7595=CARTESIAN_POINT('',(-0.0210000000000013,0.009996025370937,0.107662725480265));
#7596=CARTESIAN_POINT('',(-0.021,0.0107339778926504,0.107415773769145));
#7597=CARTESIAN_POINT('',(-0.021,0.0121850141540312,0.106872723778671));
#7598=CARTESIAN_POINT('',(-0.0209999999999973,0.0128999743793126,0.106576365528066));
#7599=CARTESIAN_POINT('',(-0.0210000000000013,0.0139746812816465,0.106085574517513));
#7600=CARTESIAN_POINT('',(-0.0209999999999994,0.0143377742164757,0.105912236623164));
#7601=CARTESIAN_POINT('',(-0.0210000000000007,0.0150755687090413,0.105543097916229));
#7602=CARTESIAN_POINT('',(-0.021,0.0154422401500856,0.105350493413361));
#7603=CARTESIAN_POINT('',(-0.021,0.0159258242653383,0.105085090928085));
#7604=CARTESIAN_POINT('',(-0.0210000000000007,0.0160715592687296,0.105003111408478));
#7605=CARTESIAN_POINT('',(-0.0209999999999993,0.0163714438188034,0.104831785608847));
#7606=CARTESIAN_POINT('',(-0.021000000000001,0.0165336892304551,0.104737508609254));
#7607=CARTESIAN_POINT('',(-0.0209999999999995,0.0166951842531105,0.104640231923));
#7608=CARTESIAN_POINT('',(-0.0209999999999998,0.0167418962827231,0.104611673732897));
#7609=CARTESIAN_POINT('',(-0.0210000000000002,0.0168842951366513,0.104526185094242));
#7610=CARTESIAN_POINT('',(-0.021,0.0169713428687139,0.104474086052924));
#7611=CARTESIAN_POINT('',(-0.021,0.0171756280506922,0.104350925969588));
#7612=CARTESIAN_POINT('',(-0.0210000000000002,0.0172928603336666,0.104279868101703));
#7613=CARTESIAN_POINT('',(-0.0209999999999999,0.0175564177274243,0.104117948451901));
#7614=CARTESIAN_POINT('',(-0.0209999999999995,0.0177212582290212,0.104017173904103));
#7615=CARTESIAN_POINT('',(-0.021,0.0180034650194725,0.103838546997487));
#7616=CARTESIAN_POINT('',(-0.021,-0.0208385544437432,0.108379187055502));
#7617=CARTESIAN_POINT('',(-0.021,-0.0206046143431365,0.108543570447244));
#7618=CARTESIAN_POINT('',(-0.021,-0.0204858055534318,0.108631557072435));
#7619=CARTESIAN_POINT('',(-0.021,-0.0202515975171519,0.108807041151738));
#7620=CARTESIAN_POINT('',(-0.021,-0.0201287708983969,0.108897191936141));
#7621=CARTESIAN_POINT('',(-0.021,-0.0198714396203229,0.109081958616053));
#7622=CARTESIAN_POINT('',(-0.021,-0.0197418603015657,0.10917358181213));
#7623=CARTESIAN_POINT('',(-0.021,-0.0195182570660473,0.109334423545791));
#7624=CARTESIAN_POINT('',(-0.021,-0.0194230049018567,0.109404505833163));
#7625=CARTESIAN_POINT('',(-0.021,-0.0189504050375914,0.109749731537937));
#7626=CARTESIAN_POINT('',(-0.021,-0.0185992589494536,0.11000032456047));
#7627=CARTESIAN_POINT('',(-0.021,-0.0178690023205707,0.110497339669359));
#7628=CARTESIAN_POINT('',(-0.021,-0.0174906259120555,0.110742470254734));
#7629=CARTESIAN_POINT('',(-0.021,-0.0167529691563222,0.111203937209867));
#7630=CARTESIAN_POINT('',(-0.021,-0.0163871132160874,0.111424167436975));
#7631=CARTESIAN_POINT('',(-0.021,-0.0155918816415712,0.111872815181259));
#7632=CARTESIAN_POINT('',(-0.021,-0.0151629179963805,0.112100023436571));
#7633=CARTESIAN_POINT('',(-0.021,-0.0143252013965079,0.112524132084601));
#7634=CARTESIAN_POINT('',(-0.021,-0.0139132327484231,0.112723036639667));
#7635=CARTESIAN_POINT('',(-0.021,-0.0126613521122004,0.113295610484644));
#7636=CARTESIAN_POINT('',(-0.021,-0.0118061489208574,0.113644199032283));
#7637=CARTESIAN_POINT('',(-0.021,-0.0100611896392782,0.114269948331118));
#7638=CARTESIAN_POINT('',(-0.021,-0.009165815386263,0.114548071033492));
#7639=CARTESIAN_POINT('',(-0.021,-0.00738751584336655,0.11502099537119));
#7640=CARTESIAN_POINT('',(-0.021,-0.00646019993288072,0.11522459465538));
#7641=CARTESIAN_POINT('',(-0.021,-0.00462460723595635,0.115546136458223));
#7642=CARTESIAN_POINT('',(-0.021,-0.00371706293503606,0.115665784945862));
#7643=CARTESIAN_POINT('',(-0.021,-0.0018632887284459,0.115828173007524));
#7644=CARTESIAN_POINT('',(-0.021,-0.000924740996709116,0.115869382552719));
#7645=CARTESIAN_POINT('',(-0.021,0.00188267828822287,0.115868406729174));
#7646=CARTESIAN_POINT('',(-0.021,0.0037417986560086,0.115703025106404));
#7647=CARTESIAN_POINT('',(-0.021,0.00740707534181203,0.115057255227143));
#7648=CARTESIAN_POINT('',(-0.021,0.00921872384021787,0.114574182302133));
#7649=CARTESIAN_POINT('',(-0.021,0.0118252488668877,0.113636572116538));
#7650=CARTESIAN_POINT('',(-0.021,0.0126796113628349,0.113287721642404));
#7651=CARTESIAN_POINT('',(-0.021,0.0143467204006014,0.112523893455429));
#7652=CARTESIAN_POINT('',(-0.021,0.0151616147825039,0.112108678536378));
#7653=CARTESIAN_POINT('',(-0.021,0.0163762260459047,0.11142676747915));
#7654=CARTESIAN_POINT('',(-0.021,0.0167849053336153,0.111187315904688));
#7655=CARTESIAN_POINT('',(-0.021,0.0176119416698602,0.110680899531203));
#7656=CARTESIAN_POINT('',(-0.021,0.0180208476236196,0.110417715525227));
#7657=CARTESIAN_POINT('',(-0.021,0.0185538932051342,0.110049512451898));
#7658=CARTESIAN_POINT('',(-0.021,0.0187130685407152,0.109934207995542));
#7659=CARTESIAN_POINT('',(-0.021,0.0190402999376146,0.109694744414381));
#7660=CARTESIAN_POINT('',(-0.021,0.0192177247764431,0.10956487752874));
#7661=CARTESIAN_POINT('',(-0.021,0.0193880999044727,0.109421135503742));
#7662=CARTESIAN_POINT('',(-0.021,0.0194365286264531,0.10937766900954));
#7663=CARTESIAN_POINT('',(-0.021,0.0195900161881832,0.109257732645514));
#7664=CARTESIAN_POINT('',(-0.021,0.019685033403137,0.109186878654071));
#7665=CARTESIAN_POINT('',(-0.021,0.0199097745009467,0.109023162725733));
#7666=CARTESIAN_POINT('',(-0.021,0.0200394875576549,0.108930307448475));
#7667=CARTESIAN_POINT('',(-0.021,0.0203322485853034,0.108721678903811));
#7668=CARTESIAN_POINT('',(-0.021,0.0205170194630594,0.108594781355994));
#7669=CARTESIAN_POINT('',(-0.021,0.0208368249926715,0.108377116914973));
#7670=CARTESIAN_POINT('',(-0.021,0.0208368249926715,0.108377116914973));
#7671=CARTESIAN_POINT('',(-0.021,0.0199829666342954,0.10700937829518));
#7672=CARTESIAN_POINT('',(-0.0217271291300665,0.0181854885390321,0.104130118304332));
#7673=CARTESIAN_POINT('',(-0.0238885369341895,0.0167470559578129,0.101825989318532));
#7674=CARTESIAN_POINT('',(-0.0251345078322514,0.0162051036952817,0.100957872221268));
#7675=CARTESIAN_POINT('',(-0.0111591217521626,0.0267878521772677,0.101945221792542));
#7676=CARTESIAN_POINT('',(-0.0102466301285541,0.0266944191608202,0.102416009342795));
#7677=CARTESIAN_POINT('',(-0.0093055595655816,0.0265577244236818,0.102882176096218));
#7678=CARTESIAN_POINT('',(-0.00738358657560506,0.0261927178962314,0.10378795039148));
#7679=CARTESIAN_POINT('',(-0.00639232154276152,0.0259652019240272,0.1042281751993));
#7680=CARTESIAN_POINT('',(-0.00494479943782614,0.0255519847455782,0.104851297490512));
#7681=CARTESIAN_POINT('',(-0.00446634324430563,0.0254033888081757,0.10505356559562));
#7682=CARTESIAN_POINT('',(-0.00368193878914691,0.0251692826331029,0.10535119167297));
#7683=CARTESIAN_POINT('',(-0.00341823227090661,0.0250885234313048,0.105448739289482));
#7684=CARTESIAN_POINT('',(-0.00289701163009313,0.0249210756850658,0.105639702257923));
#7685=CARTESIAN_POINT('',(-0.00263372888061913,0.024834595742585,0.105733305723682));
#7686=CARTESIAN_POINT('',(-0.00228709463802336,0.0246991131789184,0.105869085584879));
#7687=CARTESIAN_POINT('',(-0.00218553016761511,0.0246528204272227,0.105913413270946));
#7688=CARTESIAN_POINT('',(-0.0019565827536349,0.0245603106608377,0.10600226026215));
#7689=CARTESIAN_POINT('',(-0.00182851448917311,0.0245140299246743,0.106046730913326));
#7690=CARTESIAN_POINT('',(-0.00144320384909863,0.0243732715642813,0.106178571344135));
#7691=CARTESIAN_POINT('',(-0.00118829029676438,0.024276898156953,0.106264374825046));
#7692=CARTESIAN_POINT('',(-0.000629686136409779,0.0240592801509046,0.106448879088763));
#7693=CARTESIAN_POINT('',(-0.000326025613277393,0.0239355858249652,0.106547554849761));
#7694=CARTESIAN_POINT('',(-2.85952816836755E-5,0.0238099488374603,0.106642388061838));
#7695=CARTESIAN_POINT('',(-0.0106610836376265,0.0209333373894085,0.10797180216046));
#7696=CARTESIAN_POINT('',(-0.00981764620355575,0.0211239559554272,0.107989069153459));
#7697=CARTESIAN_POINT('',(-0.00894945048087909,0.0213074611209569,0.107990202923735));
#7698=CARTESIAN_POINT('',(-0.0071541019593981,0.0216434391551638,0.10797454253026));
#7699=CARTESIAN_POINT('',(-0.00622070169742059,0.0217957411598551,0.10795869008973));
#7700=CARTESIAN_POINT('',(-0.00483581418301252,0.0219828914932801,0.107921670680055));
#7701=CARTESIAN_POINT('',(-0.00437646010103779,0.0220388921772595,0.107908174260031));
#7702=CARTESIAN_POINT('',(-0.00361628611631034,0.0221158486959797,0.107890607112217));
#7703=CARTESIAN_POINT('',(-0.00336026390763661,0.0221396427008313,0.10788435603837));
#7704=CARTESIAN_POINT('',(-0.00285283411283714,0.0221828521256585,0.10787038816643));
#7705=CARTESIAN_POINT('',(-0.00259574903242075,0.0222024469117817,0.107862889198056));
#7706=CARTESIAN_POINT('',(-0.00225658998360527,0.0222272131439813,0.107849016939752));
#7707=CARTESIAN_POINT('',(-0.00215726333155329,0.0222345428794389,0.107843784432077));
#7708=CARTESIAN_POINT('',(-0.00193282400376278,0.0222492698310415,0.107834435423224));
#7709=CARTESIAN_POINT('',(-0.00180703099624494,0.0222566219800952,0.107830257425269));
#7710=CARTESIAN_POINT('',(-0.00142830537135983,0.0222770633106184,0.107817315552777));
#7711=CARTESIAN_POINT('',(-0.00117698151645079,0.0222885769805855,0.107808144053329));
#7712=CARTESIAN_POINT('',(-0.000625154388147038,0.0223093356660024,0.107786853791082));
#7713=CARTESIAN_POINT('',(-0.000323371785779964,0.0223176491869465,0.107774298374907));
#7714=CARTESIAN_POINT('',(-2.7319633664797E-5,0.0223230311659447,0.107761245281793));
#7715=CARTESIAN_POINT('',(-0.0130846383317343,0.0277085742134964,0.112338220019295));
#7716=CARTESIAN_POINT('',(-0.0118923106539069,0.0274773027421815,0.112189173143325));
#7717=CARTESIAN_POINT('',(-0.0106940748884665,0.0271955407188031,0.112002259345803));
#7718=CARTESIAN_POINT('',(-0.00831510550574491,0.0265572320997274,0.111553651909599));
#7719=CARTESIAN_POINT('',(-0.00712317650667846,0.0262018191707014,0.111292748454126));
#7720=CARTESIAN_POINT('',(-0.0054295630744729,0.0256288767333967,0.110843236477217));
#7721=CARTESIAN_POINT('',(-0.00487750497272743,0.0254327981557507,0.110684829937894));
#7722=CARTESIAN_POINT('',(-0.00399019099146495,0.0251389823166638,0.110439726233724));
#7723=CARTESIAN_POINT('',(-0.0036942882378467,0.0250399941561182,0.110355880834254));
#7724=CARTESIAN_POINT('',(-0.0031137744722588,0.0248396223145483,0.110183364961054));
#7725=CARTESIAN_POINT('',(-0.00282303196568607,0.0247384871036261,0.110094918276835));
#7726=CARTESIAN_POINT('',(-0.00244176599349214,0.0245836502763284,0.109957180362597));
#7727=CARTESIAN_POINT('',(-0.00233009539609654,0.0245313177881736,0.109910236866621));
#7728=CARTESIAN_POINT('',(-0.00208019784224813,0.0244280232584611,0.109816790634185));
#7729=CARTESIAN_POINT('',(-0.00194130051355044,0.0243769771251277,0.109770222558589));
#7730=CARTESIAN_POINT('',(-0.0015252032044544,0.0242234731570075,0.109629010878412));
#7731=CARTESIAN_POINT('',(-0.00125216036870502,0.0241206876017576,0.109532877434532));
#7732=CARTESIAN_POINT('',(-0.000658724831793438,0.0238937885136331,0.109316966998479));
#7733=CARTESIAN_POINT('',(-0.000339531299602746,0.0237683218946753,0.109195049050823));
#7734=CARTESIAN_POINT('',(-2.99050525042937E-5,0.0236441712444419,0.109071897958364));
#7735=CARTESIAN_POINT('',(-0.0111591217521626,0.0267878521772677,0.101945221792542));
#7736=CARTESIAN_POINT('',(-0.0111068046656308,0.0261728567626234,0.102578292068483));
#7737=CARTESIAN_POINT('',(-0.0110905191157433,0.025053458045203,0.104215244093516));
#7738=CARTESIAN_POINT('',(-0.0114960359419146,0.0245427521510351,0.107497349831459));
#7739=CARTESIAN_POINT('',(-0.0122680863430359,0.0256165340045646,0.110571176955884));
#7740=CARTESIAN_POINT('',(-0.0128300527549574,0.0269968603087704,0.111879543756802));
#7741=CARTESIAN_POINT('',(-0.0130846383317343,0.0277085742134964,0.112338220019295));
#7742=CARTESIAN_POINT('',(-0.0251345078322513,0.0162051036952837,0.100957872221266));
#7743=CARTESIAN_POINT('',(-0.025128131491199,0.0163849345488278,0.100851780650598));
#7744=CARTESIAN_POINT('',(-0.0251133425767312,0.01663564944056,0.100706521148737));
#7745=CARTESIAN_POINT('',(-0.0250531625731315,0.0171592282872893,0.100419480067949));
#7746=CARTESIAN_POINT('',(-0.025009801217072,0.0174260141278909,0.100280427039868));
#7747=CARTESIAN_POINT('',(-0.0248942989413181,0.0179721994032079,0.100010598662419));
#7748=CARTESIAN_POINT('',(-0.0248210593438631,0.0182551694332981,0.0998782117813261));
#7749=CARTESIAN_POINT('',(-0.0246479884755174,0.0188166550219368,0.0996307080150509));
#7750=CARTESIAN_POINT('',(-0.0245489488045135,0.0190939783217231,0.0995158946934274));
#7751=CARTESIAN_POINT('',(-0.02421495028728,0.0199213483126335,0.099193718538009));
#7752=CARTESIAN_POINT('',(-0.0239413970041302,0.0204689139522383,0.099008215216855));
#7753=CARTESIAN_POINT('',(-0.0233151290688638,0.0215257983360311,0.0986982296657594));
#7754=CARTESIAN_POINT('',(-0.0229615298611618,0.0220396270224695,0.0985715201253088));
#7755=CARTESIAN_POINT('',(-0.0221558444679593,0.0230606445852022,0.0983649053304097));
#7756=CARTESIAN_POINT('',(-0.0217056891705082,0.0235654359371272,0.0982855503122289));
#7757=CARTESIAN_POINT('',(-0.0209330828387224,0.0243234572545611,0.0982048779722487));
#7758=CARTESIAN_POINT('',(-0.0206529817322449,0.0245805862406773,0.0981845368104993));
#7759=CARTESIAN_POINT('',(-0.0201417161324961,0.0250195650929046,0.0981647632253185));
#7760=CARTESIAN_POINT('',(-0.0199031591546622,0.025209761601122,0.0981638179837153));
#7761=CARTESIAN_POINT('',(-0.0192685271600151,0.0256889459867043,0.0981785044123127));
#7762=CARTESIAN_POINT('',(-0.0189568129682687,0.0258862152031477,0.0982107465735033));
#7763=CARTESIAN_POINT('',(-0.0187525472004478,0.0259969863142992,0.0982521161255579));
#7764=CARTESIAN_POINT('',(-0.0187226061848366,0.0260110856040299,0.0982604578433453));
#7765=CARTESIAN_POINT('',(-0.0186558130086783,0.0260438192117166,0.0982774907923373));
#7766=CARTESIAN_POINT('',(-0.0186217807284565,0.0260604134786523,0.0982861696113789));
#7767=CARTESIAN_POINT('',(-0.0185177503164486,0.0261108327450835,0.0983127345020636));
#7768=CARTESIAN_POINT('',(-0.0184458183365551,0.0261452955230671,0.0983311482005146));
#7769=CARTESIAN_POINT('',(-0.0183712443482672,0.0261804684939441,0.0983503843765763));
#7770=CARTESIAN_POINT('',(-0.021000000000791,0.0180034650253906,0.103838546993027));
#7771=CARTESIAN_POINT('',(-0.0209848014778472,0.0180855868029254,0.103800296593842));
#7772=CARTESIAN_POINT('',(-0.0209578893054246,0.0182019733629348,0.10375049347651));
#7773=CARTESIAN_POINT('',(-0.0208790140380109,0.0184469668755251,0.103662212131977));
#7774=CARTESIAN_POINT('',(-0.0208291136215046,0.0185726976984843,0.103623834971055));
#7775=CARTESIAN_POINT('',(-0.0207057263911419,0.0188305805395897,0.103560752819193));
#7776=CARTESIAN_POINT('',(-0.0206309144169809,0.0189646217147904,0.103535923711593));
#7777=CARTESIAN_POINT('',(-0.0204599194079846,0.0192294333471504,0.103504135848359));
#7778=CARTESIAN_POINT('',(-0.0203642621421979,0.0193597747212656,0.103497034333681));
#7779=CARTESIAN_POINT('',(-0.0200455527056744,0.0197457573018624,0.103502610221963));
#7780=CARTESIAN_POINT('',(-0.0197892214997366,0.0199956808632535,0.103543724269973));
#7781=CARTESIAN_POINT('',(-0.0192118512456326,0.0204511482468542,0.103702769525788));
#7782=CARTESIAN_POINT('',(-0.0188864068199004,0.0206600300034927,0.103821939310626));
#7783=CARTESIAN_POINT('',(-0.0181589171399834,0.0210241875887135,0.104155918528494));
#7784=CARTESIAN_POINT('',(-0.0177524392286146,0.0211791675555975,0.104374080706674));
#7785=CARTESIAN_POINT('',(-0.0170923246272656,0.0213347784481131,0.104799572345805));
#7786=CARTESIAN_POINT('',(-0.0168552622175927,0.0213729524218063,0.10496576864855));
#7787=CARTESIAN_POINT('',(-0.016438840369993,0.0214084208103966,0.105282150422705));
#7788=CARTESIAN_POINT('',(-0.016253485957964,0.0214076198888063,0.105435990611885));
#7789=CARTESIAN_POINT('',(-0.0157774450136747,0.0213733273222553,0.105856982597812));
#7790=CARTESIAN_POINT('',(-0.015586159773554,0.0213105818249498,0.106065624799922));
#7791=CARTESIAN_POINT('',(-0.0154821044718224,0.0212584321415046,0.10618755289765));
#7792=CARTESIAN_POINT('',(-0.015469331546591,0.021249439083085,0.10620373611798));
#7793=CARTESIAN_POINT('',(-0.0154393279466049,0.0212298775745006,0.106241342503053));
#7794=CARTESIAN_POINT('',(-0.0154241597233415,0.021219737647118,0.106260612791145));
#7795=CARTESIAN_POINT('',(-0.0153781887192333,0.0211881159801959,0.106319910177215));
#7796=CARTESIAN_POINT('',(-0.0153470304894746,0.0211655010415823,0.106361288452226));
#7797=CARTESIAN_POINT('',(-0.0153157176033484,0.0211411748067896,0.106404423017606));
#7798=CARTESIAN_POINT('',(-0.021,0.020836825002021,0.108377116907164));
#7799=CARTESIAN_POINT('',(-0.0210000000000352,0.0208785947583723,0.108376140137934));
#7800=CARTESIAN_POINT('',(-0.0209987501872396,0.0209435026881584,0.108381479277056));
#7801=CARTESIAN_POINT('',(-0.0209912588748088,0.0210929702333015,0.108411957907381));
#7802=CARTESIAN_POINT('',(-0.0209853818607973,0.0211751413932119,0.10843521759705));
#7803=CARTESIAN_POINT('',(-0.0209689503726797,0.0213580384001762,0.10850064989535));
#7804=CARTESIAN_POINT('',(-0.0209582187502744,0.0214603135459572,0.108543676312397));
#7805=CARTESIAN_POINT('',(-0.0209323685248558,0.0216799871656448,0.108647999145783));
#7806=CARTESIAN_POINT('',(-0.0209173780103438,0.0217966263799049,0.10870872390313));
#7807=CARTESIAN_POINT('',(-0.0208662302902148,0.0221713115629587,0.108917690585704));
#7808=CARTESIAN_POINT('',(-0.0208236151102153,0.0224559610882351,0.109094314874469));
#7809=CARTESIAN_POINT('',(-0.0207246026766282,0.0230890505343254,0.109507049459707));
#7810=CARTESIAN_POINT('',(-0.0206680707037,0.0234388743999545,0.109743929045173));
#7811=CARTESIAN_POINT('',(-0.0205376186480029,0.0242377448898307,0.110284942940171));
#7812=CARTESIAN_POINT('',(-0.0204640218532812,0.0246849139287006,0.110588029526011));
#7813=CARTESIAN_POINT('',(-0.0203362508467849,0.0254581843162255,0.111093533435177));
#7814=CARTESIAN_POINT('',(-0.0202896953162377,0.0257398999078406,0.111274442297937));
#7815=CARTESIAN_POINT('',(-0.0202043326834127,0.0262452948827724,0.111591082127987));
#7816=CARTESIAN_POINT('',(-0.0201642995118677,0.0264770376400992,0.111732423153854));
#7817=CARTESIAN_POINT('',(-0.0200572825938273,0.027075306333871,0.112090072791732));
#7818=CARTESIAN_POINT('',(-0.0200039263795371,0.0273403087095027,0.112238496771513));
#7819=CARTESIAN_POINT('',(-0.0199682777445666,0.0274679091206355,0.112306078546977));
#7820=CARTESIAN_POINT('',(-0.0199629826344336,0.0274816056247219,0.112312672918537));
#7821=CARTESIAN_POINT('',(-0.019951190684689,0.0275159195528684,0.11232991222856));
#7822=CARTESIAN_POINT('',(-0.0199451713025813,0.0275335269890981,0.112338793422821));
#7823=CARTESIAN_POINT('',(-0.0199267352689045,0.0275876712435885,0.112366202333137));
#7824=CARTESIAN_POINT('',(-0.0199139409695096,0.0276255312147892,0.112385495979211));
#7825=CARTESIAN_POINT('',(-0.0199006226458685,0.0276650546758363,0.112405747887236));
#7826=CARTESIAN_POINT('',(-0.0199006226460614,0.0276650546752639,0.112405747886943));
#7827=CARTESIAN_POINT('',(-0.0193563677665664,0.0268906322131325,0.111693355740582));
#7828=CARTESIAN_POINT('',(-0.0183156126172503,0.0254392724012294,0.109816311234729));
#7829=CARTESIAN_POINT('',(-0.0173854193566835,0.024273500471333,0.105848367363659));
#7830=CARTESIAN_POINT('',(-0.0174237860953869,0.0245735655098791,0.101620205679841));
#7831=CARTESIAN_POINT('',(-0.01800853556359,0.0255822750406382,0.0993064455791866));
#7832=CARTESIAN_POINT('',(-0.0183712443493472,0.0261804684934347,0.0983503843762977));
#7833=CARTESIAN_POINT('',(-0.0157999358489872,0.0268564895275967,0.0994387192263011));
#7834=CARTESIAN_POINT('',(-0.0150598771669308,0.0269104044241144,0.0998579275633829));
#7835=CARTESIAN_POINT('',(-0.0142574695298066,0.0269461123869922,0.100289451345071));
#7836=CARTESIAN_POINT('',(-0.0127194983896531,0.0269217702212194,0.101121971755057));
#7837=CARTESIAN_POINT('',(-0.0119705274318292,0.0268709346710586,0.101526588150598));
#7838=CARTESIAN_POINT('',(-0.0111591217521625,0.0267878521772677,0.101945221792542));
#7839=CARTESIAN_POINT('',(-0.0153003493260114,0.0201631430692927,0.107117240442507));
#7840=CARTESIAN_POINT('',(-0.014574292778944,0.0203671065403882,0.107230078799343));
#7841=CARTESIAN_POINT('',(-0.0137787561994664,0.0205583866605915,0.107359784073205));
#7842=CARTESIAN_POINT('',(-0.0122359022684122,0.0208144547030234,0.107646599131082));
#7843=CARTESIAN_POINT('',(-0.0114694202437895,0.0208918069145604,0.107803115647587));
#7844=CARTESIAN_POINT('',(-0.0106610836353652,0.0209333373853513,0.10797180216543));
#7845=CARTESIAN_POINT('',(-0.019399999993775,0.027843840001174,0.112428541659294));
#7846=CARTESIAN_POINT('',(-0.0183541072196044,0.027854029857728,0.112435588076826));
#7847=CARTESIAN_POINT('',(-0.0172459590668162,0.0278562349412815,0.112437056699335));
#7848=CARTESIAN_POINT('',(-0.0151500211406115,0.0278130027970767,0.112407304070898));
#7849=CARTESIAN_POINT('',(-0.0141457824139659,0.0277717743770235,0.112378950451218));
#7850=CARTESIAN_POINT('',(-0.0130846383317343,0.0277085742180394,0.112338220022223));
#7851=CARTESIAN_POINT('',(-0.0157999358489872,0.0268564895275967,0.0994387192263011));
#7852=CARTESIAN_POINT('',(-0.0157447629048406,0.0261172949870828,0.100286713723164));
#7853=CARTESIAN_POINT('',(-0.0157967193037963,0.0247939056563712,0.102408549469339));
#7854=CARTESIAN_POINT('',(-0.0165867987127392,0.0241836965952852,0.106455107008155));
#7855=CARTESIAN_POINT('',(-0.0179569417581905,0.0253863663952907,0.110203106724374));
#7856=CARTESIAN_POINT('',(-0.0189472459923943,0.0269956052243317,0.111841976345975));
#7857=CARTESIAN_POINT('',(-0.019399999993775,0.027843840001174,0.112428541659294));
#7858=CARTESIAN_POINT('',(-0.0183712443482673,0.0261804684939442,0.0983503843765763));
#7859=CARTESIAN_POINT('',(-0.0181295210571077,0.0262944777693011,0.0984127363011348));
#7860=CARTESIAN_POINT('',(-0.0178131079162624,0.0264380465650765,0.0984938461092424));
#7861=CARTESIAN_POINT('',(-0.0174378278404619,0.0265747263953,0.098619601148748));
#7862=CARTESIAN_POINT('',(-0.0173251556756398,0.0266102322450958,0.0986623560011099));
#7863=CARTESIAN_POINT('',(-0.0171247968591298,0.0266640625530506,0.0987474561068526));
#7864=CARTESIAN_POINT('',(-0.0170406221145875,0.0266807443902629,0.0987891838978644));
#7865=CARTESIAN_POINT('',(-0.016594130678652,0.0267694161603629,0.09900742148185));
#7866=CARTESIAN_POINT('',(-0.016210370273763,0.0268265884765725,0.0992062274878689));
#7867=CARTESIAN_POINT('',(-0.0157999358489872,0.0268564895275967,0.0994387192263011));
#7868=CARTESIAN_POINT('',(-0.0153157175807414,0.0211411748009353,0.106404423041957));
#7869=CARTESIAN_POINT('',(-0.0152879165457354,0.0210795635077166,0.10646592986871));
#7870=CARTESIAN_POINT('',(-0.0152666497494101,0.0210054834900569,0.10653450760132));
#7871=CARTESIAN_POINT('',(-0.0152480135299818,0.0208934382774209,0.106627531456479));
#7872=CARTESIAN_POINT('',(-0.0152434875985358,0.0208556227242401,0.106657487621767));
#7873=CARTESIAN_POINT('',(-0.0152362885174106,0.0207800072470582,0.106715470368138));
#7874=CARTESIAN_POINT('',(-0.0152333291483418,0.0207426224884373,0.106743229646981));
#7875=CARTESIAN_POINT('',(-0.0152260069399868,0.0205453903447298,0.106886061101469));
#7876=CARTESIAN_POINT('',(-0.0152434095370773,0.0203654067751755,0.10700403384179));
#7877=CARTESIAN_POINT('',(-0.0153003493309411,0.0201631430658813,0.107117240443069));
#7878=CARTESIAN_POINT('',(-0.0199006226458686,0.0276650547046086,0.112405747905779));
#7879=CARTESIAN_POINT('',(-0.0198577366001163,0.0276976643622253,0.11240995602651));
#7880=CARTESIAN_POINT('',(-0.0198004349942354,0.0277418094514177,0.112419898637945));
#7881=CARTESIAN_POINT('',(-0.019730787410866,0.0277814451535766,0.112427512976174));
#7882=CARTESIAN_POINT('',(-0.0197095159571442,0.0277912405407003,0.112428987407448));
#7883=CARTESIAN_POINT('',(-0.0196709867827484,0.0278047766300838,0.112429601702159));
#7884=CARTESIAN_POINT('',(-0.0196543590305564,0.0278078690469467,0.112428389421552));
#7885=CARTESIAN_POINT('',(-0.0195658139204265,0.0278260883371141,0.11242480274312));
#7886=CARTESIAN_POINT('',(-0.0194873645952122,0.0278381887724402,0.112424633761509));
#7887=CARTESIAN_POINT('',(-0.0193999999990624,0.0278438400011741,0.112428541659294));
#7888=CARTESIAN_POINT('',(0.,0.,0.11250999866702));
#7889=MECHANICAL_DESIGN_GEOMETRIC_PRESENTATION_REPRESENTATION('',(#3539),
#7890);
#7890=(
GEOMETRIC_REPRESENTATION_CONTEXT(3)
GLOBAL_UNCERTAINTY_ASSIGNED_CONTEXT((#7891))
GLOBAL_UNIT_ASSIGNED_CONTEXT((#7894,#7893,#7892))
REPRESENTATION_CONTEXT('Fixing','TOP_LEVEL_ASSEMBLY_PART')
);
#7891=UNCERTAINTY_MEASURE_WITH_UNIT(LENGTH_MEASURE(2.E-5),#7894,
'DISTANCE_ACCURACY_VALUE','Maximum Tolerance applied to model');
#7892=(
NAMED_UNIT(*)
SI_UNIT($,.STERADIAN.)
SOLID_ANGLE_UNIT()
);
#7893=(
NAMED_UNIT(*)
PLANE_ANGLE_UNIT()
SI_UNIT($,.RADIAN.)
);
#7894=(
LENGTH_UNIT()
NAMED_UNIT(*)
SI_UNIT($,.METRE.)
);
#7895=PRODUCT_DEFINITION_SHAPE('','',#7896);
#7896=PRODUCT_DEFINITION('','',#7898,#7897);
#7897=PRODUCT_DEFINITION_CONTEXT('',#7904,'design');
#7898=PRODUCT_DEFINITION_FORMATION_WITH_SPECIFIED_SOURCE('','',#7900,
 .NOT_KNOWN.);
#7899=PRODUCT_RELATED_PRODUCT_CATEGORY('','',(#7900));
#7900=PRODUCT('Fixing','Fixing','Fixing',(#7902));
#7901=PRODUCT_CATEGORY('','');
#7902=PRODUCT_CONTEXT('',#7904,'mechanical');
#7903=APPLICATION_PROTOCOL_DEFINITION('international standard',
'ap242_managed_model_based_3d_engineering',2011,#7904);
#7904=APPLICATION_CONTEXT('managed model based 3d engineering');
ENDSEC;
END-ISO-10303-21;
