ISO-10303-21;
HEADER;
/* Generated by software containing ST-Developer
 * from STEP Tools, Inc. (www.steptools.com) 
 */
/* OPTION: using custom renumber hook */

FILE_DESCRIPTION(
/* description */ ('STEP AP242 Edition 2',
'CAx-IF Rec.Pracs.---Representation and Presentation of Product Manufa
cturing Information (PMI)---4.0---2014-10-13',
'CAx-IF Rec.Pracs.---3D Tessellated Geometry---0.4---2014-09-14','2;1',
'CAx-IF Rec.Pracs.---User Defined Attributes---1.5---2016-08-15'),
/* implementation_level */ '2;1');

FILE_NAME(
/* name */ '697ddc406e726e9cae577094',
/* time_stamp */ '2026-01-31T10:41:05Z',
/* author */ (''),
/* organization */ (''),
/* preprocessor_version */ 'ST-DEVELOPER v20',
/* originating_system */ 'ONSHAPE BY PTC INC, 1.210',
/* authorisation */ '  ');

FILE_SCHEMA (('AP242_MANAGED_MODEL_BASED_3D_ENGINEERING_MIM_LF { 1 0 10303 442 3 1 4 }'));
ENDSEC;

DATA;
#10=SHAPE_REPRESENTATION_RELATIONSHIP('','',#3042,#11);
#11=ADVANCED_BREP_SHAPE_REPRESENTATION('',(#3040),#5747);
#12=CYLINDRICAL_SURFACE('',#3502,0.015);
#13=CYLINDRICAL_SURFACE('',#3506,0.03);
#14=CYLINDRICAL_SURFACE('',#3517,0.00155);
#15=CYLINDRICAL_SURFACE('',#3519,0.00155);
#16=CYLINDRICAL_SURFACE('',#3521,0.00155);
#17=CYLINDRICAL_SURFACE('',#3523,0.00155);
#18=CYLINDRICAL_SURFACE('',#3525,0.003);
#19=CYLINDRICAL_SURFACE('',#3528,0.003);
#20=CYLINDRICAL_SURFACE('',#3531,0.003);
#21=CYLINDRICAL_SURFACE('',#3534,0.003);
#22=TOROIDAL_SURFACE('',#3327,0.03347546497126,0.00159999999999993);
#23=TOROIDAL_SURFACE('',#3331,0.0329832109895826,0.0016);
#24=TOROIDAL_SURFACE('',#3335,0.0344982102074492,0.0016);
#25=TOROIDAL_SURFACE('',#3339,0.0350916471505019,0.00159999999999997);
#26=TOROIDAL_SURFACE('',#3343,0.0347476691383868,0.00160000000000003);
#27=TOROIDAL_SURFACE('',#3352,0.03347546497126,0.00159999999999993);
#28=TOROIDAL_SURFACE('',#3356,0.0329832109895826,0.0016);
#29=TOROIDAL_SURFACE('',#3360,0.0344982102074492,0.0016);
#30=TOROIDAL_SURFACE('',#3364,0.0350916471505019,0.00159999999999997);
#31=TOROIDAL_SURFACE('',#3368,0.0347476691383868,0.00160000000000003);
#32=TOROIDAL_SURFACE('',#3377,0.03347546497126,0.00159999999999993);
#33=TOROIDAL_SURFACE('',#3381,0.0329832109895826,0.0016);
#34=TOROIDAL_SURFACE('',#3385,0.0344982102074492,0.0016);
#35=TOROIDAL_SURFACE('',#3389,0.0350916471505019,0.00159999999999997);
#36=TOROIDAL_SURFACE('',#3393,0.0347476691383868,0.00160000000000003);
#37=TOROIDAL_SURFACE('',#3402,0.03347546497126,0.00159999999999993);
#38=TOROIDAL_SURFACE('',#3406,0.0329832109895826,0.0016);
#39=TOROIDAL_SURFACE('',#3410,0.0344982102074492,0.0016);
#40=TOROIDAL_SURFACE('',#3414,0.0350916471505019,0.00159999999999997);
#41=TOROIDAL_SURFACE('',#3418,0.0347476691383868,0.00160000000000003);
#42=TOROIDAL_SURFACE('',#3427,0.03347546497126,0.00159999999999993);
#43=TOROIDAL_SURFACE('',#3431,0.0329832109895826,0.0016);
#44=TOROIDAL_SURFACE('',#3435,0.0344982102074492,0.0016);
#45=TOROIDAL_SURFACE('',#3439,0.0350916471505019,0.00159999999999997);
#46=TOROIDAL_SURFACE('',#3443,0.0347476691383868,0.00160000000000003);
#47=TOROIDAL_SURFACE('',#3452,0.03347546497126,0.00159999999999993);
#48=TOROIDAL_SURFACE('',#3456,0.0329832109895826,0.0016);
#49=TOROIDAL_SURFACE('',#3460,0.0344982102074492,0.0016);
#50=TOROIDAL_SURFACE('',#3464,0.0350916471505019,0.00159999999999997);
#51=TOROIDAL_SURFACE('',#3468,0.0347476691383868,0.00160000000000003);
#52=TOROIDAL_SURFACE('',#3477,0.03347546497126,0.00159999999999993);
#53=TOROIDAL_SURFACE('',#3481,0.0329832109895826,0.0016);
#54=TOROIDAL_SURFACE('',#3485,0.0344982102074492,0.0016);
#55=TOROIDAL_SURFACE('',#3489,0.0350916471505019,0.00159999999999997);
#56=TOROIDAL_SURFACE('',#3493,0.0347476691383868,0.00160000000000003);
#57=TOROIDAL_SURFACE('',#3514,0.0347154144437309,0.005);
#58=TOROIDAL_SURFACE('',#3516,0.0200000000000003,0.01);
#59=TOROIDAL_SURFACE('',#3537,0.0347476691383868,0.00160000000000003);
#60=TOROIDAL_SURFACE('',#3542,0.03347546497126,0.00159999999999993);
#61=TOROIDAL_SURFACE('',#3547,0.0329832109895826,0.0016);
#62=TOROIDAL_SURFACE('',#3552,0.0344982102074492,0.0016);
#63=TOROIDAL_SURFACE('',#3557,0.0350916471505019,0.00159999999999997);
#64=TOROIDAL_SURFACE('',#3586,0.023,0.008);
#65=PLANE('',#3278);
#66=PLANE('',#3285);
#67=PLANE('',#3292);
#68=PLANE('',#3299);
#69=PLANE('',#3306);
#70=PLANE('',#3313);
#71=PLANE('',#3320);
#72=PLANE('',#3330);
#73=PLANE('',#3334);
#74=PLANE('',#3338);
#75=PLANE('',#3342);
#76=PLANE('',#3346);
#77=PLANE('',#3347);
#78=PLANE('',#3348);
#79=PLANE('',#3349);
#80=PLANE('',#3350);
#81=PLANE('',#3351);
#82=PLANE('',#3355);
#83=PLANE('',#3359);
#84=PLANE('',#3363);
#85=PLANE('',#3367);
#86=PLANE('',#3371);
#87=PLANE('',#3372);
#88=PLANE('',#3373);
#89=PLANE('',#3374);
#90=PLANE('',#3375);
#91=PLANE('',#3376);
#92=PLANE('',#3380);
#93=PLANE('',#3384);
#94=PLANE('',#3388);
#95=PLANE('',#3392);
#96=PLANE('',#3396);
#97=PLANE('',#3397);
#98=PLANE('',#3398);
#99=PLANE('',#3399);
#100=PLANE('',#3400);
#101=PLANE('',#3401);
#102=PLANE('',#3405);
#103=PLANE('',#3409);
#104=PLANE('',#3413);
#105=PLANE('',#3417);
#106=PLANE('',#3421);
#107=PLANE('',#3422);
#108=PLANE('',#3423);
#109=PLANE('',#3424);
#110=PLANE('',#3425);
#111=PLANE('',#3426);
#112=PLANE('',#3430);
#113=PLANE('',#3434);
#114=PLANE('',#3438);
#115=PLANE('',#3442);
#116=PLANE('',#3446);
#117=PLANE('',#3447);
#118=PLANE('',#3448);
#119=PLANE('',#3449);
#120=PLANE('',#3450);
#121=PLANE('',#3451);
#122=PLANE('',#3455);
#123=PLANE('',#3459);
#124=PLANE('',#3463);
#125=PLANE('',#3467);
#126=PLANE('',#3471);
#127=PLANE('',#3472);
#128=PLANE('',#3473);
#129=PLANE('',#3474);
#130=PLANE('',#3475);
#131=PLANE('',#3476);
#132=PLANE('',#3480);
#133=PLANE('',#3484);
#134=PLANE('',#3488);
#135=PLANE('',#3492);
#136=PLANE('',#3496);
#137=PLANE('',#3497);
#138=PLANE('',#3498);
#139=PLANE('',#3499);
#140=PLANE('',#3500);
#141=PLANE('',#3501);
#142=PLANE('',#3505);
#143=PLANE('',#3509);
#144=PLANE('',#3527);
#145=PLANE('',#3530);
#146=PLANE('',#3533);
#147=PLANE('',#3536);
#148=PLANE('',#3540);
#149=PLANE('',#3541);
#150=PLANE('',#3545);
#151=PLANE('',#3546);
#152=PLANE('',#3550);
#153=PLANE('',#3551);
#154=PLANE('',#3555);
#155=PLANE('',#3556);
#156=PLANE('',#3560);
#157=PLANE('',#3561);
#158=PLANE('',#3563);
#159=PLANE('',#3564);
#160=PLANE('',#3566);
#161=PLANE('',#3567);
#162=PLANE('',#3569);
#163=PLANE('',#3570);
#164=PLANE('',#3572);
#165=PLANE('',#3573);
#166=PLANE('',#3575);
#167=PLANE('',#3576);
#168=PLANE('',#3578);
#169=PLANE('',#3579);
#170=PLANE('',#3581);
#171=PLANE('',#3582);
#172=PLANE('',#3584);
#173=PLANE('',#3585);
#174=B_SPLINE_CURVE_WITH_KNOTS('',3,(#5152,#5153,#5154,#5155,#5156,#5157,
#5158,#5159,#5160,#5161,#5162,#5163,#5164,#5165,#5166,#5167,#5168,#5169),
 .UNSPECIFIED.,.T.,.F.,(1,1,1,1,1,1,1,1,1,1,1,1,1,1,1,1,1,1,1,1,1,1),(-0.00414037658789039,
-0.00276025105859356,-0.00138012552929672,1.08887585243378E-16,0.00138012552929694,
0.00276025105859378,0.00552050211718744,0.00690062764648428,0.00828075317578111,
0.00966087870507794,0.0110410042343748,0.0124211297636716,0.0138012552929684,
0.0151813808222653,0.0165615063515621,0.0179416318808589,0.0193217574101558,
0.0207018829394526,0.0220820084687494,0.0234621339980463,0.0248422595273431,
0.0276025105859368),.UNSPECIFIED.);
#175=B_SPLINE_CURVE_WITH_KNOTS('',3,(#5171,#5172,#5173,#5174,#5175,#5176,
#5177,#5178,#5179,#5180,#5181,#5182,#5183,#5184,#5185,#5186,#5187,#5188),
 .UNSPECIFIED.,.T.,.F.,(1,1,1,1,1,1,1,1,1,1,1,1,1,1,1,1,1,1,1,1,1,1),(-0.00555587567408659,
-0.00277793783704324,-0.00138896891852157,9.78390191933269E-17,0.00138896891852177,
0.00277793783704344,0.00416690675556511,0.00555587567408679,0.00694484459260846,
0.00833381351113013,0.0097227824296518,0.0111117513481735,0.0125007202666951,
0.0138896891852168,0.0152786581037385,0.0166676270222602,0.0194455648593035,
0.0208345337778252,0.0222235026963469,0.0236124716148685,0.0250014405333902,
0.0263904094519119),.UNSPECIFIED.);
#176=B_SPLINE_CURVE_WITH_KNOTS('',3,(#5190,#5191,#5192,#5193,#5194,#5195,
#5196,#5197,#5198,#5199,#5200,#5201,#5202,#5203,#5204,#5205,#5206,#5207),
 .UNSPECIFIED.,.T.,.F.,(1,1,1,1,1,1,1,1,1,1,1,1,1,1,1,1,1,1,1,1,1,1),(-0.00555587567408618,
-0.00277793783704303,-0.00138896891852145,1.2639695701163E-16,0.0013889689185217,
0.00277793783704328,0.00416690675556486,0.00555587567408644,0.00694484459260801,
0.00833381351112959,0.00972278242965117,0.0111117513481727,0.0125007202666943,
0.0138896891852159,0.0152786581037375,0.0166676270222591,0.0194455648593022,
0.0208345337778238,0.0222235026963454,0.0236124716148669,0.0250014405333885,
0.0263904094519101),.UNSPECIFIED.);
#177=B_SPLINE_CURVE_WITH_KNOTS('',3,(#5209,#5210,#5211,#5212,#5213,#5214,
#5215,#5216,#5217,#5218,#5219,#5220,#5221,#5222,#5223,#5224,#5225,#5226),
 .UNSPECIFIED.,.T.,.F.,(1,1,1,1,1,1,1,1,1,1,1,1,1,1,1,1,1,1,1,1,1,1),(-0.0041403765878902,
-0.00276025105859343,-0.00138012552929667,8.69613954422191E-17,0.00138012552929685,
0.00276025105859361,0.00552050211718713,0.00690062764648389,0.00828075317578066,
0.00966087870507742,0.0110410042343742,0.0124211297636709,0.0138012552929677,
0.0151813808222645,0.0165615063515612,0.017941631880858,0.0193217574101548,
0.0207018829394515,0.0220820084687483,0.023462133998045,0.0248422595273418,
0.0276025105859353),.UNSPECIFIED.);
#178=SPHERICAL_SURFACE('',#3047,0.0396);
#179=SPHERICAL_SURFACE('',#3080,0.0359999999999971);
#180=CIRCLE('',#3045,0.0404013210102463);
#181=CIRCLE('',#3046,0.0395457295762811);
#182=CIRCLE('',#3048,0.0308235518379316);
#183=CIRCLE('',#3049,0.0396);
#184=CIRCLE('',#3050,0.0396);
#185=CIRCLE('',#3051,0.0355548018194123);
#186=CIRCLE('',#3052,0.0396);
#187=CIRCLE('',#3053,0.0395457295762811);
#188=CIRCLE('',#3054,0.0396);
#189=CIRCLE('',#3055,0.0355548018194123);
#190=CIRCLE('',#3056,0.0396);
#191=CIRCLE('',#3057,0.0395457295762811);
#192=CIRCLE('',#3058,0.0396);
#193=CIRCLE('',#3059,0.0355548018194123);
#194=CIRCLE('',#3060,0.0396);
#195=CIRCLE('',#3061,0.0395457295762811);
#196=CIRCLE('',#3062,0.0396);
#197=CIRCLE('',#3063,0.0355548018194123);
#198=CIRCLE('',#3064,0.0396);
#199=CIRCLE('',#3065,0.0395457295762811);
#200=CIRCLE('',#3066,0.0396);
#201=CIRCLE('',#3067,0.0355548018194123);
#202=CIRCLE('',#3068,0.0396);
#203=CIRCLE('',#3069,0.0395457295762811);
#204=CIRCLE('',#3070,0.0396);
#205=CIRCLE('',#3071,0.0355548018194123);
#206=CIRCLE('',#3072,0.0396);
#207=CIRCLE('',#3073,0.0395457295762811);
#208=CIRCLE('',#3074,0.0396);
#209=CIRCLE('',#3075,0.0355548018194123);
#210=CIRCLE('',#3076,0.0396);
#211=CIRCLE('',#3077,0.0395457295762811);
#212=CIRCLE('',#3078,0.0396);
#213=CIRCLE('',#3079,0.0355548018194123);
#214=CIRCLE('',#3081,0.0188181818181812);
#215=CIRCLE('',#3082,0.0354246411755017);
#216=CIRCLE('',#3083,0.036);
#217=CIRCLE('',#3084,0.0358032717680127);
#218=CIRCLE('',#3085,0.036);
#219=CIRCLE('',#3086,0.0339072409244007);
#220=CIRCLE('',#3087,0.0359999999999926);
#221=CIRCLE('',#3088,0.0347128295390441);
#222=CIRCLE('',#3089,0.0359999999999926);
#223=CIRCLE('',#3090,0.0342636436806572);
#224=CIRCLE('',#3091,0.0359999999999974);
#225=CIRCLE('',#3092,0.033347374244231);
#226=CIRCLE('',#3093,0.0359999999999974);
#227=CIRCLE('',#3094,0.0356052549518617);
#228=CIRCLE('',#3095,0.0359999999999969);
#229=CIRCLE('',#3096,0.0351113017062845);
#230=CIRCLE('',#3097,0.0359999999999969);
#231=CIRCLE('',#3098,0.0359957310902157);
#232=CIRCLE('',#3099,0.0359999999999912);
#233=CIRCLE('',#3100,0.0359372891744211);
#234=CIRCLE('',#3101,0.0359999999999912);
#235=CIRCLE('',#3102,0.0354246411755017);
#236=CIRCLE('',#3103,0.036);
#237=CIRCLE('',#3104,0.0358032717680127);
#238=CIRCLE('',#3105,0.036);
#239=CIRCLE('',#3106,0.0339072409244007);
#240=CIRCLE('',#3107,0.0359999999999926);
#241=CIRCLE('',#3108,0.0347128295390441);
#242=CIRCLE('',#3109,0.0359999999999926);
#243=CIRCLE('',#3110,0.0342636436806572);
#244=CIRCLE('',#3111,0.0359999999999974);
#245=CIRCLE('',#3112,0.033347374244231);
#246=CIRCLE('',#3113,0.0359999999999974);
#247=CIRCLE('',#3114,0.0356052549518617);
#248=CIRCLE('',#3115,0.0359999999999969);
#249=CIRCLE('',#3116,0.0351113017062845);
#250=CIRCLE('',#3117,0.0359999999999969);
#251=CIRCLE('',#3118,0.0359957310902157);
#252=CIRCLE('',#3119,0.0359999999999912);
#253=CIRCLE('',#3120,0.0359372891744211);
#254=CIRCLE('',#3121,0.0359999999999912);
#255=CIRCLE('',#3122,0.0354246411755017);
#256=CIRCLE('',#3123,0.036);
#257=CIRCLE('',#3124,0.0358032717680127);
#258=CIRCLE('',#3125,0.036);
#259=CIRCLE('',#3126,0.0339072409244007);
#260=CIRCLE('',#3127,0.0359999999999926);
#261=CIRCLE('',#3128,0.0347128295390441);
#262=CIRCLE('',#3129,0.0359999999999926);
#263=CIRCLE('',#3130,0.0342636436806572);
#264=CIRCLE('',#3131,0.0359999999999974);
#265=CIRCLE('',#3132,0.033347374244231);
#266=CIRCLE('',#3133,0.0359999999999974);
#267=CIRCLE('',#3134,0.0356052549518617);
#268=CIRCLE('',#3135,0.0359999999999969);
#269=CIRCLE('',#3136,0.0351113017062845);
#270=CIRCLE('',#3137,0.0359999999999969);
#271=CIRCLE('',#3138,0.0359957310902157);
#272=CIRCLE('',#3139,0.0359999999999912);
#273=CIRCLE('',#3140,0.0359372891744211);
#274=CIRCLE('',#3141,0.0359999999999912);
#275=CIRCLE('',#3142,0.0354246411755017);
#276=CIRCLE('',#3143,0.036);
#277=CIRCLE('',#3144,0.0358032717680127);
#278=CIRCLE('',#3145,0.036);
#279=CIRCLE('',#3146,0.0339072409244007);
#280=CIRCLE('',#3147,0.0359999999999926);
#281=CIRCLE('',#3148,0.0347128295390441);
#282=CIRCLE('',#3149,0.0359999999999926);
#283=CIRCLE('',#3150,0.0342636436806572);
#284=CIRCLE('',#3151,0.0359999999999974);
#285=CIRCLE('',#3152,0.033347374244231);
#286=CIRCLE('',#3153,0.0359999999999974);
#287=CIRCLE('',#3154,0.0356052549518617);
#288=CIRCLE('',#3155,0.0359999999999969);
#289=CIRCLE('',#3156,0.0351113017062845);
#290=CIRCLE('',#3157,0.0359999999999969);
#291=CIRCLE('',#3158,0.0359957310902157);
#292=CIRCLE('',#3159,0.0359999999999912);
#293=CIRCLE('',#3160,0.0359372891744211);
#294=CIRCLE('',#3161,0.0359999999999912);
#295=CIRCLE('',#3162,0.0354246411755017);
#296=CIRCLE('',#3163,0.036);
#297=CIRCLE('',#3164,0.0358032717680127);
#298=CIRCLE('',#3165,0.036);
#299=CIRCLE('',#3166,0.0339072409244007);
#300=CIRCLE('',#3167,0.0359999999999926);
#301=CIRCLE('',#3168,0.0347128295390441);
#302=CIRCLE('',#3169,0.0359999999999926);
#303=CIRCLE('',#3170,0.0342636436806572);
#304=CIRCLE('',#3171,0.0359999999999974);
#305=CIRCLE('',#3172,0.033347374244231);
#306=CIRCLE('',#3173,0.0359999999999974);
#307=CIRCLE('',#3174,0.0356052549518617);
#308=CIRCLE('',#3175,0.0359999999999969);
#309=CIRCLE('',#3176,0.0351113017062845);
#310=CIRCLE('',#3177,0.0359999999999969);
#311=CIRCLE('',#3178,0.0359957310902157);
#312=CIRCLE('',#3179,0.0359999999999912);
#313=CIRCLE('',#3180,0.0359372891744211);
#314=CIRCLE('',#3181,0.0359999999999912);
#315=CIRCLE('',#3182,0.0354246411755017);
#316=CIRCLE('',#3183,0.036);
#317=CIRCLE('',#3184,0.0358032717680127);
#318=CIRCLE('',#3185,0.036);
#319=CIRCLE('',#3186,0.0339072409244007);
#320=CIRCLE('',#3187,0.0359999999999926);
#321=CIRCLE('',#3188,0.0347128295390441);
#322=CIRCLE('',#3189,0.0359999999999926);
#323=CIRCLE('',#3190,0.0342636436806572);
#324=CIRCLE('',#3191,0.0359999999999974);
#325=CIRCLE('',#3192,0.033347374244231);
#326=CIRCLE('',#3193,0.0359999999999974);
#327=CIRCLE('',#3194,0.0356052549518617);
#328=CIRCLE('',#3195,0.0359999999999969);
#329=CIRCLE('',#3196,0.0351113017062845);
#330=CIRCLE('',#3197,0.0359999999999969);
#331=CIRCLE('',#3198,0.0359957310902157);
#332=CIRCLE('',#3199,0.0359999999999912);
#333=CIRCLE('',#3200,0.0359372891744211);
#334=CIRCLE('',#3201,0.0359999999999912);
#335=CIRCLE('',#3202,0.0354246411755017);
#336=CIRCLE('',#3203,0.036);
#337=CIRCLE('',#3204,0.0358032717680127);
#338=CIRCLE('',#3205,0.036);
#339=CIRCLE('',#3206,0.0339072409244007);
#340=CIRCLE('',#3207,0.0359999999999926);
#341=CIRCLE('',#3208,0.0347128295390441);
#342=CIRCLE('',#3209,0.0359999999999926);
#343=CIRCLE('',#3210,0.0342636436806572);
#344=CIRCLE('',#3211,0.0359999999999974);
#345=CIRCLE('',#3212,0.033347374244231);
#346=CIRCLE('',#3213,0.0359999999999974);
#347=CIRCLE('',#3214,0.0356052549518617);
#348=CIRCLE('',#3215,0.0359999999999969);
#349=CIRCLE('',#3216,0.0351113017062845);
#350=CIRCLE('',#3217,0.0359999999999969);
#351=CIRCLE('',#3218,0.0359957310902157);
#352=CIRCLE('',#3219,0.0359999999999912);
#353=CIRCLE('',#3220,0.0359372891744211);
#354=CIRCLE('',#3221,0.0359999999999912);
#355=CIRCLE('',#3222,0.0359957310902157);
#356=CIRCLE('',#3223,0.0359999999999912);
#357=CIRCLE('',#3224,0.0359372891744211);
#358=CIRCLE('',#3225,0.0359999999999912);
#359=CIRCLE('',#3226,0.0356052549518617);
#360=CIRCLE('',#3227,0.0359999999999969);
#361=CIRCLE('',#3228,0.0351113017062845);
#362=CIRCLE('',#3229,0.0359999999999969);
#363=CIRCLE('',#3230,0.0342636436806572);
#364=CIRCLE('',#3231,0.0359999999999974);
#365=CIRCLE('',#3232,0.033347374244231);
#366=CIRCLE('',#3233,0.0359999999999974);
#367=CIRCLE('',#3234,0.0339072409244007);
#368=CIRCLE('',#3235,0.0359999999999926);
#369=CIRCLE('',#3236,0.0347128295390441);
#370=CIRCLE('',#3237,0.0359999999999926);
#371=CIRCLE('',#3238,0.0354246411755017);
#372=CIRCLE('',#3239,0.036);
#373=CIRCLE('',#3240,0.0358032717680127);
#374=CIRCLE('',#3241,0.036);
#375=CIRCLE('',#3242,0.036);
#376=CIRCLE('',#3243,0.0323225471085567);
#377=CIRCLE('',#3244,0.036);
#378=CIRCLE('',#3245,0.0327503389784049);
#379=CIRCLE('',#3246,0.036);
#380=CIRCLE('',#3247,0.0323225471085567);
#381=CIRCLE('',#3248,0.036);
#382=CIRCLE('',#3249,0.0327503389784049);
#383=CIRCLE('',#3250,0.036);
#384=CIRCLE('',#3251,0.0323225471085567);
#385=CIRCLE('',#3252,0.036);
#386=CIRCLE('',#3253,0.0327503389784049);
#387=CIRCLE('',#3254,0.036);
#388=CIRCLE('',#3255,0.0323225471085567);
#389=CIRCLE('',#3256,0.036);
#390=CIRCLE('',#3257,0.0327503389784049);
#391=CIRCLE('',#3258,0.036);
#392=CIRCLE('',#3259,0.0323225471085567);
#393=CIRCLE('',#3260,0.036);
#394=CIRCLE('',#3261,0.0327503389784049);
#395=CIRCLE('',#3262,0.036);
#396=CIRCLE('',#3263,0.0323225471085567);
#397=CIRCLE('',#3264,0.036);
#398=CIRCLE('',#3265,0.0327503389784049);
#399=CIRCLE('',#3266,0.036);
#400=CIRCLE('',#3267,0.0323225471085567);
#401=CIRCLE('',#3268,0.036);
#402=CIRCLE('',#3269,0.0327503389784049);
#403=CIRCLE('',#3270,0.036);
#404=CIRCLE('',#3271,0.0323225471085567);
#405=CIRCLE('',#3272,0.036);
#406=CIRCLE('',#3273,0.0327503389784049);
#407=CIRCLE('',#3275,0.0333225471085542);
#408=CIRCLE('',#3277,0.038885058540235);
#409=CIRCLE('',#3279,0.0333225471085542);
#410=CIRCLE('',#3281,0.0404013210102463);
#411=CIRCLE('',#3284,0.038885058540235);
#412=CIRCLE('',#3286,0.0333225471085542);
#413=CIRCLE('',#3288,0.0404013210102463);
#414=CIRCLE('',#3291,0.038885058540235);
#415=CIRCLE('',#3293,0.0333225471085542);
#416=CIRCLE('',#3295,0.0404013210102463);
#417=CIRCLE('',#3298,0.038885058540235);
#418=CIRCLE('',#3300,0.0333225471085542);
#419=CIRCLE('',#3302,0.0404013210102463);
#420=CIRCLE('',#3305,0.038885058540235);
#421=CIRCLE('',#3307,0.0333225471085542);
#422=CIRCLE('',#3309,0.0404013210102463);
#423=CIRCLE('',#3312,0.038885058540235);
#424=CIRCLE('',#3314,0.0333225471085542);
#425=CIRCLE('',#3316,0.0404013210102463);
#426=CIRCLE('',#3318,0.038885058540235);
#427=CIRCLE('',#3321,0.0333225471085542);
#428=CIRCLE('',#3323,0.0404013210102463);
#429=CIRCLE('',#3325,0.038885058540235);
#430=CIRCLE('',#3328,0.00159999999999993);
#431=CIRCLE('',#3329,0.00159999999999993);
#432=CIRCLE('',#3332,0.0016);
#433=CIRCLE('',#3333,0.0016);
#434=CIRCLE('',#3336,0.0016);
#435=CIRCLE('',#3337,0.0016);
#436=CIRCLE('',#3340,0.00159999999999997);
#437=CIRCLE('',#3341,0.00159999999999997);
#438=CIRCLE('',#3344,0.00160000000000003);
#439=CIRCLE('',#3345,0.00160000000000003);
#440=CIRCLE('',#3353,0.00159999999999993);
#441=CIRCLE('',#3354,0.00159999999999993);
#442=CIRCLE('',#3357,0.0016);
#443=CIRCLE('',#3358,0.0016);
#444=CIRCLE('',#3361,0.0016);
#445=CIRCLE('',#3362,0.0016);
#446=CIRCLE('',#3365,0.00159999999999997);
#447=CIRCLE('',#3366,0.00159999999999997);
#448=CIRCLE('',#3369,0.00160000000000003);
#449=CIRCLE('',#3370,0.00160000000000003);
#450=CIRCLE('',#3378,0.00159999999999993);
#451=CIRCLE('',#3379,0.00159999999999993);
#452=CIRCLE('',#3382,0.0016);
#453=CIRCLE('',#3383,0.0016);
#454=CIRCLE('',#3386,0.0016);
#455=CIRCLE('',#3387,0.0016);
#456=CIRCLE('',#3390,0.00159999999999997);
#457=CIRCLE('',#3391,0.00159999999999997);
#458=CIRCLE('',#3394,0.00160000000000003);
#459=CIRCLE('',#3395,0.00160000000000003);
#460=CIRCLE('',#3403,0.00159999999999993);
#461=CIRCLE('',#3404,0.00159999999999993);
#462=CIRCLE('',#3407,0.0016);
#463=CIRCLE('',#3408,0.0016);
#464=CIRCLE('',#3411,0.0016);
#465=CIRCLE('',#3412,0.0016);
#466=CIRCLE('',#3415,0.00159999999999997);
#467=CIRCLE('',#3416,0.00159999999999997);
#468=CIRCLE('',#3419,0.00160000000000003);
#469=CIRCLE('',#3420,0.00160000000000003);
#470=CIRCLE('',#3428,0.00159999999999993);
#471=CIRCLE('',#3429,0.00159999999999993);
#472=CIRCLE('',#3432,0.0016);
#473=CIRCLE('',#3433,0.0016);
#474=CIRCLE('',#3436,0.0016);
#475=CIRCLE('',#3437,0.0016);
#476=CIRCLE('',#3440,0.00159999999999997);
#477=CIRCLE('',#3441,0.00159999999999997);
#478=CIRCLE('',#3444,0.00160000000000003);
#479=CIRCLE('',#3445,0.00160000000000003);
#480=CIRCLE('',#3453,0.00159999999999993);
#481=CIRCLE('',#3454,0.00159999999999993);
#482=CIRCLE('',#3457,0.0016);
#483=CIRCLE('',#3458,0.0016);
#484=CIRCLE('',#3461,0.0016);
#485=CIRCLE('',#3462,0.0016);
#486=CIRCLE('',#3465,0.00159999999999997);
#487=CIRCLE('',#3466,0.00159999999999997);
#488=CIRCLE('',#3469,0.00160000000000003);
#489=CIRCLE('',#3470,0.00160000000000003);
#490=CIRCLE('',#3478,0.00159999999999993);
#491=CIRCLE('',#3479,0.00159999999999993);
#492=CIRCLE('',#3482,0.0016);
#493=CIRCLE('',#3483,0.0016);
#494=CIRCLE('',#3486,0.0016);
#495=CIRCLE('',#3487,0.0016);
#496=CIRCLE('',#3490,0.00159999999999997);
#497=CIRCLE('',#3491,0.00159999999999997);
#498=CIRCLE('',#3494,0.00160000000000003);
#499=CIRCLE('',#3495,0.00160000000000003);
#500=CIRCLE('',#3503,0.015);
#501=CIRCLE('',#3504,0.015);
#502=CIRCLE('',#3507,0.03);
#503=CIRCLE('',#3508,0.03);
#504=CIRCLE('',#3510,0.00155);
#505=CIRCLE('',#3511,0.00155);
#506=CIRCLE('',#3512,0.00155);
#507=CIRCLE('',#3513,0.00155);
#508=CIRCLE('',#3515,0.0298102762958209);
#509=CIRCLE('',#3518,0.00155);
#510=CIRCLE('',#3520,0.00155);
#511=CIRCLE('',#3522,0.00155);
#512=CIRCLE('',#3524,0.00155);
#513=CIRCLE('',#3526,0.003);
#514=CIRCLE('',#3529,0.003);
#515=CIRCLE('',#3532,0.003);
#516=CIRCLE('',#3535,0.003);
#517=CIRCLE('',#3538,0.00160000000000003);
#518=CIRCLE('',#3539,0.00160000000000003);
#519=CIRCLE('',#3543,0.00159999999999993);
#520=CIRCLE('',#3544,0.00159999999999993);
#521=CIRCLE('',#3548,0.0016);
#522=CIRCLE('',#3549,0.0016);
#523=CIRCLE('',#3553,0.0016);
#524=CIRCLE('',#3554,0.0016);
#525=CIRCLE('',#3558,0.00159999999999997);
#526=CIRCLE('',#3559,0.00159999999999997);
#527=ORIENTED_EDGE('',*,*,#1389,.F.);
#528=ORIENTED_EDGE('',*,*,#1390,.T.);
#529=ORIENTED_EDGE('',*,*,#1391,.T.);
#530=ORIENTED_EDGE('',*,*,#1392,.F.);
#531=ORIENTED_EDGE('',*,*,#1393,.T.);
#532=ORIENTED_EDGE('',*,*,#1394,.F.);
#533=ORIENTED_EDGE('',*,*,#1392,.T.);
#534=ORIENTED_EDGE('',*,*,#1395,.T.);
#535=ORIENTED_EDGE('',*,*,#1396,.T.);
#536=ORIENTED_EDGE('',*,*,#1397,.F.);
#537=ORIENTED_EDGE('',*,*,#1398,.T.);
#538=ORIENTED_EDGE('',*,*,#1399,.T.);
#539=ORIENTED_EDGE('',*,*,#1400,.T.);
#540=ORIENTED_EDGE('',*,*,#1401,.F.);
#541=ORIENTED_EDGE('',*,*,#1402,.T.);
#542=ORIENTED_EDGE('',*,*,#1403,.T.);
#543=ORIENTED_EDGE('',*,*,#1404,.T.);
#544=ORIENTED_EDGE('',*,*,#1405,.F.);
#545=ORIENTED_EDGE('',*,*,#1406,.T.);
#546=ORIENTED_EDGE('',*,*,#1407,.T.);
#547=ORIENTED_EDGE('',*,*,#1408,.T.);
#548=ORIENTED_EDGE('',*,*,#1409,.F.);
#549=ORIENTED_EDGE('',*,*,#1410,.T.);
#550=ORIENTED_EDGE('',*,*,#1411,.T.);
#551=ORIENTED_EDGE('',*,*,#1412,.T.);
#552=ORIENTED_EDGE('',*,*,#1413,.F.);
#553=ORIENTED_EDGE('',*,*,#1414,.T.);
#554=ORIENTED_EDGE('',*,*,#1415,.T.);
#555=ORIENTED_EDGE('',*,*,#1416,.T.);
#556=ORIENTED_EDGE('',*,*,#1417,.F.);
#557=ORIENTED_EDGE('',*,*,#1418,.T.);
#558=ORIENTED_EDGE('',*,*,#1419,.T.);
#559=ORIENTED_EDGE('',*,*,#1420,.T.);
#560=ORIENTED_EDGE('',*,*,#1421,.F.);
#561=ORIENTED_EDGE('',*,*,#1422,.T.);
#562=ORIENTED_EDGE('',*,*,#1423,.T.);
#563=ORIENTED_EDGE('',*,*,#1424,.T.);
#564=ORIENTED_EDGE('',*,*,#1425,.T.);
#565=ORIENTED_EDGE('',*,*,#1426,.F.);
#566=ORIENTED_EDGE('',*,*,#1427,.T.);
#567=ORIENTED_EDGE('',*,*,#1428,.T.);
#568=ORIENTED_EDGE('',*,*,#1429,.F.);
#569=ORIENTED_EDGE('',*,*,#1430,.F.);
#570=ORIENTED_EDGE('',*,*,#1431,.T.);
#571=ORIENTED_EDGE('',*,*,#1432,.T.);
#572=ORIENTED_EDGE('',*,*,#1433,.F.);
#573=ORIENTED_EDGE('',*,*,#1434,.F.);
#574=ORIENTED_EDGE('',*,*,#1435,.T.);
#575=ORIENTED_EDGE('',*,*,#1436,.T.);
#576=ORIENTED_EDGE('',*,*,#1437,.F.);
#577=ORIENTED_EDGE('',*,*,#1438,.F.);
#578=ORIENTED_EDGE('',*,*,#1439,.T.);
#579=ORIENTED_EDGE('',*,*,#1440,.T.);
#580=ORIENTED_EDGE('',*,*,#1441,.F.);
#581=ORIENTED_EDGE('',*,*,#1442,.F.);
#582=ORIENTED_EDGE('',*,*,#1443,.T.);
#583=ORIENTED_EDGE('',*,*,#1444,.T.);
#584=ORIENTED_EDGE('',*,*,#1445,.F.);
#585=ORIENTED_EDGE('',*,*,#1446,.F.);
#586=ORIENTED_EDGE('',*,*,#1447,.T.);
#587=ORIENTED_EDGE('',*,*,#1448,.T.);
#588=ORIENTED_EDGE('',*,*,#1449,.F.);
#589=ORIENTED_EDGE('',*,*,#1450,.F.);
#590=ORIENTED_EDGE('',*,*,#1451,.T.);
#591=ORIENTED_EDGE('',*,*,#1452,.T.);
#592=ORIENTED_EDGE('',*,*,#1453,.F.);
#593=ORIENTED_EDGE('',*,*,#1454,.F.);
#594=ORIENTED_EDGE('',*,*,#1455,.T.);
#595=ORIENTED_EDGE('',*,*,#1456,.T.);
#596=ORIENTED_EDGE('',*,*,#1457,.F.);
#597=ORIENTED_EDGE('',*,*,#1458,.F.);
#598=ORIENTED_EDGE('',*,*,#1459,.T.);
#599=ORIENTED_EDGE('',*,*,#1460,.T.);
#600=ORIENTED_EDGE('',*,*,#1461,.F.);
#601=ORIENTED_EDGE('',*,*,#1462,.F.);
#602=ORIENTED_EDGE('',*,*,#1463,.T.);
#603=ORIENTED_EDGE('',*,*,#1464,.T.);
#604=ORIENTED_EDGE('',*,*,#1465,.F.);
#605=ORIENTED_EDGE('',*,*,#1466,.F.);
#606=ORIENTED_EDGE('',*,*,#1467,.T.);
#607=ORIENTED_EDGE('',*,*,#1468,.T.);
#608=ORIENTED_EDGE('',*,*,#1469,.F.);
#609=ORIENTED_EDGE('',*,*,#1470,.F.);
#610=ORIENTED_EDGE('',*,*,#1471,.T.);
#611=ORIENTED_EDGE('',*,*,#1472,.T.);
#612=ORIENTED_EDGE('',*,*,#1473,.F.);
#613=ORIENTED_EDGE('',*,*,#1474,.F.);
#614=ORIENTED_EDGE('',*,*,#1475,.T.);
#615=ORIENTED_EDGE('',*,*,#1476,.T.);
#616=ORIENTED_EDGE('',*,*,#1477,.F.);
#617=ORIENTED_EDGE('',*,*,#1478,.F.);
#618=ORIENTED_EDGE('',*,*,#1479,.T.);
#619=ORIENTED_EDGE('',*,*,#1480,.T.);
#620=ORIENTED_EDGE('',*,*,#1481,.F.);
#621=ORIENTED_EDGE('',*,*,#1482,.F.);
#622=ORIENTED_EDGE('',*,*,#1483,.T.);
#623=ORIENTED_EDGE('',*,*,#1484,.T.);
#624=ORIENTED_EDGE('',*,*,#1485,.F.);
#625=ORIENTED_EDGE('',*,*,#1486,.F.);
#626=ORIENTED_EDGE('',*,*,#1487,.T.);
#627=ORIENTED_EDGE('',*,*,#1488,.T.);
#628=ORIENTED_EDGE('',*,*,#1489,.F.);
#629=ORIENTED_EDGE('',*,*,#1490,.F.);
#630=ORIENTED_EDGE('',*,*,#1491,.T.);
#631=ORIENTED_EDGE('',*,*,#1492,.T.);
#632=ORIENTED_EDGE('',*,*,#1493,.F.);
#633=ORIENTED_EDGE('',*,*,#1494,.F.);
#634=ORIENTED_EDGE('',*,*,#1495,.T.);
#635=ORIENTED_EDGE('',*,*,#1496,.T.);
#636=ORIENTED_EDGE('',*,*,#1497,.F.);
#637=ORIENTED_EDGE('',*,*,#1498,.F.);
#638=ORIENTED_EDGE('',*,*,#1499,.T.);
#639=ORIENTED_EDGE('',*,*,#1500,.T.);
#640=ORIENTED_EDGE('',*,*,#1501,.F.);
#641=ORIENTED_EDGE('',*,*,#1502,.F.);
#642=ORIENTED_EDGE('',*,*,#1503,.T.);
#643=ORIENTED_EDGE('',*,*,#1504,.T.);
#644=ORIENTED_EDGE('',*,*,#1505,.F.);
#645=ORIENTED_EDGE('',*,*,#1506,.F.);
#646=ORIENTED_EDGE('',*,*,#1507,.T.);
#647=ORIENTED_EDGE('',*,*,#1508,.T.);
#648=ORIENTED_EDGE('',*,*,#1509,.F.);
#649=ORIENTED_EDGE('',*,*,#1510,.F.);
#650=ORIENTED_EDGE('',*,*,#1511,.T.);
#651=ORIENTED_EDGE('',*,*,#1512,.T.);
#652=ORIENTED_EDGE('',*,*,#1513,.F.);
#653=ORIENTED_EDGE('',*,*,#1514,.F.);
#654=ORIENTED_EDGE('',*,*,#1515,.T.);
#655=ORIENTED_EDGE('',*,*,#1516,.T.);
#656=ORIENTED_EDGE('',*,*,#1517,.F.);
#657=ORIENTED_EDGE('',*,*,#1518,.F.);
#658=ORIENTED_EDGE('',*,*,#1519,.T.);
#659=ORIENTED_EDGE('',*,*,#1520,.T.);
#660=ORIENTED_EDGE('',*,*,#1521,.F.);
#661=ORIENTED_EDGE('',*,*,#1522,.F.);
#662=ORIENTED_EDGE('',*,*,#1523,.T.);
#663=ORIENTED_EDGE('',*,*,#1524,.T.);
#664=ORIENTED_EDGE('',*,*,#1525,.F.);
#665=ORIENTED_EDGE('',*,*,#1526,.F.);
#666=ORIENTED_EDGE('',*,*,#1527,.T.);
#667=ORIENTED_EDGE('',*,*,#1528,.T.);
#668=ORIENTED_EDGE('',*,*,#1529,.F.);
#669=ORIENTED_EDGE('',*,*,#1530,.F.);
#670=ORIENTED_EDGE('',*,*,#1531,.T.);
#671=ORIENTED_EDGE('',*,*,#1532,.T.);
#672=ORIENTED_EDGE('',*,*,#1533,.F.);
#673=ORIENTED_EDGE('',*,*,#1534,.F.);
#674=ORIENTED_EDGE('',*,*,#1535,.T.);
#675=ORIENTED_EDGE('',*,*,#1536,.T.);
#676=ORIENTED_EDGE('',*,*,#1537,.F.);
#677=ORIENTED_EDGE('',*,*,#1538,.F.);
#678=ORIENTED_EDGE('',*,*,#1539,.T.);
#679=ORIENTED_EDGE('',*,*,#1540,.T.);
#680=ORIENTED_EDGE('',*,*,#1541,.F.);
#681=ORIENTED_EDGE('',*,*,#1542,.F.);
#682=ORIENTED_EDGE('',*,*,#1543,.T.);
#683=ORIENTED_EDGE('',*,*,#1544,.T.);
#684=ORIENTED_EDGE('',*,*,#1545,.F.);
#685=ORIENTED_EDGE('',*,*,#1546,.F.);
#686=ORIENTED_EDGE('',*,*,#1547,.T.);
#687=ORIENTED_EDGE('',*,*,#1548,.T.);
#688=ORIENTED_EDGE('',*,*,#1549,.F.);
#689=ORIENTED_EDGE('',*,*,#1550,.F.);
#690=ORIENTED_EDGE('',*,*,#1551,.T.);
#691=ORIENTED_EDGE('',*,*,#1552,.T.);
#692=ORIENTED_EDGE('',*,*,#1553,.F.);
#693=ORIENTED_EDGE('',*,*,#1554,.F.);
#694=ORIENTED_EDGE('',*,*,#1555,.T.);
#695=ORIENTED_EDGE('',*,*,#1556,.T.);
#696=ORIENTED_EDGE('',*,*,#1557,.F.);
#697=ORIENTED_EDGE('',*,*,#1558,.F.);
#698=ORIENTED_EDGE('',*,*,#1559,.T.);
#699=ORIENTED_EDGE('',*,*,#1560,.T.);
#700=ORIENTED_EDGE('',*,*,#1561,.F.);
#701=ORIENTED_EDGE('',*,*,#1562,.F.);
#702=ORIENTED_EDGE('',*,*,#1563,.T.);
#703=ORIENTED_EDGE('',*,*,#1564,.T.);
#704=ORIENTED_EDGE('',*,*,#1565,.F.);
#705=ORIENTED_EDGE('',*,*,#1566,.F.);
#706=ORIENTED_EDGE('',*,*,#1567,.T.);
#707=ORIENTED_EDGE('',*,*,#1568,.T.);
#708=ORIENTED_EDGE('',*,*,#1569,.F.);
#709=ORIENTED_EDGE('',*,*,#1570,.F.);
#710=ORIENTED_EDGE('',*,*,#1571,.T.);
#711=ORIENTED_EDGE('',*,*,#1572,.T.);
#712=ORIENTED_EDGE('',*,*,#1573,.F.);
#713=ORIENTED_EDGE('',*,*,#1574,.F.);
#714=ORIENTED_EDGE('',*,*,#1575,.T.);
#715=ORIENTED_EDGE('',*,*,#1576,.T.);
#716=ORIENTED_EDGE('',*,*,#1577,.F.);
#717=ORIENTED_EDGE('',*,*,#1578,.F.);
#718=ORIENTED_EDGE('',*,*,#1579,.T.);
#719=ORIENTED_EDGE('',*,*,#1580,.T.);
#720=ORIENTED_EDGE('',*,*,#1581,.F.);
#721=ORIENTED_EDGE('',*,*,#1582,.F.);
#722=ORIENTED_EDGE('',*,*,#1583,.T.);
#723=ORIENTED_EDGE('',*,*,#1584,.T.);
#724=ORIENTED_EDGE('',*,*,#1585,.F.);
#725=ORIENTED_EDGE('',*,*,#1586,.T.);
#726=ORIENTED_EDGE('',*,*,#1587,.T.);
#727=ORIENTED_EDGE('',*,*,#1588,.T.);
#728=ORIENTED_EDGE('',*,*,#1589,.T.);
#729=ORIENTED_EDGE('',*,*,#1590,.F.);
#730=ORIENTED_EDGE('',*,*,#1591,.F.);
#731=ORIENTED_EDGE('',*,*,#1592,.T.);
#732=ORIENTED_EDGE('',*,*,#1593,.T.);
#733=ORIENTED_EDGE('',*,*,#1594,.F.);
#734=ORIENTED_EDGE('',*,*,#1595,.F.);
#735=ORIENTED_EDGE('',*,*,#1596,.T.);
#736=ORIENTED_EDGE('',*,*,#1597,.T.);
#737=ORIENTED_EDGE('',*,*,#1598,.F.);
#738=ORIENTED_EDGE('',*,*,#1599,.F.);
#739=ORIENTED_EDGE('',*,*,#1600,.T.);
#740=ORIENTED_EDGE('',*,*,#1601,.T.);
#741=ORIENTED_EDGE('',*,*,#1602,.F.);
#742=ORIENTED_EDGE('',*,*,#1603,.F.);
#743=ORIENTED_EDGE('',*,*,#1604,.T.);
#744=ORIENTED_EDGE('',*,*,#1605,.T.);
#745=ORIENTED_EDGE('',*,*,#1606,.F.);
#746=ORIENTED_EDGE('',*,*,#1607,.F.);
#747=ORIENTED_EDGE('',*,*,#1608,.T.);
#748=ORIENTED_EDGE('',*,*,#1609,.T.);
#749=ORIENTED_EDGE('',*,*,#1610,.F.);
#750=ORIENTED_EDGE('',*,*,#1611,.F.);
#751=ORIENTED_EDGE('',*,*,#1612,.T.);
#752=ORIENTED_EDGE('',*,*,#1613,.T.);
#753=ORIENTED_EDGE('',*,*,#1614,.F.);
#754=ORIENTED_EDGE('',*,*,#1615,.F.);
#755=ORIENTED_EDGE('',*,*,#1616,.T.);
#756=ORIENTED_EDGE('',*,*,#1617,.T.);
#757=ORIENTED_EDGE('',*,*,#1618,.F.);
#758=ORIENTED_EDGE('',*,*,#1619,.F.);
#759=ORIENTED_EDGE('',*,*,#1620,.T.);
#760=ORIENTED_EDGE('',*,*,#1621,.T.);
#761=ORIENTED_EDGE('',*,*,#1593,.F.);
#762=ORIENTED_EDGE('',*,*,#1622,.T.);
#763=ORIENTED_EDGE('',*,*,#1623,.F.);
#764=ORIENTED_EDGE('',*,*,#1624,.F.);
#765=ORIENTED_EDGE('',*,*,#1390,.F.);
#766=ORIENTED_EDGE('',*,*,#1625,.T.);
#767=ORIENTED_EDGE('',*,*,#1626,.T.);
#768=ORIENTED_EDGE('',*,*,#1627,.F.);
#769=ORIENTED_EDGE('',*,*,#1628,.F.);
#770=ORIENTED_EDGE('',*,*,#1629,.T.);
#771=ORIENTED_EDGE('',*,*,#1630,.T.);
#772=ORIENTED_EDGE('',*,*,#1626,.F.);
#773=ORIENTED_EDGE('',*,*,#1631,.F.);
#774=ORIENTED_EDGE('',*,*,#1632,.T.);
#775=ORIENTED_EDGE('',*,*,#1633,.T.);
#776=ORIENTED_EDGE('',*,*,#1398,.F.);
#777=ORIENTED_EDGE('',*,*,#1634,.F.);
#778=ORIENTED_EDGE('',*,*,#1621,.F.);
#779=ORIENTED_EDGE('',*,*,#1635,.T.);
#780=ORIENTED_EDGE('',*,*,#1629,.F.);
#781=ORIENTED_EDGE('',*,*,#1632,.F.);
#782=ORIENTED_EDGE('',*,*,#1636,.T.);
#783=ORIENTED_EDGE('',*,*,#1637,.T.);
#784=ORIENTED_EDGE('',*,*,#1638,.F.);
#785=ORIENTED_EDGE('',*,*,#1639,.F.);
#786=ORIENTED_EDGE('',*,*,#1640,.T.);
#787=ORIENTED_EDGE('',*,*,#1641,.T.);
#788=ORIENTED_EDGE('',*,*,#1637,.F.);
#789=ORIENTED_EDGE('',*,*,#1642,.F.);
#790=ORIENTED_EDGE('',*,*,#1643,.T.);
#791=ORIENTED_EDGE('',*,*,#1644,.T.);
#792=ORIENTED_EDGE('',*,*,#1402,.F.);
#793=ORIENTED_EDGE('',*,*,#1645,.F.);
#794=ORIENTED_EDGE('',*,*,#1617,.F.);
#795=ORIENTED_EDGE('',*,*,#1646,.T.);
#796=ORIENTED_EDGE('',*,*,#1640,.F.);
#797=ORIENTED_EDGE('',*,*,#1643,.F.);
#798=ORIENTED_EDGE('',*,*,#1647,.T.);
#799=ORIENTED_EDGE('',*,*,#1648,.T.);
#800=ORIENTED_EDGE('',*,*,#1649,.F.);
#801=ORIENTED_EDGE('',*,*,#1650,.F.);
#802=ORIENTED_EDGE('',*,*,#1651,.T.);
#803=ORIENTED_EDGE('',*,*,#1652,.T.);
#804=ORIENTED_EDGE('',*,*,#1648,.F.);
#805=ORIENTED_EDGE('',*,*,#1653,.F.);
#806=ORIENTED_EDGE('',*,*,#1654,.T.);
#807=ORIENTED_EDGE('',*,*,#1655,.T.);
#808=ORIENTED_EDGE('',*,*,#1406,.F.);
#809=ORIENTED_EDGE('',*,*,#1656,.F.);
#810=ORIENTED_EDGE('',*,*,#1613,.F.);
#811=ORIENTED_EDGE('',*,*,#1657,.T.);
#812=ORIENTED_EDGE('',*,*,#1651,.F.);
#813=ORIENTED_EDGE('',*,*,#1654,.F.);
#814=ORIENTED_EDGE('',*,*,#1658,.T.);
#815=ORIENTED_EDGE('',*,*,#1659,.T.);
#816=ORIENTED_EDGE('',*,*,#1660,.F.);
#817=ORIENTED_EDGE('',*,*,#1661,.F.);
#818=ORIENTED_EDGE('',*,*,#1662,.T.);
#819=ORIENTED_EDGE('',*,*,#1663,.T.);
#820=ORIENTED_EDGE('',*,*,#1659,.F.);
#821=ORIENTED_EDGE('',*,*,#1664,.F.);
#822=ORIENTED_EDGE('',*,*,#1665,.T.);
#823=ORIENTED_EDGE('',*,*,#1666,.T.);
#824=ORIENTED_EDGE('',*,*,#1410,.F.);
#825=ORIENTED_EDGE('',*,*,#1667,.F.);
#826=ORIENTED_EDGE('',*,*,#1609,.F.);
#827=ORIENTED_EDGE('',*,*,#1668,.T.);
#828=ORIENTED_EDGE('',*,*,#1662,.F.);
#829=ORIENTED_EDGE('',*,*,#1665,.F.);
#830=ORIENTED_EDGE('',*,*,#1669,.T.);
#831=ORIENTED_EDGE('',*,*,#1670,.T.);
#832=ORIENTED_EDGE('',*,*,#1671,.F.);
#833=ORIENTED_EDGE('',*,*,#1672,.F.);
#834=ORIENTED_EDGE('',*,*,#1673,.T.);
#835=ORIENTED_EDGE('',*,*,#1674,.T.);
#836=ORIENTED_EDGE('',*,*,#1670,.F.);
#837=ORIENTED_EDGE('',*,*,#1675,.F.);
#838=ORIENTED_EDGE('',*,*,#1676,.T.);
#839=ORIENTED_EDGE('',*,*,#1677,.T.);
#840=ORIENTED_EDGE('',*,*,#1414,.F.);
#841=ORIENTED_EDGE('',*,*,#1678,.F.);
#842=ORIENTED_EDGE('',*,*,#1605,.F.);
#843=ORIENTED_EDGE('',*,*,#1679,.T.);
#844=ORIENTED_EDGE('',*,*,#1673,.F.);
#845=ORIENTED_EDGE('',*,*,#1676,.F.);
#846=ORIENTED_EDGE('',*,*,#1680,.T.);
#847=ORIENTED_EDGE('',*,*,#1681,.T.);
#848=ORIENTED_EDGE('',*,*,#1682,.F.);
#849=ORIENTED_EDGE('',*,*,#1683,.F.);
#850=ORIENTED_EDGE('',*,*,#1684,.T.);
#851=ORIENTED_EDGE('',*,*,#1685,.T.);
#852=ORIENTED_EDGE('',*,*,#1681,.F.);
#853=ORIENTED_EDGE('',*,*,#1686,.F.);
#854=ORIENTED_EDGE('',*,*,#1687,.T.);
#855=ORIENTED_EDGE('',*,*,#1688,.T.);
#856=ORIENTED_EDGE('',*,*,#1418,.F.);
#857=ORIENTED_EDGE('',*,*,#1687,.F.);
#858=ORIENTED_EDGE('',*,*,#1689,.T.);
#859=ORIENTED_EDGE('',*,*,#1690,.T.);
#860=ORIENTED_EDGE('',*,*,#1691,.F.);
#861=ORIENTED_EDGE('',*,*,#1692,.F.);
#862=ORIENTED_EDGE('',*,*,#1601,.F.);
#863=ORIENTED_EDGE('',*,*,#1693,.T.);
#864=ORIENTED_EDGE('',*,*,#1684,.F.);
#865=ORIENTED_EDGE('',*,*,#1694,.F.);
#866=ORIENTED_EDGE('',*,*,#1695,.T.);
#867=ORIENTED_EDGE('',*,*,#1696,.T.);
#868=ORIENTED_EDGE('',*,*,#1690,.F.);
#869=ORIENTED_EDGE('',*,*,#1697,.T.);
#870=ORIENTED_EDGE('',*,*,#1698,.T.);
#871=ORIENTED_EDGE('',*,*,#1422,.F.);
#872=ORIENTED_EDGE('',*,*,#1699,.F.);
#873=ORIENTED_EDGE('',*,*,#1700,.F.);
#874=ORIENTED_EDGE('',*,*,#1697,.F.);
#875=ORIENTED_EDGE('',*,*,#1701,.T.);
#876=ORIENTED_EDGE('',*,*,#1702,.T.);
#877=ORIENTED_EDGE('',*,*,#1703,.F.);
#878=ORIENTED_EDGE('',*,*,#1597,.F.);
#879=ORIENTED_EDGE('',*,*,#1704,.T.);
#880=ORIENTED_EDGE('',*,*,#1695,.F.);
#881=ORIENTED_EDGE('',*,*,#1432,.F.);
#882=ORIENTED_EDGE('',*,*,#1705,.T.);
#883=ORIENTED_EDGE('',*,*,#1430,.T.);
#884=ORIENTED_EDGE('',*,*,#1706,.F.);
#885=ORIENTED_EDGE('',*,*,#1706,.T.);
#886=ORIENTED_EDGE('',*,*,#1433,.T.);
#887=ORIENTED_EDGE('',*,*,#1436,.F.);
#888=ORIENTED_EDGE('',*,*,#1707,.T.);
#889=ORIENTED_EDGE('',*,*,#1434,.T.);
#890=ORIENTED_EDGE('',*,*,#1708,.F.);
#891=ORIENTED_EDGE('',*,*,#1708,.T.);
#892=ORIENTED_EDGE('',*,*,#1437,.T.);
#893=ORIENTED_EDGE('',*,*,#1440,.F.);
#894=ORIENTED_EDGE('',*,*,#1709,.T.);
#895=ORIENTED_EDGE('',*,*,#1438,.T.);
#896=ORIENTED_EDGE('',*,*,#1710,.F.);
#897=ORIENTED_EDGE('',*,*,#1710,.T.);
#898=ORIENTED_EDGE('',*,*,#1441,.T.);
#899=ORIENTED_EDGE('',*,*,#1444,.F.);
#900=ORIENTED_EDGE('',*,*,#1711,.T.);
#901=ORIENTED_EDGE('',*,*,#1442,.T.);
#902=ORIENTED_EDGE('',*,*,#1712,.F.);
#903=ORIENTED_EDGE('',*,*,#1712,.T.);
#904=ORIENTED_EDGE('',*,*,#1445,.T.);
#905=ORIENTED_EDGE('',*,*,#1428,.F.);
#906=ORIENTED_EDGE('',*,*,#1713,.T.);
#907=ORIENTED_EDGE('',*,*,#1426,.T.);
#908=ORIENTED_EDGE('',*,*,#1714,.F.);
#909=ORIENTED_EDGE('',*,*,#1714,.T.);
#910=ORIENTED_EDGE('',*,*,#1429,.T.);
#911=ORIENTED_EDGE('',*,*,#1705,.F.);
#912=ORIENTED_EDGE('',*,*,#1431,.F.);
#913=ORIENTED_EDGE('',*,*,#1707,.F.);
#914=ORIENTED_EDGE('',*,*,#1435,.F.);
#915=ORIENTED_EDGE('',*,*,#1709,.F.);
#916=ORIENTED_EDGE('',*,*,#1439,.F.);
#917=ORIENTED_EDGE('',*,*,#1711,.F.);
#918=ORIENTED_EDGE('',*,*,#1443,.F.);
#919=ORIENTED_EDGE('',*,*,#1713,.F.);
#920=ORIENTED_EDGE('',*,*,#1427,.F.);
#921=ORIENTED_EDGE('',*,*,#1452,.F.);
#922=ORIENTED_EDGE('',*,*,#1715,.T.);
#923=ORIENTED_EDGE('',*,*,#1450,.T.);
#924=ORIENTED_EDGE('',*,*,#1716,.F.);
#925=ORIENTED_EDGE('',*,*,#1716,.T.);
#926=ORIENTED_EDGE('',*,*,#1453,.T.);
#927=ORIENTED_EDGE('',*,*,#1456,.F.);
#928=ORIENTED_EDGE('',*,*,#1717,.T.);
#929=ORIENTED_EDGE('',*,*,#1454,.T.);
#930=ORIENTED_EDGE('',*,*,#1718,.F.);
#931=ORIENTED_EDGE('',*,*,#1718,.T.);
#932=ORIENTED_EDGE('',*,*,#1457,.T.);
#933=ORIENTED_EDGE('',*,*,#1460,.F.);
#934=ORIENTED_EDGE('',*,*,#1719,.T.);
#935=ORIENTED_EDGE('',*,*,#1458,.T.);
#936=ORIENTED_EDGE('',*,*,#1720,.F.);
#937=ORIENTED_EDGE('',*,*,#1720,.T.);
#938=ORIENTED_EDGE('',*,*,#1461,.T.);
#939=ORIENTED_EDGE('',*,*,#1464,.F.);
#940=ORIENTED_EDGE('',*,*,#1721,.T.);
#941=ORIENTED_EDGE('',*,*,#1462,.T.);
#942=ORIENTED_EDGE('',*,*,#1722,.F.);
#943=ORIENTED_EDGE('',*,*,#1722,.T.);
#944=ORIENTED_EDGE('',*,*,#1465,.T.);
#945=ORIENTED_EDGE('',*,*,#1448,.F.);
#946=ORIENTED_EDGE('',*,*,#1723,.T.);
#947=ORIENTED_EDGE('',*,*,#1446,.T.);
#948=ORIENTED_EDGE('',*,*,#1724,.F.);
#949=ORIENTED_EDGE('',*,*,#1724,.T.);
#950=ORIENTED_EDGE('',*,*,#1449,.T.);
#951=ORIENTED_EDGE('',*,*,#1715,.F.);
#952=ORIENTED_EDGE('',*,*,#1451,.F.);
#953=ORIENTED_EDGE('',*,*,#1717,.F.);
#954=ORIENTED_EDGE('',*,*,#1455,.F.);
#955=ORIENTED_EDGE('',*,*,#1719,.F.);
#956=ORIENTED_EDGE('',*,*,#1459,.F.);
#957=ORIENTED_EDGE('',*,*,#1721,.F.);
#958=ORIENTED_EDGE('',*,*,#1463,.F.);
#959=ORIENTED_EDGE('',*,*,#1723,.F.);
#960=ORIENTED_EDGE('',*,*,#1447,.F.);
#961=ORIENTED_EDGE('',*,*,#1472,.F.);
#962=ORIENTED_EDGE('',*,*,#1725,.T.);
#963=ORIENTED_EDGE('',*,*,#1470,.T.);
#964=ORIENTED_EDGE('',*,*,#1726,.F.);
#965=ORIENTED_EDGE('',*,*,#1726,.T.);
#966=ORIENTED_EDGE('',*,*,#1473,.T.);
#967=ORIENTED_EDGE('',*,*,#1476,.F.);
#968=ORIENTED_EDGE('',*,*,#1727,.T.);
#969=ORIENTED_EDGE('',*,*,#1474,.T.);
#970=ORIENTED_EDGE('',*,*,#1728,.F.);
#971=ORIENTED_EDGE('',*,*,#1728,.T.);
#972=ORIENTED_EDGE('',*,*,#1477,.T.);
#973=ORIENTED_EDGE('',*,*,#1480,.F.);
#974=ORIENTED_EDGE('',*,*,#1729,.T.);
#975=ORIENTED_EDGE('',*,*,#1478,.T.);
#976=ORIENTED_EDGE('',*,*,#1730,.F.);
#977=ORIENTED_EDGE('',*,*,#1730,.T.);
#978=ORIENTED_EDGE('',*,*,#1481,.T.);
#979=ORIENTED_EDGE('',*,*,#1484,.F.);
#980=ORIENTED_EDGE('',*,*,#1731,.T.);
#981=ORIENTED_EDGE('',*,*,#1482,.T.);
#982=ORIENTED_EDGE('',*,*,#1732,.F.);
#983=ORIENTED_EDGE('',*,*,#1732,.T.);
#984=ORIENTED_EDGE('',*,*,#1485,.T.);
#985=ORIENTED_EDGE('',*,*,#1468,.F.);
#986=ORIENTED_EDGE('',*,*,#1733,.T.);
#987=ORIENTED_EDGE('',*,*,#1466,.T.);
#988=ORIENTED_EDGE('',*,*,#1734,.F.);
#989=ORIENTED_EDGE('',*,*,#1734,.T.);
#990=ORIENTED_EDGE('',*,*,#1469,.T.);
#991=ORIENTED_EDGE('',*,*,#1725,.F.);
#992=ORIENTED_EDGE('',*,*,#1471,.F.);
#993=ORIENTED_EDGE('',*,*,#1727,.F.);
#994=ORIENTED_EDGE('',*,*,#1475,.F.);
#995=ORIENTED_EDGE('',*,*,#1729,.F.);
#996=ORIENTED_EDGE('',*,*,#1479,.F.);
#997=ORIENTED_EDGE('',*,*,#1731,.F.);
#998=ORIENTED_EDGE('',*,*,#1483,.F.);
#999=ORIENTED_EDGE('',*,*,#1733,.F.);
#1000=ORIENTED_EDGE('',*,*,#1467,.F.);
#1001=ORIENTED_EDGE('',*,*,#1492,.F.);
#1002=ORIENTED_EDGE('',*,*,#1735,.T.);
#1003=ORIENTED_EDGE('',*,*,#1490,.T.);
#1004=ORIENTED_EDGE('',*,*,#1736,.F.);
#1005=ORIENTED_EDGE('',*,*,#1736,.T.);
#1006=ORIENTED_EDGE('',*,*,#1493,.T.);
#1007=ORIENTED_EDGE('',*,*,#1496,.F.);
#1008=ORIENTED_EDGE('',*,*,#1737,.T.);
#1009=ORIENTED_EDGE('',*,*,#1494,.T.);
#1010=ORIENTED_EDGE('',*,*,#1738,.F.);
#1011=ORIENTED_EDGE('',*,*,#1738,.T.);
#1012=ORIENTED_EDGE('',*,*,#1497,.T.);
#1013=ORIENTED_EDGE('',*,*,#1500,.F.);
#1014=ORIENTED_EDGE('',*,*,#1739,.T.);
#1015=ORIENTED_EDGE('',*,*,#1498,.T.);
#1016=ORIENTED_EDGE('',*,*,#1740,.F.);
#1017=ORIENTED_EDGE('',*,*,#1740,.T.);
#1018=ORIENTED_EDGE('',*,*,#1501,.T.);
#1019=ORIENTED_EDGE('',*,*,#1504,.F.);
#1020=ORIENTED_EDGE('',*,*,#1741,.T.);
#1021=ORIENTED_EDGE('',*,*,#1502,.T.);
#1022=ORIENTED_EDGE('',*,*,#1742,.F.);
#1023=ORIENTED_EDGE('',*,*,#1742,.T.);
#1024=ORIENTED_EDGE('',*,*,#1505,.T.);
#1025=ORIENTED_EDGE('',*,*,#1488,.F.);
#1026=ORIENTED_EDGE('',*,*,#1743,.T.);
#1027=ORIENTED_EDGE('',*,*,#1486,.T.);
#1028=ORIENTED_EDGE('',*,*,#1744,.F.);
#1029=ORIENTED_EDGE('',*,*,#1744,.T.);
#1030=ORIENTED_EDGE('',*,*,#1489,.T.);
#1031=ORIENTED_EDGE('',*,*,#1735,.F.);
#1032=ORIENTED_EDGE('',*,*,#1491,.F.);
#1033=ORIENTED_EDGE('',*,*,#1737,.F.);
#1034=ORIENTED_EDGE('',*,*,#1495,.F.);
#1035=ORIENTED_EDGE('',*,*,#1739,.F.);
#1036=ORIENTED_EDGE('',*,*,#1499,.F.);
#1037=ORIENTED_EDGE('',*,*,#1741,.F.);
#1038=ORIENTED_EDGE('',*,*,#1503,.F.);
#1039=ORIENTED_EDGE('',*,*,#1743,.F.);
#1040=ORIENTED_EDGE('',*,*,#1487,.F.);
#1041=ORIENTED_EDGE('',*,*,#1512,.F.);
#1042=ORIENTED_EDGE('',*,*,#1745,.T.);
#1043=ORIENTED_EDGE('',*,*,#1510,.T.);
#1044=ORIENTED_EDGE('',*,*,#1746,.F.);
#1045=ORIENTED_EDGE('',*,*,#1746,.T.);
#1046=ORIENTED_EDGE('',*,*,#1513,.T.);
#1047=ORIENTED_EDGE('',*,*,#1516,.F.);
#1048=ORIENTED_EDGE('',*,*,#1747,.T.);
#1049=ORIENTED_EDGE('',*,*,#1514,.T.);
#1050=ORIENTED_EDGE('',*,*,#1748,.F.);
#1051=ORIENTED_EDGE('',*,*,#1748,.T.);
#1052=ORIENTED_EDGE('',*,*,#1517,.T.);
#1053=ORIENTED_EDGE('',*,*,#1520,.F.);
#1054=ORIENTED_EDGE('',*,*,#1749,.T.);
#1055=ORIENTED_EDGE('',*,*,#1518,.T.);
#1056=ORIENTED_EDGE('',*,*,#1750,.F.);
#1057=ORIENTED_EDGE('',*,*,#1750,.T.);
#1058=ORIENTED_EDGE('',*,*,#1521,.T.);
#1059=ORIENTED_EDGE('',*,*,#1524,.F.);
#1060=ORIENTED_EDGE('',*,*,#1751,.T.);
#1061=ORIENTED_EDGE('',*,*,#1522,.T.);
#1062=ORIENTED_EDGE('',*,*,#1752,.F.);
#1063=ORIENTED_EDGE('',*,*,#1752,.T.);
#1064=ORIENTED_EDGE('',*,*,#1525,.T.);
#1065=ORIENTED_EDGE('',*,*,#1508,.F.);
#1066=ORIENTED_EDGE('',*,*,#1753,.T.);
#1067=ORIENTED_EDGE('',*,*,#1506,.T.);
#1068=ORIENTED_EDGE('',*,*,#1754,.F.);
#1069=ORIENTED_EDGE('',*,*,#1754,.T.);
#1070=ORIENTED_EDGE('',*,*,#1509,.T.);
#1071=ORIENTED_EDGE('',*,*,#1745,.F.);
#1072=ORIENTED_EDGE('',*,*,#1511,.F.);
#1073=ORIENTED_EDGE('',*,*,#1747,.F.);
#1074=ORIENTED_EDGE('',*,*,#1515,.F.);
#1075=ORIENTED_EDGE('',*,*,#1749,.F.);
#1076=ORIENTED_EDGE('',*,*,#1519,.F.);
#1077=ORIENTED_EDGE('',*,*,#1751,.F.);
#1078=ORIENTED_EDGE('',*,*,#1523,.F.);
#1079=ORIENTED_EDGE('',*,*,#1753,.F.);
#1080=ORIENTED_EDGE('',*,*,#1507,.F.);
#1081=ORIENTED_EDGE('',*,*,#1532,.F.);
#1082=ORIENTED_EDGE('',*,*,#1755,.T.);
#1083=ORIENTED_EDGE('',*,*,#1530,.T.);
#1084=ORIENTED_EDGE('',*,*,#1756,.F.);
#1085=ORIENTED_EDGE('',*,*,#1756,.T.);
#1086=ORIENTED_EDGE('',*,*,#1533,.T.);
#1087=ORIENTED_EDGE('',*,*,#1536,.F.);
#1088=ORIENTED_EDGE('',*,*,#1757,.T.);
#1089=ORIENTED_EDGE('',*,*,#1534,.T.);
#1090=ORIENTED_EDGE('',*,*,#1758,.F.);
#1091=ORIENTED_EDGE('',*,*,#1758,.T.);
#1092=ORIENTED_EDGE('',*,*,#1537,.T.);
#1093=ORIENTED_EDGE('',*,*,#1540,.F.);
#1094=ORIENTED_EDGE('',*,*,#1759,.T.);
#1095=ORIENTED_EDGE('',*,*,#1538,.T.);
#1096=ORIENTED_EDGE('',*,*,#1760,.F.);
#1097=ORIENTED_EDGE('',*,*,#1760,.T.);
#1098=ORIENTED_EDGE('',*,*,#1541,.T.);
#1099=ORIENTED_EDGE('',*,*,#1544,.F.);
#1100=ORIENTED_EDGE('',*,*,#1761,.T.);
#1101=ORIENTED_EDGE('',*,*,#1542,.T.);
#1102=ORIENTED_EDGE('',*,*,#1762,.F.);
#1103=ORIENTED_EDGE('',*,*,#1762,.T.);
#1104=ORIENTED_EDGE('',*,*,#1545,.T.);
#1105=ORIENTED_EDGE('',*,*,#1528,.F.);
#1106=ORIENTED_EDGE('',*,*,#1763,.T.);
#1107=ORIENTED_EDGE('',*,*,#1526,.T.);
#1108=ORIENTED_EDGE('',*,*,#1764,.F.);
#1109=ORIENTED_EDGE('',*,*,#1764,.T.);
#1110=ORIENTED_EDGE('',*,*,#1529,.T.);
#1111=ORIENTED_EDGE('',*,*,#1755,.F.);
#1112=ORIENTED_EDGE('',*,*,#1531,.F.);
#1113=ORIENTED_EDGE('',*,*,#1757,.F.);
#1114=ORIENTED_EDGE('',*,*,#1535,.F.);
#1115=ORIENTED_EDGE('',*,*,#1759,.F.);
#1116=ORIENTED_EDGE('',*,*,#1539,.F.);
#1117=ORIENTED_EDGE('',*,*,#1761,.F.);
#1118=ORIENTED_EDGE('',*,*,#1543,.F.);
#1119=ORIENTED_EDGE('',*,*,#1763,.F.);
#1120=ORIENTED_EDGE('',*,*,#1527,.F.);
#1121=ORIENTED_EDGE('',*,*,#1552,.F.);
#1122=ORIENTED_EDGE('',*,*,#1765,.T.);
#1123=ORIENTED_EDGE('',*,*,#1550,.T.);
#1124=ORIENTED_EDGE('',*,*,#1766,.F.);
#1125=ORIENTED_EDGE('',*,*,#1766,.T.);
#1126=ORIENTED_EDGE('',*,*,#1553,.T.);
#1127=ORIENTED_EDGE('',*,*,#1556,.F.);
#1128=ORIENTED_EDGE('',*,*,#1767,.T.);
#1129=ORIENTED_EDGE('',*,*,#1554,.T.);
#1130=ORIENTED_EDGE('',*,*,#1768,.F.);
#1131=ORIENTED_EDGE('',*,*,#1768,.T.);
#1132=ORIENTED_EDGE('',*,*,#1557,.T.);
#1133=ORIENTED_EDGE('',*,*,#1560,.F.);
#1134=ORIENTED_EDGE('',*,*,#1769,.T.);
#1135=ORIENTED_EDGE('',*,*,#1558,.T.);
#1136=ORIENTED_EDGE('',*,*,#1770,.F.);
#1137=ORIENTED_EDGE('',*,*,#1770,.T.);
#1138=ORIENTED_EDGE('',*,*,#1561,.T.);
#1139=ORIENTED_EDGE('',*,*,#1564,.F.);
#1140=ORIENTED_EDGE('',*,*,#1771,.T.);
#1141=ORIENTED_EDGE('',*,*,#1562,.T.);
#1142=ORIENTED_EDGE('',*,*,#1772,.F.);
#1143=ORIENTED_EDGE('',*,*,#1772,.T.);
#1144=ORIENTED_EDGE('',*,*,#1565,.T.);
#1145=ORIENTED_EDGE('',*,*,#1548,.F.);
#1146=ORIENTED_EDGE('',*,*,#1773,.T.);
#1147=ORIENTED_EDGE('',*,*,#1546,.T.);
#1148=ORIENTED_EDGE('',*,*,#1774,.F.);
#1149=ORIENTED_EDGE('',*,*,#1774,.T.);
#1150=ORIENTED_EDGE('',*,*,#1549,.T.);
#1151=ORIENTED_EDGE('',*,*,#1765,.F.);
#1152=ORIENTED_EDGE('',*,*,#1551,.F.);
#1153=ORIENTED_EDGE('',*,*,#1767,.F.);
#1154=ORIENTED_EDGE('',*,*,#1555,.F.);
#1155=ORIENTED_EDGE('',*,*,#1769,.F.);
#1156=ORIENTED_EDGE('',*,*,#1559,.F.);
#1157=ORIENTED_EDGE('',*,*,#1771,.F.);
#1158=ORIENTED_EDGE('',*,*,#1563,.F.);
#1159=ORIENTED_EDGE('',*,*,#1773,.F.);
#1160=ORIENTED_EDGE('',*,*,#1547,.F.);
#1161=ORIENTED_EDGE('',*,*,#1775,.T.);
#1162=ORIENTED_EDGE('',*,*,#1776,.T.);
#1163=ORIENTED_EDGE('',*,*,#1623,.T.);
#1164=ORIENTED_EDGE('',*,*,#1777,.T.);
#1165=ORIENTED_EDGE('',*,*,#1702,.F.);
#1166=ORIENTED_EDGE('',*,*,#1778,.F.);
#1167=ORIENTED_EDGE('',*,*,#1779,.T.);
#1168=ORIENTED_EDGE('',*,*,#1780,.F.);
#1169=ORIENTED_EDGE('',*,*,#1781,.F.);
#1170=ORIENTED_EDGE('',*,*,#1782,.F.);
#1171=ORIENTED_EDGE('',*,*,#1783,.F.);
#1172=ORIENTED_EDGE('',*,*,#1784,.F.);
#1173=ORIENTED_EDGE('',*,*,#1776,.F.);
#1174=ORIENTED_EDGE('',*,*,#1780,.T.);
#1175=ORIENTED_EDGE('',*,*,#1785,.T.);
#1176=ORIENTED_EDGE('',*,*,#1393,.F.);
#1177=ORIENTED_EDGE('',*,*,#1785,.F.);
#1178=ORIENTED_EDGE('',*,*,#1779,.F.);
#1179=ORIENTED_EDGE('',*,*,#1786,.F.);
#1180=ORIENTED_EDGE('',*,*,#1784,.T.);
#1181=ORIENTED_EDGE('',*,*,#1787,.F.);
#1182=ORIENTED_EDGE('',*,*,#1783,.T.);
#1183=ORIENTED_EDGE('',*,*,#1788,.F.);
#1184=ORIENTED_EDGE('',*,*,#1782,.T.);
#1185=ORIENTED_EDGE('',*,*,#1789,.F.);
#1186=ORIENTED_EDGE('',*,*,#1781,.T.);
#1187=ORIENTED_EDGE('',*,*,#1790,.T.);
#1188=ORIENTED_EDGE('',*,*,#1589,.F.);
#1189=ORIENTED_EDGE('',*,*,#1789,.T.);
#1190=ORIENTED_EDGE('',*,*,#1790,.F.);
#1191=ORIENTED_EDGE('',*,*,#1791,.T.);
#1192=ORIENTED_EDGE('',*,*,#1586,.F.);
#1193=ORIENTED_EDGE('',*,*,#1788,.T.);
#1194=ORIENTED_EDGE('',*,*,#1791,.F.);
#1195=ORIENTED_EDGE('',*,*,#1792,.T.);
#1196=ORIENTED_EDGE('',*,*,#1587,.F.);
#1197=ORIENTED_EDGE('',*,*,#1787,.T.);
#1198=ORIENTED_EDGE('',*,*,#1792,.F.);
#1199=ORIENTED_EDGE('',*,*,#1793,.T.);
#1200=ORIENTED_EDGE('',*,*,#1588,.F.);
#1201=ORIENTED_EDGE('',*,*,#1786,.T.);
#1202=ORIENTED_EDGE('',*,*,#1793,.F.);
#1203=ORIENTED_EDGE('',*,*,#1584,.F.);
#1204=ORIENTED_EDGE('',*,*,#1794,.T.);
#1205=ORIENTED_EDGE('',*,*,#1582,.T.);
#1206=ORIENTED_EDGE('',*,*,#1795,.F.);
#1207=ORIENTED_EDGE('',*,*,#1794,.F.);
#1208=ORIENTED_EDGE('',*,*,#1583,.F.);
#1209=ORIENTED_EDGE('',*,*,#1795,.T.);
#1210=ORIENTED_EDGE('',*,*,#1585,.T.);
#1211=ORIENTED_EDGE('',*,*,#1580,.F.);
#1212=ORIENTED_EDGE('',*,*,#1796,.T.);
#1213=ORIENTED_EDGE('',*,*,#1578,.T.);
#1214=ORIENTED_EDGE('',*,*,#1797,.F.);
#1215=ORIENTED_EDGE('',*,*,#1796,.F.);
#1216=ORIENTED_EDGE('',*,*,#1579,.F.);
#1217=ORIENTED_EDGE('',*,*,#1797,.T.);
#1218=ORIENTED_EDGE('',*,*,#1581,.T.);
#1219=ORIENTED_EDGE('',*,*,#1576,.F.);
#1220=ORIENTED_EDGE('',*,*,#1798,.T.);
#1221=ORIENTED_EDGE('',*,*,#1574,.T.);
#1222=ORIENTED_EDGE('',*,*,#1799,.F.);
#1223=ORIENTED_EDGE('',*,*,#1798,.F.);
#1224=ORIENTED_EDGE('',*,*,#1575,.F.);
#1225=ORIENTED_EDGE('',*,*,#1799,.T.);
#1226=ORIENTED_EDGE('',*,*,#1577,.T.);
#1227=ORIENTED_EDGE('',*,*,#1572,.F.);
#1228=ORIENTED_EDGE('',*,*,#1800,.T.);
#1229=ORIENTED_EDGE('',*,*,#1570,.T.);
#1230=ORIENTED_EDGE('',*,*,#1801,.F.);
#1231=ORIENTED_EDGE('',*,*,#1800,.F.);
#1232=ORIENTED_EDGE('',*,*,#1571,.F.);
#1233=ORIENTED_EDGE('',*,*,#1801,.T.);
#1234=ORIENTED_EDGE('',*,*,#1573,.T.);
#1235=ORIENTED_EDGE('',*,*,#1568,.F.);
#1236=ORIENTED_EDGE('',*,*,#1802,.T.);
#1237=ORIENTED_EDGE('',*,*,#1566,.T.);
#1238=ORIENTED_EDGE('',*,*,#1803,.F.);
#1239=ORIENTED_EDGE('',*,*,#1802,.F.);
#1240=ORIENTED_EDGE('',*,*,#1567,.F.);
#1241=ORIENTED_EDGE('',*,*,#1803,.T.);
#1242=ORIENTED_EDGE('',*,*,#1569,.T.);
#1243=ORIENTED_EDGE('',*,*,#1420,.F.);
#1244=ORIENTED_EDGE('',*,*,#1804,.F.);
#1245=ORIENTED_EDGE('',*,*,#1595,.T.);
#1246=ORIENTED_EDGE('',*,*,#1805,.T.);
#1247=ORIENTED_EDGE('',*,*,#1596,.F.);
#1248=ORIENTED_EDGE('',*,*,#1804,.T.);
#1249=ORIENTED_EDGE('',*,*,#1419,.F.);
#1250=ORIENTED_EDGE('',*,*,#1688,.F.);
#1251=ORIENTED_EDGE('',*,*,#1691,.T.);
#1252=ORIENTED_EDGE('',*,*,#1696,.F.);
#1253=ORIENTED_EDGE('',*,*,#1704,.F.);
#1254=ORIENTED_EDGE('',*,*,#1624,.T.);
#1255=ORIENTED_EDGE('',*,*,#1778,.T.);
#1256=ORIENTED_EDGE('',*,*,#1701,.F.);
#1257=ORIENTED_EDGE('',*,*,#1699,.T.);
#1258=ORIENTED_EDGE('',*,*,#1421,.T.);
#1259=ORIENTED_EDGE('',*,*,#1805,.F.);
#1260=ORIENTED_EDGE('',*,*,#1594,.T.);
#1261=ORIENTED_EDGE('',*,*,#1416,.F.);
#1262=ORIENTED_EDGE('',*,*,#1806,.F.);
#1263=ORIENTED_EDGE('',*,*,#1599,.T.);
#1264=ORIENTED_EDGE('',*,*,#1807,.T.);
#1265=ORIENTED_EDGE('',*,*,#1600,.F.);
#1266=ORIENTED_EDGE('',*,*,#1806,.T.);
#1267=ORIENTED_EDGE('',*,*,#1415,.F.);
#1268=ORIENTED_EDGE('',*,*,#1677,.F.);
#1269=ORIENTED_EDGE('',*,*,#1682,.T.);
#1270=ORIENTED_EDGE('',*,*,#1685,.F.);
#1271=ORIENTED_EDGE('',*,*,#1693,.F.);
#1272=ORIENTED_EDGE('',*,*,#1703,.T.);
#1273=ORIENTED_EDGE('',*,*,#1694,.T.);
#1274=ORIENTED_EDGE('',*,*,#1689,.F.);
#1275=ORIENTED_EDGE('',*,*,#1686,.T.);
#1276=ORIENTED_EDGE('',*,*,#1417,.T.);
#1277=ORIENTED_EDGE('',*,*,#1807,.F.);
#1278=ORIENTED_EDGE('',*,*,#1598,.T.);
#1279=ORIENTED_EDGE('',*,*,#1412,.F.);
#1280=ORIENTED_EDGE('',*,*,#1808,.F.);
#1281=ORIENTED_EDGE('',*,*,#1603,.T.);
#1282=ORIENTED_EDGE('',*,*,#1809,.T.);
#1283=ORIENTED_EDGE('',*,*,#1604,.F.);
#1284=ORIENTED_EDGE('',*,*,#1808,.T.);
#1285=ORIENTED_EDGE('',*,*,#1411,.F.);
#1286=ORIENTED_EDGE('',*,*,#1666,.F.);
#1287=ORIENTED_EDGE('',*,*,#1671,.T.);
#1288=ORIENTED_EDGE('',*,*,#1674,.F.);
#1289=ORIENTED_EDGE('',*,*,#1679,.F.);
#1290=ORIENTED_EDGE('',*,*,#1692,.T.);
#1291=ORIENTED_EDGE('',*,*,#1683,.T.);
#1292=ORIENTED_EDGE('',*,*,#1680,.F.);
#1293=ORIENTED_EDGE('',*,*,#1675,.T.);
#1294=ORIENTED_EDGE('',*,*,#1413,.T.);
#1295=ORIENTED_EDGE('',*,*,#1809,.F.);
#1296=ORIENTED_EDGE('',*,*,#1602,.T.);
#1297=ORIENTED_EDGE('',*,*,#1408,.F.);
#1298=ORIENTED_EDGE('',*,*,#1810,.F.);
#1299=ORIENTED_EDGE('',*,*,#1607,.T.);
#1300=ORIENTED_EDGE('',*,*,#1811,.T.);
#1301=ORIENTED_EDGE('',*,*,#1608,.F.);
#1302=ORIENTED_EDGE('',*,*,#1810,.T.);
#1303=ORIENTED_EDGE('',*,*,#1407,.F.);
#1304=ORIENTED_EDGE('',*,*,#1655,.F.);
#1305=ORIENTED_EDGE('',*,*,#1660,.T.);
#1306=ORIENTED_EDGE('',*,*,#1663,.F.);
#1307=ORIENTED_EDGE('',*,*,#1668,.F.);
#1308=ORIENTED_EDGE('',*,*,#1678,.T.);
#1309=ORIENTED_EDGE('',*,*,#1672,.T.);
#1310=ORIENTED_EDGE('',*,*,#1669,.F.);
#1311=ORIENTED_EDGE('',*,*,#1664,.T.);
#1312=ORIENTED_EDGE('',*,*,#1409,.T.);
#1313=ORIENTED_EDGE('',*,*,#1811,.F.);
#1314=ORIENTED_EDGE('',*,*,#1606,.T.);
#1315=ORIENTED_EDGE('',*,*,#1404,.F.);
#1316=ORIENTED_EDGE('',*,*,#1812,.F.);
#1317=ORIENTED_EDGE('',*,*,#1611,.T.);
#1318=ORIENTED_EDGE('',*,*,#1813,.T.);
#1319=ORIENTED_EDGE('',*,*,#1612,.F.);
#1320=ORIENTED_EDGE('',*,*,#1812,.T.);
#1321=ORIENTED_EDGE('',*,*,#1403,.F.);
#1322=ORIENTED_EDGE('',*,*,#1644,.F.);
#1323=ORIENTED_EDGE('',*,*,#1649,.T.);
#1324=ORIENTED_EDGE('',*,*,#1652,.F.);
#1325=ORIENTED_EDGE('',*,*,#1657,.F.);
#1326=ORIENTED_EDGE('',*,*,#1667,.T.);
#1327=ORIENTED_EDGE('',*,*,#1661,.T.);
#1328=ORIENTED_EDGE('',*,*,#1658,.F.);
#1329=ORIENTED_EDGE('',*,*,#1653,.T.);
#1330=ORIENTED_EDGE('',*,*,#1405,.T.);
#1331=ORIENTED_EDGE('',*,*,#1813,.F.);
#1332=ORIENTED_EDGE('',*,*,#1610,.T.);
#1333=ORIENTED_EDGE('',*,*,#1400,.F.);
#1334=ORIENTED_EDGE('',*,*,#1814,.F.);
#1335=ORIENTED_EDGE('',*,*,#1615,.T.);
#1336=ORIENTED_EDGE('',*,*,#1815,.T.);
#1337=ORIENTED_EDGE('',*,*,#1616,.F.);
#1338=ORIENTED_EDGE('',*,*,#1814,.T.);
#1339=ORIENTED_EDGE('',*,*,#1399,.F.);
#1340=ORIENTED_EDGE('',*,*,#1633,.F.);
#1341=ORIENTED_EDGE('',*,*,#1638,.T.);
#1342=ORIENTED_EDGE('',*,*,#1641,.F.);
#1343=ORIENTED_EDGE('',*,*,#1646,.F.);
#1344=ORIENTED_EDGE('',*,*,#1656,.T.);
#1345=ORIENTED_EDGE('',*,*,#1650,.T.);
#1346=ORIENTED_EDGE('',*,*,#1647,.F.);
#1347=ORIENTED_EDGE('',*,*,#1642,.T.);
#1348=ORIENTED_EDGE('',*,*,#1401,.T.);
#1349=ORIENTED_EDGE('',*,*,#1815,.F.);
#1350=ORIENTED_EDGE('',*,*,#1614,.T.);
#1351=ORIENTED_EDGE('',*,*,#1396,.F.);
#1352=ORIENTED_EDGE('',*,*,#1816,.F.);
#1353=ORIENTED_EDGE('',*,*,#1619,.T.);
#1354=ORIENTED_EDGE('',*,*,#1817,.T.);
#1355=ORIENTED_EDGE('',*,*,#1620,.F.);
#1356=ORIENTED_EDGE('',*,*,#1816,.T.);
#1357=ORIENTED_EDGE('',*,*,#1395,.F.);
#1358=ORIENTED_EDGE('',*,*,#1391,.F.);
#1359=ORIENTED_EDGE('',*,*,#1627,.T.);
#1360=ORIENTED_EDGE('',*,*,#1630,.F.);
#1361=ORIENTED_EDGE('',*,*,#1635,.F.);
#1362=ORIENTED_EDGE('',*,*,#1645,.T.);
#1363=ORIENTED_EDGE('',*,*,#1639,.T.);
#1364=ORIENTED_EDGE('',*,*,#1636,.F.);
#1365=ORIENTED_EDGE('',*,*,#1631,.T.);
#1366=ORIENTED_EDGE('',*,*,#1397,.T.);
#1367=ORIENTED_EDGE('',*,*,#1817,.F.);
#1368=ORIENTED_EDGE('',*,*,#1618,.T.);
#1369=ORIENTED_EDGE('',*,*,#1424,.F.);
#1370=ORIENTED_EDGE('',*,*,#1818,.F.);
#1371=ORIENTED_EDGE('',*,*,#1591,.T.);
#1372=ORIENTED_EDGE('',*,*,#1819,.T.);
#1373=ORIENTED_EDGE('',*,*,#1592,.F.);
#1374=ORIENTED_EDGE('',*,*,#1818,.T.);
#1375=ORIENTED_EDGE('',*,*,#1423,.F.);
#1376=ORIENTED_EDGE('',*,*,#1698,.F.);
#1377=ORIENTED_EDGE('',*,*,#1700,.T.);
#1378=ORIENTED_EDGE('',*,*,#1777,.F.);
#1379=ORIENTED_EDGE('',*,*,#1622,.F.);
#1380=ORIENTED_EDGE('',*,*,#1634,.T.);
#1381=ORIENTED_EDGE('',*,*,#1628,.T.);
#1382=ORIENTED_EDGE('',*,*,#1625,.F.);
#1383=ORIENTED_EDGE('',*,*,#1389,.T.);
#1384=ORIENTED_EDGE('',*,*,#1394,.T.);
#1385=ORIENTED_EDGE('',*,*,#1819,.F.);
#1386=ORIENTED_EDGE('',*,*,#1590,.T.);
#1387=ORIENTED_EDGE('',*,*,#1775,.F.);
#1388=ORIENTED_EDGE('',*,*,#1425,.F.);
#1389=EDGE_CURVE('',#1820,#1821,#2115,.T.);
#1390=EDGE_CURVE('',#1820,#1822,#180,.T.);
#1391=EDGE_CURVE('',#1822,#1823,#2116,.T.);
#1392=EDGE_CURVE('',#1821,#1823,#181,.T.);
#1393=EDGE_CURVE('',#1824,#1824,#182,.T.);
#1394=EDGE_CURVE('',#1821,#1825,#183,.T.);
#1395=EDGE_CURVE('',#1823,#1826,#184,.T.);
#1396=EDGE_CURVE('',#1826,#1827,#185,.T.);
#1397=EDGE_CURVE('',#1828,#1827,#186,.T.);
#1398=EDGE_CURVE('',#1828,#1829,#187,.T.);
#1399=EDGE_CURVE('',#1829,#1830,#188,.T.);
#1400=EDGE_CURVE('',#1830,#1831,#189,.T.);
#1401=EDGE_CURVE('',#1832,#1831,#190,.T.);
#1402=EDGE_CURVE('',#1832,#1833,#191,.T.);
#1403=EDGE_CURVE('',#1833,#1834,#192,.T.);
#1404=EDGE_CURVE('',#1834,#1835,#193,.T.);
#1405=EDGE_CURVE('',#1836,#1835,#194,.T.);
#1406=EDGE_CURVE('',#1836,#1837,#195,.T.);
#1407=EDGE_CURVE('',#1837,#1838,#196,.T.);
#1408=EDGE_CURVE('',#1838,#1839,#197,.T.);
#1409=EDGE_CURVE('',#1840,#1839,#198,.T.);
#1410=EDGE_CURVE('',#1840,#1841,#199,.T.);
#1411=EDGE_CURVE('',#1841,#1842,#200,.T.);
#1412=EDGE_CURVE('',#1842,#1843,#201,.T.);
#1413=EDGE_CURVE('',#1844,#1843,#202,.T.);
#1414=EDGE_CURVE('',#1844,#1845,#203,.T.);
#1415=EDGE_CURVE('',#1845,#1846,#204,.T.);
#1416=EDGE_CURVE('',#1846,#1847,#205,.T.);
#1417=EDGE_CURVE('',#1848,#1847,#206,.T.);
#1418=EDGE_CURVE('',#1848,#1849,#207,.T.);
#1419=EDGE_CURVE('',#1849,#1850,#208,.T.);
#1420=EDGE_CURVE('',#1850,#1851,#209,.T.);
#1421=EDGE_CURVE('',#1852,#1851,#210,.T.);
#1422=EDGE_CURVE('',#1852,#1853,#211,.T.);
#1423=EDGE_CURVE('',#1853,#1854,#212,.T.);
#1424=EDGE_CURVE('',#1854,#1825,#213,.T.);
#1425=EDGE_CURVE('',#1855,#1855,#214,.F.);
#1426=EDGE_CURVE('',#1856,#1857,#215,.T.);
#1427=EDGE_CURVE('',#1856,#1858,#216,.T.);
#1428=EDGE_CURVE('',#1858,#1859,#217,.T.);
#1429=EDGE_CURVE('',#1857,#1859,#218,.T.);
#1430=EDGE_CURVE('',#1860,#1861,#219,.T.);
#1431=EDGE_CURVE('',#1860,#1862,#220,.T.);
#1432=EDGE_CURVE('',#1862,#1863,#221,.T.);
#1433=EDGE_CURVE('',#1861,#1863,#222,.T.);
#1434=EDGE_CURVE('',#1864,#1865,#223,.T.);
#1435=EDGE_CURVE('',#1864,#1866,#224,.T.);
#1436=EDGE_CURVE('',#1866,#1867,#225,.T.);
#1437=EDGE_CURVE('',#1865,#1867,#226,.T.);
#1438=EDGE_CURVE('',#1868,#1869,#227,.T.);
#1439=EDGE_CURVE('',#1868,#1870,#228,.T.);
#1440=EDGE_CURVE('',#1870,#1871,#229,.T.);
#1441=EDGE_CURVE('',#1869,#1871,#230,.T.);
#1442=EDGE_CURVE('',#1872,#1873,#231,.T.);
#1443=EDGE_CURVE('',#1872,#1874,#232,.T.);
#1444=EDGE_CURVE('',#1874,#1875,#233,.T.);
#1445=EDGE_CURVE('',#1873,#1875,#234,.T.);
#1446=EDGE_CURVE('',#1876,#1877,#235,.T.);
#1447=EDGE_CURVE('',#1876,#1878,#236,.T.);
#1448=EDGE_CURVE('',#1878,#1879,#237,.T.);
#1449=EDGE_CURVE('',#1877,#1879,#238,.T.);
#1450=EDGE_CURVE('',#1880,#1881,#239,.T.);
#1451=EDGE_CURVE('',#1880,#1882,#240,.T.);
#1452=EDGE_CURVE('',#1882,#1883,#241,.T.);
#1453=EDGE_CURVE('',#1881,#1883,#242,.T.);
#1454=EDGE_CURVE('',#1884,#1885,#243,.T.);
#1455=EDGE_CURVE('',#1884,#1886,#244,.T.);
#1456=EDGE_CURVE('',#1886,#1887,#245,.T.);
#1457=EDGE_CURVE('',#1885,#1887,#246,.T.);
#1458=EDGE_CURVE('',#1888,#1889,#247,.T.);
#1459=EDGE_CURVE('',#1888,#1890,#248,.T.);
#1460=EDGE_CURVE('',#1890,#1891,#249,.T.);
#1461=EDGE_CURVE('',#1889,#1891,#250,.T.);
#1462=EDGE_CURVE('',#1892,#1893,#251,.T.);
#1463=EDGE_CURVE('',#1892,#1894,#252,.T.);
#1464=EDGE_CURVE('',#1894,#1895,#253,.T.);
#1465=EDGE_CURVE('',#1893,#1895,#254,.T.);
#1466=EDGE_CURVE('',#1896,#1897,#255,.T.);
#1467=EDGE_CURVE('',#1896,#1898,#256,.T.);
#1468=EDGE_CURVE('',#1898,#1899,#257,.T.);
#1469=EDGE_CURVE('',#1897,#1899,#258,.T.);
#1470=EDGE_CURVE('',#1900,#1901,#259,.T.);
#1471=EDGE_CURVE('',#1900,#1902,#260,.T.);
#1472=EDGE_CURVE('',#1902,#1903,#261,.T.);
#1473=EDGE_CURVE('',#1901,#1903,#262,.T.);
#1474=EDGE_CURVE('',#1904,#1905,#263,.T.);
#1475=EDGE_CURVE('',#1904,#1906,#264,.T.);
#1476=EDGE_CURVE('',#1906,#1907,#265,.T.);
#1477=EDGE_CURVE('',#1905,#1907,#266,.T.);
#1478=EDGE_CURVE('',#1908,#1909,#267,.T.);
#1479=EDGE_CURVE('',#1908,#1910,#268,.T.);
#1480=EDGE_CURVE('',#1910,#1911,#269,.T.);
#1481=EDGE_CURVE('',#1909,#1911,#270,.T.);
#1482=EDGE_CURVE('',#1912,#1913,#271,.T.);
#1483=EDGE_CURVE('',#1912,#1914,#272,.T.);
#1484=EDGE_CURVE('',#1914,#1915,#273,.T.);
#1485=EDGE_CURVE('',#1913,#1915,#274,.T.);
#1486=EDGE_CURVE('',#1916,#1917,#275,.T.);
#1487=EDGE_CURVE('',#1916,#1918,#276,.T.);
#1488=EDGE_CURVE('',#1918,#1919,#277,.T.);
#1489=EDGE_CURVE('',#1917,#1919,#278,.T.);
#1490=EDGE_CURVE('',#1920,#1921,#279,.T.);
#1491=EDGE_CURVE('',#1920,#1922,#280,.T.);
#1492=EDGE_CURVE('',#1922,#1923,#281,.T.);
#1493=EDGE_CURVE('',#1921,#1923,#282,.T.);
#1494=EDGE_CURVE('',#1924,#1925,#283,.T.);
#1495=EDGE_CURVE('',#1924,#1926,#284,.T.);
#1496=EDGE_CURVE('',#1926,#1927,#285,.T.);
#1497=EDGE_CURVE('',#1925,#1927,#286,.T.);
#1498=EDGE_CURVE('',#1928,#1929,#287,.T.);
#1499=EDGE_CURVE('',#1928,#1930,#288,.T.);
#1500=EDGE_CURVE('',#1930,#1931,#289,.T.);
#1501=EDGE_CURVE('',#1929,#1931,#290,.T.);
#1502=EDGE_CURVE('',#1932,#1933,#291,.T.);
#1503=EDGE_CURVE('',#1932,#1934,#292,.T.);
#1504=EDGE_CURVE('',#1934,#1935,#293,.T.);
#1505=EDGE_CURVE('',#1933,#1935,#294,.T.);
#1506=EDGE_CURVE('',#1936,#1937,#295,.T.);
#1507=EDGE_CURVE('',#1936,#1938,#296,.T.);
#1508=EDGE_CURVE('',#1938,#1939,#297,.T.);
#1509=EDGE_CURVE('',#1937,#1939,#298,.T.);
#1510=EDGE_CURVE('',#1940,#1941,#299,.T.);
#1511=EDGE_CURVE('',#1940,#1942,#300,.T.);
#1512=EDGE_CURVE('',#1942,#1943,#301,.T.);
#1513=EDGE_CURVE('',#1941,#1943,#302,.T.);
#1514=EDGE_CURVE('',#1944,#1945,#303,.T.);
#1515=EDGE_CURVE('',#1944,#1946,#304,.T.);
#1516=EDGE_CURVE('',#1946,#1947,#305,.T.);
#1517=EDGE_CURVE('',#1945,#1947,#306,.T.);
#1518=EDGE_CURVE('',#1948,#1949,#307,.T.);
#1519=EDGE_CURVE('',#1948,#1950,#308,.T.);
#1520=EDGE_CURVE('',#1950,#1951,#309,.T.);
#1521=EDGE_CURVE('',#1949,#1951,#310,.T.);
#1522=EDGE_CURVE('',#1952,#1953,#311,.T.);
#1523=EDGE_CURVE('',#1952,#1954,#312,.T.);
#1524=EDGE_CURVE('',#1954,#1955,#313,.T.);
#1525=EDGE_CURVE('',#1953,#1955,#314,.T.);
#1526=EDGE_CURVE('',#1956,#1957,#315,.T.);
#1527=EDGE_CURVE('',#1956,#1958,#316,.T.);
#1528=EDGE_CURVE('',#1958,#1959,#317,.T.);
#1529=EDGE_CURVE('',#1957,#1959,#318,.T.);
#1530=EDGE_CURVE('',#1960,#1961,#319,.T.);
#1531=EDGE_CURVE('',#1960,#1962,#320,.T.);
#1532=EDGE_CURVE('',#1962,#1963,#321,.T.);
#1533=EDGE_CURVE('',#1961,#1963,#322,.T.);
#1534=EDGE_CURVE('',#1964,#1965,#323,.T.);
#1535=EDGE_CURVE('',#1964,#1966,#324,.T.);
#1536=EDGE_CURVE('',#1966,#1967,#325,.T.);
#1537=EDGE_CURVE('',#1965,#1967,#326,.T.);
#1538=EDGE_CURVE('',#1968,#1969,#327,.T.);
#1539=EDGE_CURVE('',#1968,#1970,#328,.T.);
#1540=EDGE_CURVE('',#1970,#1971,#329,.T.);
#1541=EDGE_CURVE('',#1969,#1971,#330,.T.);
#1542=EDGE_CURVE('',#1972,#1973,#331,.T.);
#1543=EDGE_CURVE('',#1972,#1974,#332,.T.);
#1544=EDGE_CURVE('',#1974,#1975,#333,.T.);
#1545=EDGE_CURVE('',#1973,#1975,#334,.T.);
#1546=EDGE_CURVE('',#1976,#1977,#335,.T.);
#1547=EDGE_CURVE('',#1976,#1978,#336,.T.);
#1548=EDGE_CURVE('',#1978,#1979,#337,.T.);
#1549=EDGE_CURVE('',#1977,#1979,#338,.T.);
#1550=EDGE_CURVE('',#1980,#1981,#339,.T.);
#1551=EDGE_CURVE('',#1980,#1982,#340,.T.);
#1552=EDGE_CURVE('',#1982,#1983,#341,.T.);
#1553=EDGE_CURVE('',#1981,#1983,#342,.T.);
#1554=EDGE_CURVE('',#1984,#1985,#343,.T.);
#1555=EDGE_CURVE('',#1984,#1986,#344,.T.);
#1556=EDGE_CURVE('',#1986,#1987,#345,.T.);
#1557=EDGE_CURVE('',#1985,#1987,#346,.T.);
#1558=EDGE_CURVE('',#1988,#1989,#347,.T.);
#1559=EDGE_CURVE('',#1988,#1990,#348,.T.);
#1560=EDGE_CURVE('',#1990,#1991,#349,.T.);
#1561=EDGE_CURVE('',#1989,#1991,#350,.T.);
#1562=EDGE_CURVE('',#1992,#1993,#351,.T.);
#1563=EDGE_CURVE('',#1992,#1994,#352,.T.);
#1564=EDGE_CURVE('',#1994,#1995,#353,.T.);
#1565=EDGE_CURVE('',#1993,#1995,#354,.T.);
#1566=EDGE_CURVE('',#1996,#1997,#355,.T.);
#1567=EDGE_CURVE('',#1996,#1998,#356,.T.);
#1568=EDGE_CURVE('',#1998,#1999,#357,.T.);
#1569=EDGE_CURVE('',#1997,#1999,#358,.T.);
#1570=EDGE_CURVE('',#2000,#2001,#359,.T.);
#1571=EDGE_CURVE('',#2000,#2002,#360,.T.);
#1572=EDGE_CURVE('',#2002,#2003,#361,.T.);
#1573=EDGE_CURVE('',#2001,#2003,#362,.T.);
#1574=EDGE_CURVE('',#2004,#2005,#363,.T.);
#1575=EDGE_CURVE('',#2004,#2006,#364,.T.);
#1576=EDGE_CURVE('',#2006,#2007,#365,.T.);
#1577=EDGE_CURVE('',#2005,#2007,#366,.T.);
#1578=EDGE_CURVE('',#2008,#2009,#367,.T.);
#1579=EDGE_CURVE('',#2008,#2010,#368,.T.);
#1580=EDGE_CURVE('',#2010,#2011,#369,.T.);
#1581=EDGE_CURVE('',#2009,#2011,#370,.T.);
#1582=EDGE_CURVE('',#2012,#2013,#371,.T.);
#1583=EDGE_CURVE('',#2012,#2014,#372,.T.);
#1584=EDGE_CURVE('',#2014,#2015,#373,.T.);
#1585=EDGE_CURVE('',#2013,#2015,#374,.T.);
#1586=EDGE_CURVE('',#2016,#2016,#174,.T.);
#1587=EDGE_CURVE('',#2017,#2017,#175,.T.);
#1588=EDGE_CURVE('',#2018,#2018,#176,.T.);
#1589=EDGE_CURVE('',#2019,#2019,#177,.T.);
#1590=EDGE_CURVE('',#2020,#2021,#375,.T.);
#1591=EDGE_CURVE('',#2022,#2020,#376,.T.);
#1592=EDGE_CURVE('',#2022,#2023,#377,.T.);
#1593=EDGE_CURVE('',#2023,#2024,#378,.F.);
#1594=EDGE_CURVE('',#2025,#2024,#379,.T.);
#1595=EDGE_CURVE('',#2026,#2025,#380,.T.);
#1596=EDGE_CURVE('',#2026,#2027,#381,.T.);
#1597=EDGE_CURVE('',#2027,#2028,#382,.F.);
#1598=EDGE_CURVE('',#2029,#2028,#383,.T.);
#1599=EDGE_CURVE('',#2030,#2029,#384,.T.);
#1600=EDGE_CURVE('',#2030,#2031,#385,.T.);
#1601=EDGE_CURVE('',#2031,#2032,#386,.F.);
#1602=EDGE_CURVE('',#2033,#2032,#387,.T.);
#1603=EDGE_CURVE('',#2034,#2033,#388,.T.);
#1604=EDGE_CURVE('',#2034,#2035,#389,.T.);
#1605=EDGE_CURVE('',#2035,#2036,#390,.F.);
#1606=EDGE_CURVE('',#2037,#2036,#391,.T.);
#1607=EDGE_CURVE('',#2038,#2037,#392,.T.);
#1608=EDGE_CURVE('',#2038,#2039,#393,.T.);
#1609=EDGE_CURVE('',#2039,#2040,#394,.F.);
#1610=EDGE_CURVE('',#2041,#2040,#395,.T.);
#1611=EDGE_CURVE('',#2042,#2041,#396,.T.);
#1612=EDGE_CURVE('',#2042,#2043,#397,.T.);
#1613=EDGE_CURVE('',#2043,#2044,#398,.F.);
#1614=EDGE_CURVE('',#2045,#2044,#399,.T.);
#1615=EDGE_CURVE('',#2046,#2045,#400,.T.);
#1616=EDGE_CURVE('',#2046,#2047,#401,.T.);
#1617=EDGE_CURVE('',#2047,#2048,#402,.F.);
#1618=EDGE_CURVE('',#2049,#2048,#403,.T.);
#1619=EDGE_CURVE('',#2050,#2049,#404,.T.);
#1620=EDGE_CURVE('',#2050,#2051,#405,.T.);
#1621=EDGE_CURVE('',#2051,#2021,#406,.F.);
#1622=EDGE_CURVE('',#2023,#2052,#2117,.T.);
#1623=EDGE_CURVE('',#2053,#2052,#407,.T.);
#1624=EDGE_CURVE('',#2024,#2053,#2118,.T.);
#1625=EDGE_CURVE('',#1820,#2054,#2119,.T.);
#1626=EDGE_CURVE('',#2054,#2055,#408,.T.);
#1627=EDGE_CURVE('',#1822,#2055,#2120,.T.);
#1628=EDGE_CURVE('',#2056,#2054,#2121,.T.);
#1629=EDGE_CURVE('',#2056,#2057,#409,.T.);
#1630=EDGE_CURVE('',#2057,#2055,#2122,.T.);
#1631=EDGE_CURVE('',#2058,#1828,#2123,.T.);
#1632=EDGE_CURVE('',#2058,#2059,#410,.T.);
#1633=EDGE_CURVE('',#2059,#1829,#2124,.T.);
#1634=EDGE_CURVE('',#2021,#2056,#2125,.T.);
#1635=EDGE_CURVE('',#2051,#2057,#2126,.T.);
#1636=EDGE_CURVE('',#2058,#2060,#2127,.T.);
#1637=EDGE_CURVE('',#2060,#2061,#411,.T.);
#1638=EDGE_CURVE('',#2059,#2061,#2128,.T.);
#1639=EDGE_CURVE('',#2062,#2060,#2129,.T.);
#1640=EDGE_CURVE('',#2062,#2063,#412,.T.);
#1641=EDGE_CURVE('',#2063,#2061,#2130,.T.);
#1642=EDGE_CURVE('',#2064,#1832,#2131,.T.);
#1643=EDGE_CURVE('',#2064,#2065,#413,.T.);
#1644=EDGE_CURVE('',#2065,#1833,#2132,.T.);
#1645=EDGE_CURVE('',#2048,#2062,#2133,.T.);
#1646=EDGE_CURVE('',#2047,#2063,#2134,.T.);
#1647=EDGE_CURVE('',#2064,#2066,#2135,.T.);
#1648=EDGE_CURVE('',#2066,#2067,#414,.T.);
#1649=EDGE_CURVE('',#2065,#2067,#2136,.T.);
#1650=EDGE_CURVE('',#2068,#2066,#2137,.T.);
#1651=EDGE_CURVE('',#2068,#2069,#415,.T.);
#1652=EDGE_CURVE('',#2069,#2067,#2138,.T.);
#1653=EDGE_CURVE('',#2070,#1836,#2139,.T.);
#1654=EDGE_CURVE('',#2070,#2071,#416,.T.);
#1655=EDGE_CURVE('',#2071,#1837,#2140,.T.);
#1656=EDGE_CURVE('',#2044,#2068,#2141,.T.);
#1657=EDGE_CURVE('',#2043,#2069,#2142,.T.);
#1658=EDGE_CURVE('',#2070,#2072,#2143,.T.);
#1659=EDGE_CURVE('',#2072,#2073,#417,.T.);
#1660=EDGE_CURVE('',#2071,#2073,#2144,.T.);
#1661=EDGE_CURVE('',#2074,#2072,#2145,.T.);
#1662=EDGE_CURVE('',#2074,#2075,#418,.T.);
#1663=EDGE_CURVE('',#2075,#2073,#2146,.T.);
#1664=EDGE_CURVE('',#2076,#1840,#2147,.T.);
#1665=EDGE_CURVE('',#2076,#2077,#419,.T.);
#1666=EDGE_CURVE('',#2077,#1841,#2148,.T.);
#1667=EDGE_CURVE('',#2040,#2074,#2149,.T.);
#1668=EDGE_CURVE('',#2039,#2075,#2150,.T.);
#1669=EDGE_CURVE('',#2076,#2078,#2151,.T.);
#1670=EDGE_CURVE('',#2078,#2079,#420,.T.);
#1671=EDGE_CURVE('',#2077,#2079,#2152,.T.);
#1672=EDGE_CURVE('',#2080,#2078,#2153,.T.);
#1673=EDGE_CURVE('',#2080,#2081,#421,.T.);
#1674=EDGE_CURVE('',#2081,#2079,#2154,.T.);
#1675=EDGE_CURVE('',#2082,#1844,#2155,.T.);
#1676=EDGE_CURVE('',#2082,#2083,#422,.T.);
#1677=EDGE_CURVE('',#2083,#1845,#2156,.T.);
#1678=EDGE_CURVE('',#2036,#2080,#2157,.T.);
#1679=EDGE_CURVE('',#2035,#2081,#2158,.T.);
#1680=EDGE_CURVE('',#2082,#2084,#2159,.T.);
#1681=EDGE_CURVE('',#2084,#2085,#423,.T.);
#1682=EDGE_CURVE('',#2083,#2085,#2160,.T.);
#1683=EDGE_CURVE('',#2086,#2084,#2161,.T.);
#1684=EDGE_CURVE('',#2086,#2087,#424,.T.);
#1685=EDGE_CURVE('',#2087,#2085,#2162,.T.);
#1686=EDGE_CURVE('',#2088,#1848,#2163,.T.);
#1687=EDGE_CURVE('',#2088,#2089,#425,.T.);
#1688=EDGE_CURVE('',#2089,#1849,#2164,.T.);
#1689=EDGE_CURVE('',#2088,#2090,#2165,.T.);
#1690=EDGE_CURVE('',#2090,#2091,#426,.T.);
#1691=EDGE_CURVE('',#2089,#2091,#2166,.T.);
#1692=EDGE_CURVE('',#2032,#2086,#2167,.T.);
#1693=EDGE_CURVE('',#2031,#2087,#2168,.T.);
#1694=EDGE_CURVE('',#2092,#2090,#2169,.T.);
#1695=EDGE_CURVE('',#2092,#2093,#427,.T.);
#1696=EDGE_CURVE('',#2093,#2091,#2170,.T.);
#1697=EDGE_CURVE('',#2094,#2095,#428,.T.);
#1698=EDGE_CURVE('',#2095,#1853,#2171,.T.);
#1699=EDGE_CURVE('',#2094,#1852,#2172,.T.);
#1700=EDGE_CURVE('',#2095,#2096,#2173,.T.);
#1701=EDGE_CURVE('',#2094,#2097,#2174,.T.);
#1702=EDGE_CURVE('',#2097,#2096,#429,.T.);
#1703=EDGE_CURVE('',#2028,#2092,#2175,.T.);
#1704=EDGE_CURVE('',#2027,#2093,#2176,.T.);
#1705=EDGE_CURVE('',#1862,#1860,#430,.T.);
#1706=EDGE_CURVE('',#1863,#1861,#431,.T.);
#1707=EDGE_CURVE('',#1866,#1864,#432,.T.);
#1708=EDGE_CURVE('',#1867,#1865,#433,.T.);
#1709=EDGE_CURVE('',#1870,#1868,#434,.T.);
#1710=EDGE_CURVE('',#1871,#1869,#435,.T.);
#1711=EDGE_CURVE('',#1874,#1872,#436,.T.);
#1712=EDGE_CURVE('',#1875,#1873,#437,.T.);
#1713=EDGE_CURVE('',#1858,#1856,#438,.T.);
#1714=EDGE_CURVE('',#1859,#1857,#439,.T.);
#1715=EDGE_CURVE('',#1882,#1880,#440,.T.);
#1716=EDGE_CURVE('',#1883,#1881,#441,.T.);
#1717=EDGE_CURVE('',#1886,#1884,#442,.T.);
#1718=EDGE_CURVE('',#1887,#1885,#443,.T.);
#1719=EDGE_CURVE('',#1890,#1888,#444,.T.);
#1720=EDGE_CURVE('',#1891,#1889,#445,.T.);
#1721=EDGE_CURVE('',#1894,#1892,#446,.T.);
#1722=EDGE_CURVE('',#1895,#1893,#447,.T.);
#1723=EDGE_CURVE('',#1878,#1876,#448,.T.);
#1724=EDGE_CURVE('',#1879,#1877,#449,.T.);
#1725=EDGE_CURVE('',#1902,#1900,#450,.T.);
#1726=EDGE_CURVE('',#1903,#1901,#451,.T.);
#1727=EDGE_CURVE('',#1906,#1904,#452,.T.);
#1728=EDGE_CURVE('',#1907,#1905,#453,.T.);
#1729=EDGE_CURVE('',#1910,#1908,#454,.T.);
#1730=EDGE_CURVE('',#1911,#1909,#455,.T.);
#1731=EDGE_CURVE('',#1914,#1912,#456,.T.);
#1732=EDGE_CURVE('',#1915,#1913,#457,.T.);
#1733=EDGE_CURVE('',#1898,#1896,#458,.T.);
#1734=EDGE_CURVE('',#1899,#1897,#459,.T.);
#1735=EDGE_CURVE('',#1922,#1920,#460,.T.);
#1736=EDGE_CURVE('',#1923,#1921,#461,.T.);
#1737=EDGE_CURVE('',#1926,#1924,#462,.T.);
#1738=EDGE_CURVE('',#1927,#1925,#463,.T.);
#1739=EDGE_CURVE('',#1930,#1928,#464,.T.);
#1740=EDGE_CURVE('',#1931,#1929,#465,.T.);
#1741=EDGE_CURVE('',#1934,#1932,#466,.T.);
#1742=EDGE_CURVE('',#1935,#1933,#467,.T.);
#1743=EDGE_CURVE('',#1918,#1916,#468,.T.);
#1744=EDGE_CURVE('',#1919,#1917,#469,.T.);
#1745=EDGE_CURVE('',#1942,#1940,#470,.T.);
#1746=EDGE_CURVE('',#1943,#1941,#471,.T.);
#1747=EDGE_CURVE('',#1946,#1944,#472,.T.);
#1748=EDGE_CURVE('',#1947,#1945,#473,.T.);
#1749=EDGE_CURVE('',#1950,#1948,#474,.T.);
#1750=EDGE_CURVE('',#1951,#1949,#475,.T.);
#1751=EDGE_CURVE('',#1954,#1952,#476,.T.);
#1752=EDGE_CURVE('',#1955,#1953,#477,.T.);
#1753=EDGE_CURVE('',#1938,#1936,#478,.T.);
#1754=EDGE_CURVE('',#1939,#1937,#479,.T.);
#1755=EDGE_CURVE('',#1962,#1960,#480,.T.);
#1756=EDGE_CURVE('',#1963,#1961,#481,.T.);
#1757=EDGE_CURVE('',#1966,#1964,#482,.T.);
#1758=EDGE_CURVE('',#1967,#1965,#483,.T.);
#1759=EDGE_CURVE('',#1970,#1968,#484,.T.);
#1760=EDGE_CURVE('',#1971,#1969,#485,.T.);
#1761=EDGE_CURVE('',#1974,#1972,#486,.T.);
#1762=EDGE_CURVE('',#1975,#1973,#487,.T.);
#1763=EDGE_CURVE('',#1958,#1956,#488,.T.);
#1764=EDGE_CURVE('',#1959,#1957,#489,.T.);
#1765=EDGE_CURVE('',#1982,#1980,#490,.T.);
#1766=EDGE_CURVE('',#1983,#1981,#491,.T.);
#1767=EDGE_CURVE('',#1986,#1984,#492,.T.);
#1768=EDGE_CURVE('',#1987,#1985,#493,.T.);
#1769=EDGE_CURVE('',#1990,#1988,#494,.T.);
#1770=EDGE_CURVE('',#1991,#1989,#495,.T.);
#1771=EDGE_CURVE('',#1994,#1992,#496,.T.);
#1772=EDGE_CURVE('',#1995,#1993,#497,.T.);
#1773=EDGE_CURVE('',#1978,#1976,#498,.T.);
#1774=EDGE_CURVE('',#1979,#1977,#499,.T.);
#1775=EDGE_CURVE('',#2098,#2098,#500,.T.);
#1776=EDGE_CURVE('',#2099,#2099,#501,.T.);
#1777=EDGE_CURVE('',#2052,#2096,#2177,.T.);
#1778=EDGE_CURVE('',#2053,#2097,#2178,.T.);
#1779=EDGE_CURVE('',#2100,#2100,#502,.F.);
#1780=EDGE_CURVE('',#2101,#2101,#503,.T.);
#1781=EDGE_CURVE('',#2102,#2102,#504,.T.);
#1782=EDGE_CURVE('',#2103,#2103,#505,.T.);
#1783=EDGE_CURVE('',#2104,#2104,#506,.T.);
#1784=EDGE_CURVE('',#2105,#2105,#507,.T.);
#1785=EDGE_CURVE('',#2106,#2106,#508,.T.);
#1786=EDGE_CURVE('',#2107,#2107,#509,.T.);
#1787=EDGE_CURVE('',#2108,#2108,#510,.T.);
#1788=EDGE_CURVE('',#2109,#2109,#511,.T.);
#1789=EDGE_CURVE('',#2110,#2110,#512,.T.);
#1790=EDGE_CURVE('',#2111,#2111,#513,.T.);
#1791=EDGE_CURVE('',#2112,#2112,#514,.T.);
#1792=EDGE_CURVE('',#2113,#2113,#515,.T.);
#1793=EDGE_CURVE('',#2114,#2114,#516,.T.);
#1794=EDGE_CURVE('',#2014,#2012,#517,.T.);
#1795=EDGE_CURVE('',#2015,#2013,#518,.T.);
#1796=EDGE_CURVE('',#2010,#2008,#519,.T.);
#1797=EDGE_CURVE('',#2011,#2009,#520,.T.);
#1798=EDGE_CURVE('',#2006,#2004,#521,.T.);
#1799=EDGE_CURVE('',#2007,#2005,#522,.T.);
#1800=EDGE_CURVE('',#2002,#2000,#523,.T.);
#1801=EDGE_CURVE('',#2003,#2001,#524,.T.);
#1802=EDGE_CURVE('',#1998,#1996,#525,.T.);
#1803=EDGE_CURVE('',#1999,#1997,#526,.T.);
#1804=EDGE_CURVE('',#2026,#1850,#2179,.T.);
#1805=EDGE_CURVE('',#2025,#1851,#2180,.T.);
#1806=EDGE_CURVE('',#2030,#1846,#2181,.T.);
#1807=EDGE_CURVE('',#2029,#1847,#2182,.T.);
#1808=EDGE_CURVE('',#2034,#1842,#2183,.T.);
#1809=EDGE_CURVE('',#2033,#1843,#2184,.T.);
#1810=EDGE_CURVE('',#2038,#1838,#2185,.T.);
#1811=EDGE_CURVE('',#2037,#1839,#2186,.T.);
#1812=EDGE_CURVE('',#2042,#1834,#2187,.T.);
#1813=EDGE_CURVE('',#2041,#1835,#2188,.T.);
#1814=EDGE_CURVE('',#2046,#1830,#2189,.T.);
#1815=EDGE_CURVE('',#2045,#1831,#2190,.T.);
#1816=EDGE_CURVE('',#2050,#1826,#2191,.T.);
#1817=EDGE_CURVE('',#2049,#1827,#2192,.T.);
#1818=EDGE_CURVE('',#2022,#1854,#2193,.T.);
#1819=EDGE_CURVE('',#2020,#1825,#2194,.T.);
#1820=VERTEX_POINT('',#4758);
#1821=VERTEX_POINT('',#4759);
#1822=VERTEX_POINT('',#4761);
#1823=VERTEX_POINT('',#4763);
#1824=VERTEX_POINT('',#4767);
#1825=VERTEX_POINT('',#4769);
#1826=VERTEX_POINT('',#4771);
#1827=VERTEX_POINT('',#4773);
#1828=VERTEX_POINT('',#4775);
#1829=VERTEX_POINT('',#4777);
#1830=VERTEX_POINT('',#4779);
#1831=VERTEX_POINT('',#4781);
#1832=VERTEX_POINT('',#4783);
#1833=VERTEX_POINT('',#4785);
#1834=VERTEX_POINT('',#4787);
#1835=VERTEX_POINT('',#4789);
#1836=VERTEX_POINT('',#4791);
#1837=VERTEX_POINT('',#4793);
#1838=VERTEX_POINT('',#4795);
#1839=VERTEX_POINT('',#4797);
#1840=VERTEX_POINT('',#4799);
#1841=VERTEX_POINT('',#4801);
#1842=VERTEX_POINT('',#4803);
#1843=VERTEX_POINT('',#4805);
#1844=VERTEX_POINT('',#4807);
#1845=VERTEX_POINT('',#4809);
#1846=VERTEX_POINT('',#4811);
#1847=VERTEX_POINT('',#4813);
#1848=VERTEX_POINT('',#4815);
#1849=VERTEX_POINT('',#4817);
#1850=VERTEX_POINT('',#4819);
#1851=VERTEX_POINT('',#4821);
#1852=VERTEX_POINT('',#4823);
#1853=VERTEX_POINT('',#4825);
#1854=VERTEX_POINT('',#4827);
#1855=VERTEX_POINT('',#4831);
#1856=VERTEX_POINT('',#4833);
#1857=VERTEX_POINT('',#4834);
#1858=VERTEX_POINT('',#4836);
#1859=VERTEX_POINT('',#4838);
#1860=VERTEX_POINT('',#4841);
#1861=VERTEX_POINT('',#4842);
#1862=VERTEX_POINT('',#4844);
#1863=VERTEX_POINT('',#4846);
#1864=VERTEX_POINT('',#4849);
#1865=VERTEX_POINT('',#4850);
#1866=VERTEX_POINT('',#4852);
#1867=VERTEX_POINT('',#4854);
#1868=VERTEX_POINT('',#4857);
#1869=VERTEX_POINT('',#4858);
#1870=VERTEX_POINT('',#4860);
#1871=VERTEX_POINT('',#4862);
#1872=VERTEX_POINT('',#4865);
#1873=VERTEX_POINT('',#4866);
#1874=VERTEX_POINT('',#4868);
#1875=VERTEX_POINT('',#4870);
#1876=VERTEX_POINT('',#4873);
#1877=VERTEX_POINT('',#4874);
#1878=VERTEX_POINT('',#4876);
#1879=VERTEX_POINT('',#4878);
#1880=VERTEX_POINT('',#4881);
#1881=VERTEX_POINT('',#4882);
#1882=VERTEX_POINT('',#4884);
#1883=VERTEX_POINT('',#4886);
#1884=VERTEX_POINT('',#4889);
#1885=VERTEX_POINT('',#4890);
#1886=VERTEX_POINT('',#4892);
#1887=VERTEX_POINT('',#4894);
#1888=VERTEX_POINT('',#4897);
#1889=VERTEX_POINT('',#4898);
#1890=VERTEX_POINT('',#4900);
#1891=VERTEX_POINT('',#4902);
#1892=VERTEX_POINT('',#4905);
#1893=VERTEX_POINT('',#4906);
#1894=VERTEX_POINT('',#4908);
#1895=VERTEX_POINT('',#4910);
#1896=VERTEX_POINT('',#4913);
#1897=VERTEX_POINT('',#4914);
#1898=VERTEX_POINT('',#4916);
#1899=VERTEX_POINT('',#4918);
#1900=VERTEX_POINT('',#4921);
#1901=VERTEX_POINT('',#4922);
#1902=VERTEX_POINT('',#4924);
#1903=VERTEX_POINT('',#4926);
#1904=VERTEX_POINT('',#4929);
#1905=VERTEX_POINT('',#4930);
#1906=VERTEX_POINT('',#4932);
#1907=VERTEX_POINT('',#4934);
#1908=VERTEX_POINT('',#4937);
#1909=VERTEX_POINT('',#4938);
#1910=VERTEX_POINT('',#4940);
#1911=VERTEX_POINT('',#4942);
#1912=VERTEX_POINT('',#4945);
#1913=VERTEX_POINT('',#4946);
#1914=VERTEX_POINT('',#4948);
#1915=VERTEX_POINT('',#4950);
#1916=VERTEX_POINT('',#4953);
#1917=VERTEX_POINT('',#4954);
#1918=VERTEX_POINT('',#4956);
#1919=VERTEX_POINT('',#4958);
#1920=VERTEX_POINT('',#4961);
#1921=VERTEX_POINT('',#4962);
#1922=VERTEX_POINT('',#4964);
#1923=VERTEX_POINT('',#4966);
#1924=VERTEX_POINT('',#4969);
#1925=VERTEX_POINT('',#4970);
#1926=VERTEX_POINT('',#4972);
#1927=VERTEX_POINT('',#4974);
#1928=VERTEX_POINT('',#4977);
#1929=VERTEX_POINT('',#4978);
#1930=VERTEX_POINT('',#4980);
#1931=VERTEX_POINT('',#4982);
#1932=VERTEX_POINT('',#4985);
#1933=VERTEX_POINT('',#4986);
#1934=VERTEX_POINT('',#4988);
#1935=VERTEX_POINT('',#4990);
#1936=VERTEX_POINT('',#4993);
#1937=VERTEX_POINT('',#4994);
#1938=VERTEX_POINT('',#4996);
#1939=VERTEX_POINT('',#4998);
#1940=VERTEX_POINT('',#5001);
#1941=VERTEX_POINT('',#5002);
#1942=VERTEX_POINT('',#5004);
#1943=VERTEX_POINT('',#5006);
#1944=VERTEX_POINT('',#5009);
#1945=VERTEX_POINT('',#5010);
#1946=VERTEX_POINT('',#5012);
#1947=VERTEX_POINT('',#5014);
#1948=VERTEX_POINT('',#5017);
#1949=VERTEX_POINT('',#5018);
#1950=VERTEX_POINT('',#5020);
#1951=VERTEX_POINT('',#5022);
#1952=VERTEX_POINT('',#5025);
#1953=VERTEX_POINT('',#5026);
#1954=VERTEX_POINT('',#5028);
#1955=VERTEX_POINT('',#5030);
#1956=VERTEX_POINT('',#5033);
#1957=VERTEX_POINT('',#5034);
#1958=VERTEX_POINT('',#5036);
#1959=VERTEX_POINT('',#5038);
#1960=VERTEX_POINT('',#5041);
#1961=VERTEX_POINT('',#5042);
#1962=VERTEX_POINT('',#5044);
#1963=VERTEX_POINT('',#5046);
#1964=VERTEX_POINT('',#5049);
#1965=VERTEX_POINT('',#5050);
#1966=VERTEX_POINT('',#5052);
#1967=VERTEX_POINT('',#5054);
#1968=VERTEX_POINT('',#5057);
#1969=VERTEX_POINT('',#5058);
#1970=VERTEX_POINT('',#5060);
#1971=VERTEX_POINT('',#5062);
#1972=VERTEX_POINT('',#5065);
#1973=VERTEX_POINT('',#5066);
#1974=VERTEX_POINT('',#5068);
#1975=VERTEX_POINT('',#5070);
#1976=VERTEX_POINT('',#5073);
#1977=VERTEX_POINT('',#5074);
#1978=VERTEX_POINT('',#5076);
#1979=VERTEX_POINT('',#5078);
#1980=VERTEX_POINT('',#5081);
#1981=VERTEX_POINT('',#5082);
#1982=VERTEX_POINT('',#5084);
#1983=VERTEX_POINT('',#5086);
#1984=VERTEX_POINT('',#5089);
#1985=VERTEX_POINT('',#5090);
#1986=VERTEX_POINT('',#5092);
#1987=VERTEX_POINT('',#5094);
#1988=VERTEX_POINT('',#5097);
#1989=VERTEX_POINT('',#5098);
#1990=VERTEX_POINT('',#5100);
#1991=VERTEX_POINT('',#5102);
#1992=VERTEX_POINT('',#5105);
#1993=VERTEX_POINT('',#5106);
#1994=VERTEX_POINT('',#5108);
#1995=VERTEX_POINT('',#5110);
#1996=VERTEX_POINT('',#5113);
#1997=VERTEX_POINT('',#5114);
#1998=VERTEX_POINT('',#5116);
#1999=VERTEX_POINT('',#5118);
#2000=VERTEX_POINT('',#5121);
#2001=VERTEX_POINT('',#5122);
#2002=VERTEX_POINT('',#5124);
#2003=VERTEX_POINT('',#5126);
#2004=VERTEX_POINT('',#5129);
#2005=VERTEX_POINT('',#5130);
#2006=VERTEX_POINT('',#5132);
#2007=VERTEX_POINT('',#5134);
#2008=VERTEX_POINT('',#5137);
#2009=VERTEX_POINT('',#5138);
#2010=VERTEX_POINT('',#5140);
#2011=VERTEX_POINT('',#5142);
#2012=VERTEX_POINT('',#5145);
#2013=VERTEX_POINT('',#5146);
#2014=VERTEX_POINT('',#5148);
#2015=VERTEX_POINT('',#5150);
#2016=VERTEX_POINT('',#5170);
#2017=VERTEX_POINT('',#5189);
#2018=VERTEX_POINT('',#5208);
#2019=VERTEX_POINT('',#5227);
#2020=VERTEX_POINT('',#5229);
#2021=VERTEX_POINT('',#5230);
#2022=VERTEX_POINT('',#5232);
#2023=VERTEX_POINT('',#5234);
#2024=VERTEX_POINT('',#5236);
#2025=VERTEX_POINT('',#5238);
#2026=VERTEX_POINT('',#5240);
#2027=VERTEX_POINT('',#5242);
#2028=VERTEX_POINT('',#5244);
#2029=VERTEX_POINT('',#5246);
#2030=VERTEX_POINT('',#5248);
#2031=VERTEX_POINT('',#5250);
#2032=VERTEX_POINT('',#5252);
#2033=VERTEX_POINT('',#5254);
#2034=VERTEX_POINT('',#5256);
#2035=VERTEX_POINT('',#5258);
#2036=VERTEX_POINT('',#5260);
#2037=VERTEX_POINT('',#5262);
#2038=VERTEX_POINT('',#5264);
#2039=VERTEX_POINT('',#5266);
#2040=VERTEX_POINT('',#5268);
#2041=VERTEX_POINT('',#5270);
#2042=VERTEX_POINT('',#5272);
#2043=VERTEX_POINT('',#5274);
#2044=VERTEX_POINT('',#5276);
#2045=VERTEX_POINT('',#5278);
#2046=VERTEX_POINT('',#5280);
#2047=VERTEX_POINT('',#5282);
#2048=VERTEX_POINT('',#5284);
#2049=VERTEX_POINT('',#5286);
#2050=VERTEX_POINT('',#5288);
#2051=VERTEX_POINT('',#5290);
#2052=VERTEX_POINT('',#5294);
#2053=VERTEX_POINT('',#5296);
#2054=VERTEX_POINT('',#5300);
#2055=VERTEX_POINT('',#5302);
#2056=VERTEX_POINT('',#5306);
#2057=VERTEX_POINT('',#5308);
#2058=VERTEX_POINT('',#5312);
#2059=VERTEX_POINT('',#5314);
#2060=VERTEX_POINT('',#5321);
#2061=VERTEX_POINT('',#5323);
#2062=VERTEX_POINT('',#5327);
#2063=VERTEX_POINT('',#5329);
#2064=VERTEX_POINT('',#5333);
#2065=VERTEX_POINT('',#5335);
#2066=VERTEX_POINT('',#5342);
#2067=VERTEX_POINT('',#5344);
#2068=VERTEX_POINT('',#5348);
#2069=VERTEX_POINT('',#5350);
#2070=VERTEX_POINT('',#5354);
#2071=VERTEX_POINT('',#5356);
#2072=VERTEX_POINT('',#5363);
#2073=VERTEX_POINT('',#5365);
#2074=VERTEX_POINT('',#5369);
#2075=VERTEX_POINT('',#5371);
#2076=VERTEX_POINT('',#5375);
#2077=VERTEX_POINT('',#5377);
#2078=VERTEX_POINT('',#5384);
#2079=VERTEX_POINT('',#5386);
#2080=VERTEX_POINT('',#5390);
#2081=VERTEX_POINT('',#5392);
#2082=VERTEX_POINT('',#5396);
#2083=VERTEX_POINT('',#5398);
#2084=VERTEX_POINT('',#5405);
#2085=VERTEX_POINT('',#5407);
#2086=VERTEX_POINT('',#5411);
#2087=VERTEX_POINT('',#5413);
#2088=VERTEX_POINT('',#5417);
#2089=VERTEX_POINT('',#5419);
#2090=VERTEX_POINT('',#5423);
#2091=VERTEX_POINT('',#5425);
#2092=VERTEX_POINT('',#5432);
#2093=VERTEX_POINT('',#5434);
#2094=VERTEX_POINT('',#5438);
#2095=VERTEX_POINT('',#5439);
#2096=VERTEX_POINT('',#5444);
#2097=VERTEX_POINT('',#5446);
#2098=VERTEX_POINT('',#5628);
#2099=VERTEX_POINT('',#5630);
#2100=VERTEX_POINT('',#5636);
#2101=VERTEX_POINT('',#5638);
#2102=VERTEX_POINT('',#5641);
#2103=VERTEX_POINT('',#5643);
#2104=VERTEX_POINT('',#5645);
#2105=VERTEX_POINT('',#5647);
#2106=VERTEX_POINT('',#5650);
#2107=VERTEX_POINT('',#5654);
#2108=VERTEX_POINT('',#5657);
#2109=VERTEX_POINT('',#5660);
#2110=VERTEX_POINT('',#5663);
#2111=VERTEX_POINT('',#5666);
#2112=VERTEX_POINT('',#5670);
#2113=VERTEX_POINT('',#5674);
#2114=VERTEX_POINT('',#5678);
#2115=LINE('',#4757,#2195);
#2116=LINE('',#4762,#2196);
#2117=LINE('',#5293,#2197);
#2118=LINE('',#5297,#2198);
#2119=LINE('',#5299,#2199);
#2120=LINE('',#5303,#2200);
#2121=LINE('',#5305,#2201);
#2122=LINE('',#5309,#2202);
#2123=LINE('',#5311,#2203);
#2124=LINE('',#5315,#2204);
#2125=LINE('',#5317,#2205);
#2126=LINE('',#5318,#2206);
#2127=LINE('',#5320,#2207);
#2128=LINE('',#5324,#2208);
#2129=LINE('',#5326,#2209);
#2130=LINE('',#5330,#2210);
#2131=LINE('',#5332,#2211);
#2132=LINE('',#5336,#2212);
#2133=LINE('',#5338,#2213);
#2134=LINE('',#5339,#2214);
#2135=LINE('',#5341,#2215);
#2136=LINE('',#5345,#2216);
#2137=LINE('',#5347,#2217);
#2138=LINE('',#5351,#2218);
#2139=LINE('',#5353,#2219);
#2140=LINE('',#5357,#2220);
#2141=LINE('',#5359,#2221);
#2142=LINE('',#5360,#2222);
#2143=LINE('',#5362,#2223);
#2144=LINE('',#5366,#2224);
#2145=LINE('',#5368,#2225);
#2146=LINE('',#5372,#2226);
#2147=LINE('',#5374,#2227);
#2148=LINE('',#5378,#2228);
#2149=LINE('',#5380,#2229);
#2150=LINE('',#5381,#2230);
#2151=LINE('',#5383,#2231);
#2152=LINE('',#5387,#2232);
#2153=LINE('',#5389,#2233);
#2154=LINE('',#5393,#2234);
#2155=LINE('',#5395,#2235);
#2156=LINE('',#5399,#2236);
#2157=LINE('',#5401,#2237);
#2158=LINE('',#5402,#2238);
#2159=LINE('',#5404,#2239);
#2160=LINE('',#5408,#2240);
#2161=LINE('',#5410,#2241);
#2162=LINE('',#5414,#2242);
#2163=LINE('',#5416,#2243);
#2164=LINE('',#5420,#2244);
#2165=LINE('',#5422,#2245);
#2166=LINE('',#5426,#2246);
#2167=LINE('',#5428,#2247);
#2168=LINE('',#5429,#2248);
#2169=LINE('',#5431,#2249);
#2170=LINE('',#5435,#2250);
#2171=LINE('',#5440,#2251);
#2172=LINE('',#5441,#2252);
#2173=LINE('',#5443,#2253);
#2174=LINE('',#5445,#2254);
#2175=LINE('',#5449,#2255);
#2176=LINE('',#5450,#2256);
#2177=LINE('',#5632,#2257);
#2178=LINE('',#5633,#2258);
#2179=LINE('',#5706,#2259);
#2180=LINE('',#5707,#2260);
#2181=LINE('',#5711,#2261);
#2182=LINE('',#5712,#2262);
#2183=LINE('',#5716,#2263);
#2184=LINE('',#5717,#2264);
#2185=LINE('',#5721,#2265);
#2186=LINE('',#5722,#2266);
#2187=LINE('',#5726,#2267);
#2188=LINE('',#5727,#2268);
#2189=LINE('',#5731,#2269);
#2190=LINE('',#5732,#2270);
#2191=LINE('',#5736,#2271);
#2192=LINE('',#5737,#2272);
#2193=LINE('',#5741,#2273);
#2194=LINE('',#5742,#2274);
#2195=VECTOR('',#3591,1.);
#2196=VECTOR('',#3594,1.);
#2197=VECTOR('',#4053,1.);
#2198=VECTOR('',#4056,1.);
#2199=VECTOR('',#4059,1.);
#2200=VECTOR('',#4062,1.);
#2201=VECTOR('',#4065,1.);
#2202=VECTOR('',#4068,1.);
#2203=VECTOR('',#4071,1.);
#2204=VECTOR('',#4074,1.);
#2205=VECTOR('',#4077,1.);
#2206=VECTOR('',#4078,1.);
#2207=VECTOR('',#4081,1.);
#2208=VECTOR('',#4084,1.);
#2209=VECTOR('',#4087,1.);
#2210=VECTOR('',#4090,1.);
#2211=VECTOR('',#4093,1.);
#2212=VECTOR('',#4096,1.);
#2213=VECTOR('',#4099,1.);
#2214=VECTOR('',#4100,1.);
#2215=VECTOR('',#4103,1.);
#2216=VECTOR('',#4106,1.);
#2217=VECTOR('',#4109,1.);
#2218=VECTOR('',#4112,1.);
#2219=VECTOR('',#4115,1.);
#2220=VECTOR('',#4118,1.);
#2221=VECTOR('',#4121,1.);
#2222=VECTOR('',#4122,1.);
#2223=VECTOR('',#4125,1.);
#2224=VECTOR('',#4128,1.);
#2225=VECTOR('',#4131,1.);
#2226=VECTOR('',#4134,1.);
#2227=VECTOR('',#4137,1.);
#2228=VECTOR('',#4140,1.);
#2229=VECTOR('',#4143,1.);
#2230=VECTOR('',#4144,1.);
#2231=VECTOR('',#4147,1.);
#2232=VECTOR('',#4150,1.);
#2233=VECTOR('',#4153,1.);
#2234=VECTOR('',#4156,1.);
#2235=VECTOR('',#4159,1.);
#2236=VECTOR('',#4162,1.);
#2237=VECTOR('',#4165,1.);
#2238=VECTOR('',#4166,1.);
#2239=VECTOR('',#4169,1.);
#2240=VECTOR('',#4172,1.);
#2241=VECTOR('',#4175,1.);
#2242=VECTOR('',#4178,1.);
#2243=VECTOR('',#4181,1.);
#2244=VECTOR('',#4184,1.);
#2245=VECTOR('',#4187,1.);
#2246=VECTOR('',#4190,1.);
#2247=VECTOR('',#4193,1.);
#2248=VECTOR('',#4194,1.);
#2249=VECTOR('',#4197,1.);
#2250=VECTOR('',#4200,1.);
#2251=VECTOR('',#4205,1.);
#2252=VECTOR('',#4206,1.);
#2253=VECTOR('',#4209,1.);
#2254=VECTOR('',#4210,1.);
#2255=VECTOR('',#4215,1.);
#2256=VECTOR('',#4216,1.);
#2257=VECTOR('',#4575,1.);
#2258=VECTOR('',#4576,1.);
#2259=VECTOR('',#4691,1.);
#2260=VECTOR('',#4692,1.);
#2261=VECTOR('',#4699,1.);
#2262=VECTOR('',#4700,1.);
#2263=VECTOR('',#4707,1.);
#2264=VECTOR('',#4708,1.);
#2265=VECTOR('',#4715,1.);
#2266=VECTOR('',#4716,1.);
#2267=VECTOR('',#4723,1.);
#2268=VECTOR('',#4724,1.);
#2269=VECTOR('',#4731,1.);
#2270=VECTOR('',#4732,1.);
#2271=VECTOR('',#4739,1.);
#2272=VECTOR('',#4740,1.);
#2273=VECTOR('',#4747,1.);
#2274=VECTOR('',#4748,1.);
#2275=EDGE_LOOP('',(#527,#528,#529,#530));
#2276=EDGE_LOOP('',(#531));
#2277=EDGE_LOOP('',(#532,#533,#534,#535,#536,#537,#538,#539,#540,#541,#542,
#543,#544,#545,#546,#547,#548,#549,#550,#551,#552,#553,#554,#555,#556,#557,
#558,#559,#560,#561,#562,#563));
#2278=EDGE_LOOP('',(#564));
#2279=EDGE_LOOP('',(#565,#566,#567,#568));
#2280=EDGE_LOOP('',(#569,#570,#571,#572));
#2281=EDGE_LOOP('',(#573,#574,#575,#576));
#2282=EDGE_LOOP('',(#577,#578,#579,#580));
#2283=EDGE_LOOP('',(#581,#582,#583,#584));
#2284=EDGE_LOOP('',(#585,#586,#587,#588));
#2285=EDGE_LOOP('',(#589,#590,#591,#592));
#2286=EDGE_LOOP('',(#593,#594,#595,#596));
#2287=EDGE_LOOP('',(#597,#598,#599,#600));
#2288=EDGE_LOOP('',(#601,#602,#603,#604));
#2289=EDGE_LOOP('',(#605,#606,#607,#608));
#2290=EDGE_LOOP('',(#609,#610,#611,#612));
#2291=EDGE_LOOP('',(#613,#614,#615,#616));
#2292=EDGE_LOOP('',(#617,#618,#619,#620));
#2293=EDGE_LOOP('',(#621,#622,#623,#624));
#2294=EDGE_LOOP('',(#625,#626,#627,#628));
#2295=EDGE_LOOP('',(#629,#630,#631,#632));
#2296=EDGE_LOOP('',(#633,#634,#635,#636));
#2297=EDGE_LOOP('',(#637,#638,#639,#640));
#2298=EDGE_LOOP('',(#641,#642,#643,#644));
#2299=EDGE_LOOP('',(#645,#646,#647,#648));
#2300=EDGE_LOOP('',(#649,#650,#651,#652));
#2301=EDGE_LOOP('',(#653,#654,#655,#656));
#2302=EDGE_LOOP('',(#657,#658,#659,#660));
#2303=EDGE_LOOP('',(#661,#662,#663,#664));
#2304=EDGE_LOOP('',(#665,#666,#667,#668));
#2305=EDGE_LOOP('',(#669,#670,#671,#672));
#2306=EDGE_LOOP('',(#673,#674,#675,#676));
#2307=EDGE_LOOP('',(#677,#678,#679,#680));
#2308=EDGE_LOOP('',(#681,#682,#683,#684));
#2309=EDGE_LOOP('',(#685,#686,#687,#688));
#2310=EDGE_LOOP('',(#689,#690,#691,#692));
#2311=EDGE_LOOP('',(#693,#694,#695,#696));
#2312=EDGE_LOOP('',(#697,#698,#699,#700));
#2313=EDGE_LOOP('',(#701,#702,#703,#704));
#2314=EDGE_LOOP('',(#705,#706,#707,#708));
#2315=EDGE_LOOP('',(#709,#710,#711,#712));
#2316=EDGE_LOOP('',(#713,#714,#715,#716));
#2317=EDGE_LOOP('',(#717,#718,#719,#720));
#2318=EDGE_LOOP('',(#721,#722,#723,#724));
#2319=EDGE_LOOP('',(#725));
#2320=EDGE_LOOP('',(#726));
#2321=EDGE_LOOP('',(#727));
#2322=EDGE_LOOP('',(#728));
#2323=EDGE_LOOP('',(#729,#730,#731,#732,#733,#734,#735,#736,#737,#738,#739,
#740,#741,#742,#743,#744,#745,#746,#747,#748,#749,#750,#751,#752,#753,#754,
#755,#756,#757,#758,#759,#760));
#2324=EDGE_LOOP('',(#761,#762,#763,#764));
#2325=EDGE_LOOP('',(#765,#766,#767,#768));
#2326=EDGE_LOOP('',(#769,#770,#771,#772));
#2327=EDGE_LOOP('',(#773,#774,#775,#776));
#2328=EDGE_LOOP('',(#777,#778,#779,#780));
#2329=EDGE_LOOP('',(#781,#782,#783,#784));
#2330=EDGE_LOOP('',(#785,#786,#787,#788));
#2331=EDGE_LOOP('',(#789,#790,#791,#792));
#2332=EDGE_LOOP('',(#793,#794,#795,#796));
#2333=EDGE_LOOP('',(#797,#798,#799,#800));
#2334=EDGE_LOOP('',(#801,#802,#803,#804));
#2335=EDGE_LOOP('',(#805,#806,#807,#808));
#2336=EDGE_LOOP('',(#809,#810,#811,#812));
#2337=EDGE_LOOP('',(#813,#814,#815,#816));
#2338=EDGE_LOOP('',(#817,#818,#819,#820));
#2339=EDGE_LOOP('',(#821,#822,#823,#824));
#2340=EDGE_LOOP('',(#825,#826,#827,#828));
#2341=EDGE_LOOP('',(#829,#830,#831,#832));
#2342=EDGE_LOOP('',(#833,#834,#835,#836));
#2343=EDGE_LOOP('',(#837,#838,#839,#840));
#2344=EDGE_LOOP('',(#841,#842,#843,#844));
#2345=EDGE_LOOP('',(#845,#846,#847,#848));
#2346=EDGE_LOOP('',(#849,#850,#851,#852));
#2347=EDGE_LOOP('',(#853,#854,#855,#856));
#2348=EDGE_LOOP('',(#857,#858,#859,#860));
#2349=EDGE_LOOP('',(#861,#862,#863,#864));
#2350=EDGE_LOOP('',(#865,#866,#867,#868));
#2351=EDGE_LOOP('',(#869,#870,#871,#872));
#2352=EDGE_LOOP('',(#873,#874,#875,#876));
#2353=EDGE_LOOP('',(#877,#878,#879,#880));
#2354=EDGE_LOOP('',(#881,#882,#883,#884));
#2355=EDGE_LOOP('',(#885,#886));
#2356=EDGE_LOOP('',(#887,#888,#889,#890));
#2357=EDGE_LOOP('',(#891,#892));
#2358=EDGE_LOOP('',(#893,#894,#895,#896));
#2359=EDGE_LOOP('',(#897,#898));
#2360=EDGE_LOOP('',(#899,#900,#901,#902));
#2361=EDGE_LOOP('',(#903,#904));
#2362=EDGE_LOOP('',(#905,#906,#907,#908));
#2363=EDGE_LOOP('',(#909,#910));
#2364=EDGE_LOOP('',(#911,#912));
#2365=EDGE_LOOP('',(#913,#914));
#2366=EDGE_LOOP('',(#915,#916));
#2367=EDGE_LOOP('',(#917,#918));
#2368=EDGE_LOOP('',(#919,#920));
#2369=EDGE_LOOP('',(#921,#922,#923,#924));
#2370=EDGE_LOOP('',(#925,#926));
#2371=EDGE_LOOP('',(#927,#928,#929,#930));
#2372=EDGE_LOOP('',(#931,#932));
#2373=EDGE_LOOP('',(#933,#934,#935,#936));
#2374=EDGE_LOOP('',(#937,#938));
#2375=EDGE_LOOP('',(#939,#940,#941,#942));
#2376=EDGE_LOOP('',(#943,#944));
#2377=EDGE_LOOP('',(#945,#946,#947,#948));
#2378=EDGE_LOOP('',(#949,#950));
#2379=EDGE_LOOP('',(#951,#952));
#2380=EDGE_LOOP('',(#953,#954));
#2381=EDGE_LOOP('',(#955,#956));
#2382=EDGE_LOOP('',(#957,#958));
#2383=EDGE_LOOP('',(#959,#960));
#2384=EDGE_LOOP('',(#961,#962,#963,#964));
#2385=EDGE_LOOP('',(#965,#966));
#2386=EDGE_LOOP('',(#967,#968,#969,#970));
#2387=EDGE_LOOP('',(#971,#972));
#2388=EDGE_LOOP('',(#973,#974,#975,#976));
#2389=EDGE_LOOP('',(#977,#978));
#2390=EDGE_LOOP('',(#979,#980,#981,#982));
#2391=EDGE_LOOP('',(#983,#984));
#2392=EDGE_LOOP('',(#985,#986,#987,#988));
#2393=EDGE_LOOP('',(#989,#990));
#2394=EDGE_LOOP('',(#991,#992));
#2395=EDGE_LOOP('',(#993,#994));
#2396=EDGE_LOOP('',(#995,#996));
#2397=EDGE_LOOP('',(#997,#998));
#2398=EDGE_LOOP('',(#999,#1000));
#2399=EDGE_LOOP('',(#1001,#1002,#1003,#1004));
#2400=EDGE_LOOP('',(#1005,#1006));
#2401=EDGE_LOOP('',(#1007,#1008,#1009,#1010));
#2402=EDGE_LOOP('',(#1011,#1012));
#2403=EDGE_LOOP('',(#1013,#1014,#1015,#1016));
#2404=EDGE_LOOP('',(#1017,#1018));
#2405=EDGE_LOOP('',(#1019,#1020,#1021,#1022));
#2406=EDGE_LOOP('',(#1023,#1024));
#2407=EDGE_LOOP('',(#1025,#1026,#1027,#1028));
#2408=EDGE_LOOP('',(#1029,#1030));
#2409=EDGE_LOOP('',(#1031,#1032));
#2410=EDGE_LOOP('',(#1033,#1034));
#2411=EDGE_LOOP('',(#1035,#1036));
#2412=EDGE_LOOP('',(#1037,#1038));
#2413=EDGE_LOOP('',(#1039,#1040));
#2414=EDGE_LOOP('',(#1041,#1042,#1043,#1044));
#2415=EDGE_LOOP('',(#1045,#1046));
#2416=EDGE_LOOP('',(#1047,#1048,#1049,#1050));
#2417=EDGE_LOOP('',(#1051,#1052));
#2418=EDGE_LOOP('',(#1053,#1054,#1055,#1056));
#2419=EDGE_LOOP('',(#1057,#1058));
#2420=EDGE_LOOP('',(#1059,#1060,#1061,#1062));
#2421=EDGE_LOOP('',(#1063,#1064));
#2422=EDGE_LOOP('',(#1065,#1066,#1067,#1068));
#2423=EDGE_LOOP('',(#1069,#1070));
#2424=EDGE_LOOP('',(#1071,#1072));
#2425=EDGE_LOOP('',(#1073,#1074));
#2426=EDGE_LOOP('',(#1075,#1076));
#2427=EDGE_LOOP('',(#1077,#1078));
#2428=EDGE_LOOP('',(#1079,#1080));
#2429=EDGE_LOOP('',(#1081,#1082,#1083,#1084));
#2430=EDGE_LOOP('',(#1085,#1086));
#2431=EDGE_LOOP('',(#1087,#1088,#1089,#1090));
#2432=EDGE_LOOP('',(#1091,#1092));
#2433=EDGE_LOOP('',(#1093,#1094,#1095,#1096));
#2434=EDGE_LOOP('',(#1097,#1098));
#2435=EDGE_LOOP('',(#1099,#1100,#1101,#1102));
#2436=EDGE_LOOP('',(#1103,#1104));
#2437=EDGE_LOOP('',(#1105,#1106,#1107,#1108));
#2438=EDGE_LOOP('',(#1109,#1110));
#2439=EDGE_LOOP('',(#1111,#1112));
#2440=EDGE_LOOP('',(#1113,#1114));
#2441=EDGE_LOOP('',(#1115,#1116));
#2442=EDGE_LOOP('',(#1117,#1118));
#2443=EDGE_LOOP('',(#1119,#1120));
#2444=EDGE_LOOP('',(#1121,#1122,#1123,#1124));
#2445=EDGE_LOOP('',(#1125,#1126));
#2446=EDGE_LOOP('',(#1127,#1128,#1129,#1130));
#2447=EDGE_LOOP('',(#1131,#1132));
#2448=EDGE_LOOP('',(#1133,#1134,#1135,#1136));
#2449=EDGE_LOOP('',(#1137,#1138));
#2450=EDGE_LOOP('',(#1139,#1140,#1141,#1142));
#2451=EDGE_LOOP('',(#1143,#1144));
#2452=EDGE_LOOP('',(#1145,#1146,#1147,#1148));
#2453=EDGE_LOOP('',(#1149,#1150));
#2454=EDGE_LOOP('',(#1151,#1152));
#2455=EDGE_LOOP('',(#1153,#1154));
#2456=EDGE_LOOP('',(#1155,#1156));
#2457=EDGE_LOOP('',(#1157,#1158));
#2458=EDGE_LOOP('',(#1159,#1160));
#2459=EDGE_LOOP('',(#1161));
#2460=EDGE_LOOP('',(#1162));
#2461=EDGE_LOOP('',(#1163,#1164,#1165,#1166));
#2462=EDGE_LOOP('',(#1167));
#2463=EDGE_LOOP('',(#1168));
#2464=EDGE_LOOP('',(#1169));
#2465=EDGE_LOOP('',(#1170));
#2466=EDGE_LOOP('',(#1171));
#2467=EDGE_LOOP('',(#1172));
#2468=EDGE_LOOP('',(#1173));
#2469=EDGE_LOOP('',(#1174));
#2470=EDGE_LOOP('',(#1175));
#2471=EDGE_LOOP('',(#1176));
#2472=EDGE_LOOP('',(#1177));
#2473=EDGE_LOOP('',(#1178));
#2474=EDGE_LOOP('',(#1179));
#2475=EDGE_LOOP('',(#1180));
#2476=EDGE_LOOP('',(#1181));
#2477=EDGE_LOOP('',(#1182));
#2478=EDGE_LOOP('',(#1183));
#2479=EDGE_LOOP('',(#1184));
#2480=EDGE_LOOP('',(#1185));
#2481=EDGE_LOOP('',(#1186));
#2482=EDGE_LOOP('',(#1187));
#2483=EDGE_LOOP('',(#1188));
#2484=EDGE_LOOP('',(#1189));
#2485=EDGE_LOOP('',(#1190));
#2486=EDGE_LOOP('',(#1191));
#2487=EDGE_LOOP('',(#1192));
#2488=EDGE_LOOP('',(#1193));
#2489=EDGE_LOOP('',(#1194));
#2490=EDGE_LOOP('',(#1195));
#2491=EDGE_LOOP('',(#1196));
#2492=EDGE_LOOP('',(#1197));
#2493=EDGE_LOOP('',(#1198));
#2494=EDGE_LOOP('',(#1199));
#2495=EDGE_LOOP('',(#1200));
#2496=EDGE_LOOP('',(#1201));
#2497=EDGE_LOOP('',(#1202));
#2498=EDGE_LOOP('',(#1203,#1204,#1205,#1206));
#2499=EDGE_LOOP('',(#1207,#1208));
#2500=EDGE_LOOP('',(#1209,#1210));
#2501=EDGE_LOOP('',(#1211,#1212,#1213,#1214));
#2502=EDGE_LOOP('',(#1215,#1216));
#2503=EDGE_LOOP('',(#1217,#1218));
#2504=EDGE_LOOP('',(#1219,#1220,#1221,#1222));
#2505=EDGE_LOOP('',(#1223,#1224));
#2506=EDGE_LOOP('',(#1225,#1226));
#2507=EDGE_LOOP('',(#1227,#1228,#1229,#1230));
#2508=EDGE_LOOP('',(#1231,#1232));
#2509=EDGE_LOOP('',(#1233,#1234));
#2510=EDGE_LOOP('',(#1235,#1236,#1237,#1238));
#2511=EDGE_LOOP('',(#1239,#1240));
#2512=EDGE_LOOP('',(#1241,#1242));
#2513=EDGE_LOOP('',(#1243,#1244,#1245,#1246));
#2514=EDGE_LOOP('',(#1247,#1248,#1249,#1250,#1251,#1252,#1253));
#2515=EDGE_LOOP('',(#1254,#1255,#1256,#1257,#1258,#1259,#1260));
#2516=EDGE_LOOP('',(#1261,#1262,#1263,#1264));
#2517=EDGE_LOOP('',(#1265,#1266,#1267,#1268,#1269,#1270,#1271));
#2518=EDGE_LOOP('',(#1272,#1273,#1274,#1275,#1276,#1277,#1278));
#2519=EDGE_LOOP('',(#1279,#1280,#1281,#1282));
#2520=EDGE_LOOP('',(#1283,#1284,#1285,#1286,#1287,#1288,#1289));
#2521=EDGE_LOOP('',(#1290,#1291,#1292,#1293,#1294,#1295,#1296));
#2522=EDGE_LOOP('',(#1297,#1298,#1299,#1300));
#2523=EDGE_LOOP('',(#1301,#1302,#1303,#1304,#1305,#1306,#1307));
#2524=EDGE_LOOP('',(#1308,#1309,#1310,#1311,#1312,#1313,#1314));
#2525=EDGE_LOOP('',(#1315,#1316,#1317,#1318));
#2526=EDGE_LOOP('',(#1319,#1320,#1321,#1322,#1323,#1324,#1325));
#2527=EDGE_LOOP('',(#1326,#1327,#1328,#1329,#1330,#1331,#1332));
#2528=EDGE_LOOP('',(#1333,#1334,#1335,#1336));
#2529=EDGE_LOOP('',(#1337,#1338,#1339,#1340,#1341,#1342,#1343));
#2530=EDGE_LOOP('',(#1344,#1345,#1346,#1347,#1348,#1349,#1350));
#2531=EDGE_LOOP('',(#1351,#1352,#1353,#1354));
#2532=EDGE_LOOP('',(#1355,#1356,#1357,#1358,#1359,#1360,#1361));
#2533=EDGE_LOOP('',(#1362,#1363,#1364,#1365,#1366,#1367,#1368));
#2534=EDGE_LOOP('',(#1369,#1370,#1371,#1372));
#2535=EDGE_LOOP('',(#1373,#1374,#1375,#1376,#1377,#1378,#1379));
#2536=EDGE_LOOP('',(#1380,#1381,#1382,#1383,#1384,#1385,#1386));
#2537=EDGE_LOOP('',(#1387));
#2538=EDGE_LOOP('',(#1388));
#2539=FACE_BOUND('',#2275,.T.);
#2540=FACE_BOUND('',#2276,.T.);
#2541=FACE_BOUND('',#2277,.T.);
#2542=FACE_BOUND('',#2278,.T.);
#2543=FACE_BOUND('',#2279,.T.);
#2544=FACE_BOUND('',#2280,.T.);
#2545=FACE_BOUND('',#2281,.T.);
#2546=FACE_BOUND('',#2282,.T.);
#2547=FACE_BOUND('',#2283,.T.);
#2548=FACE_BOUND('',#2284,.T.);
#2549=FACE_BOUND('',#2285,.T.);
#2550=FACE_BOUND('',#2286,.T.);
#2551=FACE_BOUND('',#2287,.T.);
#2552=FACE_BOUND('',#2288,.T.);
#2553=FACE_BOUND('',#2289,.T.);
#2554=FACE_BOUND('',#2290,.T.);
#2555=FACE_BOUND('',#2291,.T.);
#2556=FACE_BOUND('',#2292,.T.);
#2557=FACE_BOUND('',#2293,.T.);
#2558=FACE_BOUND('',#2294,.T.);
#2559=FACE_BOUND('',#2295,.T.);
#2560=FACE_BOUND('',#2296,.T.);
#2561=FACE_BOUND('',#2297,.T.);
#2562=FACE_BOUND('',#2298,.T.);
#2563=FACE_BOUND('',#2299,.T.);
#2564=FACE_BOUND('',#2300,.T.);
#2565=FACE_BOUND('',#2301,.T.);
#2566=FACE_BOUND('',#2302,.T.);
#2567=FACE_BOUND('',#2303,.T.);
#2568=FACE_BOUND('',#2304,.T.);
#2569=FACE_BOUND('',#2305,.T.);
#2570=FACE_BOUND('',#2306,.T.);
#2571=FACE_BOUND('',#2307,.T.);
#2572=FACE_BOUND('',#2308,.T.);
#2573=FACE_BOUND('',#2309,.T.);
#2574=FACE_BOUND('',#2310,.T.);
#2575=FACE_BOUND('',#2311,.T.);
#2576=FACE_BOUND('',#2312,.T.);
#2577=FACE_BOUND('',#2313,.T.);
#2578=FACE_BOUND('',#2314,.T.);
#2579=FACE_BOUND('',#2315,.T.);
#2580=FACE_BOUND('',#2316,.T.);
#2581=FACE_BOUND('',#2317,.T.);
#2582=FACE_BOUND('',#2318,.T.);
#2583=FACE_BOUND('',#2319,.T.);
#2584=FACE_BOUND('',#2320,.T.);
#2585=FACE_BOUND('',#2321,.T.);
#2586=FACE_BOUND('',#2322,.T.);
#2587=FACE_BOUND('',#2323,.T.);
#2588=FACE_BOUND('',#2324,.T.);
#2589=FACE_BOUND('',#2325,.T.);
#2590=FACE_BOUND('',#2326,.T.);
#2591=FACE_BOUND('',#2327,.T.);
#2592=FACE_BOUND('',#2328,.T.);
#2593=FACE_BOUND('',#2329,.T.);
#2594=FACE_BOUND('',#2330,.T.);
#2595=FACE_BOUND('',#2331,.T.);
#2596=FACE_BOUND('',#2332,.T.);
#2597=FACE_BOUND('',#2333,.T.);
#2598=FACE_BOUND('',#2334,.T.);
#2599=FACE_BOUND('',#2335,.T.);
#2600=FACE_BOUND('',#2336,.T.);
#2601=FACE_BOUND('',#2337,.T.);
#2602=FACE_BOUND('',#2338,.T.);
#2603=FACE_BOUND('',#2339,.T.);
#2604=FACE_BOUND('',#2340,.T.);
#2605=FACE_BOUND('',#2341,.T.);
#2606=FACE_BOUND('',#2342,.T.);
#2607=FACE_BOUND('',#2343,.T.);
#2608=FACE_BOUND('',#2344,.T.);
#2609=FACE_BOUND('',#2345,.T.);
#2610=FACE_BOUND('',#2346,.T.);
#2611=FACE_BOUND('',#2347,.T.);
#2612=FACE_BOUND('',#2348,.T.);
#2613=FACE_BOUND('',#2349,.T.);
#2614=FACE_BOUND('',#2350,.T.);
#2615=FACE_BOUND('',#2351,.T.);
#2616=FACE_BOUND('',#2352,.T.);
#2617=FACE_BOUND('',#2353,.T.);
#2618=FACE_BOUND('',#2354,.T.);
#2619=FACE_BOUND('',#2355,.T.);
#2620=FACE_BOUND('',#2356,.T.);
#2621=FACE_BOUND('',#2357,.T.);
#2622=FACE_BOUND('',#2358,.T.);
#2623=FACE_BOUND('',#2359,.T.);
#2624=FACE_BOUND('',#2360,.T.);
#2625=FACE_BOUND('',#2361,.T.);
#2626=FACE_BOUND('',#2362,.T.);
#2627=FACE_BOUND('',#2363,.T.);
#2628=FACE_BOUND('',#2364,.T.);
#2629=FACE_BOUND('',#2365,.T.);
#2630=FACE_BOUND('',#2366,.T.);
#2631=FACE_BOUND('',#2367,.T.);
#2632=FACE_BOUND('',#2368,.T.);
#2633=FACE_BOUND('',#2369,.T.);
#2634=FACE_BOUND('',#2370,.T.);
#2635=FACE_BOUND('',#2371,.T.);
#2636=FACE_BOUND('',#2372,.T.);
#2637=FACE_BOUND('',#2373,.T.);
#2638=FACE_BOUND('',#2374,.T.);
#2639=FACE_BOUND('',#2375,.T.);
#2640=FACE_BOUND('',#2376,.T.);
#2641=FACE_BOUND('',#2377,.T.);
#2642=FACE_BOUND('',#2378,.T.);
#2643=FACE_BOUND('',#2379,.T.);
#2644=FACE_BOUND('',#2380,.T.);
#2645=FACE_BOUND('',#2381,.T.);
#2646=FACE_BOUND('',#2382,.T.);
#2647=FACE_BOUND('',#2383,.T.);
#2648=FACE_BOUND('',#2384,.T.);
#2649=FACE_BOUND('',#2385,.T.);
#2650=FACE_BOUND('',#2386,.T.);
#2651=FACE_BOUND('',#2387,.T.);
#2652=FACE_BOUND('',#2388,.T.);
#2653=FACE_BOUND('',#2389,.T.);
#2654=FACE_BOUND('',#2390,.T.);
#2655=FACE_BOUND('',#2391,.T.);
#2656=FACE_BOUND('',#2392,.T.);
#2657=FACE_BOUND('',#2393,.T.);
#2658=FACE_BOUND('',#2394,.T.);
#2659=FACE_BOUND('',#2395,.T.);
#2660=FACE_BOUND('',#2396,.T.);
#2661=FACE_BOUND('',#2397,.T.);
#2662=FACE_BOUND('',#2398,.T.);
#2663=FACE_BOUND('',#2399,.T.);
#2664=FACE_BOUND('',#2400,.T.);
#2665=FACE_BOUND('',#2401,.T.);
#2666=FACE_BOUND('',#2402,.T.);
#2667=FACE_BOUND('',#2403,.T.);
#2668=FACE_BOUND('',#2404,.T.);
#2669=FACE_BOUND('',#2405,.T.);
#2670=FACE_BOUND('',#2406,.T.);
#2671=FACE_BOUND('',#2407,.T.);
#2672=FACE_BOUND('',#2408,.T.);
#2673=FACE_BOUND('',#2409,.T.);
#2674=FACE_BOUND('',#2410,.T.);
#2675=FACE_BOUND('',#2411,.T.);
#2676=FACE_BOUND('',#2412,.T.);
#2677=FACE_BOUND('',#2413,.T.);
#2678=FACE_BOUND('',#2414,.T.);
#2679=FACE_BOUND('',#2415,.T.);
#2680=FACE_BOUND('',#2416,.T.);
#2681=FACE_BOUND('',#2417,.T.);
#2682=FACE_BOUND('',#2418,.T.);
#2683=FACE_BOUND('',#2419,.T.);
#2684=FACE_BOUND('',#2420,.T.);
#2685=FACE_BOUND('',#2421,.T.);
#2686=FACE_BOUND('',#2422,.T.);
#2687=FACE_BOUND('',#2423,.T.);
#2688=FACE_BOUND('',#2424,.T.);
#2689=FACE_BOUND('',#2425,.T.);
#2690=FACE_BOUND('',#2426,.T.);
#2691=FACE_BOUND('',#2427,.T.);
#2692=FACE_BOUND('',#2428,.T.);
#2693=FACE_BOUND('',#2429,.T.);
#2694=FACE_BOUND('',#2430,.T.);
#2695=FACE_BOUND('',#2431,.T.);
#2696=FACE_BOUND('',#2432,.T.);
#2697=FACE_BOUND('',#2433,.T.);
#2698=FACE_BOUND('',#2434,.T.);
#2699=FACE_BOUND('',#2435,.T.);
#2700=FACE_BOUND('',#2436,.T.);
#2701=FACE_BOUND('',#2437,.T.);
#2702=FACE_BOUND('',#2438,.T.);
#2703=FACE_BOUND('',#2439,.T.);
#2704=FACE_BOUND('',#2440,.T.);
#2705=FACE_BOUND('',#2441,.T.);
#2706=FACE_BOUND('',#2442,.T.);
#2707=FACE_BOUND('',#2443,.T.);
#2708=FACE_BOUND('',#2444,.T.);
#2709=FACE_BOUND('',#2445,.T.);
#2710=FACE_BOUND('',#2446,.T.);
#2711=FACE_BOUND('',#2447,.T.);
#2712=FACE_BOUND('',#2448,.T.);
#2713=FACE_BOUND('',#2449,.T.);
#2714=FACE_BOUND('',#2450,.T.);
#2715=FACE_BOUND('',#2451,.T.);
#2716=FACE_BOUND('',#2452,.T.);
#2717=FACE_BOUND('',#2453,.T.);
#2718=FACE_BOUND('',#2454,.T.);
#2719=FACE_BOUND('',#2455,.T.);
#2720=FACE_BOUND('',#2456,.T.);
#2721=FACE_BOUND('',#2457,.T.);
#2722=FACE_BOUND('',#2458,.T.);
#2723=FACE_BOUND('',#2459,.T.);
#2724=FACE_BOUND('',#2460,.T.);
#2725=FACE_BOUND('',#2461,.T.);
#2726=FACE_BOUND('',#2462,.T.);
#2727=FACE_BOUND('',#2463,.T.);
#2728=FACE_BOUND('',#2464,.T.);
#2729=FACE_BOUND('',#2465,.T.);
#2730=FACE_BOUND('',#2466,.T.);
#2731=FACE_BOUND('',#2467,.T.);
#2732=FACE_BOUND('',#2468,.T.);
#2733=FACE_BOUND('',#2469,.T.);
#2734=FACE_BOUND('',#2470,.T.);
#2735=FACE_BOUND('',#2471,.T.);
#2736=FACE_BOUND('',#2472,.T.);
#2737=FACE_BOUND('',#2473,.T.);
#2738=FACE_BOUND('',#2474,.T.);
#2739=FACE_BOUND('',#2475,.T.);
#2740=FACE_BOUND('',#2476,.T.);
#2741=FACE_BOUND('',#2477,.T.);
#2742=FACE_BOUND('',#2478,.T.);
#2743=FACE_BOUND('',#2479,.T.);
#2744=FACE_BOUND('',#2480,.T.);
#2745=FACE_BOUND('',#2481,.T.);
#2746=FACE_BOUND('',#2482,.T.);
#2747=FACE_BOUND('',#2483,.T.);
#2748=FACE_BOUND('',#2484,.T.);
#2749=FACE_BOUND('',#2485,.T.);
#2750=FACE_BOUND('',#2486,.T.);
#2751=FACE_BOUND('',#2487,.T.);
#2752=FACE_BOUND('',#2488,.T.);
#2753=FACE_BOUND('',#2489,.T.);
#2754=FACE_BOUND('',#2490,.T.);
#2755=FACE_BOUND('',#2491,.T.);
#2756=FACE_BOUND('',#2492,.T.);
#2757=FACE_BOUND('',#2493,.T.);
#2758=FACE_BOUND('',#2494,.T.);
#2759=FACE_BOUND('',#2495,.T.);
#2760=FACE_BOUND('',#2496,.T.);
#2761=FACE_BOUND('',#2497,.T.);
#2762=FACE_BOUND('',#2498,.T.);
#2763=FACE_BOUND('',#2499,.T.);
#2764=FACE_BOUND('',#2500,.T.);
#2765=FACE_BOUND('',#2501,.T.);
#2766=FACE_BOUND('',#2502,.T.);
#2767=FACE_BOUND('',#2503,.T.);
#2768=FACE_BOUND('',#2504,.T.);
#2769=FACE_BOUND('',#2505,.T.);
#2770=FACE_BOUND('',#2506,.T.);
#2771=FACE_BOUND('',#2507,.T.);
#2772=FACE_BOUND('',#2508,.T.);
#2773=FACE_BOUND('',#2509,.T.);
#2774=FACE_BOUND('',#2510,.T.);
#2775=FACE_BOUND('',#2511,.T.);
#2776=FACE_BOUND('',#2512,.T.);
#2777=FACE_BOUND('',#2513,.T.);
#2778=FACE_BOUND('',#2514,.T.);
#2779=FACE_BOUND('',#2515,.T.);
#2780=FACE_BOUND('',#2516,.T.);
#2781=FACE_BOUND('',#2517,.T.);
#2782=FACE_BOUND('',#2518,.T.);
#2783=FACE_BOUND('',#2519,.T.);
#2784=FACE_BOUND('',#2520,.T.);
#2785=FACE_BOUND('',#2521,.T.);
#2786=FACE_BOUND('',#2522,.T.);
#2787=FACE_BOUND('',#2523,.T.);
#2788=FACE_BOUND('',#2524,.T.);
#2789=FACE_BOUND('',#2525,.T.);
#2790=FACE_BOUND('',#2526,.T.);
#2791=FACE_BOUND('',#2527,.T.);
#2792=FACE_BOUND('',#2528,.T.);
#2793=FACE_BOUND('',#2529,.T.);
#2794=FACE_BOUND('',#2530,.T.);
#2795=FACE_BOUND('',#2531,.T.);
#2796=FACE_BOUND('',#2532,.T.);
#2797=FACE_BOUND('',#2533,.T.);
#2798=FACE_BOUND('',#2534,.T.);
#2799=FACE_BOUND('',#2535,.T.);
#2800=FACE_BOUND('',#2536,.T.);
#2801=FACE_BOUND('',#2537,.T.);
#2802=FACE_BOUND('',#2538,.T.);
#2803=CONICAL_SURFACE('',#3044,0.0404013210102463,0.0523598775598292);
#2804=CONICAL_SURFACE('',#3274,0.0333225471085542,0.564373959867002);
#2805=CONICAL_SURFACE('',#3276,0.0404013210102463,0.759218224617529);
#2806=CONICAL_SURFACE('',#3280,0.0404013210102463,0.0523598775598292);
#2807=CONICAL_SURFACE('',#3282,0.0333225471085542,0.564373959867002);
#2808=CONICAL_SURFACE('',#3283,0.0404013210102463,0.759218224617529);
#2809=CONICAL_SURFACE('',#3287,0.0404013210102463,0.0523598775598292);
#2810=CONICAL_SURFACE('',#3289,0.0333225471085542,0.564373959867002);
#2811=CONICAL_SURFACE('',#3290,0.0404013210102463,0.759218224617529);
#2812=CONICAL_SURFACE('',#3294,0.0404013210102463,0.0523598775598292);
#2813=CONICAL_SURFACE('',#3296,0.0333225471085542,0.564373959867002);
#2814=CONICAL_SURFACE('',#3297,0.0404013210102463,0.759218224617529);
#2815=CONICAL_SURFACE('',#3301,0.0404013210102463,0.0523598775598292);
#2816=CONICAL_SURFACE('',#3303,0.0333225471085542,0.564373959867002);
#2817=CONICAL_SURFACE('',#3304,0.0404013210102463,0.759218224617529);
#2818=CONICAL_SURFACE('',#3308,0.0404013210102463,0.0523598775598292);
#2819=CONICAL_SURFACE('',#3310,0.0333225471085542,0.564373959867002);
#2820=CONICAL_SURFACE('',#3311,0.0404013210102463,0.759218224617529);
#2821=CONICAL_SURFACE('',#3315,0.0404013210102463,0.0523598775598292);
#2822=CONICAL_SURFACE('',#3317,0.0404013210102463,0.759218224617529);
#2823=CONICAL_SURFACE('',#3319,0.0333225471085542,0.564373959867002);
#2824=CONICAL_SURFACE('',#3322,0.0404013210102463,0.0523598775598292);
#2825=CONICAL_SURFACE('',#3324,0.0404013210102463,0.759218224617529);
#2826=CONICAL_SURFACE('',#3326,0.0333225471085542,0.564373959867002);
#2827=CONICAL_SURFACE('',#3562,0.0323225471085567,1.11485858427426);
#2828=CONICAL_SURFACE('',#3565,0.0323225471085567,1.11485858427426);
#2829=CONICAL_SURFACE('',#3568,0.0323225471085567,1.11485858427426);
#2830=CONICAL_SURFACE('',#3571,0.0323225471085567,1.11485858427426);
#2831=CONICAL_SURFACE('',#3574,0.0323225471085567,1.11485858427426);
#2832=CONICAL_SURFACE('',#3577,0.0323225471085567,1.11485858427426);
#2833=CONICAL_SURFACE('',#3580,0.0323225471085567,1.11485858427426);
#2834=CONICAL_SURFACE('',#3583,0.0323225471085567,1.11485858427426);
#2835=ADVANCED_FACE('',(#2539),#2803,.T.);
#2836=ADVANCED_FACE('',(#2540,#2541),#178,.T.);
#2837=ADVANCED_FACE('',(#2542,#2543,#2544,#2545,#2546,#2547,#2548,#2549,
#2550,#2551,#2552,#2553,#2554,#2555,#2556,#2557,#2558,#2559,#2560,#2561,
#2562,#2563,#2564,#2565,#2566,#2567,#2568,#2569,#2570,#2571,#2572,#2573,
#2574,#2575,#2576,#2577,#2578,#2579,#2580,#2581,#2582,#2583,#2584,#2585,
#2586,#2587),#179,.F.);
#2838=ADVANCED_FACE('',(#2588),#2804,.F.);
#2839=ADVANCED_FACE('',(#2589),#2805,.T.);
#2840=ADVANCED_FACE('',(#2590),#65,.F.);
#2841=ADVANCED_FACE('',(#2591),#2806,.T.);
#2842=ADVANCED_FACE('',(#2592),#2807,.F.);
#2843=ADVANCED_FACE('',(#2593),#2808,.T.);
#2844=ADVANCED_FACE('',(#2594),#66,.F.);
#2845=ADVANCED_FACE('',(#2595),#2809,.T.);
#2846=ADVANCED_FACE('',(#2596),#2810,.F.);
#2847=ADVANCED_FACE('',(#2597),#2811,.T.);
#2848=ADVANCED_FACE('',(#2598),#67,.F.);
#2849=ADVANCED_FACE('',(#2599),#2812,.T.);
#2850=ADVANCED_FACE('',(#2600),#2813,.F.);
#2851=ADVANCED_FACE('',(#2601),#2814,.T.);
#2852=ADVANCED_FACE('',(#2602),#68,.F.);
#2853=ADVANCED_FACE('',(#2603),#2815,.T.);
#2854=ADVANCED_FACE('',(#2604),#2816,.F.);
#2855=ADVANCED_FACE('',(#2605),#2817,.T.);
#2856=ADVANCED_FACE('',(#2606),#69,.F.);
#2857=ADVANCED_FACE('',(#2607),#2818,.T.);
#2858=ADVANCED_FACE('',(#2608),#2819,.F.);
#2859=ADVANCED_FACE('',(#2609),#2820,.T.);
#2860=ADVANCED_FACE('',(#2610),#70,.F.);
#2861=ADVANCED_FACE('',(#2611),#2821,.T.);
#2862=ADVANCED_FACE('',(#2612),#2822,.T.);
#2863=ADVANCED_FACE('',(#2613),#2823,.F.);
#2864=ADVANCED_FACE('',(#2614),#71,.F.);
#2865=ADVANCED_FACE('',(#2615),#2824,.T.);
#2866=ADVANCED_FACE('',(#2616),#2825,.T.);
#2867=ADVANCED_FACE('',(#2617),#2826,.F.);
#2868=ADVANCED_FACE('',(#2618),#22,.F.);
#2869=ADVANCED_FACE('',(#2619),#72,.F.);
#2870=ADVANCED_FACE('',(#2620),#23,.F.);
#2871=ADVANCED_FACE('',(#2621),#73,.F.);
#2872=ADVANCED_FACE('',(#2622),#24,.F.);
#2873=ADVANCED_FACE('',(#2623),#74,.F.);
#2874=ADVANCED_FACE('',(#2624),#25,.F.);
#2875=ADVANCED_FACE('',(#2625),#75,.F.);
#2876=ADVANCED_FACE('',(#2626),#26,.F.);
#2877=ADVANCED_FACE('',(#2627),#76,.F.);
#2878=ADVANCED_FACE('',(#2628),#77,.T.);
#2879=ADVANCED_FACE('',(#2629),#78,.T.);
#2880=ADVANCED_FACE('',(#2630),#79,.T.);
#2881=ADVANCED_FACE('',(#2631),#80,.T.);
#2882=ADVANCED_FACE('',(#2632),#81,.T.);
#2883=ADVANCED_FACE('',(#2633),#27,.F.);
#2884=ADVANCED_FACE('',(#2634),#82,.F.);
#2885=ADVANCED_FACE('',(#2635),#28,.F.);
#2886=ADVANCED_FACE('',(#2636),#83,.F.);
#2887=ADVANCED_FACE('',(#2637),#29,.F.);
#2888=ADVANCED_FACE('',(#2638),#84,.F.);
#2889=ADVANCED_FACE('',(#2639),#30,.F.);
#2890=ADVANCED_FACE('',(#2640),#85,.F.);
#2891=ADVANCED_FACE('',(#2641),#31,.F.);
#2892=ADVANCED_FACE('',(#2642),#86,.F.);
#2893=ADVANCED_FACE('',(#2643),#87,.T.);
#2894=ADVANCED_FACE('',(#2644),#88,.T.);
#2895=ADVANCED_FACE('',(#2645),#89,.T.);
#2896=ADVANCED_FACE('',(#2646),#90,.T.);
#2897=ADVANCED_FACE('',(#2647),#91,.T.);
#2898=ADVANCED_FACE('',(#2648),#32,.F.);
#2899=ADVANCED_FACE('',(#2649),#92,.F.);
#2900=ADVANCED_FACE('',(#2650),#33,.F.);
#2901=ADVANCED_FACE('',(#2651),#93,.F.);
#2902=ADVANCED_FACE('',(#2652),#34,.F.);
#2903=ADVANCED_FACE('',(#2653),#94,.F.);
#2904=ADVANCED_FACE('',(#2654),#35,.F.);
#2905=ADVANCED_FACE('',(#2655),#95,.F.);
#2906=ADVANCED_FACE('',(#2656),#36,.F.);
#2907=ADVANCED_FACE('',(#2657),#96,.F.);
#2908=ADVANCED_FACE('',(#2658),#97,.T.);
#2909=ADVANCED_FACE('',(#2659),#98,.T.);
#2910=ADVANCED_FACE('',(#2660),#99,.T.);
#2911=ADVANCED_FACE('',(#2661),#100,.T.);
#2912=ADVANCED_FACE('',(#2662),#101,.T.);
#2913=ADVANCED_FACE('',(#2663),#37,.F.);
#2914=ADVANCED_FACE('',(#2664),#102,.F.);
#2915=ADVANCED_FACE('',(#2665),#38,.F.);
#2916=ADVANCED_FACE('',(#2666),#103,.F.);
#2917=ADVANCED_FACE('',(#2667),#39,.F.);
#2918=ADVANCED_FACE('',(#2668),#104,.F.);
#2919=ADVANCED_FACE('',(#2669),#40,.F.);
#2920=ADVANCED_FACE('',(#2670),#105,.F.);
#2921=ADVANCED_FACE('',(#2671),#41,.F.);
#2922=ADVANCED_FACE('',(#2672),#106,.F.);
#2923=ADVANCED_FACE('',(#2673),#107,.T.);
#2924=ADVANCED_FACE('',(#2674),#108,.T.);
#2925=ADVANCED_FACE('',(#2675),#109,.T.);
#2926=ADVANCED_FACE('',(#2676),#110,.T.);
#2927=ADVANCED_FACE('',(#2677),#111,.T.);
#2928=ADVANCED_FACE('',(#2678),#42,.F.);
#2929=ADVANCED_FACE('',(#2679),#112,.F.);
#2930=ADVANCED_FACE('',(#2680),#43,.F.);
#2931=ADVANCED_FACE('',(#2681),#113,.F.);
#2932=ADVANCED_FACE('',(#2682),#44,.F.);
#2933=ADVANCED_FACE('',(#2683),#114,.F.);
#2934=ADVANCED_FACE('',(#2684),#45,.F.);
#2935=ADVANCED_FACE('',(#2685),#115,.F.);
#2936=ADVANCED_FACE('',(#2686),#46,.F.);
#2937=ADVANCED_FACE('',(#2687),#116,.F.);
#2938=ADVANCED_FACE('',(#2688),#117,.T.);
#2939=ADVANCED_FACE('',(#2689),#118,.T.);
#2940=ADVANCED_FACE('',(#2690),#119,.T.);
#2941=ADVANCED_FACE('',(#2691),#120,.T.);
#2942=ADVANCED_FACE('',(#2692),#121,.T.);
#2943=ADVANCED_FACE('',(#2693),#47,.F.);
#2944=ADVANCED_FACE('',(#2694),#122,.F.);
#2945=ADVANCED_FACE('',(#2695),#48,.F.);
#2946=ADVANCED_FACE('',(#2696),#123,.F.);
#2947=ADVANCED_FACE('',(#2697),#49,.F.);
#2948=ADVANCED_FACE('',(#2698),#124,.F.);
#2949=ADVANCED_FACE('',(#2699),#50,.F.);
#2950=ADVANCED_FACE('',(#2700),#125,.F.);
#2951=ADVANCED_FACE('',(#2701),#51,.F.);
#2952=ADVANCED_FACE('',(#2702),#126,.F.);
#2953=ADVANCED_FACE('',(#2703),#127,.T.);
#2954=ADVANCED_FACE('',(#2704),#128,.T.);
#2955=ADVANCED_FACE('',(#2705),#129,.T.);
#2956=ADVANCED_FACE('',(#2706),#130,.T.);
#2957=ADVANCED_FACE('',(#2707),#131,.T.);
#2958=ADVANCED_FACE('',(#2708),#52,.F.);
#2959=ADVANCED_FACE('',(#2709),#132,.F.);
#2960=ADVANCED_FACE('',(#2710),#53,.F.);
#2961=ADVANCED_FACE('',(#2711),#133,.F.);
#2962=ADVANCED_FACE('',(#2712),#54,.F.);
#2963=ADVANCED_FACE('',(#2713),#134,.F.);
#2964=ADVANCED_FACE('',(#2714),#55,.F.);
#2965=ADVANCED_FACE('',(#2715),#135,.F.);
#2966=ADVANCED_FACE('',(#2716),#56,.F.);
#2967=ADVANCED_FACE('',(#2717),#136,.F.);
#2968=ADVANCED_FACE('',(#2718),#137,.T.);
#2969=ADVANCED_FACE('',(#2719),#138,.T.);
#2970=ADVANCED_FACE('',(#2720),#139,.T.);
#2971=ADVANCED_FACE('',(#2721),#140,.T.);
#2972=ADVANCED_FACE('',(#2722),#141,.T.);
#2973=ADVANCED_FACE('',(#2723,#2724),#12,.F.);
#2974=ADVANCED_FACE('',(#2725),#142,.F.);
#2975=ADVANCED_FACE('',(#2726,#2727),#13,.T.);
#2976=ADVANCED_FACE('',(#2728,#2729,#2730,#2731,#2732,#2733),#143,.T.);
#2977=ADVANCED_FACE('',(#2734,#2735),#57,.F.);
#2978=ADVANCED_FACE('',(#2736,#2737),#58,.T.);
#2979=ADVANCED_FACE('',(#2738,#2739),#14,.F.);
#2980=ADVANCED_FACE('',(#2740,#2741),#15,.F.);
#2981=ADVANCED_FACE('',(#2742,#2743),#16,.F.);
#2982=ADVANCED_FACE('',(#2744,#2745),#17,.F.);
#2983=ADVANCED_FACE('',(#2746,#2747),#18,.F.);
#2984=ADVANCED_FACE('',(#2748,#2749),#144,.F.);
#2985=ADVANCED_FACE('',(#2750,#2751),#19,.F.);
#2986=ADVANCED_FACE('',(#2752,#2753),#145,.F.);
#2987=ADVANCED_FACE('',(#2754,#2755),#20,.F.);
#2988=ADVANCED_FACE('',(#2756,#2757),#146,.F.);
#2989=ADVANCED_FACE('',(#2758,#2759),#21,.F.);
#2990=ADVANCED_FACE('',(#2760,#2761),#147,.F.);
#2991=ADVANCED_FACE('',(#2762),#59,.F.);
#2992=ADVANCED_FACE('',(#2763),#148,.T.);
#2993=ADVANCED_FACE('',(#2764),#149,.F.);
#2994=ADVANCED_FACE('',(#2765),#60,.F.);
#2995=ADVANCED_FACE('',(#2766),#150,.T.);
#2996=ADVANCED_FACE('',(#2767),#151,.F.);
#2997=ADVANCED_FACE('',(#2768),#61,.F.);
#2998=ADVANCED_FACE('',(#2769),#152,.T.);
#2999=ADVANCED_FACE('',(#2770),#153,.F.);
#3000=ADVANCED_FACE('',(#2771),#62,.F.);
#3001=ADVANCED_FACE('',(#2772),#154,.T.);
#3002=ADVANCED_FACE('',(#2773),#155,.F.);
#3003=ADVANCED_FACE('',(#2774),#63,.F.);
#3004=ADVANCED_FACE('',(#2775),#156,.T.);
#3005=ADVANCED_FACE('',(#2776),#157,.F.);
#3006=ADVANCED_FACE('',(#2777),#2827,.T.);
#3007=ADVANCED_FACE('',(#2778),#158,.T.);
#3008=ADVANCED_FACE('',(#2779),#159,.F.);
#3009=ADVANCED_FACE('',(#2780),#2828,.T.);
#3010=ADVANCED_FACE('',(#2781),#160,.T.);
#3011=ADVANCED_FACE('',(#2782),#161,.F.);
#3012=ADVANCED_FACE('',(#2783),#2829,.T.);
#3013=ADVANCED_FACE('',(#2784),#162,.T.);
#3014=ADVANCED_FACE('',(#2785),#163,.F.);
#3015=ADVANCED_FACE('',(#2786),#2830,.T.);
#3016=ADVANCED_FACE('',(#2787),#164,.T.);
#3017=ADVANCED_FACE('',(#2788),#165,.F.);
#3018=ADVANCED_FACE('',(#2789),#2831,.T.);
#3019=ADVANCED_FACE('',(#2790),#166,.T.);
#3020=ADVANCED_FACE('',(#2791),#167,.F.);
#3021=ADVANCED_FACE('',(#2792),#2832,.T.);
#3022=ADVANCED_FACE('',(#2793),#168,.T.);
#3023=ADVANCED_FACE('',(#2794),#169,.F.);
#3024=ADVANCED_FACE('',(#2795),#2833,.T.);
#3025=ADVANCED_FACE('',(#2796),#170,.T.);
#3026=ADVANCED_FACE('',(#2797),#171,.F.);
#3027=ADVANCED_FACE('',(#2798),#2834,.T.);
#3028=ADVANCED_FACE('',(#2799),#172,.T.);
#3029=ADVANCED_FACE('',(#2800),#173,.F.);
#3030=ADVANCED_FACE('',(#2801,#2802),#64,.T.);
#3031=CLOSED_SHELL('',(#2835,#2836,#2837,#2838,#2839,#2840,#2841,#2842,
#2843,#2844,#2845,#2846,#2847,#2848,#2849,#2850,#2851,#2852,#2853,#2854,
#2855,#2856,#2857,#2858,#2859,#2860,#2861,#2862,#2863,#2864,#2865,#2866,
#2867,#2868,#2869,#2870,#2871,#2872,#2873,#2874,#2875,#2876,#2877,#2878,
#2879,#2880,#2881,#2882,#2883,#2884,#2885,#2886,#2887,#2888,#2889,#2890,
#2891,#2892,#2893,#2894,#2895,#2896,#2897,#2898,#2899,#2900,#2901,#2902,
#2903,#2904,#2905,#2906,#2907,#2908,#2909,#2910,#2911,#2912,#2913,#2914,
#2915,#2916,#2917,#2918,#2919,#2920,#2921,#2922,#2923,#2924,#2925,#2926,
#2927,#2928,#2929,#2930,#2931,#2932,#2933,#2934,#2935,#2936,#2937,#2938,
#2939,#2940,#2941,#2942,#2943,#2944,#2945,#2946,#2947,#2948,#2949,#2950,
#2951,#2952,#2953,#2954,#2955,#2956,#2957,#2958,#2959,#2960,#2961,#2962,
#2963,#2964,#2965,#2966,#2967,#2968,#2969,#2970,#2971,#2972,#2973,#2974,
#2975,#2976,#2977,#2978,#2979,#2980,#2981,#2982,#2983,#2984,#2985,#2986,
#2987,#2988,#2989,#2990,#2991,#2992,#2993,#2994,#2995,#2996,#2997,#2998,
#2999,#3000,#3001,#3002,#3003,#3004,#3005,#3006,#3007,#3008,#3009,#3010,
#3011,#3012,#3013,#3014,#3015,#3016,#3017,#3018,#3019,#3020,#3021,#3022,
#3023,#3024,#3025,#3026,#3027,#3028,#3029,#3030));
#3032=STYLED_ITEM('',(#3033),#3040);
#3033=PRESENTATION_STYLE_ASSIGNMENT((#3034));
#3034=SURFACE_STYLE_USAGE(.BOTH.,#3035);
#3035=SURFACE_SIDE_STYLE('',(#3036));
#3036=SURFACE_STYLE_FILL_AREA(#3037);
#3037=FILL_AREA_STYLE('',(#3038));
#3038=FILL_AREA_STYLE_COLOUR('',#3039);
#3039=COLOUR_RGB('',0.647058823529412,0.647058823529412,0.647058823529412);
#3040=MANIFOLD_SOLID_BREP('Fixing',#3031);
#3041=SHAPE_DEFINITION_REPRESENTATION(#5752,#3042);
#3042=SHAPE_REPRESENTATION('Fixing',(#3043),#5747);
#3043=AXIS2_PLACEMENT_3D('',#4755,#3587,#3588);
#3044=AXIS2_PLACEMENT_3D('',#4756,#3589,#3590);
#3045=AXIS2_PLACEMENT_3D('',#4760,#3592,#3593);
#3046=AXIS2_PLACEMENT_3D('',#4764,#3595,#3596);
#3047=AXIS2_PLACEMENT_3D('',#4765,#3597,#3598);
#3048=AXIS2_PLACEMENT_3D('',#4766,#3599,#3600);
#3049=AXIS2_PLACEMENT_3D('',#4768,#3601,#3602);
#3050=AXIS2_PLACEMENT_3D('',#4770,#3603,#3604);
#3051=AXIS2_PLACEMENT_3D('',#4772,#3605,#3606);
#3052=AXIS2_PLACEMENT_3D('',#4774,#3607,#3608);
#3053=AXIS2_PLACEMENT_3D('',#4776,#3609,#3610);
#3054=AXIS2_PLACEMENT_3D('',#4778,#3611,#3612);
#3055=AXIS2_PLACEMENT_3D('',#4780,#3613,#3614);
#3056=AXIS2_PLACEMENT_3D('',#4782,#3615,#3616);
#3057=AXIS2_PLACEMENT_3D('',#4784,#3617,#3618);
#3058=AXIS2_PLACEMENT_3D('',#4786,#3619,#3620);
#3059=AXIS2_PLACEMENT_3D('',#4788,#3621,#3622);
#3060=AXIS2_PLACEMENT_3D('',#4790,#3623,#3624);
#3061=AXIS2_PLACEMENT_3D('',#4792,#3625,#3626);
#3062=AXIS2_PLACEMENT_3D('',#4794,#3627,#3628);
#3063=AXIS2_PLACEMENT_3D('',#4796,#3629,#3630);
#3064=AXIS2_PLACEMENT_3D('',#4798,#3631,#3632);
#3065=AXIS2_PLACEMENT_3D('',#4800,#3633,#3634);
#3066=AXIS2_PLACEMENT_3D('',#4802,#3635,#3636);
#3067=AXIS2_PLACEMENT_3D('',#4804,#3637,#3638);
#3068=AXIS2_PLACEMENT_3D('',#4806,#3639,#3640);
#3069=AXIS2_PLACEMENT_3D('',#4808,#3641,#3642);
#3070=AXIS2_PLACEMENT_3D('',#4810,#3643,#3644);
#3071=AXIS2_PLACEMENT_3D('',#4812,#3645,#3646);
#3072=AXIS2_PLACEMENT_3D('',#4814,#3647,#3648);
#3073=AXIS2_PLACEMENT_3D('',#4816,#3649,#3650);
#3074=AXIS2_PLACEMENT_3D('',#4818,#3651,#3652);
#3075=AXIS2_PLACEMENT_3D('',#4820,#3653,#3654);
#3076=AXIS2_PLACEMENT_3D('',#4822,#3655,#3656);
#3077=AXIS2_PLACEMENT_3D('',#4824,#3657,#3658);
#3078=AXIS2_PLACEMENT_3D('',#4826,#3659,#3660);
#3079=AXIS2_PLACEMENT_3D('',#4828,#3661,#3662);
#3080=AXIS2_PLACEMENT_3D('',#4829,#3663,#3664);
#3081=AXIS2_PLACEMENT_3D('',#4830,#3665,#3666);
#3082=AXIS2_PLACEMENT_3D('',#4832,#3667,#3668);
#3083=AXIS2_PLACEMENT_3D('',#4835,#3669,#3670);
#3084=AXIS2_PLACEMENT_3D('',#4837,#3671,#3672);
#3085=AXIS2_PLACEMENT_3D('',#4839,#3673,#3674);
#3086=AXIS2_PLACEMENT_3D('',#4840,#3675,#3676);
#3087=AXIS2_PLACEMENT_3D('',#4843,#3677,#3678);
#3088=AXIS2_PLACEMENT_3D('',#4845,#3679,#3680);
#3089=AXIS2_PLACEMENT_3D('',#4847,#3681,#3682);
#3090=AXIS2_PLACEMENT_3D('',#4848,#3683,#3684);
#3091=AXIS2_PLACEMENT_3D('',#4851,#3685,#3686);
#3092=AXIS2_PLACEMENT_3D('',#4853,#3687,#3688);
#3093=AXIS2_PLACEMENT_3D('',#4855,#3689,#3690);
#3094=AXIS2_PLACEMENT_3D('',#4856,#3691,#3692);
#3095=AXIS2_PLACEMENT_3D('',#4859,#3693,#3694);
#3096=AXIS2_PLACEMENT_3D('',#4861,#3695,#3696);
#3097=AXIS2_PLACEMENT_3D('',#4863,#3697,#3698);
#3098=AXIS2_PLACEMENT_3D('',#4864,#3699,#3700);
#3099=AXIS2_PLACEMENT_3D('',#4867,#3701,#3702);
#3100=AXIS2_PLACEMENT_3D('',#4869,#3703,#3704);
#3101=AXIS2_PLACEMENT_3D('',#4871,#3705,#3706);
#3102=AXIS2_PLACEMENT_3D('',#4872,#3707,#3708);
#3103=AXIS2_PLACEMENT_3D('',#4875,#3709,#3710);
#3104=AXIS2_PLACEMENT_3D('',#4877,#3711,#3712);
#3105=AXIS2_PLACEMENT_3D('',#4879,#3713,#3714);
#3106=AXIS2_PLACEMENT_3D('',#4880,#3715,#3716);
#3107=AXIS2_PLACEMENT_3D('',#4883,#3717,#3718);
#3108=AXIS2_PLACEMENT_3D('',#4885,#3719,#3720);
#3109=AXIS2_PLACEMENT_3D('',#4887,#3721,#3722);
#3110=AXIS2_PLACEMENT_3D('',#4888,#3723,#3724);
#3111=AXIS2_PLACEMENT_3D('',#4891,#3725,#3726);
#3112=AXIS2_PLACEMENT_3D('',#4893,#3727,#3728);
#3113=AXIS2_PLACEMENT_3D('',#4895,#3729,#3730);
#3114=AXIS2_PLACEMENT_3D('',#4896,#3731,#3732);
#3115=AXIS2_PLACEMENT_3D('',#4899,#3733,#3734);
#3116=AXIS2_PLACEMENT_3D('',#4901,#3735,#3736);
#3117=AXIS2_PLACEMENT_3D('',#4903,#3737,#3738);
#3118=AXIS2_PLACEMENT_3D('',#4904,#3739,#3740);
#3119=AXIS2_PLACEMENT_3D('',#4907,#3741,#3742);
#3120=AXIS2_PLACEMENT_3D('',#4909,#3743,#3744);
#3121=AXIS2_PLACEMENT_3D('',#4911,#3745,#3746);
#3122=AXIS2_PLACEMENT_3D('',#4912,#3747,#3748);
#3123=AXIS2_PLACEMENT_3D('',#4915,#3749,#3750);
#3124=AXIS2_PLACEMENT_3D('',#4917,#3751,#3752);
#3125=AXIS2_PLACEMENT_3D('',#4919,#3753,#3754);
#3126=AXIS2_PLACEMENT_3D('',#4920,#3755,#3756);
#3127=AXIS2_PLACEMENT_3D('',#4923,#3757,#3758);
#3128=AXIS2_PLACEMENT_3D('',#4925,#3759,#3760);
#3129=AXIS2_PLACEMENT_3D('',#4927,#3761,#3762);
#3130=AXIS2_PLACEMENT_3D('',#4928,#3763,#3764);
#3131=AXIS2_PLACEMENT_3D('',#4931,#3765,#3766);
#3132=AXIS2_PLACEMENT_3D('',#4933,#3767,#3768);
#3133=AXIS2_PLACEMENT_3D('',#4935,#3769,#3770);
#3134=AXIS2_PLACEMENT_3D('',#4936,#3771,#3772);
#3135=AXIS2_PLACEMENT_3D('',#4939,#3773,#3774);
#3136=AXIS2_PLACEMENT_3D('',#4941,#3775,#3776);
#3137=AXIS2_PLACEMENT_3D('',#4943,#3777,#3778);
#3138=AXIS2_PLACEMENT_3D('',#4944,#3779,#3780);
#3139=AXIS2_PLACEMENT_3D('',#4947,#3781,#3782);
#3140=AXIS2_PLACEMENT_3D('',#4949,#3783,#3784);
#3141=AXIS2_PLACEMENT_3D('',#4951,#3785,#3786);
#3142=AXIS2_PLACEMENT_3D('',#4952,#3787,#3788);
#3143=AXIS2_PLACEMENT_3D('',#4955,#3789,#3790);
#3144=AXIS2_PLACEMENT_3D('',#4957,#3791,#3792);
#3145=AXIS2_PLACEMENT_3D('',#4959,#3793,#3794);
#3146=AXIS2_PLACEMENT_3D('',#4960,#3795,#3796);
#3147=AXIS2_PLACEMENT_3D('',#4963,#3797,#3798);
#3148=AXIS2_PLACEMENT_3D('',#4965,#3799,#3800);
#3149=AXIS2_PLACEMENT_3D('',#4967,#3801,#3802);
#3150=AXIS2_PLACEMENT_3D('',#4968,#3803,#3804);
#3151=AXIS2_PLACEMENT_3D('',#4971,#3805,#3806);
#3152=AXIS2_PLACEMENT_3D('',#4973,#3807,#3808);
#3153=AXIS2_PLACEMENT_3D('',#4975,#3809,#3810);
#3154=AXIS2_PLACEMENT_3D('',#4976,#3811,#3812);
#3155=AXIS2_PLACEMENT_3D('',#4979,#3813,#3814);
#3156=AXIS2_PLACEMENT_3D('',#4981,#3815,#3816);
#3157=AXIS2_PLACEMENT_3D('',#4983,#3817,#3818);
#3158=AXIS2_PLACEMENT_3D('',#4984,#3819,#3820);
#3159=AXIS2_PLACEMENT_3D('',#4987,#3821,#3822);
#3160=AXIS2_PLACEMENT_3D('',#4989,#3823,#3824);
#3161=AXIS2_PLACEMENT_3D('',#4991,#3825,#3826);
#3162=AXIS2_PLACEMENT_3D('',#4992,#3827,#3828);
#3163=AXIS2_PLACEMENT_3D('',#4995,#3829,#3830);
#3164=AXIS2_PLACEMENT_3D('',#4997,#3831,#3832);
#3165=AXIS2_PLACEMENT_3D('',#4999,#3833,#3834);
#3166=AXIS2_PLACEMENT_3D('',#5000,#3835,#3836);
#3167=AXIS2_PLACEMENT_3D('',#5003,#3837,#3838);
#3168=AXIS2_PLACEMENT_3D('',#5005,#3839,#3840);
#3169=AXIS2_PLACEMENT_3D('',#5007,#3841,#3842);
#3170=AXIS2_PLACEMENT_3D('',#5008,#3843,#3844);
#3171=AXIS2_PLACEMENT_3D('',#5011,#3845,#3846);
#3172=AXIS2_PLACEMENT_3D('',#5013,#3847,#3848);
#3173=AXIS2_PLACEMENT_3D('',#5015,#3849,#3850);
#3174=AXIS2_PLACEMENT_3D('',#5016,#3851,#3852);
#3175=AXIS2_PLACEMENT_3D('',#5019,#3853,#3854);
#3176=AXIS2_PLACEMENT_3D('',#5021,#3855,#3856);
#3177=AXIS2_PLACEMENT_3D('',#5023,#3857,#3858);
#3178=AXIS2_PLACEMENT_3D('',#5024,#3859,#3860);
#3179=AXIS2_PLACEMENT_3D('',#5027,#3861,#3862);
#3180=AXIS2_PLACEMENT_3D('',#5029,#3863,#3864);
#3181=AXIS2_PLACEMENT_3D('',#5031,#3865,#3866);
#3182=AXIS2_PLACEMENT_3D('',#5032,#3867,#3868);
#3183=AXIS2_PLACEMENT_3D('',#5035,#3869,#3870);
#3184=AXIS2_PLACEMENT_3D('',#5037,#3871,#3872);
#3185=AXIS2_PLACEMENT_3D('',#5039,#3873,#3874);
#3186=AXIS2_PLACEMENT_3D('',#5040,#3875,#3876);
#3187=AXIS2_PLACEMENT_3D('',#5043,#3877,#3878);
#3188=AXIS2_PLACEMENT_3D('',#5045,#3879,#3880);
#3189=AXIS2_PLACEMENT_3D('',#5047,#3881,#3882);
#3190=AXIS2_PLACEMENT_3D('',#5048,#3883,#3884);
#3191=AXIS2_PLACEMENT_3D('',#5051,#3885,#3886);
#3192=AXIS2_PLACEMENT_3D('',#5053,#3887,#3888);
#3193=AXIS2_PLACEMENT_3D('',#5055,#3889,#3890);
#3194=AXIS2_PLACEMENT_3D('',#5056,#3891,#3892);
#3195=AXIS2_PLACEMENT_3D('',#5059,#3893,#3894);
#3196=AXIS2_PLACEMENT_3D('',#5061,#3895,#3896);
#3197=AXIS2_PLACEMENT_3D('',#5063,#3897,#3898);
#3198=AXIS2_PLACEMENT_3D('',#5064,#3899,#3900);
#3199=AXIS2_PLACEMENT_3D('',#5067,#3901,#3902);
#3200=AXIS2_PLACEMENT_3D('',#5069,#3903,#3904);
#3201=AXIS2_PLACEMENT_3D('',#5071,#3905,#3906);
#3202=AXIS2_PLACEMENT_3D('',#5072,#3907,#3908);
#3203=AXIS2_PLACEMENT_3D('',#5075,#3909,#3910);
#3204=AXIS2_PLACEMENT_3D('',#5077,#3911,#3912);
#3205=AXIS2_PLACEMENT_3D('',#5079,#3913,#3914);
#3206=AXIS2_PLACEMENT_3D('',#5080,#3915,#3916);
#3207=AXIS2_PLACEMENT_3D('',#5083,#3917,#3918);
#3208=AXIS2_PLACEMENT_3D('',#5085,#3919,#3920);
#3209=AXIS2_PLACEMENT_3D('',#5087,#3921,#3922);
#3210=AXIS2_PLACEMENT_3D('',#5088,#3923,#3924);
#3211=AXIS2_PLACEMENT_3D('',#5091,#3925,#3926);
#3212=AXIS2_PLACEMENT_3D('',#5093,#3927,#3928);
#3213=AXIS2_PLACEMENT_3D('',#5095,#3929,#3930);
#3214=AXIS2_PLACEMENT_3D('',#5096,#3931,#3932);
#3215=AXIS2_PLACEMENT_3D('',#5099,#3933,#3934);
#3216=AXIS2_PLACEMENT_3D('',#5101,#3935,#3936);
#3217=AXIS2_PLACEMENT_3D('',#5103,#3937,#3938);
#3218=AXIS2_PLACEMENT_3D('',#5104,#3939,#3940);
#3219=AXIS2_PLACEMENT_3D('',#5107,#3941,#3942);
#3220=AXIS2_PLACEMENT_3D('',#5109,#3943,#3944);
#3221=AXIS2_PLACEMENT_3D('',#5111,#3945,#3946);
#3222=AXIS2_PLACEMENT_3D('',#5112,#3947,#3948);
#3223=AXIS2_PLACEMENT_3D('',#5115,#3949,#3950);
#3224=AXIS2_PLACEMENT_3D('',#5117,#3951,#3952);
#3225=AXIS2_PLACEMENT_3D('',#5119,#3953,#3954);
#3226=AXIS2_PLACEMENT_3D('',#5120,#3955,#3956);
#3227=AXIS2_PLACEMENT_3D('',#5123,#3957,#3958);
#3228=AXIS2_PLACEMENT_3D('',#5125,#3959,#3960);
#3229=AXIS2_PLACEMENT_3D('',#5127,#3961,#3962);
#3230=AXIS2_PLACEMENT_3D('',#5128,#3963,#3964);
#3231=AXIS2_PLACEMENT_3D('',#5131,#3965,#3966);
#3232=AXIS2_PLACEMENT_3D('',#5133,#3967,#3968);
#3233=AXIS2_PLACEMENT_3D('',#5135,#3969,#3970);
#3234=AXIS2_PLACEMENT_3D('',#5136,#3971,#3972);
#3235=AXIS2_PLACEMENT_3D('',#5139,#3973,#3974);
#3236=AXIS2_PLACEMENT_3D('',#5141,#3975,#3976);
#3237=AXIS2_PLACEMENT_3D('',#5143,#3977,#3978);
#3238=AXIS2_PLACEMENT_3D('',#5144,#3979,#3980);
#3239=AXIS2_PLACEMENT_3D('',#5147,#3981,#3982);
#3240=AXIS2_PLACEMENT_3D('',#5149,#3983,#3984);
#3241=AXIS2_PLACEMENT_3D('',#5151,#3985,#3986);
#3242=AXIS2_PLACEMENT_3D('',#5228,#3987,#3988);
#3243=AXIS2_PLACEMENT_3D('',#5231,#3989,#3990);
#3244=AXIS2_PLACEMENT_3D('',#5233,#3991,#3992);
#3245=AXIS2_PLACEMENT_3D('',#5235,#3993,#3994);
#3246=AXIS2_PLACEMENT_3D('',#5237,#3995,#3996);
#3247=AXIS2_PLACEMENT_3D('',#5239,#3997,#3998);
#3248=AXIS2_PLACEMENT_3D('',#5241,#3999,#4000);
#3249=AXIS2_PLACEMENT_3D('',#5243,#4001,#4002);
#3250=AXIS2_PLACEMENT_3D('',#5245,#4003,#4004);
#3251=AXIS2_PLACEMENT_3D('',#5247,#4005,#4006);
#3252=AXIS2_PLACEMENT_3D('',#5249,#4007,#4008);
#3253=AXIS2_PLACEMENT_3D('',#5251,#4009,#4010);
#3254=AXIS2_PLACEMENT_3D('',#5253,#4011,#4012);
#3255=AXIS2_PLACEMENT_3D('',#5255,#4013,#4014);
#3256=AXIS2_PLACEMENT_3D('',#5257,#4015,#4016);
#3257=AXIS2_PLACEMENT_3D('',#5259,#4017,#4018);
#3258=AXIS2_PLACEMENT_3D('',#5261,#4019,#4020);
#3259=AXIS2_PLACEMENT_3D('',#5263,#4021,#4022);
#3260=AXIS2_PLACEMENT_3D('',#5265,#4023,#4024);
#3261=AXIS2_PLACEMENT_3D('',#5267,#4025,#4026);
#3262=AXIS2_PLACEMENT_3D('',#5269,#4027,#4028);
#3263=AXIS2_PLACEMENT_3D('',#5271,#4029,#4030);
#3264=AXIS2_PLACEMENT_3D('',#5273,#4031,#4032);
#3265=AXIS2_PLACEMENT_3D('',#5275,#4033,#4034);
#3266=AXIS2_PLACEMENT_3D('',#5277,#4035,#4036);
#3267=AXIS2_PLACEMENT_3D('',#5279,#4037,#4038);
#3268=AXIS2_PLACEMENT_3D('',#5281,#4039,#4040);
#3269=AXIS2_PLACEMENT_3D('',#5283,#4041,#4042);
#3270=AXIS2_PLACEMENT_3D('',#5285,#4043,#4044);
#3271=AXIS2_PLACEMENT_3D('',#5287,#4045,#4046);
#3272=AXIS2_PLACEMENT_3D('',#5289,#4047,#4048);
#3273=AXIS2_PLACEMENT_3D('',#5291,#4049,#4050);
#3274=AXIS2_PLACEMENT_3D('',#5292,#4051,#4052);
#3275=AXIS2_PLACEMENT_3D('',#5295,#4054,#4055);
#3276=AXIS2_PLACEMENT_3D('',#5298,#4057,#4058);
#3277=AXIS2_PLACEMENT_3D('',#5301,#4060,#4061);
#3278=AXIS2_PLACEMENT_3D('',#5304,#4063,#4064);
#3279=AXIS2_PLACEMENT_3D('',#5307,#4066,#4067);
#3280=AXIS2_PLACEMENT_3D('',#5310,#4069,#4070);
#3281=AXIS2_PLACEMENT_3D('',#5313,#4072,#4073);
#3282=AXIS2_PLACEMENT_3D('',#5316,#4075,#4076);
#3283=AXIS2_PLACEMENT_3D('',#5319,#4079,#4080);
#3284=AXIS2_PLACEMENT_3D('',#5322,#4082,#4083);
#3285=AXIS2_PLACEMENT_3D('',#5325,#4085,#4086);
#3286=AXIS2_PLACEMENT_3D('',#5328,#4088,#4089);
#3287=AXIS2_PLACEMENT_3D('',#5331,#4091,#4092);
#3288=AXIS2_PLACEMENT_3D('',#5334,#4094,#4095);
#3289=AXIS2_PLACEMENT_3D('',#5337,#4097,#4098);
#3290=AXIS2_PLACEMENT_3D('',#5340,#4101,#4102);
#3291=AXIS2_PLACEMENT_3D('',#5343,#4104,#4105);
#3292=AXIS2_PLACEMENT_3D('',#5346,#4107,#4108);
#3293=AXIS2_PLACEMENT_3D('',#5349,#4110,#4111);
#3294=AXIS2_PLACEMENT_3D('',#5352,#4113,#4114);
#3295=AXIS2_PLACEMENT_3D('',#5355,#4116,#4117);
#3296=AXIS2_PLACEMENT_3D('',#5358,#4119,#4120);
#3297=AXIS2_PLACEMENT_3D('',#5361,#4123,#4124);
#3298=AXIS2_PLACEMENT_3D('',#5364,#4126,#4127);
#3299=AXIS2_PLACEMENT_3D('',#5367,#4129,#4130);
#3300=AXIS2_PLACEMENT_3D('',#5370,#4132,#4133);
#3301=AXIS2_PLACEMENT_3D('',#5373,#4135,#4136);
#3302=AXIS2_PLACEMENT_3D('',#5376,#4138,#4139);
#3303=AXIS2_PLACEMENT_3D('',#5379,#4141,#4142);
#3304=AXIS2_PLACEMENT_3D('',#5382,#4145,#4146);
#3305=AXIS2_PLACEMENT_3D('',#5385,#4148,#4149);
#3306=AXIS2_PLACEMENT_3D('',#5388,#4151,#4152);
#3307=AXIS2_PLACEMENT_3D('',#5391,#4154,#4155);
#3308=AXIS2_PLACEMENT_3D('',#5394,#4157,#4158);
#3309=AXIS2_PLACEMENT_3D('',#5397,#4160,#4161);
#3310=AXIS2_PLACEMENT_3D('',#5400,#4163,#4164);
#3311=AXIS2_PLACEMENT_3D('',#5403,#4167,#4168);
#3312=AXIS2_PLACEMENT_3D('',#5406,#4170,#4171);
#3313=AXIS2_PLACEMENT_3D('',#5409,#4173,#4174);
#3314=AXIS2_PLACEMENT_3D('',#5412,#4176,#4177);
#3315=AXIS2_PLACEMENT_3D('',#5415,#4179,#4180);
#3316=AXIS2_PLACEMENT_3D('',#5418,#4182,#4183);
#3317=AXIS2_PLACEMENT_3D('',#5421,#4185,#4186);
#3318=AXIS2_PLACEMENT_3D('',#5424,#4188,#4189);
#3319=AXIS2_PLACEMENT_3D('',#5427,#4191,#4192);
#3320=AXIS2_PLACEMENT_3D('',#5430,#4195,#4196);
#3321=AXIS2_PLACEMENT_3D('',#5433,#4198,#4199);
#3322=AXIS2_PLACEMENT_3D('',#5436,#4201,#4202);
#3323=AXIS2_PLACEMENT_3D('',#5437,#4203,#4204);
#3324=AXIS2_PLACEMENT_3D('',#5442,#4207,#4208);
#3325=AXIS2_PLACEMENT_3D('',#5447,#4211,#4212);
#3326=AXIS2_PLACEMENT_3D('',#5448,#4213,#4214);
#3327=AXIS2_PLACEMENT_3D('',#5451,#4217,#4218);
#3328=AXIS2_PLACEMENT_3D('',#5452,#4219,#4220);
#3329=AXIS2_PLACEMENT_3D('',#5453,#4221,#4222);
#3330=AXIS2_PLACEMENT_3D('',#5454,#4223,#4224);
#3331=AXIS2_PLACEMENT_3D('',#5455,#4225,#4226);
#3332=AXIS2_PLACEMENT_3D('',#5456,#4227,#4228);
#3333=AXIS2_PLACEMENT_3D('',#5457,#4229,#4230);
#3334=AXIS2_PLACEMENT_3D('',#5458,#4231,#4232);
#3335=AXIS2_PLACEMENT_3D('',#5459,#4233,#4234);
#3336=AXIS2_PLACEMENT_3D('',#5460,#4235,#4236);
#3337=AXIS2_PLACEMENT_3D('',#5461,#4237,#4238);
#3338=AXIS2_PLACEMENT_3D('',#5462,#4239,#4240);
#3339=AXIS2_PLACEMENT_3D('',#5463,#4241,#4242);
#3340=AXIS2_PLACEMENT_3D('',#5464,#4243,#4244);
#3341=AXIS2_PLACEMENT_3D('',#5465,#4245,#4246);
#3342=AXIS2_PLACEMENT_3D('',#5466,#4247,#4248);
#3343=AXIS2_PLACEMENT_3D('',#5467,#4249,#4250);
#3344=AXIS2_PLACEMENT_3D('',#5468,#4251,#4252);
#3345=AXIS2_PLACEMENT_3D('',#5469,#4253,#4254);
#3346=AXIS2_PLACEMENT_3D('',#5470,#4255,#4256);
#3347=AXIS2_PLACEMENT_3D('',#5471,#4257,#4258);
#3348=AXIS2_PLACEMENT_3D('',#5472,#4259,#4260);
#3349=AXIS2_PLACEMENT_3D('',#5473,#4261,#4262);
#3350=AXIS2_PLACEMENT_3D('',#5474,#4263,#4264);
#3351=AXIS2_PLACEMENT_3D('',#5475,#4265,#4266);
#3352=AXIS2_PLACEMENT_3D('',#5476,#4267,#4268);
#3353=AXIS2_PLACEMENT_3D('',#5477,#4269,#4270);
#3354=AXIS2_PLACEMENT_3D('',#5478,#4271,#4272);
#3355=AXIS2_PLACEMENT_3D('',#5479,#4273,#4274);
#3356=AXIS2_PLACEMENT_3D('',#5480,#4275,#4276);
#3357=AXIS2_PLACEMENT_3D('',#5481,#4277,#4278);
#3358=AXIS2_PLACEMENT_3D('',#5482,#4279,#4280);
#3359=AXIS2_PLACEMENT_3D('',#5483,#4281,#4282);
#3360=AXIS2_PLACEMENT_3D('',#5484,#4283,#4284);
#3361=AXIS2_PLACEMENT_3D('',#5485,#4285,#4286);
#3362=AXIS2_PLACEMENT_3D('',#5486,#4287,#4288);
#3363=AXIS2_PLACEMENT_3D('',#5487,#4289,#4290);
#3364=AXIS2_PLACEMENT_3D('',#5488,#4291,#4292);
#3365=AXIS2_PLACEMENT_3D('',#5489,#4293,#4294);
#3366=AXIS2_PLACEMENT_3D('',#5490,#4295,#4296);
#3367=AXIS2_PLACEMENT_3D('',#5491,#4297,#4298);
#3368=AXIS2_PLACEMENT_3D('',#5492,#4299,#4300);
#3369=AXIS2_PLACEMENT_3D('',#5493,#4301,#4302);
#3370=AXIS2_PLACEMENT_3D('',#5494,#4303,#4304);
#3371=AXIS2_PLACEMENT_3D('',#5495,#4305,#4306);
#3372=AXIS2_PLACEMENT_3D('',#5496,#4307,#4308);
#3373=AXIS2_PLACEMENT_3D('',#5497,#4309,#4310);
#3374=AXIS2_PLACEMENT_3D('',#5498,#4311,#4312);
#3375=AXIS2_PLACEMENT_3D('',#5499,#4313,#4314);
#3376=AXIS2_PLACEMENT_3D('',#5500,#4315,#4316);
#3377=AXIS2_PLACEMENT_3D('',#5501,#4317,#4318);
#3378=AXIS2_PLACEMENT_3D('',#5502,#4319,#4320);
#3379=AXIS2_PLACEMENT_3D('',#5503,#4321,#4322);
#3380=AXIS2_PLACEMENT_3D('',#5504,#4323,#4324);
#3381=AXIS2_PLACEMENT_3D('',#5505,#4325,#4326);
#3382=AXIS2_PLACEMENT_3D('',#5506,#4327,#4328);
#3383=AXIS2_PLACEMENT_3D('',#5507,#4329,#4330);
#3384=AXIS2_PLACEMENT_3D('',#5508,#4331,#4332);
#3385=AXIS2_PLACEMENT_3D('',#5509,#4333,#4334);
#3386=AXIS2_PLACEMENT_3D('',#5510,#4335,#4336);
#3387=AXIS2_PLACEMENT_3D('',#5511,#4337,#4338);
#3388=AXIS2_PLACEMENT_3D('',#5512,#4339,#4340);
#3389=AXIS2_PLACEMENT_3D('',#5513,#4341,#4342);
#3390=AXIS2_PLACEMENT_3D('',#5514,#4343,#4344);
#3391=AXIS2_PLACEMENT_3D('',#5515,#4345,#4346);
#3392=AXIS2_PLACEMENT_3D('',#5516,#4347,#4348);
#3393=AXIS2_PLACEMENT_3D('',#5517,#4349,#4350);
#3394=AXIS2_PLACEMENT_3D('',#5518,#4351,#4352);
#3395=AXIS2_PLACEMENT_3D('',#5519,#4353,#4354);
#3396=AXIS2_PLACEMENT_3D('',#5520,#4355,#4356);
#3397=AXIS2_PLACEMENT_3D('',#5521,#4357,#4358);
#3398=AXIS2_PLACEMENT_3D('',#5522,#4359,#4360);
#3399=AXIS2_PLACEMENT_3D('',#5523,#4361,#4362);
#3400=AXIS2_PLACEMENT_3D('',#5524,#4363,#4364);
#3401=AXIS2_PLACEMENT_3D('',#5525,#4365,#4366);
#3402=AXIS2_PLACEMENT_3D('',#5526,#4367,#4368);
#3403=AXIS2_PLACEMENT_3D('',#5527,#4369,#4370);
#3404=AXIS2_PLACEMENT_3D('',#5528,#4371,#4372);
#3405=AXIS2_PLACEMENT_3D('',#5529,#4373,#4374);
#3406=AXIS2_PLACEMENT_3D('',#5530,#4375,#4376);
#3407=AXIS2_PLACEMENT_3D('',#5531,#4377,#4378);
#3408=AXIS2_PLACEMENT_3D('',#5532,#4379,#4380);
#3409=AXIS2_PLACEMENT_3D('',#5533,#4381,#4382);
#3410=AXIS2_PLACEMENT_3D('',#5534,#4383,#4384);
#3411=AXIS2_PLACEMENT_3D('',#5535,#4385,#4386);
#3412=AXIS2_PLACEMENT_3D('',#5536,#4387,#4388);
#3413=AXIS2_PLACEMENT_3D('',#5537,#4389,#4390);
#3414=AXIS2_PLACEMENT_3D('',#5538,#4391,#4392);
#3415=AXIS2_PLACEMENT_3D('',#5539,#4393,#4394);
#3416=AXIS2_PLACEMENT_3D('',#5540,#4395,#4396);
#3417=AXIS2_PLACEMENT_3D('',#5541,#4397,#4398);
#3418=AXIS2_PLACEMENT_3D('',#5542,#4399,#4400);
#3419=AXIS2_PLACEMENT_3D('',#5543,#4401,#4402);
#3420=AXIS2_PLACEMENT_3D('',#5544,#4403,#4404);
#3421=AXIS2_PLACEMENT_3D('',#5545,#4405,#4406);
#3422=AXIS2_PLACEMENT_3D('',#5546,#4407,#4408);
#3423=AXIS2_PLACEMENT_3D('',#5547,#4409,#4410);
#3424=AXIS2_PLACEMENT_3D('',#5548,#4411,#4412);
#3425=AXIS2_PLACEMENT_3D('',#5549,#4413,#4414);
#3426=AXIS2_PLACEMENT_3D('',#5550,#4415,#4416);
#3427=AXIS2_PLACEMENT_3D('',#5551,#4417,#4418);
#3428=AXIS2_PLACEMENT_3D('',#5552,#4419,#4420);
#3429=AXIS2_PLACEMENT_3D('',#5553,#4421,#4422);
#3430=AXIS2_PLACEMENT_3D('',#5554,#4423,#4424);
#3431=AXIS2_PLACEMENT_3D('',#5555,#4425,#4426);
#3432=AXIS2_PLACEMENT_3D('',#5556,#4427,#4428);
#3433=AXIS2_PLACEMENT_3D('',#5557,#4429,#4430);
#3434=AXIS2_PLACEMENT_3D('',#5558,#4431,#4432);
#3435=AXIS2_PLACEMENT_3D('',#5559,#4433,#4434);
#3436=AXIS2_PLACEMENT_3D('',#5560,#4435,#4436);
#3437=AXIS2_PLACEMENT_3D('',#5561,#4437,#4438);
#3438=AXIS2_PLACEMENT_3D('',#5562,#4439,#4440);
#3439=AXIS2_PLACEMENT_3D('',#5563,#4441,#4442);
#3440=AXIS2_PLACEMENT_3D('',#5564,#4443,#4444);
#3441=AXIS2_PLACEMENT_3D('',#5565,#4445,#4446);
#3442=AXIS2_PLACEMENT_3D('',#5566,#4447,#4448);
#3443=AXIS2_PLACEMENT_3D('',#5567,#4449,#4450);
#3444=AXIS2_PLACEMENT_3D('',#5568,#4451,#4452);
#3445=AXIS2_PLACEMENT_3D('',#5569,#4453,#4454);
#3446=AXIS2_PLACEMENT_3D('',#5570,#4455,#4456);
#3447=AXIS2_PLACEMENT_3D('',#5571,#4457,#4458);
#3448=AXIS2_PLACEMENT_3D('',#5572,#4459,#4460);
#3449=AXIS2_PLACEMENT_3D('',#5573,#4461,#4462);
#3450=AXIS2_PLACEMENT_3D('',#5574,#4463,#4464);
#3451=AXIS2_PLACEMENT_3D('',#5575,#4465,#4466);
#3452=AXIS2_PLACEMENT_3D('',#5576,#4467,#4468);
#3453=AXIS2_PLACEMENT_3D('',#5577,#4469,#4470);
#3454=AXIS2_PLACEMENT_3D('',#5578,#4471,#4472);
#3455=AXIS2_PLACEMENT_3D('',#5579,#4473,#4474);
#3456=AXIS2_PLACEMENT_3D('',#5580,#4475,#4476);
#3457=AXIS2_PLACEMENT_3D('',#5581,#4477,#4478);
#3458=AXIS2_PLACEMENT_3D('',#5582,#4479,#4480);
#3459=AXIS2_PLACEMENT_3D('',#5583,#4481,#4482);
#3460=AXIS2_PLACEMENT_3D('',#5584,#4483,#4484);
#3461=AXIS2_PLACEMENT_3D('',#5585,#4485,#4486);
#3462=AXIS2_PLACEMENT_3D('',#5586,#4487,#4488);
#3463=AXIS2_PLACEMENT_3D('',#5587,#4489,#4490);
#3464=AXIS2_PLACEMENT_3D('',#5588,#4491,#4492);
#3465=AXIS2_PLACEMENT_3D('',#5589,#4493,#4494);
#3466=AXIS2_PLACEMENT_3D('',#5590,#4495,#4496);
#3467=AXIS2_PLACEMENT_3D('',#5591,#4497,#4498);
#3468=AXIS2_PLACEMENT_3D('',#5592,#4499,#4500);
#3469=AXIS2_PLACEMENT_3D('',#5593,#4501,#4502);
#3470=AXIS2_PLACEMENT_3D('',#5594,#4503,#4504);
#3471=AXIS2_PLACEMENT_3D('',#5595,#4505,#4506);
#3472=AXIS2_PLACEMENT_3D('',#5596,#4507,#4508);
#3473=AXIS2_PLACEMENT_3D('',#5597,#4509,#4510);
#3474=AXIS2_PLACEMENT_3D('',#5598,#4511,#4512);
#3475=AXIS2_PLACEMENT_3D('',#5599,#4513,#4514);
#3476=AXIS2_PLACEMENT_3D('',#5600,#4515,#4516);
#3477=AXIS2_PLACEMENT_3D('',#5601,#4517,#4518);
#3478=AXIS2_PLACEMENT_3D('',#5602,#4519,#4520);
#3479=AXIS2_PLACEMENT_3D('',#5603,#4521,#4522);
#3480=AXIS2_PLACEMENT_3D('',#5604,#4523,#4524);
#3481=AXIS2_PLACEMENT_3D('',#5605,#4525,#4526);
#3482=AXIS2_PLACEMENT_3D('',#5606,#4527,#4528);
#3483=AXIS2_PLACEMENT_3D('',#5607,#4529,#4530);
#3484=AXIS2_PLACEMENT_3D('',#5608,#4531,#4532);
#3485=AXIS2_PLACEMENT_3D('',#5609,#4533,#4534);
#3486=AXIS2_PLACEMENT_3D('',#5610,#4535,#4536);
#3487=AXIS2_PLACEMENT_3D('',#5611,#4537,#4538);
#3488=AXIS2_PLACEMENT_3D('',#5612,#4539,#4540);
#3489=AXIS2_PLACEMENT_3D('',#5613,#4541,#4542);
#3490=AXIS2_PLACEMENT_3D('',#5614,#4543,#4544);
#3491=AXIS2_PLACEMENT_3D('',#5615,#4545,#4546);
#3492=AXIS2_PLACEMENT_3D('',#5616,#4547,#4548);
#3493=AXIS2_PLACEMENT_3D('',#5617,#4549,#4550);
#3494=AXIS2_PLACEMENT_3D('',#5618,#4551,#4552);
#3495=AXIS2_PLACEMENT_3D('',#5619,#4553,#4554);
#3496=AXIS2_PLACEMENT_3D('',#5620,#4555,#4556);
#3497=AXIS2_PLACEMENT_3D('',#5621,#4557,#4558);
#3498=AXIS2_PLACEMENT_3D('',#5622,#4559,#4560);
#3499=AXIS2_PLACEMENT_3D('',#5623,#4561,#4562);
#3500=AXIS2_PLACEMENT_3D('',#5624,#4563,#4564);
#3501=AXIS2_PLACEMENT_3D('',#5625,#4565,#4566);
#3502=AXIS2_PLACEMENT_3D('',#5626,#4567,#4568);
#3503=AXIS2_PLACEMENT_3D('',#5627,#4569,#4570);
#3504=AXIS2_PLACEMENT_3D('',#5629,#4571,#4572);
#3505=AXIS2_PLACEMENT_3D('',#5631,#4573,#4574);
#3506=AXIS2_PLACEMENT_3D('',#5634,#4577,#4578);
#3507=AXIS2_PLACEMENT_3D('',#5635,#4579,#4580);
#3508=AXIS2_PLACEMENT_3D('',#5637,#4581,#4582);
#3509=AXIS2_PLACEMENT_3D('',#5639,#4583,#4584);
#3510=AXIS2_PLACEMENT_3D('',#5640,#4585,#4586);
#3511=AXIS2_PLACEMENT_3D('',#5642,#4587,#4588);
#3512=AXIS2_PLACEMENT_3D('',#5644,#4589,#4590);
#3513=AXIS2_PLACEMENT_3D('',#5646,#4591,#4592);
#3514=AXIS2_PLACEMENT_3D('',#5648,#4593,#4594);
#3515=AXIS2_PLACEMENT_3D('',#5649,#4595,#4596);
#3516=AXIS2_PLACEMENT_3D('',#5651,#4597,#4598);
#3517=AXIS2_PLACEMENT_3D('',#5652,#4599,#4600);
#3518=AXIS2_PLACEMENT_3D('',#5653,#4601,#4602);
#3519=AXIS2_PLACEMENT_3D('',#5655,#4603,#4604);
#3520=AXIS2_PLACEMENT_3D('',#5656,#4605,#4606);
#3521=AXIS2_PLACEMENT_3D('',#5658,#4607,#4608);
#3522=AXIS2_PLACEMENT_3D('',#5659,#4609,#4610);
#3523=AXIS2_PLACEMENT_3D('',#5661,#4611,#4612);
#3524=AXIS2_PLACEMENT_3D('',#5662,#4613,#4614);
#3525=AXIS2_PLACEMENT_3D('',#5664,#4615,#4616);
#3526=AXIS2_PLACEMENT_3D('',#5665,#4617,#4618);
#3527=AXIS2_PLACEMENT_3D('',#5667,#4619,#4620);
#3528=AXIS2_PLACEMENT_3D('',#5668,#4621,#4622);
#3529=AXIS2_PLACEMENT_3D('',#5669,#4623,#4624);
#3530=AXIS2_PLACEMENT_3D('',#5671,#4625,#4626);
#3531=AXIS2_PLACEMENT_3D('',#5672,#4627,#4628);
#3532=AXIS2_PLACEMENT_3D('',#5673,#4629,#4630);
#3533=AXIS2_PLACEMENT_3D('',#5675,#4631,#4632);
#3534=AXIS2_PLACEMENT_3D('',#5676,#4633,#4634);
#3535=AXIS2_PLACEMENT_3D('',#5677,#4635,#4636);
#3536=AXIS2_PLACEMENT_3D('',#5679,#4637,#4638);
#3537=AXIS2_PLACEMENT_3D('',#5680,#4639,#4640);
#3538=AXIS2_PLACEMENT_3D('',#5681,#4641,#4642);
#3539=AXIS2_PLACEMENT_3D('',#5682,#4643,#4644);
#3540=AXIS2_PLACEMENT_3D('',#5683,#4645,#4646);
#3541=AXIS2_PLACEMENT_3D('',#5684,#4647,#4648);
#3542=AXIS2_PLACEMENT_3D('',#5685,#4649,#4650);
#3543=AXIS2_PLACEMENT_3D('',#5686,#4651,#4652);
#3544=AXIS2_PLACEMENT_3D('',#5687,#4653,#4654);
#3545=AXIS2_PLACEMENT_3D('',#5688,#4655,#4656);
#3546=AXIS2_PLACEMENT_3D('',#5689,#4657,#4658);
#3547=AXIS2_PLACEMENT_3D('',#5690,#4659,#4660);
#3548=AXIS2_PLACEMENT_3D('',#5691,#4661,#4662);
#3549=AXIS2_PLACEMENT_3D('',#5692,#4663,#4664);
#3550=AXIS2_PLACEMENT_3D('',#5693,#4665,#4666);
#3551=AXIS2_PLACEMENT_3D('',#5694,#4667,#4668);
#3552=AXIS2_PLACEMENT_3D('',#5695,#4669,#4670);
#3553=AXIS2_PLACEMENT_3D('',#5696,#4671,#4672);
#3554=AXIS2_PLACEMENT_3D('',#5697,#4673,#4674);
#3555=AXIS2_PLACEMENT_3D('',#5698,#4675,#4676);
#3556=AXIS2_PLACEMENT_3D('',#5699,#4677,#4678);
#3557=AXIS2_PLACEMENT_3D('',#5700,#4679,#4680);
#3558=AXIS2_PLACEMENT_3D('',#5701,#4681,#4682);
#3559=AXIS2_PLACEMENT_3D('',#5702,#4683,#4684);
#3560=AXIS2_PLACEMENT_3D('',#5703,#4685,#4686);
#3561=AXIS2_PLACEMENT_3D('',#5704,#4687,#4688);
#3562=AXIS2_PLACEMENT_3D('',#5705,#4689,#4690);
#3563=AXIS2_PLACEMENT_3D('',#5708,#4693,#4694);
#3564=AXIS2_PLACEMENT_3D('',#5709,#4695,#4696);
#3565=AXIS2_PLACEMENT_3D('',#5710,#4697,#4698);
#3566=AXIS2_PLACEMENT_3D('',#5713,#4701,#4702);
#3567=AXIS2_PLACEMENT_3D('',#5714,#4703,#4704);
#3568=AXIS2_PLACEMENT_3D('',#5715,#4705,#4706);
#3569=AXIS2_PLACEMENT_3D('',#5718,#4709,#4710);
#3570=AXIS2_PLACEMENT_3D('',#5719,#4711,#4712);
#3571=AXIS2_PLACEMENT_3D('',#5720,#4713,#4714);
#3572=AXIS2_PLACEMENT_3D('',#5723,#4717,#4718);
#3573=AXIS2_PLACEMENT_3D('',#5724,#4719,#4720);
#3574=AXIS2_PLACEMENT_3D('',#5725,#4721,#4722);
#3575=AXIS2_PLACEMENT_3D('',#5728,#4725,#4726);
#3576=AXIS2_PLACEMENT_3D('',#5729,#4727,#4728);
#3577=AXIS2_PLACEMENT_3D('',#5730,#4729,#4730);
#3578=AXIS2_PLACEMENT_3D('',#5733,#4733,#4734);
#3579=AXIS2_PLACEMENT_3D('',#5734,#4735,#4736);
#3580=AXIS2_PLACEMENT_3D('',#5735,#4737,#4738);
#3581=AXIS2_PLACEMENT_3D('',#5738,#4741,#4742);
#3582=AXIS2_PLACEMENT_3D('',#5739,#4743,#4744);
#3583=AXIS2_PLACEMENT_3D('',#5740,#4745,#4746);
#3584=AXIS2_PLACEMENT_3D('',#5743,#4749,#4750);
#3585=AXIS2_PLACEMENT_3D('',#5744,#4751,#4752);
#3586=AXIS2_PLACEMENT_3D('',#5745,#4753,#4754);
#3587=DIRECTION('',(0.,0.,1.));
#3588=DIRECTION('',(1.,0.,0.));
#3589=DIRECTION('',(0.,0.,-1.));
#3590=DIRECTION('',(-0.923879532511287,0.38268343236509,0.));
#3591=DIRECTION('',(0.0350195901352117,0.0388931950683552,0.998629534754574));
#3592=DIRECTION('',(0.,0.,1.));
#3593=DIRECTION('',(0.923879532511287,-0.38268343236509,0.));
#3594=DIRECTION('',(0.00273905231586332,0.0522642316338269,0.998629534754574));
#3595=DIRECTION('',(0.,0.,1.));
#3596=DIRECTION('',(0.923879532511287,-0.38268343236509,0.));
#3597=DIRECTION('',(0.,0.,1.));
#3598=DIRECTION('',(-0.923879532511287,0.38268343236509,0.));
#3599=DIRECTION('',(0.,0.,-1.));
#3600=DIRECTION('',(-0.923879532511287,0.38268343236509,0.));
#3601=DIRECTION('',(-0.743144825477395,0.669130606358858,0.));
#3602=DIRECTION('',(0.,0.,-1.));
#3603=DIRECTION('',(-0.998629534754574,0.0523359562429434,0.));
#3604=DIRECTION('',(0.,0.,-1.));
#3605=DIRECTION('',(0.,0.,1.));
#3606=DIRECTION('',(-1.83697019872103E-16,1.,0.));
#3607=DIRECTION('',(-0.998629534754574,-0.0523359562429446,0.));
#3608=DIRECTION('',(0.,0.,-1.));
#3609=DIRECTION('',(0.,0.,1.));
#3610=DIRECTION('',(0.923879532511287,-0.38268343236509,0.));
#3611=DIRECTION('',(-0.743144825477394,-0.669130606358859,0.));
#3612=DIRECTION('',(0.,0.,-1.));
#3613=DIRECTION('',(0.,0.,1.));
#3614=DIRECTION('',(-0.707106781186548,0.707106781186548,0.));
#3615=DIRECTION('',(-0.669130606358858,-0.743144825477395,0.));
#3616=DIRECTION('',(0.,0.,-1.));
#3617=DIRECTION('',(0.,0.,1.));
#3618=DIRECTION('',(0.923879532511287,-0.38268343236509,0.));
#3619=DIRECTION('',(-0.0523359562429435,-0.998629534754574,0.));
#3620=DIRECTION('',(0.,0.,-1.));
#3621=DIRECTION('',(0.,0.,1.));
#3622=DIRECTION('',(-1.,-1.22464679914735E-16,0.));
#3623=DIRECTION('',(0.0523359562429445,-0.998629534754574,0.));
#3624=DIRECTION('',(0.,0.,-1.));
#3625=DIRECTION('',(0.,0.,1.));
#3626=DIRECTION('',(0.923879532511287,-0.38268343236509,0.));
#3627=DIRECTION('',(0.669130606358859,-0.743144825477394,0.));
#3628=DIRECTION('',(0.,0.,-1.));
#3629=DIRECTION('',(0.,0.,1.));
#3630=DIRECTION('',(-0.707106781186548,-0.707106781186548,0.));
#3631=DIRECTION('',(0.743144825477395,-0.669130606358858,0.));
#3632=DIRECTION('',(0.,0.,-1.));
#3633=DIRECTION('',(0.,0.,1.));
#3634=DIRECTION('',(0.923879532511287,-0.38268343236509,0.));
#3635=DIRECTION('',(0.998629534754574,-0.0523359562429435,0.));
#3636=DIRECTION('',(0.,0.,-1.));
#3637=DIRECTION('',(0.,0.,1.));
#3638=DIRECTION('',(6.12323399573677E-17,-1.,0.));
#3639=DIRECTION('',(0.998629534754574,0.0523359562429444,0.));
#3640=DIRECTION('',(0.,0.,-1.));
#3641=DIRECTION('',(0.,0.,1.));
#3642=DIRECTION('',(0.923879532511287,-0.38268343236509,0.));
#3643=DIRECTION('',(0.743144825477394,0.669130606358859,0.));
#3644=DIRECTION('',(0.,0.,-1.));
#3645=DIRECTION('',(0.,0.,1.));
#3646=DIRECTION('',(0.707106781186548,-0.707106781186548,0.));
#3647=DIRECTION('',(0.669130606358858,0.743144825477395,0.));
#3648=DIRECTION('',(0.,0.,-1.));
#3649=DIRECTION('',(0.,0.,1.));
#3650=DIRECTION('',(0.923879532511287,-0.38268343236509,0.));
#3651=DIRECTION('',(0.0523359562429436,0.998629534754574,0.));
#3652=DIRECTION('',(0.,0.,-1.));
#3653=DIRECTION('',(0.,0.,1.));
#3654=DIRECTION('',(1.,0.,0.));
#3655=DIRECTION('',(-0.0523359562429444,0.998629534754574,0.));
#3656=DIRECTION('',(0.,0.,-1.));
#3657=DIRECTION('',(0.,0.,1.));
#3658=DIRECTION('',(0.923879532511287,-0.38268343236509,0.));
#3659=DIRECTION('',(-0.669130606358859,0.743144825477394,0.));
#3660=DIRECTION('',(0.,0.,-1.));
#3661=DIRECTION('',(0.,0.,1.));
#3662=DIRECTION('',(0.707106781186547,0.707106781186548,0.));
#3663=DIRECTION('',(0.,0.,1.));
#3664=DIRECTION('',(-0.923879532511287,0.38268343236509,0.));
#3665=DIRECTION('',(0.,0.,-1.));
#3666=DIRECTION('',(-1.,0.,0.));
#3667=DIRECTION('',(0.,0.,1.));
#3668=DIRECTION('',(0.923879532511287,0.38268343236509,0.));
#3669=DIRECTION('',(0.984807753012208,0.17364817766693,0.));
#3670=DIRECTION('',(0.,0.,-1.));
#3671=DIRECTION('',(0.,0.,1.));
#3672=DIRECTION('',(0.923879532511287,0.38268343236509,0.));
#3673=DIRECTION('',(0.819152044288992,0.573576436351046,0.));
#3674=DIRECTION('',(0.,0.,-1.));
#3675=DIRECTION('',(0.,0.,1.));
#3676=DIRECTION('',(0.923879532511287,0.38268343236509,0.));
#3677=DIRECTION('',(0.984807753012208,0.17364817766693,0.));
#3678=DIRECTION('',(0.,0.,-1.));
#3679=DIRECTION('',(0.,0.,1.));
#3680=DIRECTION('',(0.923879532511287,0.38268343236509,0.));
#3681=DIRECTION('',(0.819152044288992,0.573576436351046,0.));
#3682=DIRECTION('',(0.,0.,-1.));
#3683=DIRECTION('',(0.,0.,1.));
#3684=DIRECTION('',(0.923879532511287,0.38268343236509,0.));
#3685=DIRECTION('',(0.984807753012208,0.17364817766693,0.));
#3686=DIRECTION('',(0.,0.,-1.));
#3687=DIRECTION('',(0.,0.,1.));
#3688=DIRECTION('',(0.923879532511287,0.38268343236509,0.));
#3689=DIRECTION('',(0.819152044288992,0.573576436351046,0.));
#3690=DIRECTION('',(0.,0.,-1.));
#3691=DIRECTION('',(0.,0.,1.));
#3692=DIRECTION('',(0.923879532511287,0.38268343236509,0.));
#3693=DIRECTION('',(0.984807753012208,0.17364817766693,0.));
#3694=DIRECTION('',(0.,0.,-1.));
#3695=DIRECTION('',(0.,0.,1.));
#3696=DIRECTION('',(0.923879532511287,0.38268343236509,0.));
#3697=DIRECTION('',(0.819152044288992,0.573576436351046,0.));
#3698=DIRECTION('',(0.,0.,-1.));
#3699=DIRECTION('',(0.,0.,1.));
#3700=DIRECTION('',(0.923879532511287,0.38268343236509,0.));
#3701=DIRECTION('',(0.984807753012208,0.17364817766693,0.));
#3702=DIRECTION('',(0.,0.,-1.));
#3703=DIRECTION('',(0.,0.,1.));
#3704=DIRECTION('',(0.923879532511287,0.38268343236509,0.));
#3705=DIRECTION('',(0.819152044288992,0.573576436351046,0.));
#3706=DIRECTION('',(0.,0.,-1.));
#3707=DIRECTION('',(0.,0.,1.));
#3708=DIRECTION('',(0.38268343236509,0.923879532511287,0.));
#3709=DIRECTION('',(0.573576436351046,0.819152044288992,0.));
#3710=DIRECTION('',(0.,0.,-1.));
#3711=DIRECTION('',(0.,0.,1.));
#3712=DIRECTION('',(0.38268343236509,0.923879532511287,0.));
#3713=DIRECTION('',(0.17364817766693,0.984807753012208,0.));
#3714=DIRECTION('',(0.,0.,-1.));
#3715=DIRECTION('',(0.,0.,1.));
#3716=DIRECTION('',(0.38268343236509,0.923879532511287,0.));
#3717=DIRECTION('',(0.573576436351046,0.819152044288992,0.));
#3718=DIRECTION('',(0.,0.,-1.));
#3719=DIRECTION('',(0.,0.,1.));
#3720=DIRECTION('',(0.38268343236509,0.923879532511287,0.));
#3721=DIRECTION('',(0.17364817766693,0.984807753012208,0.));
#3722=DIRECTION('',(0.,0.,-1.));
#3723=DIRECTION('',(0.,0.,1.));
#3724=DIRECTION('',(0.38268343236509,0.923879532511287,0.));
#3725=DIRECTION('',(0.573576436351046,0.819152044288992,0.));
#3726=DIRECTION('',(0.,0.,-1.));
#3727=DIRECTION('',(0.,0.,1.));
#3728=DIRECTION('',(0.38268343236509,0.923879532511287,0.));
#3729=DIRECTION('',(0.17364817766693,0.984807753012208,0.));
#3730=DIRECTION('',(0.,0.,-1.));
#3731=DIRECTION('',(0.,0.,1.));
#3732=DIRECTION('',(0.38268343236509,0.923879532511287,0.));
#3733=DIRECTION('',(0.573576436351046,0.819152044288992,0.));
#3734=DIRECTION('',(0.,0.,-1.));
#3735=DIRECTION('',(0.,0.,1.));
#3736=DIRECTION('',(0.38268343236509,0.923879532511287,0.));
#3737=DIRECTION('',(0.17364817766693,0.984807753012208,0.));
#3738=DIRECTION('',(0.,0.,-1.));
#3739=DIRECTION('',(0.,0.,1.));
#3740=DIRECTION('',(0.38268343236509,0.923879532511287,0.));
#3741=DIRECTION('',(0.573576436351046,0.819152044288992,0.));
#3742=DIRECTION('',(0.,0.,-1.));
#3743=DIRECTION('',(0.,0.,1.));
#3744=DIRECTION('',(0.38268343236509,0.923879532511287,0.));
#3745=DIRECTION('',(0.17364817766693,0.984807753012208,0.));
#3746=DIRECTION('',(0.,0.,-1.));
#3747=DIRECTION('',(0.,0.,1.));
#3748=DIRECTION('',(-0.38268343236509,0.923879532511287,0.));
#3749=DIRECTION('',(-0.17364817766693,0.984807753012208,0.));
#3750=DIRECTION('',(0.,0.,-1.));
#3751=DIRECTION('',(0.,0.,1.));
#3752=DIRECTION('',(-0.38268343236509,0.923879532511287,0.));
#3753=DIRECTION('',(-0.573576436351046,0.819152044288992,0.));
#3754=DIRECTION('',(0.,0.,-1.));
#3755=DIRECTION('',(0.,0.,1.));
#3756=DIRECTION('',(-0.38268343236509,0.923879532511287,0.));
#3757=DIRECTION('',(-0.17364817766693,0.984807753012208,0.));
#3758=DIRECTION('',(0.,0.,-1.));
#3759=DIRECTION('',(0.,0.,1.));
#3760=DIRECTION('',(-0.38268343236509,0.923879532511287,0.));
#3761=DIRECTION('',(-0.573576436351046,0.819152044288992,0.));
#3762=DIRECTION('',(0.,0.,-1.));
#3763=DIRECTION('',(0.,0.,1.));
#3764=DIRECTION('',(-0.38268343236509,0.923879532511287,0.));
#3765=DIRECTION('',(-0.17364817766693,0.984807753012208,0.));
#3766=DIRECTION('',(0.,0.,-1.));
#3767=DIRECTION('',(0.,0.,1.));
#3768=DIRECTION('',(-0.38268343236509,0.923879532511287,0.));
#3769=DIRECTION('',(-0.573576436351046,0.819152044288992,0.));
#3770=DIRECTION('',(0.,0.,-1.));
#3771=DIRECTION('',(0.,0.,1.));
#3772=DIRECTION('',(-0.38268343236509,0.923879532511287,0.));
#3773=DIRECTION('',(-0.17364817766693,0.984807753012208,0.));
#3774=DIRECTION('',(0.,0.,-1.));
#3775=DIRECTION('',(0.,0.,1.));
#3776=DIRECTION('',(-0.38268343236509,0.923879532511287,0.));
#3777=DIRECTION('',(-0.573576436351046,0.819152044288992,0.));
#3778=DIRECTION('',(0.,0.,-1.));
#3779=DIRECTION('',(0.,0.,1.));
#3780=DIRECTION('',(-0.38268343236509,0.923879532511287,0.));
#3781=DIRECTION('',(-0.17364817766693,0.984807753012208,0.));
#3782=DIRECTION('',(0.,0.,-1.));
#3783=DIRECTION('',(0.,0.,1.));
#3784=DIRECTION('',(-0.38268343236509,0.923879532511287,0.));
#3785=DIRECTION('',(-0.573576436351046,0.819152044288992,0.));
#3786=DIRECTION('',(0.,0.,-1.));
#3787=DIRECTION('',(0.,0.,1.));
#3788=DIRECTION('',(-0.923879532511287,0.38268343236509,0.));
#3789=DIRECTION('',(-0.819152044288992,0.573576436351046,0.));
#3790=DIRECTION('',(0.,0.,-1.));
#3791=DIRECTION('',(0.,0.,1.));
#3792=DIRECTION('',(-0.923879532511287,0.38268343236509,0.));
#3793=DIRECTION('',(-0.984807753012208,0.17364817766693,0.));
#3794=DIRECTION('',(0.,0.,-1.));
#3795=DIRECTION('',(0.,0.,1.));
#3796=DIRECTION('',(-0.923879532511287,0.38268343236509,0.));
#3797=DIRECTION('',(-0.819152044288992,0.573576436351046,0.));
#3798=DIRECTION('',(0.,0.,-1.));
#3799=DIRECTION('',(0.,0.,1.));
#3800=DIRECTION('',(-0.923879532511287,0.38268343236509,0.));
#3801=DIRECTION('',(-0.984807753012208,0.17364817766693,0.));
#3802=DIRECTION('',(0.,0.,-1.));
#3803=DIRECTION('',(0.,0.,1.));
#3804=DIRECTION('',(-0.923879532511287,0.38268343236509,0.));
#3805=DIRECTION('',(-0.819152044288992,0.573576436351046,0.));
#3806=DIRECTION('',(0.,0.,-1.));
#3807=DIRECTION('',(0.,0.,1.));
#3808=DIRECTION('',(-0.923879532511287,0.38268343236509,0.));
#3809=DIRECTION('',(-0.984807753012208,0.17364817766693,0.));
#3810=DIRECTION('',(0.,0.,-1.));
#3811=DIRECTION('',(0.,0.,1.));
#3812=DIRECTION('',(-0.923879532511287,0.38268343236509,0.));
#3813=DIRECTION('',(-0.819152044288992,0.573576436351046,0.));
#3814=DIRECTION('',(0.,0.,-1.));
#3815=DIRECTION('',(0.,0.,1.));
#3816=DIRECTION('',(-0.923879532511287,0.38268343236509,0.));
#3817=DIRECTION('',(-0.984807753012208,0.17364817766693,0.));
#3818=DIRECTION('',(0.,0.,-1.));
#3819=DIRECTION('',(0.,0.,1.));
#3820=DIRECTION('',(-0.923879532511287,0.38268343236509,0.));
#3821=DIRECTION('',(-0.819152044288992,0.573576436351046,0.));
#3822=DIRECTION('',(0.,0.,-1.));
#3823=DIRECTION('',(0.,0.,1.));
#3824=DIRECTION('',(-0.923879532511287,0.38268343236509,0.));
#3825=DIRECTION('',(-0.984807753012208,0.17364817766693,0.));
#3826=DIRECTION('',(0.,0.,-1.));
#3827=DIRECTION('',(0.,0.,1.));
#3828=DIRECTION('',(-0.923879532511287,-0.38268343236509,0.));
#3829=DIRECTION('',(-0.984807753012208,-0.17364817766693,0.));
#3830=DIRECTION('',(0.,0.,-1.));
#3831=DIRECTION('',(0.,0.,1.));
#3832=DIRECTION('',(-0.923879532511287,-0.38268343236509,0.));
#3833=DIRECTION('',(-0.819152044288992,-0.573576436351046,0.));
#3834=DIRECTION('',(0.,0.,-1.));
#3835=DIRECTION('',(0.,0.,1.));
#3836=DIRECTION('',(-0.923879532511287,-0.38268343236509,0.));
#3837=DIRECTION('',(-0.984807753012208,-0.17364817766693,0.));
#3838=DIRECTION('',(0.,0.,-1.));
#3839=DIRECTION('',(0.,0.,1.));
#3840=DIRECTION('',(-0.923879532511287,-0.38268343236509,0.));
#3841=DIRECTION('',(-0.819152044288992,-0.573576436351046,0.));
#3842=DIRECTION('',(0.,0.,-1.));
#3843=DIRECTION('',(0.,0.,1.));
#3844=DIRECTION('',(-0.923879532511287,-0.38268343236509,0.));
#3845=DIRECTION('',(-0.984807753012208,-0.17364817766693,0.));
#3846=DIRECTION('',(0.,0.,-1.));
#3847=DIRECTION('',(0.,0.,1.));
#3848=DIRECTION('',(-0.923879532511287,-0.38268343236509,0.));
#3849=DIRECTION('',(-0.819152044288992,-0.573576436351046,0.));
#3850=DIRECTION('',(0.,0.,-1.));
#3851=DIRECTION('',(0.,0.,1.));
#3852=DIRECTION('',(-0.923879532511287,-0.38268343236509,0.));
#3853=DIRECTION('',(-0.984807753012208,-0.17364817766693,0.));
#3854=DIRECTION('',(0.,0.,-1.));
#3855=DIRECTION('',(0.,0.,1.));
#3856=DIRECTION('',(-0.923879532511287,-0.38268343236509,0.));
#3857=DIRECTION('',(-0.819152044288992,-0.573576436351046,0.));
#3858=DIRECTION('',(0.,0.,-1.));
#3859=DIRECTION('',(0.,0.,1.));
#3860=DIRECTION('',(-0.923879532511287,-0.38268343236509,0.));
#3861=DIRECTION('',(-0.984807753012208,-0.17364817766693,0.));
#3862=DIRECTION('',(0.,0.,-1.));
#3863=DIRECTION('',(0.,0.,1.));
#3864=DIRECTION('',(-0.923879532511287,-0.38268343236509,0.));
#3865=DIRECTION('',(-0.819152044288992,-0.573576436351046,0.));
#3866=DIRECTION('',(0.,0.,-1.));
#3867=DIRECTION('',(0.,0.,1.));
#3868=DIRECTION('',(-0.38268343236509,-0.923879532511287,0.));
#3869=DIRECTION('',(-0.573576436351046,-0.819152044288992,0.));
#3870=DIRECTION('',(0.,0.,-1.));
#3871=DIRECTION('',(0.,0.,1.));
#3872=DIRECTION('',(-0.38268343236509,-0.923879532511287,0.));
#3873=DIRECTION('',(-0.17364817766693,-0.984807753012208,0.));
#3874=DIRECTION('',(0.,0.,-1.));
#3875=DIRECTION('',(0.,0.,1.));
#3876=DIRECTION('',(-0.38268343236509,-0.923879532511287,0.));
#3877=DIRECTION('',(-0.573576436351046,-0.819152044288992,0.));
#3878=DIRECTION('',(0.,0.,-1.));
#3879=DIRECTION('',(0.,0.,1.));
#3880=DIRECTION('',(-0.38268343236509,-0.923879532511287,0.));
#3881=DIRECTION('',(-0.17364817766693,-0.984807753012208,0.));
#3882=DIRECTION('',(0.,0.,-1.));
#3883=DIRECTION('',(0.,0.,1.));
#3884=DIRECTION('',(-0.38268343236509,-0.923879532511287,0.));
#3885=DIRECTION('',(-0.573576436351046,-0.819152044288992,0.));
#3886=DIRECTION('',(0.,0.,-1.));
#3887=DIRECTION('',(0.,0.,1.));
#3888=DIRECTION('',(-0.38268343236509,-0.923879532511287,0.));
#3889=DIRECTION('',(-0.17364817766693,-0.984807753012208,0.));
#3890=DIRECTION('',(0.,0.,-1.));
#3891=DIRECTION('',(0.,0.,1.));
#3892=DIRECTION('',(-0.38268343236509,-0.923879532511287,0.));
#3893=DIRECTION('',(-0.573576436351046,-0.819152044288992,0.));
#3894=DIRECTION('',(0.,0.,-1.));
#3895=DIRECTION('',(0.,0.,1.));
#3896=DIRECTION('',(-0.38268343236509,-0.923879532511287,0.));
#3897=DIRECTION('',(-0.17364817766693,-0.984807753012208,0.));
#3898=DIRECTION('',(0.,0.,-1.));
#3899=DIRECTION('',(0.,0.,1.));
#3900=DIRECTION('',(-0.38268343236509,-0.923879532511287,0.));
#3901=DIRECTION('',(-0.573576436351046,-0.819152044288992,0.));
#3902=DIRECTION('',(0.,0.,-1.));
#3903=DIRECTION('',(0.,0.,1.));
#3904=DIRECTION('',(-0.38268343236509,-0.923879532511287,0.));
#3905=DIRECTION('',(-0.17364817766693,-0.984807753012208,0.));
#3906=DIRECTION('',(0.,0.,-1.));
#3907=DIRECTION('',(0.,0.,1.));
#3908=DIRECTION('',(0.38268343236509,-0.923879532511287,0.));
#3909=DIRECTION('',(0.17364817766693,-0.984807753012208,0.));
#3910=DIRECTION('',(0.,0.,-1.));
#3911=DIRECTION('',(0.,0.,1.));
#3912=DIRECTION('',(0.38268343236509,-0.923879532511287,0.));
#3913=DIRECTION('',(0.573576436351046,-0.819152044288992,0.));
#3914=DIRECTION('',(0.,0.,-1.));
#3915=DIRECTION('',(0.,0.,1.));
#3916=DIRECTION('',(0.38268343236509,-0.923879532511287,0.));
#3917=DIRECTION('',(0.17364817766693,-0.984807753012208,0.));
#3918=DIRECTION('',(0.,0.,-1.));
#3919=DIRECTION('',(0.,0.,1.));
#3920=DIRECTION('',(0.38268343236509,-0.923879532511287,0.));
#3921=DIRECTION('',(0.573576436351046,-0.819152044288992,0.));
#3922=DIRECTION('',(0.,0.,-1.));
#3923=DIRECTION('',(0.,0.,1.));
#3924=DIRECTION('',(0.38268343236509,-0.923879532511287,0.));
#3925=DIRECTION('',(0.17364817766693,-0.984807753012208,0.));
#3926=DIRECTION('',(0.,0.,-1.));
#3927=DIRECTION('',(0.,0.,1.));
#3928=DIRECTION('',(0.38268343236509,-0.923879532511287,0.));
#3929=DIRECTION('',(0.573576436351046,-0.819152044288992,0.));
#3930=DIRECTION('',(0.,0.,-1.));
#3931=DIRECTION('',(0.,0.,1.));
#3932=DIRECTION('',(0.38268343236509,-0.923879532511287,0.));
#3933=DIRECTION('',(0.17364817766693,-0.984807753012208,0.));
#3934=DIRECTION('',(0.,0.,-1.));
#3935=DIRECTION('',(0.,0.,1.));
#3936=DIRECTION('',(0.38268343236509,-0.923879532511287,0.));
#3937=DIRECTION('',(0.573576436351046,-0.819152044288992,0.));
#3938=DIRECTION('',(0.,0.,-1.));
#3939=DIRECTION('',(0.,0.,1.));
#3940=DIRECTION('',(0.38268343236509,-0.923879532511287,0.));
#3941=DIRECTION('',(0.17364817766693,-0.984807753012208,0.));
#3942=DIRECTION('',(0.,0.,-1.));
#3943=DIRECTION('',(0.,0.,1.));
#3944=DIRECTION('',(0.38268343236509,-0.923879532511287,0.));
#3945=DIRECTION('',(0.573576436351046,-0.819152044288992,0.));
#3946=DIRECTION('',(0.,0.,-1.));
#3947=DIRECTION('',(0.,0.,1.));
#3948=DIRECTION('',(0.923879532511287,-0.38268343236509,0.));
#3949=DIRECTION('',(0.819152044288992,-0.573576436351046,0.));
#3950=DIRECTION('',(0.,0.,-1.));
#3951=DIRECTION('',(0.,0.,1.));
#3952=DIRECTION('',(0.923879532511287,-0.38268343236509,0.));
#3953=DIRECTION('',(0.984807753012208,-0.173648177666931,0.));
#3954=DIRECTION('',(0.,0.,-1.));
#3955=DIRECTION('',(0.,0.,1.));
#3956=DIRECTION('',(0.923879532511287,-0.38268343236509,0.));
#3957=DIRECTION('',(0.819152044288992,-0.573576436351046,0.));
#3958=DIRECTION('',(0.,0.,-1.));
#3959=DIRECTION('',(0.,0.,1.));
#3960=DIRECTION('',(0.923879532511287,-0.38268343236509,0.));
#3961=DIRECTION('',(0.984807753012208,-0.173648177666931,0.));
#3962=DIRECTION('',(0.,0.,-1.));
#3963=DIRECTION('',(0.,0.,1.));
#3964=DIRECTION('',(0.923879532511287,-0.38268343236509,0.));
#3965=DIRECTION('',(0.819152044288992,-0.573576436351046,0.));
#3966=DIRECTION('',(0.,0.,-1.));
#3967=DIRECTION('',(0.,0.,1.));
#3968=DIRECTION('',(0.923879532511287,-0.38268343236509,0.));
#3969=DIRECTION('',(0.984807753012208,-0.173648177666931,0.));
#3970=DIRECTION('',(0.,0.,-1.));
#3971=DIRECTION('',(0.,0.,1.));
#3972=DIRECTION('',(0.923879532511287,-0.38268343236509,0.));
#3973=DIRECTION('',(0.819152044288992,-0.573576436351046,0.));
#3974=DIRECTION('',(0.,0.,-1.));
#3975=DIRECTION('',(0.,0.,1.));
#3976=DIRECTION('',(0.923879532511287,-0.38268343236509,0.));
#3977=DIRECTION('',(0.984807753012208,-0.173648177666931,0.));
#3978=DIRECTION('',(0.,0.,-1.));
#3979=DIRECTION('',(0.,0.,1.));
#3980=DIRECTION('',(0.923879532511287,-0.38268343236509,0.));
#3981=DIRECTION('',(0.819152044288992,-0.573576436351046,0.));
#3982=DIRECTION('',(0.,0.,-1.));
#3983=DIRECTION('',(0.,0.,1.));
#3984=DIRECTION('',(0.923879532511287,-0.38268343236509,0.));
#3985=DIRECTION('',(0.984807753012208,-0.173648177666931,0.));
#3986=DIRECTION('',(0.,0.,-1.));
#3987=DIRECTION('',(0.743144825477395,-0.669130606358858,0.));
#3988=DIRECTION('',(0.,0.,-1.));
#3989=DIRECTION('',(0.,0.,1.));
#3990=DIRECTION('',(0.707106781186547,0.707106781186548,0.));
#3991=DIRECTION('',(0.669130606358859,-0.743144825477394,0.));
#3992=DIRECTION('',(0.,0.,-1.));
#3993=DIRECTION('',(0.,0.,1.));
#3994=DIRECTION('',(1.,0.,0.));
#3995=DIRECTION('',(0.0523359562429444,-0.998629534754574,0.));
#3996=DIRECTION('',(0.,0.,-1.));
#3997=DIRECTION('',(0.,0.,1.));
#3998=DIRECTION('',(1.,0.,0.));
#3999=DIRECTION('',(-0.0523359562429436,-0.998629534754574,0.));
#4000=DIRECTION('',(0.,0.,-1.));
#4001=DIRECTION('',(0.,0.,1.));
#4002=DIRECTION('',(1.,0.,0.));
#4003=DIRECTION('',(-0.669130606358858,-0.743144825477395,0.));
#4004=DIRECTION('',(0.,0.,-1.));
#4005=DIRECTION('',(0.,0.,1.));
#4006=DIRECTION('',(0.707106781186548,-0.707106781186548,0.));
#4007=DIRECTION('',(-0.743144825477394,-0.669130606358859,0.));
#4008=DIRECTION('',(0.,0.,-1.));
#4009=DIRECTION('',(0.,0.,1.));
#4010=DIRECTION('',(1.,0.,0.));
#4011=DIRECTION('',(-0.998629534754574,-0.0523359562429444,0.));
#4012=DIRECTION('',(0.,0.,-1.));
#4013=DIRECTION('',(0.,0.,1.));
#4014=DIRECTION('',(6.12323399573677E-17,-1.,0.));
#4015=DIRECTION('',(-0.998629534754574,0.0523359562429435,0.));
#4016=DIRECTION('',(0.,0.,-1.));
#4017=DIRECTION('',(0.,0.,1.));
#4018=DIRECTION('',(1.,0.,0.));
#4019=DIRECTION('',(-0.743144825477395,0.669130606358858,0.));
#4020=DIRECTION('',(0.,0.,-1.));
#4021=DIRECTION('',(0.,0.,1.));
#4022=DIRECTION('',(-0.707106781186548,-0.707106781186548,0.));
#4023=DIRECTION('',(-0.669130606358859,0.743144825477394,0.));
#4024=DIRECTION('',(0.,0.,-1.));
#4025=DIRECTION('',(0.,0.,1.));
#4026=DIRECTION('',(1.,0.,0.));
#4027=DIRECTION('',(-0.0523359562429445,0.998629534754574,0.));
#4028=DIRECTION('',(0.,0.,-1.));
#4029=DIRECTION('',(0.,0.,1.));
#4030=DIRECTION('',(-1.,-1.22464679914735E-16,0.));
#4031=DIRECTION('',(0.0523359562429435,0.998629534754574,0.));
#4032=DIRECTION('',(0.,0.,-1.));
#4033=DIRECTION('',(0.,0.,1.));
#4034=DIRECTION('',(1.,0.,0.));
#4035=DIRECTION('',(0.669130606358858,0.743144825477395,0.));
#4036=DIRECTION('',(0.,0.,-1.));
#4037=DIRECTION('',(0.,0.,1.));
#4038=DIRECTION('',(-0.707106781186548,0.707106781186548,0.));
#4039=DIRECTION('',(0.743144825477394,0.669130606358859,0.));
#4040=DIRECTION('',(0.,0.,-1.));
#4041=DIRECTION('',(0.,0.,1.));
#4042=DIRECTION('',(1.,0.,0.));
#4043=DIRECTION('',(0.998629534754574,0.0523359562429446,0.));
#4044=DIRECTION('',(0.,0.,-1.));
#4045=DIRECTION('',(0.,0.,1.));
#4046=DIRECTION('',(-1.83697019872103E-16,1.,0.));
#4047=DIRECTION('',(0.998629534754574,-0.0523359562429434,0.));
#4048=DIRECTION('',(0.,0.,-1.));
#4049=DIRECTION('',(0.,0.,1.));
#4050=DIRECTION('',(1.,0.,0.));
#4051=DIRECTION('',(0.,0.,-1.));
#4052=DIRECTION('',(-1.,0.,0.));
#4053=DIRECTION('',(-0.397498480079848,-0.357909239066139,-0.844923626681908));
#4054=DIRECTION('',(0.,0.,1.));
#4055=DIRECTION('',(1.,0.,0.));
#4056=DIRECTION('',(-0.534153920768791,-0.0279938207828221,-0.844923626681908));
#4057=DIRECTION('',(0.,0.,1.));
#4058=DIRECTION('',(0.923879532511287,-0.38268343236509,0.));
#4059=DIRECTION('',(0.460599114623856,0.511547141020501,-0.725374371012288));
#4060=DIRECTION('',(0.,0.,1.));
#4061=DIRECTION('',(0.923879532511287,-0.38268343236509,0.));
#4062=DIRECTION('',(0.0360256949531382,0.687411209671236,-0.725374371012288));
#4063=DIRECTION('',(0.,0.,1.));
#4064=DIRECTION('',(0.923879532511287,-0.38268343236509,0.));
#4065=DIRECTION('',(-0.669130606358858,-0.743144825477395,0.));
#4066=DIRECTION('',(0.,0.,1.));
#4067=DIRECTION('',(1.,0.,0.));
#4068=DIRECTION('',(-0.0523359562429434,-0.998629534754574,0.));
#4069=DIRECTION('',(0.,0.,-1.));
#4070=DIRECTION('',(-0.923879532511287,0.38268343236509,0.));
#4071=DIRECTION('',(-0.00273905231586338,0.0522642316338269,0.998629534754574));
#4072=DIRECTION('',(0.,0.,1.));
#4073=DIRECTION('',(0.923879532511287,-0.38268343236509,0.));
#4074=DIRECTION('',(-0.0350195901352118,0.0388931950683551,0.998629534754574));
#4075=DIRECTION('',(0.,0.,-1.));
#4076=DIRECTION('',(-1.,0.,0.));
#4077=DIRECTION('',(-0.357909239066139,-0.397498480079849,-0.844923626681908));
#4078=DIRECTION('',(-0.0279938207828217,-0.534153920768791,-0.844923626681908));
#4079=DIRECTION('',(0.,0.,1.));
#4080=DIRECTION('',(0.923879532511287,-0.38268343236509,0.));
#4081=DIRECTION('',(-0.036025694953139,0.687411209671236,-0.725374371012288));
#4082=DIRECTION('',(0.,0.,1.));
#4083=DIRECTION('',(0.923879532511287,-0.38268343236509,0.));
#4084=DIRECTION('',(-0.460599114623856,0.511547141020501,-0.725374371012288));
#4085=DIRECTION('',(0.,0.,1.));
#4086=DIRECTION('',(0.923879532511287,-0.38268343236509,0.));
#4087=DIRECTION('',(0.0523359562429446,-0.998629534754574,0.));
#4088=DIRECTION('',(0.,0.,1.));
#4089=DIRECTION('',(1.,0.,0.));
#4090=DIRECTION('',(0.669130606358859,-0.743144825477394,0.));
#4091=DIRECTION('',(0.,0.,-1.));
#4092=DIRECTION('',(-0.923879532511287,0.38268343236509,0.));
#4093=DIRECTION('',(-0.0388931950683552,0.0350195901352117,0.998629534754574));
#4094=DIRECTION('',(0.,0.,1.));
#4095=DIRECTION('',(0.923879532511287,-0.38268343236509,0.));
#4096=DIRECTION('',(-0.0522642316338269,0.00273905231586332,0.998629534754574));
#4097=DIRECTION('',(0.,0.,-1.));
#4098=DIRECTION('',(-1.,0.,0.));
#4099=DIRECTION('',(0.0279938207828223,-0.534153920768791,-0.844923626681908));
#4100=DIRECTION('',(0.357909239066139,-0.397498480079848,-0.844923626681908));
#4101=DIRECTION('',(0.,0.,1.));
#4102=DIRECTION('',(0.923879532511287,-0.38268343236509,0.));
#4103=DIRECTION('',(-0.511547141020501,0.460599114623856,-0.725374371012288));
#4104=DIRECTION('',(0.,0.,1.));
#4105=DIRECTION('',(0.923879532511287,-0.38268343236509,0.));
#4106=DIRECTION('',(-0.687411209671236,0.0360256949531383,-0.725374371012288));
#4107=DIRECTION('',(0.,0.,1.));
#4108=DIRECTION('',(0.923879532511287,-0.38268343236509,0.));
#4109=DIRECTION('',(0.743144825477395,-0.669130606358858,0.));
#4110=DIRECTION('',(0.,0.,1.));
#4111=DIRECTION('',(1.,0.,0.));
#4112=DIRECTION('',(0.998629534754574,-0.0523359562429435,0.));
#4113=DIRECTION('',(0.,0.,-1.));
#4114=DIRECTION('',(-0.923879532511287,0.38268343236509,0.));
#4115=DIRECTION('',(-0.0522642316338269,-0.00273905231586338,0.998629534754574));
#4116=DIRECTION('',(0.,0.,1.));
#4117=DIRECTION('',(0.923879532511287,-0.38268343236509,0.));
#4118=DIRECTION('',(-0.0388931950683551,-0.0350195901352118,0.998629534754574));
#4119=DIRECTION('',(0.,0.,-1.));
#4120=DIRECTION('',(-1.,0.,0.));
#4121=DIRECTION('',(0.397498480079848,-0.357909239066139,-0.844923626681908));
#4122=DIRECTION('',(0.534153920768791,-0.0279938207828217,-0.844923626681908));
#4123=DIRECTION('',(0.,0.,1.));
#4124=DIRECTION('',(0.923879532511287,-0.38268343236509,0.));
#4125=DIRECTION('',(-0.687411209671236,-0.036025694953139,-0.725374371012288));
#4126=DIRECTION('',(0.,0.,1.));
#4127=DIRECTION('',(0.923879532511287,-0.38268343236509,0.));
#4128=DIRECTION('',(-0.511547141020501,-0.460599114623856,-0.725374371012288));
#4129=DIRECTION('',(0.,0.,1.));
#4130=DIRECTION('',(0.923879532511287,-0.38268343236509,0.));
#4131=DIRECTION('',(0.998629534754574,0.0523359562429445,0.));
#4132=DIRECTION('',(0.,0.,1.));
#4133=DIRECTION('',(1.,0.,0.));
#4134=DIRECTION('',(0.743144825477394,0.669130606358859,0.));
#4135=DIRECTION('',(0.,0.,-1.));
#4136=DIRECTION('',(-0.923879532511287,0.38268343236509,0.));
#4137=DIRECTION('',(-0.0350195901352117,-0.0388931950683552,0.998629534754574));
#4138=DIRECTION('',(0.,0.,1.));
#4139=DIRECTION('',(0.923879532511287,-0.38268343236509,0.));
#4140=DIRECTION('',(-0.00273905231586333,-0.0522642316338269,0.998629534754574));
#4141=DIRECTION('',(0.,0.,-1.));
#4142=DIRECTION('',(-1.,0.,0.));
#4143=DIRECTION('',(0.534153920768791,0.0279938207828223,-0.844923626681908));
#4144=DIRECTION('',(0.397498480079848,0.357909239066139,-0.844923626681908));
#4145=DIRECTION('',(0.,0.,1.));
#4146=DIRECTION('',(0.923879532511287,-0.38268343236509,0.));
#4147=DIRECTION('',(-0.460599114623856,-0.511547141020501,-0.725374371012288));
#4148=DIRECTION('',(0.,0.,1.));
#4149=DIRECTION('',(0.923879532511287,-0.38268343236509,0.));
#4150=DIRECTION('',(-0.0360256949531383,-0.687411209671236,-0.725374371012288));
#4151=DIRECTION('',(0.,0.,1.));
#4152=DIRECTION('',(0.923879532511287,-0.38268343236509,0.));
#4153=DIRECTION('',(0.669130606358858,0.743144825477395,0.));
#4154=DIRECTION('',(0.,0.,1.));
#4155=DIRECTION('',(1.,0.,0.));
#4156=DIRECTION('',(0.0523359562429435,0.998629534754574,0.));
#4157=DIRECTION('',(0.,0.,-1.));
#4158=DIRECTION('',(-0.923879532511287,0.38268343236509,0.));
#4159=DIRECTION('',(0.00273905231586337,-0.0522642316338269,0.998629534754574));
#4160=DIRECTION('',(0.,0.,1.));
#4161=DIRECTION('',(0.923879532511287,-0.38268343236509,0.));
#4162=DIRECTION('',(0.0350195901352118,-0.0388931950683551,0.998629534754574));
#4163=DIRECTION('',(0.,0.,-1.));
#4164=DIRECTION('',(-1.,0.,0.));
#4165=DIRECTION('',(0.357909239066139,0.397498480079849,-0.844923626681908));
#4166=DIRECTION('',(0.0279938207828217,0.534153920768791,-0.844923626681908));
#4167=DIRECTION('',(0.,0.,1.));
#4168=DIRECTION('',(0.923879532511287,-0.38268343236509,0.));
#4169=DIRECTION('',(0.0360256949531389,-0.687411209671236,-0.725374371012288));
#4170=DIRECTION('',(0.,0.,1.));
#4171=DIRECTION('',(0.923879532511287,-0.38268343236509,0.));
#4172=DIRECTION('',(0.460599114623856,-0.511547141020501,-0.725374371012288));
#4173=DIRECTION('',(0.,0.,1.));
#4174=DIRECTION('',(0.923879532511287,-0.38268343236509,0.));
#4175=DIRECTION('',(-0.0523359562429444,0.998629534754574,0.));
#4176=DIRECTION('',(0.,0.,1.));
#4177=DIRECTION('',(1.,0.,0.));
#4178=DIRECTION('',(-0.669130606358859,0.743144825477394,0.));
#4179=DIRECTION('',(0.,0.,-1.));
#4180=DIRECTION('',(-0.923879532511287,0.38268343236509,0.));
#4181=DIRECTION('',(0.0388931950683552,-0.0350195901352117,0.998629534754574));
#4182=DIRECTION('',(0.,0.,1.));
#4183=DIRECTION('',(0.923879532511287,-0.38268343236509,0.));
#4184=DIRECTION('',(0.0522642316338269,-0.00273905231586333,0.998629534754574));
#4185=DIRECTION('',(0.,0.,1.));
#4186=DIRECTION('',(0.923879532511287,-0.38268343236509,0.));
#4187=DIRECTION('',(0.511547141020501,-0.460599114623856,-0.725374371012288));
#4188=DIRECTION('',(0.,0.,1.));
#4189=DIRECTION('',(0.923879532511287,-0.38268343236509,0.));
#4190=DIRECTION('',(0.687411209671236,-0.0360256949531383,-0.725374371012288));
#4191=DIRECTION('',(0.,0.,-1.));
#4192=DIRECTION('',(-1.,0.,0.));
#4193=DIRECTION('',(-0.0279938207828222,0.534153920768791,-0.844923626681908));
#4194=DIRECTION('',(-0.357909239066139,0.397498480079848,-0.844923626681908));
#4195=DIRECTION('',(0.,0.,1.));
#4196=DIRECTION('',(0.923879532511287,-0.38268343236509,0.));
#4197=DIRECTION('',(-0.743144825477395,0.669130606358858,0.));
#4198=DIRECTION('',(0.,0.,1.));
#4199=DIRECTION('',(1.,0.,0.));
#4200=DIRECTION('',(-0.998629534754574,0.0523359562429436,0.));
#4201=DIRECTION('',(0.,0.,-1.));
#4202=DIRECTION('',(-0.923879532511287,0.38268343236509,0.));
#4203=DIRECTION('',(0.,0.,1.));
#4204=DIRECTION('',(0.923879532511287,-0.38268343236509,0.));
#4205=DIRECTION('',(0.0388931950683551,0.0350195901352118,0.998629534754574));
#4206=DIRECTION('',(0.0522642316338269,0.00273905231586337,0.998629534754574));
#4207=DIRECTION('',(0.,0.,1.));
#4208=DIRECTION('',(0.923879532511287,-0.38268343236509,0.));
#4209=DIRECTION('',(0.5115471410205,0.460599114623856,-0.725374371012288));
#4210=DIRECTION('',(0.687411209671236,0.0360256949531388,-0.725374371012288));
#4211=DIRECTION('',(0.,0.,1.));
#4212=DIRECTION('',(0.923879532511287,-0.38268343236509,0.));
#4213=DIRECTION('',(0.,0.,-1.));
#4214=DIRECTION('',(-1.,0.,0.));
#4215=DIRECTION('',(-0.397498480079849,0.357909239066139,-0.844923626681908));
#4216=DIRECTION('',(-0.534153920768791,0.0279938207828218,-0.844923626681908));
#4217=DIRECTION('',(0.,0.,1.));
#4218=DIRECTION('',(0.923879532511287,0.38268343236509,0.));
#4219=DIRECTION('',(-0.984807753012208,-0.17364817766693,0.));
#4220=DIRECTION('',(0.,0.,-1.));
#4221=DIRECTION('',(-0.819152044288992,-0.573576436351046,0.));
#4222=DIRECTION('',(0.,0.,-1.));
#4223=DIRECTION('',(0.819152044288992,0.573576436351046,0.));
#4224=DIRECTION('',(-0.573576436351046,0.819152044288992,0.));
#4225=DIRECTION('',(0.,0.,1.));
#4226=DIRECTION('',(0.923879532511287,0.38268343236509,0.));
#4227=DIRECTION('',(-0.984807753012208,-0.17364817766693,0.));
#4228=DIRECTION('',(0.,0.,-1.));
#4229=DIRECTION('',(-0.819152044288992,-0.573576436351046,0.));
#4230=DIRECTION('',(0.,0.,-1.));
#4231=DIRECTION('',(0.819152044288992,0.573576436351046,0.));
#4232=DIRECTION('',(-0.573576436351046,0.819152044288992,0.));
#4233=DIRECTION('',(0.,0.,1.));
#4234=DIRECTION('',(0.923879532511287,0.38268343236509,0.));
#4235=DIRECTION('',(-0.984807753012208,-0.17364817766693,0.));
#4236=DIRECTION('',(0.,0.,-1.));
#4237=DIRECTION('',(-0.819152044288992,-0.573576436351046,0.));
#4238=DIRECTION('',(0.,0.,-1.));
#4239=DIRECTION('',(0.819152044288992,0.573576436351046,0.));
#4240=DIRECTION('',(-0.573576436351046,0.819152044288992,0.));
#4241=DIRECTION('',(0.,0.,1.));
#4242=DIRECTION('',(0.923879532511287,0.38268343236509,0.));
#4243=DIRECTION('',(-0.984807753012208,-0.17364817766693,0.));
#4244=DIRECTION('',(0.,0.,-1.));
#4245=DIRECTION('',(-0.819152044288992,-0.573576436351046,0.));
#4246=DIRECTION('',(0.,0.,-1.));
#4247=DIRECTION('',(0.819152044288992,0.573576436351046,0.));
#4248=DIRECTION('',(-0.573576436351046,0.819152044288992,0.));
#4249=DIRECTION('',(0.,0.,1.));
#4250=DIRECTION('',(0.923879532511287,0.38268343236509,0.));
#4251=DIRECTION('',(-0.984807753012208,-0.17364817766693,0.));
#4252=DIRECTION('',(0.,0.,-1.));
#4253=DIRECTION('',(-0.819152044288992,-0.573576436351046,0.));
#4254=DIRECTION('',(0.,0.,-1.));
#4255=DIRECTION('',(0.819152044288992,0.573576436351046,0.));
#4256=DIRECTION('',(-0.573576436351046,0.819152044288992,0.));
#4257=DIRECTION('',(0.984807753012208,0.17364817766693,0.));
#4258=DIRECTION('',(-0.17364817766693,0.984807753012208,0.));
#4259=DIRECTION('',(0.984807753012208,0.17364817766693,0.));
#4260=DIRECTION('',(-0.17364817766693,0.984807753012208,0.));
#4261=DIRECTION('',(0.984807753012208,0.17364817766693,0.));
#4262=DIRECTION('',(-0.17364817766693,0.984807753012208,0.));
#4263=DIRECTION('',(0.984807753012208,0.17364817766693,0.));
#4264=DIRECTION('',(-0.17364817766693,0.984807753012208,0.));
#4265=DIRECTION('',(0.984807753012208,0.17364817766693,0.));
#4266=DIRECTION('',(-0.17364817766693,0.984807753012208,0.));
#4267=DIRECTION('',(0.,0.,1.));
#4268=DIRECTION('',(0.38268343236509,0.923879532511287,0.));
#4269=DIRECTION('',(-0.573576436351046,-0.819152044288992,0.));
#4270=DIRECTION('',(0.,0.,-1.));
#4271=DIRECTION('',(-0.17364817766693,-0.984807753012208,0.));
#4272=DIRECTION('',(0.,0.,-1.));
#4273=DIRECTION('',(0.17364817766693,0.984807753012208,0.));
#4274=DIRECTION('',(-0.984807753012208,0.17364817766693,0.));
#4275=DIRECTION('',(0.,0.,1.));
#4276=DIRECTION('',(0.38268343236509,0.923879532511287,0.));
#4277=DIRECTION('',(-0.573576436351046,-0.819152044288992,0.));
#4278=DIRECTION('',(0.,0.,-1.));
#4279=DIRECTION('',(-0.17364817766693,-0.984807753012208,0.));
#4280=DIRECTION('',(0.,0.,-1.));
#4281=DIRECTION('',(0.17364817766693,0.984807753012208,0.));
#4282=DIRECTION('',(-0.984807753012208,0.17364817766693,0.));
#4283=DIRECTION('',(0.,0.,1.));
#4284=DIRECTION('',(0.38268343236509,0.923879532511287,0.));
#4285=DIRECTION('',(-0.573576436351046,-0.819152044288992,0.));
#4286=DIRECTION('',(0.,0.,-1.));
#4287=DIRECTION('',(-0.17364817766693,-0.984807753012208,0.));
#4288=DIRECTION('',(0.,0.,-1.));
#4289=DIRECTION('',(0.17364817766693,0.984807753012208,0.));
#4290=DIRECTION('',(-0.984807753012208,0.17364817766693,0.));
#4291=DIRECTION('',(0.,0.,1.));
#4292=DIRECTION('',(0.38268343236509,0.923879532511287,0.));
#4293=DIRECTION('',(-0.573576436351046,-0.819152044288992,0.));
#4294=DIRECTION('',(0.,0.,-1.));
#4295=DIRECTION('',(-0.17364817766693,-0.984807753012208,0.));
#4296=DIRECTION('',(0.,0.,-1.));
#4297=DIRECTION('',(0.17364817766693,0.984807753012208,0.));
#4298=DIRECTION('',(-0.984807753012208,0.17364817766693,0.));
#4299=DIRECTION('',(0.,0.,1.));
#4300=DIRECTION('',(0.38268343236509,0.923879532511287,0.));
#4301=DIRECTION('',(-0.573576436351046,-0.819152044288992,0.));
#4302=DIRECTION('',(0.,0.,-1.));
#4303=DIRECTION('',(-0.17364817766693,-0.984807753012208,0.));
#4304=DIRECTION('',(0.,0.,-1.));
#4305=DIRECTION('',(0.17364817766693,0.984807753012208,0.));
#4306=DIRECTION('',(-0.984807753012208,0.17364817766693,0.));
#4307=DIRECTION('',(0.573576436351046,0.819152044288992,0.));
#4308=DIRECTION('',(-0.819152044288992,0.573576436351046,0.));
#4309=DIRECTION('',(0.573576436351046,0.819152044288992,0.));
#4310=DIRECTION('',(-0.819152044288992,0.573576436351046,0.));
#4311=DIRECTION('',(0.573576436351046,0.819152044288992,0.));
#4312=DIRECTION('',(-0.819152044288992,0.573576436351046,0.));
#4313=DIRECTION('',(0.573576436351046,0.819152044288992,0.));
#4314=DIRECTION('',(-0.819152044288992,0.573576436351046,0.));
#4315=DIRECTION('',(0.573576436351046,0.819152044288992,0.));
#4316=DIRECTION('',(-0.819152044288992,0.573576436351046,0.));
#4317=DIRECTION('',(0.,0.,1.));
#4318=DIRECTION('',(-0.38268343236509,0.923879532511287,0.));
#4319=DIRECTION('',(0.17364817766693,-0.984807753012208,0.));
#4320=DIRECTION('',(0.,0.,-1.));
#4321=DIRECTION('',(0.573576436351046,-0.819152044288992,0.));
#4322=DIRECTION('',(0.,0.,-1.));
#4323=DIRECTION('',(-0.573576436351046,0.819152044288992,0.));
#4324=DIRECTION('',(-0.819152044288992,-0.573576436351046,0.));
#4325=DIRECTION('',(0.,0.,1.));
#4326=DIRECTION('',(-0.38268343236509,0.923879532511287,0.));
#4327=DIRECTION('',(0.17364817766693,-0.984807753012208,0.));
#4328=DIRECTION('',(0.,0.,-1.));
#4329=DIRECTION('',(0.573576436351046,-0.819152044288992,0.));
#4330=DIRECTION('',(0.,0.,-1.));
#4331=DIRECTION('',(-0.573576436351046,0.819152044288992,0.));
#4332=DIRECTION('',(-0.819152044288992,-0.573576436351046,0.));
#4333=DIRECTION('',(0.,0.,1.));
#4334=DIRECTION('',(-0.38268343236509,0.923879532511287,0.));
#4335=DIRECTION('',(0.17364817766693,-0.984807753012208,0.));
#4336=DIRECTION('',(0.,0.,-1.));
#4337=DIRECTION('',(0.573576436351046,-0.819152044288992,0.));
#4338=DIRECTION('',(0.,0.,-1.));
#4339=DIRECTION('',(-0.573576436351046,0.819152044288992,0.));
#4340=DIRECTION('',(-0.819152044288992,-0.573576436351046,0.));
#4341=DIRECTION('',(0.,0.,1.));
#4342=DIRECTION('',(-0.38268343236509,0.923879532511287,0.));
#4343=DIRECTION('',(0.17364817766693,-0.984807753012208,0.));
#4344=DIRECTION('',(0.,0.,-1.));
#4345=DIRECTION('',(0.573576436351046,-0.819152044288992,0.));
#4346=DIRECTION('',(0.,0.,-1.));
#4347=DIRECTION('',(-0.573576436351046,0.819152044288992,0.));
#4348=DIRECTION('',(-0.819152044288992,-0.573576436351046,0.));
#4349=DIRECTION('',(0.,0.,1.));
#4350=DIRECTION('',(-0.38268343236509,0.923879532511287,0.));
#4351=DIRECTION('',(0.17364817766693,-0.984807753012208,0.));
#4352=DIRECTION('',(0.,0.,-1.));
#4353=DIRECTION('',(0.573576436351046,-0.819152044288992,0.));
#4354=DIRECTION('',(0.,0.,-1.));
#4355=DIRECTION('',(-0.573576436351046,0.819152044288992,0.));
#4356=DIRECTION('',(-0.819152044288992,-0.573576436351046,0.));
#4357=DIRECTION('',(-0.17364817766693,0.984807753012208,0.));
#4358=DIRECTION('',(-0.984807753012208,-0.17364817766693,0.));
#4359=DIRECTION('',(-0.17364817766693,0.984807753012208,0.));
#4360=DIRECTION('',(-0.984807753012208,-0.17364817766693,0.));
#4361=DIRECTION('',(-0.17364817766693,0.984807753012208,0.));
#4362=DIRECTION('',(-0.984807753012208,-0.17364817766693,0.));
#4363=DIRECTION('',(-0.17364817766693,0.984807753012208,0.));
#4364=DIRECTION('',(-0.984807753012208,-0.17364817766693,0.));
#4365=DIRECTION('',(-0.17364817766693,0.984807753012208,0.));
#4366=DIRECTION('',(-0.984807753012208,-0.17364817766693,0.));
#4367=DIRECTION('',(0.,0.,1.));
#4368=DIRECTION('',(-0.923879532511287,0.38268343236509,0.));
#4369=DIRECTION('',(0.819152044288992,-0.573576436351046,0.));
#4370=DIRECTION('',(0.,0.,-1.));
#4371=DIRECTION('',(0.984807753012208,-0.17364817766693,0.));
#4372=DIRECTION('',(0.,0.,-1.));
#4373=DIRECTION('',(-0.984807753012208,0.17364817766693,0.));
#4374=DIRECTION('',(-0.17364817766693,-0.984807753012208,0.));
#4375=DIRECTION('',(0.,0.,1.));
#4376=DIRECTION('',(-0.923879532511287,0.38268343236509,0.));
#4377=DIRECTION('',(0.819152044288992,-0.573576436351046,0.));
#4378=DIRECTION('',(0.,0.,-1.));
#4379=DIRECTION('',(0.984807753012208,-0.17364817766693,0.));
#4380=DIRECTION('',(0.,0.,-1.));
#4381=DIRECTION('',(-0.984807753012208,0.17364817766693,0.));
#4382=DIRECTION('',(-0.17364817766693,-0.984807753012208,0.));
#4383=DIRECTION('',(0.,0.,1.));
#4384=DIRECTION('',(-0.923879532511287,0.38268343236509,0.));
#4385=DIRECTION('',(0.819152044288992,-0.573576436351046,0.));
#4386=DIRECTION('',(0.,0.,-1.));
#4387=DIRECTION('',(0.984807753012208,-0.17364817766693,0.));
#4388=DIRECTION('',(0.,0.,-1.));
#4389=DIRECTION('',(-0.984807753012208,0.17364817766693,0.));
#4390=DIRECTION('',(-0.17364817766693,-0.984807753012208,0.));
#4391=DIRECTION('',(0.,0.,1.));
#4392=DIRECTION('',(-0.923879532511287,0.38268343236509,0.));
#4393=DIRECTION('',(0.819152044288992,-0.573576436351046,0.));
#4394=DIRECTION('',(0.,0.,-1.));
#4395=DIRECTION('',(0.984807753012208,-0.17364817766693,0.));
#4396=DIRECTION('',(0.,0.,-1.));
#4397=DIRECTION('',(-0.984807753012208,0.17364817766693,0.));
#4398=DIRECTION('',(-0.17364817766693,-0.984807753012208,0.));
#4399=DIRECTION('',(0.,0.,1.));
#4400=DIRECTION('',(-0.923879532511287,0.38268343236509,0.));
#4401=DIRECTION('',(0.819152044288992,-0.573576436351046,0.));
#4402=DIRECTION('',(0.,0.,-1.));
#4403=DIRECTION('',(0.984807753012208,-0.17364817766693,0.));
#4404=DIRECTION('',(0.,0.,-1.));
#4405=DIRECTION('',(-0.984807753012208,0.17364817766693,0.));
#4406=DIRECTION('',(-0.17364817766693,-0.984807753012208,0.));
#4407=DIRECTION('',(-0.819152044288992,0.573576436351046,0.));
#4408=DIRECTION('',(-0.573576436351046,-0.819152044288992,0.));
#4409=DIRECTION('',(-0.819152044288992,0.573576436351046,0.));
#4410=DIRECTION('',(-0.573576436351046,-0.819152044288992,0.));
#4411=DIRECTION('',(-0.819152044288992,0.573576436351046,0.));
#4412=DIRECTION('',(-0.573576436351046,-0.819152044288992,0.));
#4413=DIRECTION('',(-0.819152044288992,0.573576436351046,0.));
#4414=DIRECTION('',(-0.573576436351046,-0.819152044288992,0.));
#4415=DIRECTION('',(-0.819152044288992,0.573576436351046,0.));
#4416=DIRECTION('',(-0.573576436351046,-0.819152044288992,0.));
#4417=DIRECTION('',(0.,0.,1.));
#4418=DIRECTION('',(-0.923879532511287,-0.38268343236509,0.));
#4419=DIRECTION('',(0.984807753012208,0.17364817766693,0.));
#4420=DIRECTION('',(0.,0.,-1.));
#4421=DIRECTION('',(0.819152044288992,0.573576436351046,0.));
#4422=DIRECTION('',(0.,0.,-1.));
#4423=DIRECTION('',(-0.819152044288992,-0.573576436351046,0.));
#4424=DIRECTION('',(0.573576436351046,-0.819152044288992,0.));
#4425=DIRECTION('',(0.,0.,1.));
#4426=DIRECTION('',(-0.923879532511287,-0.38268343236509,0.));
#4427=DIRECTION('',(0.984807753012208,0.17364817766693,0.));
#4428=DIRECTION('',(0.,0.,-1.));
#4429=DIRECTION('',(0.819152044288992,0.573576436351046,0.));
#4430=DIRECTION('',(0.,0.,-1.));
#4431=DIRECTION('',(-0.819152044288992,-0.573576436351046,0.));
#4432=DIRECTION('',(0.573576436351046,-0.819152044288992,0.));
#4433=DIRECTION('',(0.,0.,1.));
#4434=DIRECTION('',(-0.923879532511287,-0.38268343236509,0.));
#4435=DIRECTION('',(0.984807753012208,0.17364817766693,0.));
#4436=DIRECTION('',(0.,0.,-1.));
#4437=DIRECTION('',(0.819152044288992,0.573576436351046,0.));
#4438=DIRECTION('',(0.,0.,-1.));
#4439=DIRECTION('',(-0.819152044288992,-0.573576436351046,0.));
#4440=DIRECTION('',(0.573576436351046,-0.819152044288992,0.));
#4441=DIRECTION('',(0.,0.,1.));
#4442=DIRECTION('',(-0.923879532511287,-0.38268343236509,0.));
#4443=DIRECTION('',(0.984807753012208,0.17364817766693,0.));
#4444=DIRECTION('',(0.,0.,-1.));
#4445=DIRECTION('',(0.819152044288992,0.573576436351046,0.));
#4446=DIRECTION('',(0.,0.,-1.));
#4447=DIRECTION('',(-0.819152044288992,-0.573576436351046,0.));
#4448=DIRECTION('',(0.573576436351046,-0.819152044288992,0.));
#4449=DIRECTION('',(0.,0.,1.));
#4450=DIRECTION('',(-0.923879532511287,-0.38268343236509,0.));
#4451=DIRECTION('',(0.984807753012208,0.17364817766693,0.));
#4452=DIRECTION('',(0.,0.,-1.));
#4453=DIRECTION('',(0.819152044288992,0.573576436351046,0.));
#4454=DIRECTION('',(0.,0.,-1.));
#4455=DIRECTION('',(-0.819152044288992,-0.573576436351046,0.));
#4456=DIRECTION('',(0.573576436351046,-0.819152044288992,0.));
#4457=DIRECTION('',(-0.984807753012208,-0.17364817766693,0.));
#4458=DIRECTION('',(0.17364817766693,-0.984807753012208,0.));
#4459=DIRECTION('',(-0.984807753012208,-0.17364817766693,0.));
#4460=DIRECTION('',(0.17364817766693,-0.984807753012208,0.));
#4461=DIRECTION('',(-0.984807753012208,-0.17364817766693,0.));
#4462=DIRECTION('',(0.17364817766693,-0.984807753012208,0.));
#4463=DIRECTION('',(-0.984807753012208,-0.17364817766693,0.));
#4464=DIRECTION('',(0.17364817766693,-0.984807753012208,0.));
#4465=DIRECTION('',(-0.984807753012208,-0.17364817766693,0.));
#4466=DIRECTION('',(0.17364817766693,-0.984807753012208,0.));
#4467=DIRECTION('',(0.,0.,1.));
#4468=DIRECTION('',(-0.38268343236509,-0.923879532511287,0.));
#4469=DIRECTION('',(0.573576436351046,0.819152044288992,0.));
#4470=DIRECTION('',(0.,0.,-1.));
#4471=DIRECTION('',(0.17364817766693,0.984807753012208,0.));
#4472=DIRECTION('',(0.,0.,-1.));
#4473=DIRECTION('',(-0.17364817766693,-0.984807753012208,0.));
#4474=DIRECTION('',(0.984807753012208,-0.17364817766693,0.));
#4475=DIRECTION('',(0.,0.,1.));
#4476=DIRECTION('',(-0.38268343236509,-0.923879532511287,0.));
#4477=DIRECTION('',(0.573576436351046,0.819152044288992,0.));
#4478=DIRECTION('',(0.,0.,-1.));
#4479=DIRECTION('',(0.17364817766693,0.984807753012208,0.));
#4480=DIRECTION('',(0.,0.,-1.));
#4481=DIRECTION('',(-0.17364817766693,-0.984807753012208,0.));
#4482=DIRECTION('',(0.984807753012208,-0.17364817766693,0.));
#4483=DIRECTION('',(0.,0.,1.));
#4484=DIRECTION('',(-0.38268343236509,-0.923879532511287,0.));
#4485=DIRECTION('',(0.573576436351046,0.819152044288992,0.));
#4486=DIRECTION('',(0.,0.,-1.));
#4487=DIRECTION('',(0.17364817766693,0.984807753012208,0.));
#4488=DIRECTION('',(0.,0.,-1.));
#4489=DIRECTION('',(-0.17364817766693,-0.984807753012208,0.));
#4490=DIRECTION('',(0.984807753012208,-0.17364817766693,0.));
#4491=DIRECTION('',(0.,0.,1.));
#4492=DIRECTION('',(-0.38268343236509,-0.923879532511287,0.));
#4493=DIRECTION('',(0.573576436351046,0.819152044288992,0.));
#4494=DIRECTION('',(0.,0.,-1.));
#4495=DIRECTION('',(0.17364817766693,0.984807753012208,0.));
#4496=DIRECTION('',(0.,0.,-1.));
#4497=DIRECTION('',(-0.17364817766693,-0.984807753012208,0.));
#4498=DIRECTION('',(0.984807753012208,-0.17364817766693,0.));
#4499=DIRECTION('',(0.,0.,1.));
#4500=DIRECTION('',(-0.38268343236509,-0.923879532511287,0.));
#4501=DIRECTION('',(0.573576436351046,0.819152044288992,0.));
#4502=DIRECTION('',(0.,0.,-1.));
#4503=DIRECTION('',(0.17364817766693,0.984807753012208,0.));
#4504=DIRECTION('',(0.,0.,-1.));
#4505=DIRECTION('',(-0.17364817766693,-0.984807753012208,0.));
#4506=DIRECTION('',(0.984807753012208,-0.17364817766693,0.));
#4507=DIRECTION('',(-0.573576436351046,-0.819152044288992,0.));
#4508=DIRECTION('',(0.819152044288992,-0.573576436351046,0.));
#4509=DIRECTION('',(-0.573576436351046,-0.819152044288992,0.));
#4510=DIRECTION('',(0.819152044288992,-0.573576436351046,0.));
#4511=DIRECTION('',(-0.573576436351046,-0.819152044288992,0.));
#4512=DIRECTION('',(0.819152044288992,-0.573576436351046,0.));
#4513=DIRECTION('',(-0.573576436351046,-0.819152044288992,0.));
#4514=DIRECTION('',(0.819152044288992,-0.573576436351046,0.));
#4515=DIRECTION('',(-0.573576436351046,-0.819152044288992,0.));
#4516=DIRECTION('',(0.819152044288992,-0.573576436351046,0.));
#4517=DIRECTION('',(0.,0.,1.));
#4518=DIRECTION('',(0.38268343236509,-0.923879532511287,0.));
#4519=DIRECTION('',(-0.17364817766693,0.984807753012208,0.));
#4520=DIRECTION('',(0.,0.,-1.));
#4521=DIRECTION('',(-0.573576436351046,0.819152044288992,0.));
#4522=DIRECTION('',(0.,0.,-1.));
#4523=DIRECTION('',(0.573576436351046,-0.819152044288992,0.));
#4524=DIRECTION('',(0.819152044288992,0.573576436351046,0.));
#4525=DIRECTION('',(0.,0.,1.));
#4526=DIRECTION('',(0.38268343236509,-0.923879532511287,0.));
#4527=DIRECTION('',(-0.17364817766693,0.984807753012208,0.));
#4528=DIRECTION('',(0.,0.,-1.));
#4529=DIRECTION('',(-0.573576436351046,0.819152044288992,0.));
#4530=DIRECTION('',(0.,0.,-1.));
#4531=DIRECTION('',(0.573576436351046,-0.819152044288992,0.));
#4532=DIRECTION('',(0.819152044288992,0.573576436351046,0.));
#4533=DIRECTION('',(0.,0.,1.));
#4534=DIRECTION('',(0.38268343236509,-0.923879532511287,0.));
#4535=DIRECTION('',(-0.17364817766693,0.984807753012208,0.));
#4536=DIRECTION('',(0.,0.,-1.));
#4537=DIRECTION('',(-0.573576436351046,0.819152044288992,0.));
#4538=DIRECTION('',(0.,0.,-1.));
#4539=DIRECTION('',(0.573576436351046,-0.819152044288992,0.));
#4540=DIRECTION('',(0.819152044288992,0.573576436351046,0.));
#4541=DIRECTION('',(0.,0.,1.));
#4542=DIRECTION('',(0.38268343236509,-0.923879532511287,0.));
#4543=DIRECTION('',(-0.17364817766693,0.984807753012208,0.));
#4544=DIRECTION('',(0.,0.,-1.));
#4545=DIRECTION('',(-0.573576436351046,0.819152044288992,0.));
#4546=DIRECTION('',(0.,0.,-1.));
#4547=DIRECTION('',(0.573576436351046,-0.819152044288992,0.));
#4548=DIRECTION('',(0.819152044288992,0.573576436351046,0.));
#4549=DIRECTION('',(0.,0.,1.));
#4550=DIRECTION('',(0.38268343236509,-0.923879532511287,0.));
#4551=DIRECTION('',(-0.17364817766693,0.984807753012208,0.));
#4552=DIRECTION('',(0.,0.,-1.));
#4553=DIRECTION('',(-0.573576436351046,0.819152044288992,0.));
#4554=DIRECTION('',(0.,0.,-1.));
#4555=DIRECTION('',(0.573576436351046,-0.819152044288992,0.));
#4556=DIRECTION('',(0.819152044288992,0.573576436351046,0.));
#4557=DIRECTION('',(0.17364817766693,-0.984807753012208,0.));
#4558=DIRECTION('',(0.984807753012208,0.17364817766693,0.));
#4559=DIRECTION('',(0.17364817766693,-0.984807753012208,0.));
#4560=DIRECTION('',(0.984807753012208,0.17364817766693,0.));
#4561=DIRECTION('',(0.17364817766693,-0.984807753012208,0.));
#4562=DIRECTION('',(0.984807753012208,0.17364817766693,0.));
#4563=DIRECTION('',(0.17364817766693,-0.984807753012208,0.));
#4564=DIRECTION('',(0.984807753012208,0.17364817766693,0.));
#4565=DIRECTION('',(0.17364817766693,-0.984807753012208,0.));
#4566=DIRECTION('',(0.984807753012208,0.17364817766693,0.));
#4567=DIRECTION('',(0.,0.,1.));
#4568=DIRECTION('',(0.923879532511287,-0.38268343236509,0.));
#4569=DIRECTION('',(0.,0.,-1.));
#4570=DIRECTION('',(-1.,0.,0.));
#4571=DIRECTION('',(0.,0.,1.));
#4572=DIRECTION('',(0.923879532511287,-0.38268343236509,0.));
#4573=DIRECTION('',(0.,0.,1.));
#4574=DIRECTION('',(0.923879532511287,-0.38268343236509,0.));
#4575=DIRECTION('',(-0.743144825477394,-0.669130606358859,0.));
#4576=DIRECTION('',(-0.998629534754574,-0.0523359562429444,0.));
#4577=DIRECTION('',(0.,0.,-1.));
#4578=DIRECTION('',(-0.923879532511287,0.38268343236509,0.));
#4579=DIRECTION('',(0.,0.,-1.));
#4580=DIRECTION('',(-0.923879532511287,0.38268343236509,0.));
#4581=DIRECTION('',(0.,0.,1.));
#4582=DIRECTION('',(0.923879532511287,-0.38268343236509,0.));
#4583=DIRECTION('',(0.,0.,1.));
#4584=DIRECTION('',(0.923879532511287,-0.38268343236509,0.));
#4585=DIRECTION('',(0.,0.,1.));
#4586=DIRECTION('',(0.923879532511287,-0.38268343236509,0.));
#4587=DIRECTION('',(0.,0.,1.));
#4588=DIRECTION('',(0.923879532511287,-0.38268343236509,0.));
#4589=DIRECTION('',(0.,0.,1.));
#4590=DIRECTION('',(0.923879532511287,-0.38268343236509,0.));
#4591=DIRECTION('',(0.,0.,1.));
#4592=DIRECTION('',(0.923879532511287,-0.38268343236509,0.));
#4593=DIRECTION('',(0.,0.,1.));
#4594=DIRECTION('',(0.923879532511287,-0.38268343236509,0.));
#4595=DIRECTION('',(0.,0.,-1.));
#4596=DIRECTION('',(-0.923879532511287,0.38268343236509,0.));
#4597=DIRECTION('',(0.,0.,-1.));
#4598=DIRECTION('',(-0.923879532511287,0.38268343236509,0.));
#4599=DIRECTION('',(0.,0.,1.));
#4600=DIRECTION('',(0.923879532511287,-0.38268343236509,0.));
#4601=DIRECTION('',(0.,0.,1.));
#4602=DIRECTION('',(0.923879532511287,-0.38268343236509,0.));
#4603=DIRECTION('',(0.,0.,1.));
#4604=DIRECTION('',(0.923879532511287,-0.38268343236509,0.));
#4605=DIRECTION('',(0.,0.,1.));
#4606=DIRECTION('',(0.923879532511287,-0.38268343236509,0.));
#4607=DIRECTION('',(0.,0.,1.));
#4608=DIRECTION('',(0.923879532511287,-0.38268343236509,0.));
#4609=DIRECTION('',(0.,0.,1.));
#4610=DIRECTION('',(0.923879532511287,-0.38268343236509,0.));
#4611=DIRECTION('',(0.,0.,1.));
#4612=DIRECTION('',(0.923879532511287,-0.38268343236509,0.));
#4613=DIRECTION('',(0.,0.,1.));
#4614=DIRECTION('',(0.923879532511287,-0.38268343236509,0.));
#4615=DIRECTION('',(0.,0.,1.));
#4616=DIRECTION('',(0.923879532511287,-0.38268343236509,0.));
#4617=DIRECTION('',(0.,0.,1.));
#4618=DIRECTION('',(0.923879532511287,-0.38268343236509,0.));
#4619=DIRECTION('',(0.,0.,1.));
#4620=DIRECTION('',(0.923879532511287,-0.38268343236509,0.));
#4621=DIRECTION('',(0.,0.,1.));
#4622=DIRECTION('',(0.923879532511287,-0.38268343236509,0.));
#4623=DIRECTION('',(0.,0.,1.));
#4624=DIRECTION('',(0.923879532511287,-0.38268343236509,0.));
#4625=DIRECTION('',(0.,0.,1.));
#4626=DIRECTION('',(0.923879532511287,-0.38268343236509,0.));
#4627=DIRECTION('',(0.,0.,1.));
#4628=DIRECTION('',(0.923879532511287,-0.38268343236509,0.));
#4629=DIRECTION('',(0.,0.,1.));
#4630=DIRECTION('',(0.923879532511287,-0.38268343236509,0.));
#4631=DIRECTION('',(0.,0.,1.));
#4632=DIRECTION('',(0.923879532511287,-0.38268343236509,0.));
#4633=DIRECTION('',(0.,0.,1.));
#4634=DIRECTION('',(0.923879532511287,-0.38268343236509,0.));
#4635=DIRECTION('',(0.,0.,1.));
#4636=DIRECTION('',(0.923879532511287,-0.38268343236509,0.));
#4637=DIRECTION('',(0.,0.,1.));
#4638=DIRECTION('',(0.923879532511287,-0.38268343236509,0.));
#4639=DIRECTION('',(0.,0.,1.));
#4640=DIRECTION('',(0.923879532511287,-0.38268343236509,0.));
#4641=DIRECTION('',(-0.819152044288992,0.573576436351046,0.));
#4642=DIRECTION('',(0.,0.,-1.));
#4643=DIRECTION('',(-0.984807753012208,0.173648177666931,0.));
#4644=DIRECTION('',(0.,0.,-1.));
#4645=DIRECTION('',(0.819152044288992,-0.573576436351046,0.));
#4646=DIRECTION('',(0.573576436351046,0.819152044288992,0.));
#4647=DIRECTION('',(0.984807753012208,-0.173648177666931,0.));
#4648=DIRECTION('',(0.173648177666931,0.984807753012208,0.));
#4649=DIRECTION('',(0.,0.,1.));
#4650=DIRECTION('',(0.923879532511287,-0.38268343236509,0.));
#4651=DIRECTION('',(-0.819152044288992,0.573576436351046,0.));
#4652=DIRECTION('',(0.,0.,-1.));
#4653=DIRECTION('',(-0.984807753012208,0.173648177666931,0.));
#4654=DIRECTION('',(0.,0.,-1.));
#4655=DIRECTION('',(0.819152044288992,-0.573576436351046,0.));
#4656=DIRECTION('',(0.573576436351046,0.819152044288992,0.));
#4657=DIRECTION('',(0.984807753012208,-0.173648177666931,0.));
#4658=DIRECTION('',(0.173648177666931,0.984807753012208,0.));
#4659=DIRECTION('',(0.,0.,1.));
#4660=DIRECTION('',(0.923879532511287,-0.38268343236509,0.));
#4661=DIRECTION('',(-0.819152044288992,0.573576436351046,0.));
#4662=DIRECTION('',(0.,0.,-1.));
#4663=DIRECTION('',(-0.984807753012208,0.173648177666931,0.));
#4664=DIRECTION('',(0.,0.,-1.));
#4665=DIRECTION('',(0.819152044288992,-0.573576436351046,0.));
#4666=DIRECTION('',(0.573576436351046,0.819152044288992,0.));
#4667=DIRECTION('',(0.984807753012208,-0.173648177666931,0.));
#4668=DIRECTION('',(0.173648177666931,0.984807753012208,0.));
#4669=DIRECTION('',(0.,0.,1.));
#4670=DIRECTION('',(0.923879532511287,-0.38268343236509,0.));
#4671=DIRECTION('',(-0.819152044288992,0.573576436351046,0.));
#4672=DIRECTION('',(0.,0.,-1.));
#4673=DIRECTION('',(-0.984807753012208,0.173648177666931,0.));
#4674=DIRECTION('',(0.,0.,-1.));
#4675=DIRECTION('',(0.819152044288992,-0.573576436351046,0.));
#4676=DIRECTION('',(0.573576436351046,0.819152044288992,0.));
#4677=DIRECTION('',(0.984807753012208,-0.173648177666931,0.));
#4678=DIRECTION('',(0.173648177666931,0.984807753012208,0.));
#4679=DIRECTION('',(0.,0.,1.));
#4680=DIRECTION('',(0.923879532511287,-0.38268343236509,0.));
#4681=DIRECTION('',(-0.819152044288992,0.573576436351046,0.));
#4682=DIRECTION('',(0.,0.,-1.));
#4683=DIRECTION('',(-0.984807753012208,0.173648177666931,0.));
#4684=DIRECTION('',(0.,0.,-1.));
#4685=DIRECTION('',(0.819152044288992,-0.573576436351046,0.));
#4686=DIRECTION('',(0.573576436351046,0.819152044288992,0.));
#4687=DIRECTION('',(0.984807753012208,-0.173648177666931,0.));
#4688=DIRECTION('',(0.173648177666931,0.984807753012208,0.));
#4689=DIRECTION('',(0.,0.,1.));
#4690=DIRECTION('',(1.,0.,0.));
#4691=DIRECTION('',(-0.896618060586133,0.0469897614203863,0.440304458020149));
#4692=DIRECTION('',(-0.896618060586133,-0.046989761420387,0.440304458020149));
#4693=DIRECTION('',(-0.0523359562429436,-0.998629534754574,0.));
#4694=DIRECTION('',(0.998629534754574,-0.0523359562429436,0.));
#4695=DIRECTION('',(0.0523359562429444,-0.998629534754574,0.));
#4696=DIRECTION('',(0.998629534754574,0.0523359562429444,0.));
#4697=DIRECTION('',(0.,0.,1.));
#4698=DIRECTION('',(0.707106781186548,-0.707106781186548,0.));
#4699=DIRECTION('',(-0.600777931828092,0.667231489721478,0.440304458020149));
#4700=DIRECTION('',(-0.667231489721479,0.600777931828092,0.440304458020149));
#4701=DIRECTION('',(-0.743144825477394,-0.669130606358859,0.));
#4702=DIRECTION('',(0.669130606358859,-0.743144825477394,0.));
#4703=DIRECTION('',(-0.669130606358858,-0.743144825477395,0.));
#4704=DIRECTION('',(0.743144825477395,-0.669130606358858,0.));
#4705=DIRECTION('',(0.,0.,1.));
#4706=DIRECTION('',(6.12323399573677E-17,-1.,0.));
#4707=DIRECTION('',(0.0469897614203862,0.896618060586133,0.440304458020149));
#4708=DIRECTION('',(-0.0469897614203871,0.896618060586133,0.440304458020149));
#4709=DIRECTION('',(-0.998629534754574,0.0523359562429435,0.));
#4710=DIRECTION('',(-0.0523359562429435,-0.998629534754574,0.));
#4711=DIRECTION('',(-0.998629534754574,-0.0523359562429444,0.));
#4712=DIRECTION('',(0.0523359562429444,-0.998629534754574,0.));
#4713=DIRECTION('',(0.,0.,1.));
#4714=DIRECTION('',(-0.707106781186548,-0.707106781186548,0.));
#4715=DIRECTION('',(0.667231489721478,0.600777931828092,0.440304458020149));
#4716=DIRECTION('',(0.600777931828092,0.667231489721479,0.440304458020149));
#4717=DIRECTION('',(-0.669130606358859,0.743144825477394,0.));
#4718=DIRECTION('',(-0.743144825477394,-0.669130606358859,0.));
#4719=DIRECTION('',(-0.743144825477395,0.669130606358858,0.));
#4720=DIRECTION('',(-0.669130606358858,-0.743144825477395,0.));
#4721=DIRECTION('',(0.,0.,1.));
#4722=DIRECTION('',(-1.,-1.22464679914735E-16,0.));
#4723=DIRECTION('',(0.896618060586133,-0.0469897614203862,0.440304458020149));
#4724=DIRECTION('',(0.896618060586133,0.0469897614203871,0.440304458020149));
#4725=DIRECTION('',(0.0523359562429435,0.998629534754574,0.));
#4726=DIRECTION('',(-0.998629534754574,0.0523359562429435,0.));
#4727=DIRECTION('',(-0.0523359562429445,0.998629534754574,0.));
#4728=DIRECTION('',(-0.998629534754574,-0.0523359562429445,0.));
#4729=DIRECTION('',(0.,0.,1.));
#4730=DIRECTION('',(-0.707106781186548,0.707106781186548,0.));
#4731=DIRECTION('',(0.600777931828092,-0.667231489721478,0.440304458020149));
#4732=DIRECTION('',(0.667231489721479,-0.600777931828092,0.440304458020149));
#4733=DIRECTION('',(0.743144825477394,0.669130606358859,0.));
#4734=DIRECTION('',(-0.669130606358859,0.743144825477394,0.));
#4735=DIRECTION('',(0.669130606358858,0.743144825477395,0.));
#4736=DIRECTION('',(-0.743144825477395,0.669130606358858,0.));
#4737=DIRECTION('',(0.,0.,1.));
#4738=DIRECTION('',(-1.83697019872103E-16,1.,0.));
#4739=DIRECTION('',(-0.0469897614203861,-0.896618060586133,0.440304458020149));
#4740=DIRECTION('',(0.0469897614203872,-0.896618060586133,0.440304458020149));
#4741=DIRECTION('',(0.998629534754574,-0.0523359562429434,0.));
#4742=DIRECTION('',(0.0523359562429434,0.998629534754574,0.));
#4743=DIRECTION('',(0.998629534754574,0.0523359562429446,0.));
#4744=DIRECTION('',(-0.0523359562429446,0.998629534754574,0.));
#4745=DIRECTION('',(0.,0.,1.));
#4746=DIRECTION('',(0.707106781186547,0.707106781186548,0.));
#4747=DIRECTION('',(-0.667231489721478,-0.600777931828092,0.440304458020149));
#4748=DIRECTION('',(-0.600777931828091,-0.667231489721479,0.440304458020149));
#4749=DIRECTION('',(0.669130606358859,-0.743144825477394,0.));
#4750=DIRECTION('',(0.743144825477394,0.669130606358859,0.));
#4751=DIRECTION('',(0.743144825477395,-0.669130606358858,0.));
#4752=DIRECTION('',(0.669130606358858,0.743144825477395,0.));
#4753=DIRECTION('',(0.,0.,-1.));
#4754=DIRECTION('',(-1.,0.,0.));
#4755=CARTESIAN_POINT('',(0.,0.,0.));
#4756=CARTESIAN_POINT('',(0.,0.,0.0607468467668819));
#4757=CARTESIAN_POINT('',(-0.0267475092177827,-0.0297061184777787,0.0689096753170513));
#4758=CARTESIAN_POINT('',(-0.027033760425285,-0.0300240326512157,0.0607468467668819));
#4759=CARTESIAN_POINT('',(-0.0264612580102804,-0.0293882043043417,0.0770725038672206));
#4760=CARTESIAN_POINT('',(0.,0.,0.0607468467668819));
#4761=CARTESIAN_POINT('',(-0.00211444176854936,-0.0403459524039325,0.0607468467668819));
#4762=CARTESIAN_POINT('',(-0.00209205267062444,-0.0399187429661121,0.0689096753170513));
#4763=CARTESIAN_POINT('',(-0.00206966357269952,-0.0394915335282918,0.0770725038672206));
#4764=CARTESIAN_POINT('',(0.,0.,0.0770725038672206));
#4765=CARTESIAN_POINT('',(7.61270869160358E-17,-3.15328718645774E-17,0.075));
#4766=CARTESIAN_POINT('',(7.61270869160358E-17,-3.15328718645774E-17,0.0998609865470852));
#4767=CARTESIAN_POINT('',(-0.0284772486623655,0.0117956626150229,0.0998609865470852));
#4768=CARTESIAN_POINT('',(-1.16075657134531E-17,-1.28915077480632E-17,0.075));
#4769=CARTESIAN_POINT('',(-0.0237908061003924,-0.0264223669929706,0.0924360565375979));
#4770=CARTESIAN_POINT('',(-9.07884119323288E-19,-1.73234609774256E-17,0.075));
#4771=CARTESIAN_POINT('',(-0.00186079455224729,-0.0355060751992108,0.0924360565375979));
#4772=CARTESIAN_POINT('',(0.,0.,0.0924360565375979));
#4773=CARTESIAN_POINT('',(0.00186079455224733,-0.0355060751992108,0.0924360565375979));
#4774=CARTESIAN_POINT('',(9.07884119323309E-19,-1.73234609774256E-17,0.075));
#4775=CARTESIAN_POINT('',(0.00206966357269957,-0.0394915335282918,0.0770725038672206));
#4776=CARTESIAN_POINT('',(0.,0.,0.0770725038672206));
#4777=CARTESIAN_POINT('',(0.0264612580102805,-0.0293882043043417,0.0770725038672206));
#4778=CARTESIAN_POINT('',(1.16075657134531E-17,-1.28915077480632E-17,0.075));
#4779=CARTESIAN_POINT('',(0.0237908061003924,-0.0264223669929706,0.0924360565375979));
#4780=CARTESIAN_POINT('',(0.,0.,0.0924360565375979));
#4781=CARTESIAN_POINT('',(0.0264223669929706,-0.0237908061003924,0.0924360565375979));
#4782=CARTESIAN_POINT('',(1.28915077480632E-17,-1.16075657134531E-17,0.075));
#4783=CARTESIAN_POINT('',(0.0293882043043417,-0.0264612580102804,0.0770725038672206));
#4784=CARTESIAN_POINT('',(0.,0.,0.0770725038672206));
#4785=CARTESIAN_POINT('',(0.0394915335282918,-0.00206966357269953,0.0770725038672206));
#4786=CARTESIAN_POINT('',(1.73234609774256E-17,-9.0788411932329E-19,0.075));
#4787=CARTESIAN_POINT('',(0.0355060751992108,-0.00186079455224729,0.0924360565375979));
#4788=CARTESIAN_POINT('',(0.,0.,0.0924360565375979));
#4789=CARTESIAN_POINT('',(0.0355060751992108,0.00186079455224733,0.0924360565375979));
#4790=CARTESIAN_POINT('',(1.73234609774256E-17,9.07884119323307E-19,0.075));
#4791=CARTESIAN_POINT('',(0.0394915335282918,0.00206966357269957,0.0770725038672206));
#4792=CARTESIAN_POINT('',(0.,0.,0.0770725038672206));
#4793=CARTESIAN_POINT('',(0.0293882043043417,0.0264612580102805,0.0770725038672206));
#4794=CARTESIAN_POINT('',(1.28915077480632E-17,1.16075657134531E-17,0.075));
#4795=CARTESIAN_POINT('',(0.0264223669929706,0.0237908061003924,0.0924360565375979));
#4796=CARTESIAN_POINT('',(0.,0.,0.0924360565375979));
#4797=CARTESIAN_POINT('',(0.0237908061003924,0.0264223669929706,0.0924360565375979));
#4798=CARTESIAN_POINT('',(1.16075657134531E-17,1.28915077480632E-17,0.075));
#4799=CARTESIAN_POINT('',(0.0264612580102804,0.0293882043043417,0.0770725038672206));
#4800=CARTESIAN_POINT('',(0.,0.,0.0770725038672206));
#4801=CARTESIAN_POINT('',(0.00206966357269953,0.0394915335282918,0.0770725038672206));
#4802=CARTESIAN_POINT('',(9.0788411932329E-19,1.73234609774256E-17,0.075));
#4803=CARTESIAN_POINT('',(0.0018607945522473,0.0355060751992108,0.0924360565375979));
#4804=CARTESIAN_POINT('',(0.,0.,0.0924360565375979));
#4805=CARTESIAN_POINT('',(-0.00186079455224732,0.0355060751992108,0.0924360565375979));
#4806=CARTESIAN_POINT('',(-9.07884119323306E-19,1.73234609774256E-17,0.075));
#4807=CARTESIAN_POINT('',(-0.00206966357269957,0.0394915335282918,0.0770725038672206));
#4808=CARTESIAN_POINT('',(0.,0.,0.0770725038672206));
#4809=CARTESIAN_POINT('',(-0.0264612580102805,0.0293882043043417,0.0770725038672206));
#4810=CARTESIAN_POINT('',(-1.16075657134531E-17,1.28915077480632E-17,0.075));
#4811=CARTESIAN_POINT('',(-0.0237908061003924,0.0264223669929706,0.0924360565375979));
#4812=CARTESIAN_POINT('',(0.,0.,0.0924360565375979));
#4813=CARTESIAN_POINT('',(-0.0264223669929706,0.0237908061003924,0.0924360565375979));
#4814=CARTESIAN_POINT('',(-1.28915077480632E-17,1.16075657134531E-17,0.075));
#4815=CARTESIAN_POINT('',(-0.0293882043043417,0.0264612580102804,0.0770725038672206));
#4816=CARTESIAN_POINT('',(0.,0.,0.0770725038672206));
#4817=CARTESIAN_POINT('',(-0.0394915335282918,0.00206966357269953,0.0770725038672206));
#4818=CARTESIAN_POINT('',(-1.73234609774256E-17,9.07884119323292E-19,0.075));
#4819=CARTESIAN_POINT('',(-0.0355060751992108,0.0018607945522473,0.0924360565375979));
#4820=CARTESIAN_POINT('',(0.,0.,0.0924360565375979));
#4821=CARTESIAN_POINT('',(-0.0355060751992108,-0.00186079455224732,0.0924360565375979));
#4822=CARTESIAN_POINT('',(-1.73234609774256E-17,-9.07884119323305E-19,0.075));
#4823=CARTESIAN_POINT('',(-0.0394915335282918,-0.00206966357269956,0.0770725038672206));
#4824=CARTESIAN_POINT('',(0.,0.,0.0770725038672206));
#4825=CARTESIAN_POINT('',(-0.0293882043043417,-0.0264612580102805,0.0770725038672206));
#4826=CARTESIAN_POINT('',(-1.28915077480632E-17,-1.16075657134531E-17,0.075));
#4827=CARTESIAN_POINT('',(-0.0264223669929705,-0.0237908061003924,0.0924360565375979));
#4828=CARTESIAN_POINT('',(0.,0.,0.0924360565375979));
#4829=CARTESIAN_POINT('',(-2.22611628897629E-15,9.22087558313644E-16,0.0750000000000017));
#4830=CARTESIAN_POINT('',(-2.22611628897629E-15,9.22087558313644E-16,0.10568999890938));
#4831=CARTESIAN_POINT('',(-0.0188181818181834,9.22087558313644E-16,0.10568999890938));
#4832=CARTESIAN_POINT('',(0.,0.,0.0814105224113765));
#4833=CARTESIAN_POINT('',(0.00615142438463078,-0.0348864612773096,0.0814105224113765));
#4834=CARTESIAN_POINT('',(0.0203187394444585,-0.0290181672371158,0.0814105224113768));
#4835=CARTESIAN_POINT('',(-4.59679376368468E-16,2.6069712900517E-15,0.0750000000000013));
#4836=CARTESIAN_POINT('',(0.00621717289702928,-0.035259339620342,0.0787584213049659));
#4837=CARTESIAN_POINT('',(0.,0.,0.0787584213049659));
#4838=CARTESIAN_POINT('',(0.0205359130304047,-0.029328323261002,0.0787584213049659));
#4839=CARTESIAN_POINT('',(-1.51836467335245E-15,2.16844948175594E-15,0.0750000000000013));
#4840=CARTESIAN_POINT('',(0.,0.,0.0870954128864821));
#4841=CARTESIAN_POINT('',(0.00588793059623575,-0.0333921137456026,0.0870954128864821));
#4842=CARTESIAN_POINT('',(0.0194483944159137,-0.0277751857194217,0.0870954128864823));
#4843=CARTESIAN_POINT('',(7.47054294491351E-16,-4.23675543861613E-15,0.0750000000000031));
#4844=CARTESIAN_POINT('',(0.0060278195911178,-0.0341854636590418,0.084540412223436));
#4845=CARTESIAN_POINT('',(0.,0.,0.084540412223436));
#4846=CARTESIAN_POINT('',(0.0199104610626662,-0.0284350852799633,0.084540412223436));
#4847=CARTESIAN_POINT('',(2.46759134332509E-15,-3.52408565842382E-15,0.0750000000000031));
#4848=CARTESIAN_POINT('',(0.,0.,0.0639545157768114));
#4849=CARTESIAN_POINT('',(0.00594981928537517,-0.033743101943159,0.0639545157768114));
#4850=CARTESIAN_POINT('',(0.0196528186387532,-0.0280671337657997,0.0639545157768119));
#4851=CARTESIAN_POINT('',(-5.48241458054136E-17,3.10923181382313E-16,0.0750000000000017));
#4852=CARTESIAN_POINT('',(0.00579071076748785,-0.0328407526983184,0.061437086190094));
#4853=CARTESIAN_POINT('',(0.,0.,0.061437086190094));
#4854=CARTESIAN_POINT('',(0.0191272680806707,-0.0273165697838319,0.061437086190094));
#4855=CARTESIAN_POINT('',(-1.8108936471176E-16,2.58622415255296E-16,0.0750000000000017));
#4856=CARTESIAN_POINT('',(0.,0.,0.0696834390991265));
#4857=CARTESIAN_POINT('',(0.00618278763775724,-0.0350643311245697,0.0696834390991265));
#4858=CARTESIAN_POINT('',(0.020422335250659,-0.0291661173812479,0.0696834390991269));
#4859=CARTESIAN_POINT('',(3.01231570359416E-17,-1.70836912847424E-16,0.0750000000000017));
#4860=CARTESIAN_POINT('',(0.00609701355681008,-0.0345778821386998,0.0670503778397948));
#4861=CARTESIAN_POINT('',(0.,0.,0.0670503778397948));
#4862=CARTESIAN_POINT('',(0.0201390153083371,-0.0287614945703505,0.0670503778397948));
#4863=CARTESIAN_POINT('',(9.94996509405276E-17,-1.42100228162251E-16,0.0750000000000017));
#4864=CARTESIAN_POINT('',(0.,0.,0.0755543854982485));
#4865=CARTESIAN_POINT('',(0.00625059310760483,-0.035448875052987,0.0755543854982485));
#4866=CARTESIAN_POINT('',(0.0206463031625762,-0.0294859767082266,0.0755543854982489));
#4867=CARTESIAN_POINT('',(1.02780211806633E-15,-5.82895546635413E-15,0.0750000000000017));
#4868=CARTESIAN_POINT('',(0.00624044477542772,-0.0353913210012116,0.0728760304159848));
#4869=CARTESIAN_POINT('',(0.,0.,0.0728760304159848));
#4870=CARTESIAN_POINT('',(0.0206127822567814,-0.0294381038934317,0.0728760304159848));
#4871=CARTESIAN_POINT('',(3.39492809009081E-15,-4.848459784896E-15,0.0750000000000017));
#4872=CARTESIAN_POINT('',(0.,0.,0.0814105224113765));
#4873=CARTESIAN_POINT('',(0.0290181672371162,-0.0203187394444588,0.0814105224113765));
#4874=CARTESIAN_POINT('',(0.034886461277309,-0.00615142438463068,0.0814105224113768));
#4875=CARTESIAN_POINT('',(-2.16844948175594E-15,1.51836467335245E-15,0.0750000000000013));
#4876=CARTESIAN_POINT('',(0.029328323261002,-0.0205359130304047,0.0787584213049659));
#4877=CARTESIAN_POINT('',(0.,0.,0.0787584213049659));
#4878=CARTESIAN_POINT('',(0.035259339620342,-0.00621717289702928,0.0787584213049659));
#4879=CARTESIAN_POINT('',(-2.6069712900517E-15,4.59679376368469E-16,0.0750000000000013));
#4880=CARTESIAN_POINT('',(0.,0.,0.0870954128864821));
#4881=CARTESIAN_POINT('',(0.0277751857194222,-0.0194483944159141,0.0870954128864821));
#4882=CARTESIAN_POINT('',(0.0333921137456021,-0.00588793059623565,0.0870954128864823));
#4883=CARTESIAN_POINT('',(3.52408565842382E-15,-2.46759134332509E-15,0.0750000000000031));
#4884=CARTESIAN_POINT('',(0.0284350852799633,-0.0199104610626662,0.084540412223436));
#4885=CARTESIAN_POINT('',(0.,0.,0.084540412223436));
#4886=CARTESIAN_POINT('',(0.0341854636590418,-0.00602781959111781,0.084540412223436));
#4887=CARTESIAN_POINT('',(4.23675543861613E-15,-7.47054294491352E-16,0.0750000000000031));
#4888=CARTESIAN_POINT('',(0.,0.,0.0639545157768114));
#4889=CARTESIAN_POINT('',(0.0280671337658,-0.0196528186387534,0.0639545157768114));
#4890=CARTESIAN_POINT('',(0.0337431019431587,-0.00594981928537511,0.0639545157768119));
#4891=CARTESIAN_POINT('',(-2.58622415255296E-16,1.8108936471176E-16,0.0750000000000017));
#4892=CARTESIAN_POINT('',(0.0273165697838319,-0.0191272680806707,0.061437086190094));
#4893=CARTESIAN_POINT('',(0.,0.,0.061437086190094));
#4894=CARTESIAN_POINT('',(0.0328407526983184,-0.00579071076748785,0.061437086190094));
#4895=CARTESIAN_POINT('',(-3.10923181382313E-16,5.48241458054137E-17,0.0750000000000017));
#4896=CARTESIAN_POINT('',(0.,0.,0.0696834390991265));
#4897=CARTESIAN_POINT('',(0.0291661173812483,-0.0204223352506593,0.0696834390991265));
#4898=CARTESIAN_POINT('',(0.0350643311245693,-0.00618278763775717,0.0696834390991269));
#4899=CARTESIAN_POINT('',(1.42100228162251E-16,-9.94996509405277E-17,0.0750000000000017));
#4900=CARTESIAN_POINT('',(0.0287614945703505,-0.0201390153083371,0.0670503778397948));
#4901=CARTESIAN_POINT('',(0.,0.,0.0670503778397948));
#4902=CARTESIAN_POINT('',(0.0345778821386998,-0.0060970135568101,0.0670503778397948));
#4903=CARTESIAN_POINT('',(1.70836912847424E-16,-3.01231570359416E-17,0.0750000000000017));
#4904=CARTESIAN_POINT('',(0.,0.,0.0755543854982485));
#4905=CARTESIAN_POINT('',(0.029485976708227,-0.0206463031625765,0.0755543854982485));
#4906=CARTESIAN_POINT('',(0.0354488750529865,-0.00625059310760474,0.0755543854982489));
#4907=CARTESIAN_POINT('',(4.848459784896E-15,-3.39492809009081E-15,0.0750000000000017));
#4908=CARTESIAN_POINT('',(0.0294381038934317,-0.0206127822567814,0.0728760304159848));
#4909=CARTESIAN_POINT('',(0.,0.,0.0728760304159848));
#4910=CARTESIAN_POINT('',(0.0353913210012116,-0.00624044477542773,0.0728760304159848));
#4911=CARTESIAN_POINT('',(5.82895546635413E-15,-1.02780211806633E-15,0.0750000000000017));
#4912=CARTESIAN_POINT('',(0.,0.,0.0814105224113765));
#4913=CARTESIAN_POINT('',(0.0348864612773096,0.00615142438463078,0.0814105224113765));
#4914=CARTESIAN_POINT('',(0.0290181672371158,0.0203187394444585,0.0814105224113768));
#4915=CARTESIAN_POINT('',(-2.6069712900517E-15,-4.59679376368468E-16,0.0750000000000013));
#4916=CARTESIAN_POINT('',(0.035259339620342,0.00621717289702927,0.0787584213049659));
#4917=CARTESIAN_POINT('',(0.,0.,0.0787584213049659));
#4918=CARTESIAN_POINT('',(0.029328323261002,0.0205359130304047,0.0787584213049659));
#4919=CARTESIAN_POINT('',(-2.16844948175594E-15,-1.51836467335245E-15,0.0750000000000013));
#4920=CARTESIAN_POINT('',(0.,0.,0.0870954128864821));
#4921=CARTESIAN_POINT('',(0.0333921137456026,0.00588793059623574,0.0870954128864821));
#4922=CARTESIAN_POINT('',(0.0277751857194217,0.0194483944159137,0.0870954128864823));
#4923=CARTESIAN_POINT('',(4.23675543861613E-15,7.47054294491351E-16,0.0750000000000031));
#4924=CARTESIAN_POINT('',(0.0341854636590418,0.0060278195911178,0.084540412223436));
#4925=CARTESIAN_POINT('',(0.,0.,0.084540412223436));
#4926=CARTESIAN_POINT('',(0.0284350852799633,0.0199104610626662,0.084540412223436));
#4927=CARTESIAN_POINT('',(3.52408565842382E-15,2.46759134332509E-15,0.0750000000000031));
#4928=CARTESIAN_POINT('',(0.,0.,0.0639545157768114));
#4929=CARTESIAN_POINT('',(0.033743101943159,0.00594981928537516,0.0639545157768114));
#4930=CARTESIAN_POINT('',(0.0280671337657997,0.0196528186387532,0.0639545157768119));
#4931=CARTESIAN_POINT('',(-3.10923181382313E-16,-5.48241458054136E-17,0.0750000000000017));
#4932=CARTESIAN_POINT('',(0.0328407526983184,0.00579071076748785,0.061437086190094));
#4933=CARTESIAN_POINT('',(0.,0.,0.061437086190094));
#4934=CARTESIAN_POINT('',(0.0273165697838319,0.0191272680806707,0.061437086190094));
#4935=CARTESIAN_POINT('',(-2.58622415255296E-16,-1.8108936471176E-16,0.0750000000000017));
#4936=CARTESIAN_POINT('',(0.,0.,0.0696834390991265));
#4937=CARTESIAN_POINT('',(0.0350643311245697,0.00618278763775724,0.0696834390991265));
#4938=CARTESIAN_POINT('',(0.0291661173812479,0.020422335250659,0.0696834390991269));
#4939=CARTESIAN_POINT('',(1.70836912847424E-16,3.01231570359416E-17,0.0750000000000017));
#4940=CARTESIAN_POINT('',(0.0345778821386998,0.00609701355681008,0.0670503778397948));
#4941=CARTESIAN_POINT('',(0.,0.,0.0670503778397948));
#4942=CARTESIAN_POINT('',(0.0287614945703505,0.0201390153083371,0.0670503778397948));
#4943=CARTESIAN_POINT('',(1.42100228162251E-16,9.94996509405276E-17,0.0750000000000017));
#4944=CARTESIAN_POINT('',(0.,0.,0.0755543854982485));
#4945=CARTESIAN_POINT('',(0.035448875052987,0.00625059310760483,0.0755543854982485));
#4946=CARTESIAN_POINT('',(0.0294859767082266,0.0206463031625762,0.0755543854982489));
#4947=CARTESIAN_POINT('',(5.82895546635413E-15,1.02780211806633E-15,0.0750000000000017));
#4948=CARTESIAN_POINT('',(0.0353913210012116,0.00624044477542772,0.0728760304159848));
#4949=CARTESIAN_POINT('',(0.,0.,0.0728760304159848));
#4950=CARTESIAN_POINT('',(0.0294381038934317,0.0206127822567814,0.0728760304159848));
#4951=CARTESIAN_POINT('',(4.848459784896E-15,3.39492809009081E-15,0.0750000000000017));
#4952=CARTESIAN_POINT('',(0.,0.,0.0814105224113765));
#4953=CARTESIAN_POINT('',(0.0203187394444588,0.0290181672371162,0.0814105224113765));
#4954=CARTESIAN_POINT('',(0.00615142438463068,0.034886461277309,0.0814105224113768));
#4955=CARTESIAN_POINT('',(-1.51836467335245E-15,-2.16844948175594E-15,0.0750000000000013));
#4956=CARTESIAN_POINT('',(0.0205359130304048,0.029328323261002,0.0787584213049659));
#4957=CARTESIAN_POINT('',(0.,0.,0.0787584213049659));
#4958=CARTESIAN_POINT('',(0.00621717289702928,0.035259339620342,0.0787584213049659));
#4959=CARTESIAN_POINT('',(-4.59679376368469E-16,-2.6069712900517E-15,0.0750000000000013));
#4960=CARTESIAN_POINT('',(0.,0.,0.0870954128864821));
#4961=CARTESIAN_POINT('',(0.0194483944159141,0.0277751857194222,0.0870954128864821));
#4962=CARTESIAN_POINT('',(0.00588793059623565,0.0333921137456021,0.0870954128864823));
#4963=CARTESIAN_POINT('',(2.46759134332509E-15,3.52408565842382E-15,0.0750000000000031));
#4964=CARTESIAN_POINT('',(0.0199104610626662,0.0284350852799633,0.084540412223436));
#4965=CARTESIAN_POINT('',(0.,0.,0.084540412223436));
#4966=CARTESIAN_POINT('',(0.00602781959111781,0.0341854636590418,0.084540412223436));
#4967=CARTESIAN_POINT('',(7.47054294491352E-16,4.23675543861613E-15,0.0750000000000031));
#4968=CARTESIAN_POINT('',(0.,0.,0.0639545157768114));
#4969=CARTESIAN_POINT('',(0.0196528186387534,0.0280671337658,0.0639545157768114));
#4970=CARTESIAN_POINT('',(0.00594981928537511,0.0337431019431587,0.0639545157768119));
#4971=CARTESIAN_POINT('',(-1.8108936471176E-16,-2.58622415255296E-16,0.0750000000000017));
#4972=CARTESIAN_POINT('',(0.0191272680806707,0.0273165697838319,0.061437086190094));
#4973=CARTESIAN_POINT('',(0.,0.,0.061437086190094));
#4974=CARTESIAN_POINT('',(0.00579071076748786,0.0328407526983184,0.061437086190094));
#4975=CARTESIAN_POINT('',(-5.48241458054137E-17,-3.10923181382313E-16,0.0750000000000017));
#4976=CARTESIAN_POINT('',(0.,0.,0.0696834390991265));
#4977=CARTESIAN_POINT('',(0.0204223352506593,0.0291661173812483,0.0696834390991265));
#4978=CARTESIAN_POINT('',(0.00618278763775717,0.0350643311245693,0.0696834390991269));
#4979=CARTESIAN_POINT('',(9.94996509405277E-17,1.42100228162251E-16,0.0750000000000017));
#4980=CARTESIAN_POINT('',(0.0201390153083371,0.0287614945703505,0.0670503778397948));
#4981=CARTESIAN_POINT('',(0.,0.,0.0670503778397948));
#4982=CARTESIAN_POINT('',(0.0060970135568101,0.0345778821386998,0.0670503778397948));
#4983=CARTESIAN_POINT('',(3.01231570359416E-17,1.70836912847424E-16,0.0750000000000017));
#4984=CARTESIAN_POINT('',(0.,0.,0.0755543854982485));
#4985=CARTESIAN_POINT('',(0.0206463031625765,0.029485976708227,0.0755543854982485));
#4986=CARTESIAN_POINT('',(0.00625059310760474,0.0354488750529865,0.0755543854982489));
#4987=CARTESIAN_POINT('',(3.39492809009081E-15,4.848459784896E-15,0.0750000000000017));
#4988=CARTESIAN_POINT('',(0.0206127822567814,0.0294381038934317,0.0728760304159848));
#4989=CARTESIAN_POINT('',(0.,0.,0.0728760304159848));
#4990=CARTESIAN_POINT('',(0.00624044477542773,0.0353913210012116,0.0728760304159848));
#4991=CARTESIAN_POINT('',(1.02780211806633E-15,5.82895546635413E-15,0.0750000000000017));
#4992=CARTESIAN_POINT('',(0.,0.,0.0814105224113765));
#4993=CARTESIAN_POINT('',(-0.00615142438463077,0.0348864612773096,0.0814105224113765));
#4994=CARTESIAN_POINT('',(-0.0203187394444585,0.0290181672371158,0.0814105224113768));
#4995=CARTESIAN_POINT('',(4.59679376368468E-16,-2.6069712900517E-15,0.0750000000000013));
#4996=CARTESIAN_POINT('',(-0.00621717289702927,0.035259339620342,0.0787584213049659));
#4997=CARTESIAN_POINT('',(0.,0.,0.0787584213049659));
#4998=CARTESIAN_POINT('',(-0.0205359130304047,0.029328323261002,0.0787584213049659));
#4999=CARTESIAN_POINT('',(1.51836467335245E-15,-2.16844948175594E-15,0.0750000000000013));
#5000=CARTESIAN_POINT('',(0.,0.,0.0870954128864821));
#5001=CARTESIAN_POINT('',(-0.00588793059623574,0.0333921137456026,0.0870954128864821));
#5002=CARTESIAN_POINT('',(-0.0194483944159137,0.0277751857194217,0.0870954128864823));
#5003=CARTESIAN_POINT('',(-7.47054294491351E-16,4.23675543861613E-15,0.0750000000000031));
#5004=CARTESIAN_POINT('',(-0.0060278195911178,0.0341854636590418,0.084540412223436));
#5005=CARTESIAN_POINT('',(0.,0.,0.084540412223436));
#5006=CARTESIAN_POINT('',(-0.0199104610626662,0.0284350852799633,0.084540412223436));
#5007=CARTESIAN_POINT('',(-2.46759134332509E-15,3.52408565842382E-15,0.0750000000000031));
#5008=CARTESIAN_POINT('',(0.,0.,0.0639545157768114));
#5009=CARTESIAN_POINT('',(-0.00594981928537516,0.033743101943159,0.0639545157768114));
#5010=CARTESIAN_POINT('',(-0.0196528186387532,0.0280671337657997,0.0639545157768119));
#5011=CARTESIAN_POINT('',(5.48241458054136E-17,-3.10923181382313E-16,0.0750000000000017));
#5012=CARTESIAN_POINT('',(-0.00579071076748784,0.0328407526983184,0.061437086190094));
#5013=CARTESIAN_POINT('',(0.,0.,0.061437086190094));
#5014=CARTESIAN_POINT('',(-0.0191272680806707,0.0273165697838319,0.061437086190094));
#5015=CARTESIAN_POINT('',(1.8108936471176E-16,-2.58622415255296E-16,0.0750000000000017));
#5016=CARTESIAN_POINT('',(0.,0.,0.0696834390991265));
#5017=CARTESIAN_POINT('',(-0.00618278763775724,0.0350643311245697,0.0696834390991265));
#5018=CARTESIAN_POINT('',(-0.020422335250659,0.0291661173812479,0.0696834390991269));
#5019=CARTESIAN_POINT('',(-3.01231570359416E-17,1.70836912847424E-16,0.0750000000000017));
#5020=CARTESIAN_POINT('',(-0.00609701355681008,0.0345778821386998,0.0670503778397948));
#5021=CARTESIAN_POINT('',(0.,0.,0.0670503778397948));
#5022=CARTESIAN_POINT('',(-0.0201390153083371,0.0287614945703505,0.0670503778397948));
#5023=CARTESIAN_POINT('',(-9.94996509405276E-17,1.42100228162251E-16,0.0750000000000017));
#5024=CARTESIAN_POINT('',(0.,0.,0.0755543854982485));
#5025=CARTESIAN_POINT('',(-0.00625059310760483,0.035448875052987,0.0755543854982485));
#5026=CARTESIAN_POINT('',(-0.0206463031625762,0.0294859767082266,0.0755543854982489));
#5027=CARTESIAN_POINT('',(-1.02780211806633E-15,5.82895546635413E-15,0.0750000000000017));
#5028=CARTESIAN_POINT('',(-0.00624044477542772,0.0353913210012116,0.0728760304159848));
#5029=CARTESIAN_POINT('',(0.,0.,0.0728760304159848));
#5030=CARTESIAN_POINT('',(-0.0206127822567814,0.0294381038934317,0.0728760304159848));
#5031=CARTESIAN_POINT('',(-3.39492809009081E-15,4.848459784896E-15,0.0750000000000017));
#5032=CARTESIAN_POINT('',(0.,0.,0.0814105224113765));
#5033=CARTESIAN_POINT('',(-0.0290181672371162,0.0203187394444588,0.0814105224113765));
#5034=CARTESIAN_POINT('',(-0.034886461277309,0.00615142438463069,0.0814105224113768));
#5035=CARTESIAN_POINT('',(2.16844948175594E-15,-1.51836467335245E-15,0.0750000000000013));
#5036=CARTESIAN_POINT('',(-0.029328323261002,0.0205359130304048,0.0787584213049659));
#5037=CARTESIAN_POINT('',(0.,0.,0.0787584213049659));
#5038=CARTESIAN_POINT('',(-0.035259339620342,0.00621717289702928,0.0787584213049659));
#5039=CARTESIAN_POINT('',(2.6069712900517E-15,-4.59679376368469E-16,0.0750000000000013));
#5040=CARTESIAN_POINT('',(0.,0.,0.0870954128864821));
#5041=CARTESIAN_POINT('',(-0.0277751857194222,0.0194483944159141,0.0870954128864821));
#5042=CARTESIAN_POINT('',(-0.0333921137456021,0.00588793059623565,0.0870954128864823));
#5043=CARTESIAN_POINT('',(-3.52408565842382E-15,2.46759134332509E-15,0.0750000000000031));
#5044=CARTESIAN_POINT('',(-0.0284350852799633,0.0199104610626662,0.084540412223436));
#5045=CARTESIAN_POINT('',(0.,0.,0.084540412223436));
#5046=CARTESIAN_POINT('',(-0.0341854636590418,0.00602781959111781,0.084540412223436));
#5047=CARTESIAN_POINT('',(-4.23675543861613E-15,7.47054294491352E-16,0.0750000000000031));
#5048=CARTESIAN_POINT('',(0.,0.,0.0639545157768114));
#5049=CARTESIAN_POINT('',(-0.0280671337658,0.0196528186387534,0.0639545157768114));
#5050=CARTESIAN_POINT('',(-0.0337431019431587,0.00594981928537511,0.0639545157768119));
#5051=CARTESIAN_POINT('',(2.58622415255296E-16,-1.8108936471176E-16,0.0750000000000017));
#5052=CARTESIAN_POINT('',(-0.0273165697838319,0.0191272680806707,0.061437086190094));
#5053=CARTESIAN_POINT('',(0.,0.,0.061437086190094));
#5054=CARTESIAN_POINT('',(-0.0328407526983184,0.00579071076748786,0.061437086190094));
#5055=CARTESIAN_POINT('',(3.10923181382313E-16,-5.48241458054137E-17,0.0750000000000017));
#5056=CARTESIAN_POINT('',(0.,0.,0.0696834390991265));
#5057=CARTESIAN_POINT('',(-0.0291661173812483,0.0204223352506593,0.0696834390991265));
#5058=CARTESIAN_POINT('',(-0.0350643311245693,0.00618278763775717,0.0696834390991269));
#5059=CARTESIAN_POINT('',(-1.42100228162251E-16,9.94996509405277E-17,0.0750000000000017));
#5060=CARTESIAN_POINT('',(-0.0287614945703505,0.0201390153083371,0.0670503778397948));
#5061=CARTESIAN_POINT('',(0.,0.,0.0670503778397948));
#5062=CARTESIAN_POINT('',(-0.0345778821386998,0.0060970135568101,0.0670503778397948));
#5063=CARTESIAN_POINT('',(-1.70836912847424E-16,3.01231570359416E-17,0.0750000000000017));
#5064=CARTESIAN_POINT('',(0.,0.,0.0755543854982485));
#5065=CARTESIAN_POINT('',(-0.029485976708227,0.0206463031625765,0.0755543854982485));
#5066=CARTESIAN_POINT('',(-0.0354488750529865,0.00625059310760475,0.0755543854982489));
#5067=CARTESIAN_POINT('',(-4.848459784896E-15,3.39492809009081E-15,0.0750000000000017));
#5068=CARTESIAN_POINT('',(-0.0294381038934317,0.0206127822567814,0.0728760304159848));
#5069=CARTESIAN_POINT('',(0.,0.,0.0728760304159848));
#5070=CARTESIAN_POINT('',(-0.0353913210012116,0.00624044477542773,0.0728760304159848));
#5071=CARTESIAN_POINT('',(-5.82895546635413E-15,1.02780211806633E-15,0.0750000000000017));
#5072=CARTESIAN_POINT('',(0.,0.,0.0814105224113765));
#5073=CARTESIAN_POINT('',(-0.0348864612773096,-0.00615142438463077,0.0814105224113765));
#5074=CARTESIAN_POINT('',(-0.0290181672371158,-0.0203187394444585,0.0814105224113768));
#5075=CARTESIAN_POINT('',(2.6069712900517E-15,4.59679376368468E-16,0.0750000000000013));
#5076=CARTESIAN_POINT('',(-0.035259339620342,-0.00621717289702927,0.0787584213049659));
#5077=CARTESIAN_POINT('',(0.,0.,0.0787584213049659));
#5078=CARTESIAN_POINT('',(-0.029328323261002,-0.0205359130304047,0.0787584213049659));
#5079=CARTESIAN_POINT('',(2.16844948175594E-15,1.51836467335245E-15,0.0750000000000013));
#5080=CARTESIAN_POINT('',(0.,0.,0.0870954128864821));
#5081=CARTESIAN_POINT('',(-0.0333921137456026,-0.00588793059623574,0.0870954128864821));
#5082=CARTESIAN_POINT('',(-0.0277751857194217,-0.0194483944159137,0.0870954128864823));
#5083=CARTESIAN_POINT('',(-4.23675543861613E-15,-7.47054294491351E-16,0.0750000000000031));
#5084=CARTESIAN_POINT('',(-0.0341854636590418,-0.0060278195911178,0.084540412223436));
#5085=CARTESIAN_POINT('',(0.,0.,0.084540412223436));
#5086=CARTESIAN_POINT('',(-0.0284350852799633,-0.0199104610626662,0.084540412223436));
#5087=CARTESIAN_POINT('',(-3.52408565842382E-15,-2.46759134332509E-15,0.0750000000000031));
#5088=CARTESIAN_POINT('',(0.,0.,0.0639545157768114));
#5089=CARTESIAN_POINT('',(-0.033743101943159,-0.00594981928537516,0.0639545157768114));
#5090=CARTESIAN_POINT('',(-0.0280671337657997,-0.0196528186387532,0.0639545157768119));
#5091=CARTESIAN_POINT('',(3.10923181382313E-16,5.48241458054136E-17,0.0750000000000017));
#5092=CARTESIAN_POINT('',(-0.0328407526983184,-0.00579071076748784,0.061437086190094));
#5093=CARTESIAN_POINT('',(0.,0.,0.061437086190094));
#5094=CARTESIAN_POINT('',(-0.0273165697838319,-0.0191272680806707,0.061437086190094));
#5095=CARTESIAN_POINT('',(2.58622415255296E-16,1.8108936471176E-16,0.0750000000000017));
#5096=CARTESIAN_POINT('',(0.,0.,0.0696834390991265));
#5097=CARTESIAN_POINT('',(-0.0350643311245697,-0.00618278763775724,0.0696834390991265));
#5098=CARTESIAN_POINT('',(-0.0291661173812479,-0.020422335250659,0.0696834390991269));
#5099=CARTESIAN_POINT('',(-1.70836912847424E-16,-3.01231570359416E-17,0.0750000000000017));
#5100=CARTESIAN_POINT('',(-0.0345778821386998,-0.00609701355681008,0.0670503778397948));
#5101=CARTESIAN_POINT('',(0.,0.,0.0670503778397948));
#5102=CARTESIAN_POINT('',(-0.0287614945703505,-0.0201390153083371,0.0670503778397948));
#5103=CARTESIAN_POINT('',(-1.42100228162251E-16,-9.94996509405276E-17,0.0750000000000017));
#5104=CARTESIAN_POINT('',(0.,0.,0.0755543854982485));
#5105=CARTESIAN_POINT('',(-0.035448875052987,-0.00625059310760483,0.0755543854982485));
#5106=CARTESIAN_POINT('',(-0.0294859767082266,-0.0206463031625762,0.0755543854982489));
#5107=CARTESIAN_POINT('',(-5.82895546635413E-15,-1.02780211806633E-15,0.0750000000000017));
#5108=CARTESIAN_POINT('',(-0.0353913210012116,-0.00624044477542772,0.0728760304159848));
#5109=CARTESIAN_POINT('',(0.,0.,0.0728760304159848));
#5110=CARTESIAN_POINT('',(-0.0294381038934317,-0.0206127822567814,0.0728760304159848));
#5111=CARTESIAN_POINT('',(-4.848459784896E-15,-3.39492809009081E-15,0.0750000000000017));
#5112=CARTESIAN_POINT('',(0.,0.,0.0755543854982485));
#5113=CARTESIAN_POINT('',(-0.0206463031625765,-0.029485976708227,0.0755543854982485));
#5114=CARTESIAN_POINT('',(-0.00625059310760475,-0.0354488750529865,0.0755543854982489));
#5115=CARTESIAN_POINT('',(-3.39492809009081E-15,-4.848459784896E-15,0.0750000000000017));
#5116=CARTESIAN_POINT('',(-0.0206127822567814,-0.0294381038934317,0.0728760304159848));
#5117=CARTESIAN_POINT('',(0.,0.,0.0728760304159848));
#5118=CARTESIAN_POINT('',(-0.00624044477542773,-0.0353913210012116,0.0728760304159848));
#5119=CARTESIAN_POINT('',(-1.02780211806633E-15,-5.82895546635413E-15,0.0750000000000017));
#5120=CARTESIAN_POINT('',(0.,0.,0.0696834390991265));
#5121=CARTESIAN_POINT('',(-0.0204223352506593,-0.0291661173812483,0.0696834390991265));
#5122=CARTESIAN_POINT('',(-0.00618278763775717,-0.0350643311245693,0.0696834390991269));
#5123=CARTESIAN_POINT('',(-9.94996509405277E-17,-1.42100228162251E-16,0.0750000000000017));
#5124=CARTESIAN_POINT('',(-0.0201390153083371,-0.0287614945703505,0.0670503778397948));
#5125=CARTESIAN_POINT('',(0.,0.,0.0670503778397948));
#5126=CARTESIAN_POINT('',(-0.0060970135568101,-0.0345778821386998,0.0670503778397948));
#5127=CARTESIAN_POINT('',(-3.01231570359416E-17,-1.70836912847424E-16,0.0750000000000017));
#5128=CARTESIAN_POINT('',(0.,0.,0.0639545157768114));
#5129=CARTESIAN_POINT('',(-0.0196528186387534,-0.0280671337658,0.0639545157768114));
#5130=CARTESIAN_POINT('',(-0.00594981928537512,-0.0337431019431587,0.0639545157768119));
#5131=CARTESIAN_POINT('',(1.8108936471176E-16,2.58622415255296E-16,0.0750000000000017));
#5132=CARTESIAN_POINT('',(-0.0191272680806707,-0.0273165697838319,0.061437086190094));
#5133=CARTESIAN_POINT('',(0.,0.,0.061437086190094));
#5134=CARTESIAN_POINT('',(-0.00579071076748786,-0.0328407526983184,0.061437086190094));
#5135=CARTESIAN_POINT('',(5.48241458054138E-17,3.10923181382313E-16,0.0750000000000017));
#5136=CARTESIAN_POINT('',(0.,0.,0.0870954128864821));
#5137=CARTESIAN_POINT('',(-0.0194483944159141,-0.0277751857194222,0.0870954128864821));
#5138=CARTESIAN_POINT('',(-0.00588793059623566,-0.0333921137456021,0.0870954128864823));
#5139=CARTESIAN_POINT('',(-2.46759134332509E-15,-3.52408565842382E-15,0.0750000000000031));
#5140=CARTESIAN_POINT('',(-0.0199104610626662,-0.0284350852799633,0.084540412223436));
#5141=CARTESIAN_POINT('',(0.,0.,0.084540412223436));
#5142=CARTESIAN_POINT('',(-0.00602781959111782,-0.0341854636590418,0.084540412223436));
#5143=CARTESIAN_POINT('',(-7.47054294491352E-16,-4.23675543861613E-15,0.0750000000000031));
#5144=CARTESIAN_POINT('',(0.,0.,0.0814105224113765));
#5145=CARTESIAN_POINT('',(-0.0203187394444588,-0.0290181672371162,0.0814105224113765));
#5146=CARTESIAN_POINT('',(-0.00615142438463069,-0.034886461277309,0.0814105224113768));
#5147=CARTESIAN_POINT('',(1.51836467335245E-15,2.16844948175594E-15,0.0750000000000013));
#5148=CARTESIAN_POINT('',(-0.0205359130304048,-0.029328323261002,0.0787584213049659));
#5149=CARTESIAN_POINT('',(0.,0.,0.0787584213049659));
#5150=CARTESIAN_POINT('',(-0.00621717289702928,-0.035259339620342,0.0787584213049659));
#5151=CARTESIAN_POINT('',(4.59679376368469E-16,2.6069712900517E-15,0.0750000000000013));
#5152=CARTESIAN_POINT('',(0.00944575215957031,0.0252680856805174,0.0988535904115272));
#5153=CARTESIAN_POINT('',(0.00818121572853925,0.0250792510728726,0.0995104171375189));
#5154=CARTESIAN_POINT('',(0.00722054831421721,0.0245221276013406,0.100360763704938));
#5155=CARTESIAN_POINT('',(0.00632458267543592,0.0234564861752527,0.101595606267004));
#5156=CARTESIAN_POINT('',(0.00602319524273859,0.0220363725561583,0.102850700005534));
#5157=CARTESIAN_POINT('',(0.00656815798218022,0.0205289575923804,0.103846041848253));
#5158=CARTESIAN_POINT('',(0.00752682402714528,0.0195394891303455,0.104295745023812));
#5159=CARTESIAN_POINT('',(0.00890659158928374,0.0190780224796854,0.104212801890764));
#5160=CARTESIAN_POINT('',(0.0102228518170281,0.0192704385540277,0.103649841382324));
#5161=CARTESIAN_POINT('',(0.0112144901957345,0.0198753975021566,0.102854120849909));
#5162=CARTESIAN_POINT('',(0.0118766488915642,0.0207184626374409,0.101950802673176));
#5163=CARTESIAN_POINT('',(0.0122071000779005,0.0217061917061048,0.101009102722802));
#5164=CARTESIAN_POINT('',(0.0121920653197463,0.0227584569840224,0.100100842364271));
#5165=CARTESIAN_POINT('',(0.0117797103857766,0.0238376850424251,0.0992833476652457));
#5166=CARTESIAN_POINT('',(0.0108435838525017,0.0248064689940815,0.098743367318065));
#5167=CARTESIAN_POINT('',(0.00944575215957031,0.0252680856805174,0.0988535904115272));
#5168=CARTESIAN_POINT('',(0.00818121572853925,0.0250792510728726,0.0995104171375189));
#5169=CARTESIAN_POINT('',(0.00722054831421721,0.0245221276013406,0.100360763704938));
#5170=CARTESIAN_POINT('',(0.00823186056465748,0.0250178695955579,0.0995426704444235));
#5171=CARTESIAN_POINT('',(0.022448033520992,-0.0122337093554243,0.100358643683259));
#5172=CARTESIAN_POINT('',(0.0235176450410982,-0.0119493258402137,0.0995111280812978));
#5173=CARTESIAN_POINT('',(0.0245480443280758,-0.0111859921725752,0.0988528666580781));
#5174=CARTESIAN_POINT('',(0.0252075967055074,-0.00987522441658027,0.0987433520596243));
#5175=CARTESIAN_POINT('',(0.0251853274874465,-0.00852691547118044,0.0992830534004432));
#5176=CARTESIAN_POINT('',(0.0247161095852724,-0.00747506147483333,0.100097488331075));
#5177=CARTESIAN_POINT('',(0.0239807080914199,-0.00671705955937423,0.101008704533317));
#5178=CARTESIAN_POINT('',(0.0230523573425374,-0.0062537685890776,0.101946803453259));
#5179=CARTESIAN_POINT('',(0.0219886395447648,-0.00612379855664442,0.102850467204565));
#5180=CARTESIAN_POINT('',(0.0208596886519241,-0.00639565024641181,0.103646766062004));
#5181=CARTESIAN_POINT('',(0.0197946998290026,-0.00718577992021189,0.1042098558143));
#5182=CARTESIAN_POINT('',(0.0191414998856507,-0.00848124327884743,0.104297748567293));
#5183=CARTESIAN_POINT('',(0.0191582880013463,-0.00986512524618425,0.103849894250812));
#5184=CARTESIAN_POINT('',(0.0198375872468631,-0.0113193106048453,0.102854729484549));
#5185=CARTESIAN_POINT('',(0.0210555172962134,-0.0121143218888374,0.101598028251011));
#5186=CARTESIAN_POINT('',(0.022448033520992,-0.0122337093554243,0.100358643683259));
#5187=CARTESIAN_POINT('',(0.0235176450410982,-0.0119493258402137,0.0995111280812978));
#5188=CARTESIAN_POINT('',(0.0245480443280758,-0.0111859921725752,0.0988528666580781));
#5189=CARTESIAN_POINT('',(0.0235111096689101,-0.0118695008148088,0.0995426704444214));
#5190=CARTESIAN_POINT('',(-0.0122337093554242,-0.0224480335209932,0.100358643683261));
#5191=CARTESIAN_POINT('',(-0.0119493258402131,-0.0235176450410993,0.0995111280812998));
#5192=CARTESIAN_POINT('',(-0.0111859921725741,-0.0245480443280768,0.0988528666580805));
#5193=CARTESIAN_POINT('',(-0.00987522441657889,-0.0252075967055077,0.0987433520596273));
#5194=CARTESIAN_POINT('',(-0.00852691547117929,-0.0251853274874462,0.0992830534004464));
#5195=CARTESIAN_POINT('',(-0.00747506147483243,-0.0247161095852718,0.100097488331078));
#5196=CARTESIAN_POINT('',(-0.00671705955937358,-0.023980708091419,0.10100870453332));
#5197=CARTESIAN_POINT('',(-0.00625376858907727,-0.0230523573425363,0.101946803453262));
#5198=CARTESIAN_POINT('',(-0.00612379855664448,-0.0219886395447636,0.102850467204568));
#5199=CARTESIAN_POINT('',(-0.00639565024641235,-0.0208596886519229,0.103646766062006));
#5200=CARTESIAN_POINT('',(-0.00718577992021302,-0.0197946998290016,0.104209855814302));
#5201=CARTESIAN_POINT('',(-0.00848124327884877,-0.0191414998856504,0.104297748567295));
#5202=CARTESIAN_POINT('',(-0.00986512524618547,-0.0191582880013466,0.103849894250813));
#5203=CARTESIAN_POINT('',(-0.011319310604846,-0.0198375872468638,0.102854729484551));
#5204=CARTESIAN_POINT('',(-0.0121143218888378,-0.0210555172962144,0.101598028251013));
#5205=CARTESIAN_POINT('',(-0.0122337093554242,-0.0224480335209932,0.100358643683261));
#5206=CARTESIAN_POINT('',(-0.0119493258402131,-0.0235176450410993,0.0995111280812998));
#5207=CARTESIAN_POINT('',(-0.0111859921725741,-0.0245480443280768,0.0988528666580805));
#5208=CARTESIAN_POINT('',(-0.0118695008148083,-0.0235111096689113,0.0995426704444234));
#5209=CARTESIAN_POINT('',(-0.0252680856805174,0.00944575215957169,0.0988535904115294));
#5210=CARTESIAN_POINT('',(-0.0250792510728729,0.00818121572854023,0.0995104171375206));
#5211=CARTESIAN_POINT('',(-0.0245221276013412,0.00722054831421792,0.100360763704939));
#5212=CARTESIAN_POINT('',(-0.0234564861752534,0.00632458267543624,0.101595606267005));
#5213=CARTESIAN_POINT('',(-0.0220363725561592,0.00602319524273858,0.102850700005535));
#5214=CARTESIAN_POINT('',(-0.0205289575923813,0.00656815798217969,0.103846041848254));
#5215=CARTESIAN_POINT('',(-0.0195394891303462,0.00752682402714424,0.104295745023814));
#5216=CARTESIAN_POINT('',(-0.0190780224796855,0.00890659158928241,0.104212801890766));
#5217=CARTESIAN_POINT('',(-0.0192704385540273,0.010222851817027,0.103649841382326));
#5218=CARTESIAN_POINT('',(-0.0198753975021559,0.0112144901957337,0.102854120849912));
#5219=CARTESIAN_POINT('',(-0.0207184626374401,0.0118766488915638,0.101950802673179));
#5220=CARTESIAN_POINT('',(-0.0217061917061039,0.0122071000779003,0.101009102722806));
#5221=CARTESIAN_POINT('',(-0.0227584569840216,0.0121920653197465,0.100100842364274));
#5222=CARTESIAN_POINT('',(-0.0238376850424242,0.0117797103857771,0.0992833476652491));
#5223=CARTESIAN_POINT('',(-0.0248064689940808,0.0108435838525028,0.098743367318068));
#5224=CARTESIAN_POINT('',(-0.0252680856805174,0.00944575215957169,0.0988535904115294));
#5225=CARTESIAN_POINT('',(-0.0250792510728729,0.00818121572854023,0.0995104171375206));
#5226=CARTESIAN_POINT('',(-0.0245221276013412,0.00722054831421792,0.100360763704939));
#5227=CARTESIAN_POINT('',(-0.0250178695955582,0.00823186056465847,0.0995426704444252));
#5228=CARTESIAN_POINT('',(-2.2750828798368E-16,-2.52673551862039E-16,0.075));
#5229=CARTESIAN_POINT('',(-0.0216280055458112,-0.0240203336299732,0.0908509604887254));
#5230=CARTESIAN_POINT('',(-0.0219142541790787,-0.0243382449444328,0.0600529167795415));
#5231=CARTESIAN_POINT('',(0.,0.,0.0908509604887254));
#5232=CARTESIAN_POINT('',(-0.0240203336299732,-0.0216280055458113,0.0908509604887254));
#5233=CARTESIAN_POINT('',(-2.52673551862039E-16,-2.27508287983681E-16,0.075));
#5234=CARTESIAN_POINT('',(-0.0243382449444343,-0.0219142541790801,0.0600529167795388));
#5235=CARTESIAN_POINT('',(-2.22611628897629E-15,9.22087558313644E-16,0.0600529167795415));
#5236=CARTESIAN_POINT('',(-0.0327054557770613,-0.00171402030771551,0.0600529167795415));
#5237=CARTESIAN_POINT('',(-3.39539835157541E-16,-1.77945287387368E-17,0.075));
#5238=CARTESIAN_POINT('',(-0.0322782501811008,-0.00169163141113393,0.0908509604887254));
#5239=CARTESIAN_POINT('',(0.,0.,0.0908509604887254));
#5240=CARTESIAN_POINT('',(-0.0322782501811008,0.0016916314111339,0.0908509604887254));
#5241=CARTESIAN_POINT('',(-3.39539835157541E-16,1.77945287387365E-17,0.075));
#5242=CARTESIAN_POINT('',(-0.0327054557770623,0.00171402030771554,0.0600529167795399));
#5243=CARTESIAN_POINT('',(-2.22611628897629E-15,9.22087558313644E-16,0.0600529167795415));
#5244=CARTESIAN_POINT('',(-0.0243382449444339,0.0219142541790797,0.0600529167795415));
#5245=CARTESIAN_POINT('',(-2.52673551862039E-16,2.2750828798368E-16,0.075));
#5246=CARTESIAN_POINT('',(-0.0240203336299732,0.0216280055458113,0.0908509604887254));
#5247=CARTESIAN_POINT('',(0.,0.,0.0908509604887254));
#5248=CARTESIAN_POINT('',(-0.0216280055458113,0.0240203336299732,0.0908509604887254));
#5249=CARTESIAN_POINT('',(-2.27508287983681E-16,2.52673551862039E-16,0.075));
#5250=CARTESIAN_POINT('',(-0.0219142541790804,0.0243382449444346,0.0600529167795399));
#5251=CARTESIAN_POINT('',(-2.22611628897629E-15,9.22087558313644E-16,0.0600529167795415));
#5252=CARTESIAN_POINT('',(-0.00171402030771545,0.0327054557770601,0.0600529167795415));
#5253=CARTESIAN_POINT('',(-1.77945287387368E-17,3.39539835157541E-16,0.075));
#5254=CARTESIAN_POINT('',(-0.00169163141113393,0.0322782501811008,0.0908509604887254));
#5255=CARTESIAN_POINT('',(0.,0.,0.0908509604887254));
#5256=CARTESIAN_POINT('',(0.0016916314111339,0.0322782501811008,0.0908509604887254));
#5257=CARTESIAN_POINT('',(1.77945287387365E-17,3.39539835157541E-16,0.075));
#5258=CARTESIAN_POINT('',(0.0017140203077155,0.0327054557770617,0.0600529167795386));
#5259=CARTESIAN_POINT('',(-2.22611628897629E-15,9.22087558313644E-16,0.0600529167795415));
#5260=CARTESIAN_POINT('',(0.0219142541790776,0.0243382449444316,0.0600529167795415));
#5261=CARTESIAN_POINT('',(2.2750828798368E-16,2.52673551862039E-16,0.075));
#5262=CARTESIAN_POINT('',(0.0216280055458113,0.0240203336299732,0.0908509604887254));
#5263=CARTESIAN_POINT('',(0.,0.,0.0908509604887254));
#5264=CARTESIAN_POINT('',(0.0240203336299732,0.0216280055458113,0.0908509604887254));
#5265=CARTESIAN_POINT('',(2.52673551862039E-16,2.27508287983681E-16,0.075));
#5266=CARTESIAN_POINT('',(0.0243382449444336,0.0219142541790795,0.0600529167795369));
#5267=CARTESIAN_POINT('',(-2.22611628897629E-15,9.22087558313644E-16,0.0600529167795415));
#5268=CARTESIAN_POINT('',(0.0327054557770569,0.00171402030771529,0.0600529167795415));
#5269=CARTESIAN_POINT('',(3.39539835157541E-16,1.77945287387369E-17,0.075));
#5270=CARTESIAN_POINT('',(0.0322782501811008,0.00169163141113393,0.0908509604887254));
#5271=CARTESIAN_POINT('',(0.,0.,0.0908509604887254));
#5272=CARTESIAN_POINT('',(0.0322782501811008,-0.0016916314111339,0.0908509604887254));
#5273=CARTESIAN_POINT('',(3.39539835157541E-16,-1.77945287387365E-17,0.075));
#5274=CARTESIAN_POINT('',(0.0327054557770604,-0.00171402030771544,0.0600529167795358));
#5275=CARTESIAN_POINT('',(-2.22611628897629E-15,9.22087558313644E-16,0.0600529167795415));
#5276=CARTESIAN_POINT('',(0.0243382449444305,-0.0219142541790767,0.0600529167795415));
#5277=CARTESIAN_POINT('',(2.52673551862039E-16,-2.2750828798368E-16,0.075));
#5278=CARTESIAN_POINT('',(0.0240203336299732,-0.0216280055458113,0.0908509604887254));
#5279=CARTESIAN_POINT('',(0.,0.,0.0908509604887254));
#5280=CARTESIAN_POINT('',(0.0216280055458113,-0.0240203336299732,0.0908509604887254));
#5281=CARTESIAN_POINT('',(2.27508287983681E-16,-2.52673551862039E-16,0.075));
#5282=CARTESIAN_POINT('',(0.0219142541790792,-0.0243382449444332,0.0600529167795359));
#5283=CARTESIAN_POINT('',(-2.22611628897629E-15,9.22087558313644E-16,0.0600529167795415));
#5284=CARTESIAN_POINT('',(0.00171402030771535,-0.032705455777058,0.0600529167795415));
#5285=CARTESIAN_POINT('',(1.77945287387369E-17,-3.39539835157541E-16,0.075));
#5286=CARTESIAN_POINT('',(0.00169163141113393,-0.0322782501811008,0.0908509604887254));
#5287=CARTESIAN_POINT('',(0.,0.,0.0908509604887254));
#5288=CARTESIAN_POINT('',(-0.0016916314111339,-0.0322782501811008,0.0908509604887254));
#5289=CARTESIAN_POINT('',(-1.77945287387364E-17,-3.39539835157541E-16,0.075));
#5290=CARTESIAN_POINT('',(-0.00171402030771546,-0.032705455777061,0.0600529167795371));
#5291=CARTESIAN_POINT('',(-2.22611628897629E-15,9.22087558313644E-16,0.0600529167795415));
#5292=CARTESIAN_POINT('',(-2.22611628897629E-15,9.22087558313644E-16,0.0591490395112746));
#5293=CARTESIAN_POINT('',(-7.70527548509273E-16,-6.94507513293484E-16,0.111786342732243));
#5294=CARTESIAN_POINT('',(-0.0247634784554496,-0.0222971361521693,0.0591490395112746));
#5295=CARTESIAN_POINT('',(-2.22611628897629E-15,9.22087558313644E-16,0.0591490395112746));
#5296=CARTESIAN_POINT('',(-0.0332768797158551,-0.00174396736737686,0.0591490395112746));
#5297=CARTESIAN_POINT('',(-2.17182198150289E-15,-1.13909543951959E-16,0.111786342732243));
#5298=CARTESIAN_POINT('',(0.,0.,0.0607468467668819));
#5299=CARTESIAN_POINT('',(-0.026526471612306,-0.0294606313468885,0.0599479431390783));
#5300=CARTESIAN_POINT('',(-0.0260191827993271,-0.0288972300425612,0.0591490395112746));
#5301=CARTESIAN_POINT('',(0.,0.,0.0591490395112746));
#5302=CARTESIAN_POINT('',(-0.00203508672226603,-0.0388317679189393,0.0591490395112746));
#5303=CARTESIAN_POINT('',(-0.0020747642454077,-0.0395888601614358,0.0599479431390783));
#5304=CARTESIAN_POINT('',(-0.0350012301733151,0.0144979842375295,0.0591490395112746));
#5305=CARTESIAN_POINT('',(-0.0253500521929683,-0.0281540852170838,0.0591490395112746));
#5306=CARTESIAN_POINT('',(-0.0222971361521691,-0.0247634784554495,0.0591490395112746));
#5307=CARTESIAN_POINT('',(-2.22611628897629E-15,9.22087558313644E-16,0.0591490395112746));
#5308=CARTESIAN_POINT('',(-0.00174396736737668,-0.0332768797158522,0.0591490395112746));
#5309=CARTESIAN_POINT('',(-0.00198275076602309,-0.0378331383841847,0.0591490395112746));
#5310=CARTESIAN_POINT('',(0.,0.,0.0607468467668819));
#5311=CARTESIAN_POINT('',(0.00209205267062448,-0.0399187429661121,0.0689096753170513));
#5312=CARTESIAN_POINT('',(0.0021144417685494,-0.0403459524039325,0.0607468467668819));
#5313=CARTESIAN_POINT('',(0.,0.,0.0607468467668819));
#5314=CARTESIAN_POINT('',(0.027033760425285,-0.0300240326512156,0.0607468467668819));
#5315=CARTESIAN_POINT('',(0.0267475092177827,-0.0297061184777787,0.0689096753170513));
#5316=CARTESIAN_POINT('',(-2.22611628897629E-15,9.22087558313644E-16,0.0591490395112746));
#5317=CARTESIAN_POINT('',(-5.37973349367409E-16,-5.97923171863034E-16,0.111786342732243));
#5318=CARTESIAN_POINT('',(4.20661111242611E-17,8.03217155715497E-16,0.111786342732243));
#5319=CARTESIAN_POINT('',(0.,0.,0.0607468467668819));
#5320=CARTESIAN_POINT('',(0.00207476424540774,-0.0395888601614358,0.0599479431390783));
#5321=CARTESIAN_POINT('',(0.00203508672226607,-0.0388317679189393,0.0591490395112746));
#5322=CARTESIAN_POINT('',(0.,0.,0.0591490395112746));
#5323=CARTESIAN_POINT('',(0.0260191827993272,-0.0288972300425612,0.0591490395112746));
#5324=CARTESIAN_POINT('',(0.0265264716123061,-0.0294606313468884,0.0599479431390783));
#5325=CARTESIAN_POINT('',(-0.0350012301733151,0.0144979842375295,0.0591490395112746));
#5326=CARTESIAN_POINT('',(0.00198275076602313,-0.0378331383841847,0.0591490395112746));
#5327=CARTESIAN_POINT('',(0.0017439673673767,-0.0332768797158519,0.0591490395112746));
#5328=CARTESIAN_POINT('',(-2.22611628897629E-15,9.22087558313644E-16,0.0591490395112746));
#5329=CARTESIAN_POINT('',(0.0222971361521671,-0.0247634784554472,0.0591490395112746));
#5330=CARTESIAN_POINT('',(0.0253500521929683,-0.0281540852170838,0.0591490395112746));
#5331=CARTESIAN_POINT('',(0.,0.,0.0607468467668819));
#5332=CARTESIAN_POINT('',(0.0297061184777787,-0.0267475092177827,0.0689096753170513));
#5333=CARTESIAN_POINT('',(0.0300240326512157,-0.027033760425285,0.0607468467668819));
#5334=CARTESIAN_POINT('',(0.,0.,0.0607468467668819));
#5335=CARTESIAN_POINT('',(0.0403459524039325,-0.00211444176854936,0.0607468467668819));
#5336=CARTESIAN_POINT('',(0.0399187429661121,-0.00209205267062444,0.0689096753170513));
#5337=CARTESIAN_POINT('',(-2.22611628897629E-15,9.22087558313644E-16,0.0591490395112746));
#5338=CARTESIAN_POINT('',(-5.42415047471145E-17,1.03591069263593E-15,0.111786342732243));
#5339=CARTESIAN_POINT('',(-1.45520412564211E-15,1.61621998797814E-15,0.111786342732243));
#5340=CARTESIAN_POINT('',(0.,0.,0.0607468467668819));
#5341=CARTESIAN_POINT('',(0.0294606313468885,-0.026526471612306,0.0599479431390783));
#5342=CARTESIAN_POINT('',(0.0288972300425612,-0.0260191827993272,0.0591490395112746));
#5343=CARTESIAN_POINT('',(0.,0.,0.0591490395112746));
#5344=CARTESIAN_POINT('',(0.0388317679189393,-0.00203508672226603,0.0591490395112746));
#5345=CARTESIAN_POINT('',(0.0395888601614358,-0.0020747642454077,0.0599479431390783));
#5346=CARTESIAN_POINT('',(-0.0350012301733151,0.0144979842375295,0.0591490395112746));
#5347=CARTESIAN_POINT('',(0.0281540852170838,-0.0253500521929683,0.0591490395112746));
#5348=CARTESIAN_POINT('',(0.0247634784554472,-0.022297136152167,0.0591490395112746));
#5349=CARTESIAN_POINT('',(-2.22611628897629E-15,9.22087558313644E-16,0.0591490395112746));
#5350=CARTESIAN_POINT('',(0.0332768797158506,-0.0017439673673766,0.0591490395112746));
#5351=CARTESIAN_POINT('',(0.0378331383841847,-0.00198275076602309,0.0591490395112746));
#5352=CARTESIAN_POINT('',(0.,0.,0.0607468467668819));
#5353=CARTESIAN_POINT('',(0.0399187429661121,0.00209205267062448,0.0689096753170513));
#5354=CARTESIAN_POINT('',(0.0403459524039325,0.0021144417685494,0.0607468467668819));
#5355=CARTESIAN_POINT('',(0.,0.,0.0607468467668819));
#5356=CARTESIAN_POINT('',(0.0300240326512156,0.027033760425285,0.0607468467668819));
#5357=CARTESIAN_POINT('',(0.0297061184777787,0.0267475092177827,0.0689096753170513));
#5358=CARTESIAN_POINT('',(-2.22611628897629E-15,9.22087558313644E-16,0.0591490395112746));
#5359=CARTESIAN_POINT('',(-1.68752523987207E-15,1.52025351782378E-15,0.111786342732243));
#5360=CARTESIAN_POINT('',(-2.26821090359629E-15,1.18874462932197E-16,0.111786342732243));
#5361=CARTESIAN_POINT('',(0.,0.,0.0607468467668819));
#5362=CARTESIAN_POINT('',(0.0395888601614358,0.00207476424540774,0.0599479431390783));
#5363=CARTESIAN_POINT('',(0.0388317679189393,0.00203508672226607,0.0591490395112746));
#5364=CARTESIAN_POINT('',(0.,0.,0.0591490395112746));
#5365=CARTESIAN_POINT('',(0.0288972300425612,0.0260191827993272,0.0591490395112746));
#5366=CARTESIAN_POINT('',(0.0294606313468884,0.026526471612306,0.0599479431390783));
#5367=CARTESIAN_POINT('',(-0.0350012301733151,0.0144979842375295,0.0591490395112746));
#5368=CARTESIAN_POINT('',(0.0378331383841847,0.00198275076602313,0.0591490395112746));
#5369=CARTESIAN_POINT('',(0.0332768797158508,0.00174396736737664,0.0591490395112746));
#5370=CARTESIAN_POINT('',(-2.22611628897629E-15,9.22087558313644E-16,0.0591490395112746));
#5371=CARTESIAN_POINT('',(0.024763478455448,0.0222971361521678,0.0591490395112746));
#5372=CARTESIAN_POINT('',(0.0281540852170838,0.0253500521929683,0.0591490395112746));
#5373=CARTESIAN_POINT('',(0.,0.,0.0607468467668819));
#5374=CARTESIAN_POINT('',(0.0267475092177827,0.0297061184777787,0.0689096753170513));
#5375=CARTESIAN_POINT('',(0.027033760425285,0.0300240326512156,0.0607468467668819));
#5376=CARTESIAN_POINT('',(0.,0.,0.0607468467668819));
#5377=CARTESIAN_POINT('',(0.00211444176854936,0.0403459524039325,0.0607468467668819));
#5378=CARTESIAN_POINT('',(0.00209205267062444,0.0399187429661121,0.0689096753170513));
#5379=CARTESIAN_POINT('',(-2.22611628897629E-15,9.22087558313644E-16,0.0591490395112746));
#5380=CARTESIAN_POINT('',(-2.17182481864076E-15,-1.13855408136404E-16,0.111786342732243));
#5381=CARTESIAN_POINT('',(-7.7081773765211E-16,-6.94185225599783E-16,0.111786342732243));
#5382=CARTESIAN_POINT('',(0.,0.,0.0607468467668819));
#5383=CARTESIAN_POINT('',(0.026526471612306,0.0294606313468885,0.0599479431390783));
#5384=CARTESIAN_POINT('',(0.0260191827993272,0.0288972300425612,0.0591490395112746));
#5385=CARTESIAN_POINT('',(0.,0.,0.0591490395112746));
#5386=CARTESIAN_POINT('',(0.00203508672226603,0.0388317679189393,0.0591490395112746));
#5387=CARTESIAN_POINT('',(0.0020747642454077,0.0395888601614358,0.0599479431390783));
#5388=CARTESIAN_POINT('',(-0.0350012301733151,0.0144979842375295,0.0591490395112746));
#5389=CARTESIAN_POINT('',(0.0253500521929683,0.0281540852170838,0.0591490395112746));
#5390=CARTESIAN_POINT('',(0.022297136152168,0.0247634784554483,0.0591490395112746));
#5391=CARTESIAN_POINT('',(-2.22611628897629E-15,9.22087558313644E-16,0.0591490395112746));
#5392=CARTESIAN_POINT('',(0.00174396736737676,0.0332768797158537,0.0591490395112746));
#5393=CARTESIAN_POINT('',(0.00198275076602309,0.0378331383841847,0.0591490395112746));
#5394=CARTESIAN_POINT('',(0.,0.,0.0607468467668819));
#5395=CARTESIAN_POINT('',(-0.00209205267062448,0.0399187429661121,0.0689096753170513));
#5396=CARTESIAN_POINT('',(-0.0021144417685494,0.0403459524039325,0.0607468467668819));
#5397=CARTESIAN_POINT('',(0.,0.,0.0607468467668819));
#5398=CARTESIAN_POINT('',(-0.027033760425285,0.0300240326512156,0.0607468467668819));
#5399=CARTESIAN_POINT('',(-0.0267475092177827,0.0297061184777787,0.0689096753170513));
#5400=CARTESIAN_POINT('',(-2.22611628897629E-15,9.22087558313644E-16,0.0591490395112746));
#5401=CARTESIAN_POINT('',(-5.3829563706111E-16,-5.97632982720198E-16,0.111786342732243));
#5402=CARTESIAN_POINT('',(4.21202469398156E-17,8.03214318577624E-16,0.111786342732243));
#5403=CARTESIAN_POINT('',(0.,0.,0.0607468467668819));
#5404=CARTESIAN_POINT('',(-0.00207476424540774,0.0395888601614358,0.0599479431390783));
#5405=CARTESIAN_POINT('',(-0.00203508672226607,0.0388317679189393,0.0591490395112746));
#5406=CARTESIAN_POINT('',(0.,0.,0.0591490395112746));
#5407=CARTESIAN_POINT('',(-0.0260191827993272,0.0288972300425612,0.0591490395112746));
#5408=CARTESIAN_POINT('',(-0.026526471612306,0.0294606313468884,0.0599479431390783));
#5409=CARTESIAN_POINT('',(-0.0350012301733151,0.0144979842375295,0.0591490395112746));
#5410=CARTESIAN_POINT('',(-0.00198275076602313,0.0378331383841847,0.0591490395112746));
#5411=CARTESIAN_POINT('',(-0.0017439673673768,0.0332768797158539,0.0591490395112746));
#5412=CARTESIAN_POINT('',(-2.22611628897629E-15,9.22087558313644E-16,0.0591490395112746));
#5413=CARTESIAN_POINT('',(-0.02229713615217,0.0247634784554505,0.0591490395112746));
#5414=CARTESIAN_POINT('',(-0.0253500521929683,0.0281540852170838,0.0591490395112746));
#5415=CARTESIAN_POINT('',(0.,0.,0.0607468467668819));
#5416=CARTESIAN_POINT('',(-0.0297061184777787,0.0267475092177827,0.0689096753170513));
#5417=CARTESIAN_POINT('',(-0.0300240326512156,0.027033760425285,0.0607468467668819));
#5418=CARTESIAN_POINT('',(0.,0.,0.0607468467668819));
#5419=CARTESIAN_POINT('',(-0.0403459524039325,0.00211444176854936,0.0607468467668819));
#5420=CARTESIAN_POINT('',(-0.0399187429661121,0.00209205267062445,0.0689096753170513));
#5421=CARTESIAN_POINT('',(0.,0.,0.0607468467668819));
#5422=CARTESIAN_POINT('',(-0.0294606313468885,0.026526471612306,0.0599479431390783));
#5423=CARTESIAN_POINT('',(-0.0288972300425612,0.0260191827993272,0.0591490395112746));
#5424=CARTESIAN_POINT('',(0.,0.,0.0591490395112746));
#5425=CARTESIAN_POINT('',(-0.0388317679189393,0.00203508672226604,0.0591490395112746));
#5426=CARTESIAN_POINT('',(-0.0395888601614358,0.00207476424540771,0.0599479431390783));
#5427=CARTESIAN_POINT('',(-2.22611628897629E-15,9.22087558313644E-16,0.0591490395112746));
#5428=CARTESIAN_POINT('',(-5.4295640562669E-17,1.03590785549806E-15,0.111786342732243));
#5429=CARTESIAN_POINT('',(-1.45520412564211E-15,1.61621998797814E-15,0.111786342732243));
#5430=CARTESIAN_POINT('',(-0.0350012301733151,0.0144979842375295,0.0591490395112746));
#5431=CARTESIAN_POINT('',(-0.0281540852170838,0.0253500521929683,0.0591490395112746));
#5432=CARTESIAN_POINT('',(-0.0247634784554505,0.02229713615217,0.0591490395112746));
#5433=CARTESIAN_POINT('',(-2.22611628897629E-15,9.22087558313644E-16,0.0591490395112746));
#5434=CARTESIAN_POINT('',(-0.0332768797158552,0.00174396736737684,0.0591490395112746));
#5435=CARTESIAN_POINT('',(-0.0378331383841847,0.00198275076602309,0.0591490395112746));
#5436=CARTESIAN_POINT('',(0.,0.,0.0607468467668819));
#5437=CARTESIAN_POINT('',(0.,0.,0.0607468467668819));
#5438=CARTESIAN_POINT('',(-0.0403459524039325,-0.0021144417685494,0.0607468467668819));
#5439=CARTESIAN_POINT('',(-0.0300240326512156,-0.027033760425285,0.0607468467668819));
#5440=CARTESIAN_POINT('',(-0.0297061184777787,-0.0267475092177827,0.0689096753170513));
#5441=CARTESIAN_POINT('',(-0.0399187429661121,-0.00209205267062448,0.0689096753170513));
#5442=CARTESIAN_POINT('',(0.,0.,0.0607468467668819));
#5443=CARTESIAN_POINT('',(-0.0294606313468884,-0.0265264716123061,0.0599479431390783));
#5444=CARTESIAN_POINT('',(-0.0288972300425612,-0.0260191827993272,0.0591490395112746));
#5445=CARTESIAN_POINT('',(-0.0395888601614358,-0.00207476424540774,0.0599479431390783));
#5446=CARTESIAN_POINT('',(-0.0388317679189393,-0.00203508672226607,0.0591490395112746));
#5447=CARTESIAN_POINT('',(0.,0.,0.0591490395112746));
#5448=CARTESIAN_POINT('',(-2.22611628897629E-15,9.22087558313644E-16,0.0591490395112746));
#5449=CARTESIAN_POINT('',(-1.68752523987207E-15,1.52025351782378E-15,0.111786342732243));
#5450=CARTESIAN_POINT('',(-2.26820806645842E-15,1.18928598747752E-16,0.111786342732243));
#5451=CARTESIAN_POINT('',(0.,0.,0.0855547735626008));
#5452=CARTESIAN_POINT('',(0.00581295348881247,-0.0329668974393855,0.0855547735626008));
#5453=CARTESIAN_POINT('',(0.0192007379034096,-0.0274214955647322,0.0855547735626008));
#5454=CARTESIAN_POINT('',(0.00329898266912758,-0.00471143552319133,0.0835329604128802));
#5455=CARTESIAN_POINT('',(0.,0.,0.0629950929692717));
#5456=CARTESIAN_POINT('',(0.0057274744819449,-0.0324821219017785,0.0629950929692717));
#5457=CARTESIAN_POINT('',(0.0189183926188194,-0.0270182647093317,0.0629950929692717));
#5458=CARTESIAN_POINT('',(0.00329898266912758,-0.00471143552319133,0.0835329604128802));
#5459=CARTESIAN_POINT('',(0.,0.,0.0685282542940548));
#5460=CARTESIAN_POINT('',(0.00599055133529425,-0.0339741048773409,0.0685282542940548));
#5461=CARTESIAN_POINT('',(0.019787360471278,-0.0282592794157434,0.0685282542940548));
#5462=CARTESIAN_POINT('',(0.00329898266912758,-0.00471143552319133,0.0835329604128802));
#5463=CARTESIAN_POINT('',(0.,0.,0.0742342975352887));
#5464=CARTESIAN_POINT('',(0.00609360057901559,-0.034558526179783,0.0742342975352887));
#5465=CARTESIAN_POINT('',(0.0201277419182733,-0.0287453945008017,0.0742342975352887));
#5466=CARTESIAN_POINT('',(0.00329898266912758,-0.00471143552319133,0.0835329604128802));
#5467=CARTESIAN_POINT('',(0.,0.,0.0799607952436085));
#5468=CARTESIAN_POINT('',(0.00603386942405431,-0.0342197739665863,0.0799607952436085));
#5469=CARTESIAN_POINT('',(0.0199304442359012,-0.0284636242089871,0.0799607952436085));
#5470=CARTESIAN_POINT('',(0.00329898266912758,-0.00471143552319133,0.0835329604128802));
#5471=CARTESIAN_POINT('',(0.000998754991214774,-0.00566422102392879,0.0835329604128802));
#5472=CARTESIAN_POINT('',(0.000998754991214774,-0.00566422102392879,0.0835329604128802));
#5473=CARTESIAN_POINT('',(0.000998754991214774,-0.00566422102392879,0.0835329604128802));
#5474=CARTESIAN_POINT('',(0.000998754991214774,-0.00566422102392879,0.0835329604128802));
#5475=CARTESIAN_POINT('',(0.000998754991214774,-0.00566422102392879,0.0835329604128802));
#5476=CARTESIAN_POINT('',(0.,0.,0.0855547735626008));
#5477=CARTESIAN_POINT('',(0.0274214955647322,-0.0192007379034096,0.0855547735626008));
#5478=CARTESIAN_POINT('',(0.0329668974393855,-0.00581295348881247,0.0855547735626008));
#5479=CARTESIAN_POINT('',(0.00566422102392879,-0.000998754991214775,0.0835329604128802));
#5480=CARTESIAN_POINT('',(0.,0.,0.0629950929692717));
#5481=CARTESIAN_POINT('',(0.0270182647093317,-0.0189183926188194,0.0629950929692717));
#5482=CARTESIAN_POINT('',(0.0324821219017785,-0.0057274744819449,0.0629950929692717));
#5483=CARTESIAN_POINT('',(0.00566422102392879,-0.000998754991214775,0.0835329604128802));
#5484=CARTESIAN_POINT('',(0.,0.,0.0685282542940548));
#5485=CARTESIAN_POINT('',(0.0282592794157434,-0.019787360471278,0.0685282542940548));
#5486=CARTESIAN_POINT('',(0.0339741048773409,-0.00599055133529426,0.0685282542940548));
#5487=CARTESIAN_POINT('',(0.00566422102392879,-0.000998754991214775,0.0835329604128802));
#5488=CARTESIAN_POINT('',(0.,0.,0.0742342975352887));
#5489=CARTESIAN_POINT('',(0.0287453945008016,-0.0201277419182733,0.0742342975352887));
#5490=CARTESIAN_POINT('',(0.034558526179783,-0.0060936005790156,0.0742342975352887));
#5491=CARTESIAN_POINT('',(0.00566422102392879,-0.000998754991214775,0.0835329604128802));
#5492=CARTESIAN_POINT('',(0.,0.,0.0799607952436085));
#5493=CARTESIAN_POINT('',(0.028463624208987,-0.0199304442359012,0.0799607952436085));
#5494=CARTESIAN_POINT('',(0.0342197739665863,-0.00603386942405432,0.0799607952436085));
#5495=CARTESIAN_POINT('',(0.00566422102392879,-0.000998754991214775,0.0835329604128802));
#5496=CARTESIAN_POINT('',(0.00471143552319133,-0.00329898266912758,0.0835329604128802));
#5497=CARTESIAN_POINT('',(0.00471143552319133,-0.00329898266912758,0.0835329604128802));
#5498=CARTESIAN_POINT('',(0.00471143552319133,-0.00329898266912758,0.0835329604128802));
#5499=CARTESIAN_POINT('',(0.00471143552319133,-0.00329898266912758,0.0835329604128802));
#5500=CARTESIAN_POINT('',(0.00471143552319133,-0.00329898266912758,0.0835329604128802));
#5501=CARTESIAN_POINT('',(0.,0.,0.0855547735626008));
#5502=CARTESIAN_POINT('',(0.0329668974393855,0.00581295348881247,0.0855547735626008));
#5503=CARTESIAN_POINT('',(0.0274214955647322,0.0192007379034096,0.0855547735626008));
#5504=CARTESIAN_POINT('',(0.00471143552319134,0.00329898266912758,0.0835329604128802));
#5505=CARTESIAN_POINT('',(0.,0.,0.0629950929692717));
#5506=CARTESIAN_POINT('',(0.0324821219017785,0.0057274744819449,0.0629950929692717));
#5507=CARTESIAN_POINT('',(0.0270182647093317,0.0189183926188194,0.0629950929692717));
#5508=CARTESIAN_POINT('',(0.00471143552319134,0.00329898266912758,0.0835329604128802));
#5509=CARTESIAN_POINT('',(0.,0.,0.0685282542940548));
#5510=CARTESIAN_POINT('',(0.0339741048773409,0.00599055133529425,0.0685282542940548));
#5511=CARTESIAN_POINT('',(0.0282592794157434,0.019787360471278,0.0685282542940548));
#5512=CARTESIAN_POINT('',(0.00471143552319134,0.00329898266912758,0.0835329604128802));
#5513=CARTESIAN_POINT('',(0.,0.,0.0742342975352887));
#5514=CARTESIAN_POINT('',(0.034558526179783,0.00609360057901559,0.0742342975352887));
#5515=CARTESIAN_POINT('',(0.0287453945008017,0.0201277419182733,0.0742342975352887));
#5516=CARTESIAN_POINT('',(0.00471143552319134,0.00329898266912758,0.0835329604128802));
#5517=CARTESIAN_POINT('',(0.,0.,0.0799607952436085));
#5518=CARTESIAN_POINT('',(0.0342197739665863,0.00603386942405431,0.0799607952436085));
#5519=CARTESIAN_POINT('',(0.0284636242089871,0.0199304442359012,0.0799607952436085));
#5520=CARTESIAN_POINT('',(0.00471143552319134,0.00329898266912758,0.0835329604128802));
#5521=CARTESIAN_POINT('',(0.00566422102392879,0.000998754991214774,0.0835329604128802));
#5522=CARTESIAN_POINT('',(0.00566422102392879,0.000998754991214774,0.0835329604128802));
#5523=CARTESIAN_POINT('',(0.00566422102392879,0.000998754991214774,0.0835329604128802));
#5524=CARTESIAN_POINT('',(0.00566422102392879,0.000998754991214774,0.0835329604128802));
#5525=CARTESIAN_POINT('',(0.00566422102392879,0.000998754991214774,0.0835329604128802));
#5526=CARTESIAN_POINT('',(0.,0.,0.0855547735626008));
#5527=CARTESIAN_POINT('',(0.0192007379034096,0.0274214955647322,0.0855547735626008));
#5528=CARTESIAN_POINT('',(0.00581295348881247,0.0329668974393855,0.0855547735626008));
#5529=CARTESIAN_POINT('',(0.000998754991214775,0.00566422102392879,0.0835329604128802));
#5530=CARTESIAN_POINT('',(0.,0.,0.0629950929692717));
#5531=CARTESIAN_POINT('',(0.0189183926188194,0.0270182647093317,0.0629950929692717));
#5532=CARTESIAN_POINT('',(0.00572747448194491,0.0324821219017785,0.0629950929692717));
#5533=CARTESIAN_POINT('',(0.000998754991214775,0.00566422102392879,0.0835329604128802));
#5534=CARTESIAN_POINT('',(0.,0.,0.0685282542940548));
#5535=CARTESIAN_POINT('',(0.019787360471278,0.0282592794157434,0.0685282542940548));
#5536=CARTESIAN_POINT('',(0.00599055133529426,0.0339741048773409,0.0685282542940548));
#5537=CARTESIAN_POINT('',(0.000998754991214775,0.00566422102392879,0.0835329604128802));
#5538=CARTESIAN_POINT('',(0.,0.,0.0742342975352887));
#5539=CARTESIAN_POINT('',(0.0201277419182733,0.0287453945008016,0.0742342975352887));
#5540=CARTESIAN_POINT('',(0.0060936005790156,0.034558526179783,0.0742342975352887));
#5541=CARTESIAN_POINT('',(0.000998754991214775,0.00566422102392879,0.0835329604128802));
#5542=CARTESIAN_POINT('',(0.,0.,0.0799607952436085));
#5543=CARTESIAN_POINT('',(0.0199304442359012,0.028463624208987,0.0799607952436085));
#5544=CARTESIAN_POINT('',(0.00603386942405432,0.0342197739665863,0.0799607952436085));
#5545=CARTESIAN_POINT('',(0.000998754991214775,0.00566422102392879,0.0835329604128802));
#5546=CARTESIAN_POINT('',(0.00329898266912758,0.00471143552319133,0.0835329604128802));
#5547=CARTESIAN_POINT('',(0.00329898266912758,0.00471143552319133,0.0835329604128802));
#5548=CARTESIAN_POINT('',(0.00329898266912758,0.00471143552319133,0.0835329604128802));
#5549=CARTESIAN_POINT('',(0.00329898266912758,0.00471143552319133,0.0835329604128802));
#5550=CARTESIAN_POINT('',(0.00329898266912758,0.00471143552319133,0.0835329604128802));
#5551=CARTESIAN_POINT('',(0.,0.,0.0855547735626008));
#5552=CARTESIAN_POINT('',(-0.00581295348881246,0.0329668974393855,0.0855547735626008));
#5553=CARTESIAN_POINT('',(-0.0192007379034096,0.0274214955647322,0.0855547735626008));
#5554=CARTESIAN_POINT('',(-0.00329898266912758,0.00471143552319134,0.0835329604128802));
#5555=CARTESIAN_POINT('',(0.,0.,0.0629950929692717));
#5556=CARTESIAN_POINT('',(-0.00572747448194489,0.0324821219017785,0.0629950929692717));
#5557=CARTESIAN_POINT('',(-0.0189183926188194,0.0270182647093317,0.0629950929692717));
#5558=CARTESIAN_POINT('',(-0.00329898266912758,0.00471143552319134,0.0835329604128802));
#5559=CARTESIAN_POINT('',(0.,0.,0.0685282542940548));
#5560=CARTESIAN_POINT('',(-0.00599055133529425,0.0339741048773409,0.0685282542940548));
#5561=CARTESIAN_POINT('',(-0.019787360471278,0.0282592794157434,0.0685282542940548));
#5562=CARTESIAN_POINT('',(-0.00329898266912758,0.00471143552319134,0.0835329604128802));
#5563=CARTESIAN_POINT('',(0.,0.,0.0742342975352887));
#5564=CARTESIAN_POINT('',(-0.00609360057901558,0.034558526179783,0.0742342975352887));
#5565=CARTESIAN_POINT('',(-0.0201277419182732,0.0287453945008017,0.0742342975352887));
#5566=CARTESIAN_POINT('',(-0.00329898266912758,0.00471143552319134,0.0835329604128802));
#5567=CARTESIAN_POINT('',(0.,0.,0.0799607952436085));
#5568=CARTESIAN_POINT('',(-0.00603386942405431,0.0342197739665863,0.0799607952436085));
#5569=CARTESIAN_POINT('',(-0.0199304442359011,0.0284636242089871,0.0799607952436085));
#5570=CARTESIAN_POINT('',(-0.00329898266912758,0.00471143552319134,0.0835329604128802));
#5571=CARTESIAN_POINT('',(-0.000998754991214773,0.00566422102392879,0.0835329604128802));
#5572=CARTESIAN_POINT('',(-0.000998754991214773,0.00566422102392879,0.0835329604128802));
#5573=CARTESIAN_POINT('',(-0.000998754991214773,0.00566422102392879,0.0835329604128802));
#5574=CARTESIAN_POINT('',(-0.000998754991214773,0.00566422102392879,0.0835329604128802));
#5575=CARTESIAN_POINT('',(-0.000998754991214773,0.00566422102392879,0.0835329604128802));
#5576=CARTESIAN_POINT('',(0.,0.,0.0855547735626008));
#5577=CARTESIAN_POINT('',(-0.0274214955647322,0.0192007379034096,0.0855547735626008));
#5578=CARTESIAN_POINT('',(-0.0329668974393855,0.00581295348881248,0.0855547735626008));
#5579=CARTESIAN_POINT('',(-0.00566422102392879,0.000998754991214775,0.0835329604128802));
#5580=CARTESIAN_POINT('',(0.,0.,0.0629950929692717));
#5581=CARTESIAN_POINT('',(-0.0270182647093317,0.0189183926188195,0.0629950929692717));
#5582=CARTESIAN_POINT('',(-0.0324821219017785,0.00572747448194491,0.0629950929692717));
#5583=CARTESIAN_POINT('',(-0.00566422102392879,0.000998754991214775,0.0835329604128802));
#5584=CARTESIAN_POINT('',(0.,0.,0.0685282542940548));
#5585=CARTESIAN_POINT('',(-0.0282592794157434,0.019787360471278,0.0685282542940548));
#5586=CARTESIAN_POINT('',(-0.0339741048773409,0.00599055133529426,0.0685282542940548));
#5587=CARTESIAN_POINT('',(-0.00566422102392879,0.000998754991214775,0.0835329604128802));
#5588=CARTESIAN_POINT('',(0.,0.,0.0742342975352887));
#5589=CARTESIAN_POINT('',(-0.0287453945008016,0.0201277419182733,0.0742342975352887));
#5590=CARTESIAN_POINT('',(-0.034558526179783,0.0060936005790156,0.0742342975352887));
#5591=CARTESIAN_POINT('',(-0.00566422102392879,0.000998754991214775,0.0835329604128802));
#5592=CARTESIAN_POINT('',(0.,0.,0.0799607952436085));
#5593=CARTESIAN_POINT('',(-0.028463624208987,0.0199304442359012,0.0799607952436085));
#5594=CARTESIAN_POINT('',(-0.0342197739665863,0.00603386942405432,0.0799607952436085));
#5595=CARTESIAN_POINT('',(-0.00566422102392879,0.000998754991214775,0.0835329604128802));
#5596=CARTESIAN_POINT('',(-0.00471143552319133,0.00329898266912758,0.0835329604128802));
#5597=CARTESIAN_POINT('',(-0.00471143552319133,0.00329898266912758,0.0835329604128802));
#5598=CARTESIAN_POINT('',(-0.00471143552319133,0.00329898266912758,0.0835329604128802));
#5599=CARTESIAN_POINT('',(-0.00471143552319133,0.00329898266912758,0.0835329604128802));
#5600=CARTESIAN_POINT('',(-0.00471143552319133,0.00329898266912758,0.0835329604128802));
#5601=CARTESIAN_POINT('',(0.,0.,0.0855547735626008));
#5602=CARTESIAN_POINT('',(-0.0329668974393855,-0.00581295348881246,0.0855547735626008));
#5603=CARTESIAN_POINT('',(-0.0274214955647322,-0.0192007379034096,0.0855547735626008));
#5604=CARTESIAN_POINT('',(-0.00471143552319134,-0.00329898266912758,0.0835329604128802));
#5605=CARTESIAN_POINT('',(0.,0.,0.0629950929692717));
#5606=CARTESIAN_POINT('',(-0.0324821219017785,-0.00572747448194489,0.0629950929692717));
#5607=CARTESIAN_POINT('',(-0.0270182647093317,-0.0189183926188194,0.0629950929692717));
#5608=CARTESIAN_POINT('',(-0.00471143552319134,-0.00329898266912758,0.0835329604128802));
#5609=CARTESIAN_POINT('',(0.,0.,0.0685282542940548));
#5610=CARTESIAN_POINT('',(-0.0339741048773409,-0.00599055133529425,0.0685282542940548));
#5611=CARTESIAN_POINT('',(-0.0282592794157434,-0.019787360471278,0.0685282542940548));
#5612=CARTESIAN_POINT('',(-0.00471143552319134,-0.00329898266912758,0.0835329604128802));
#5613=CARTESIAN_POINT('',(0.,0.,0.0742342975352887));
#5614=CARTESIAN_POINT('',(-0.034558526179783,-0.00609360057901558,0.0742342975352887));
#5615=CARTESIAN_POINT('',(-0.0287453945008017,-0.0201277419182732,0.0742342975352887));
#5616=CARTESIAN_POINT('',(-0.00471143552319134,-0.00329898266912758,0.0835329604128802));
#5617=CARTESIAN_POINT('',(0.,0.,0.0799607952436085));
#5618=CARTESIAN_POINT('',(-0.0342197739665863,-0.00603386942405431,0.0799607952436085));
#5619=CARTESIAN_POINT('',(-0.0284636242089871,-0.0199304442359011,0.0799607952436085));
#5620=CARTESIAN_POINT('',(-0.00471143552319134,-0.00329898266912758,0.0835329604128802));
#5621=CARTESIAN_POINT('',(-0.00566422102392879,-0.000998754991214773,0.0835329604128802));
#5622=CARTESIAN_POINT('',(-0.00566422102392879,-0.000998754991214773,0.0835329604128802));
#5623=CARTESIAN_POINT('',(-0.00566422102392879,-0.000998754991214773,0.0835329604128802));
#5624=CARTESIAN_POINT('',(-0.00566422102392879,-0.000998754991214773,0.0835329604128802));
#5625=CARTESIAN_POINT('',(-0.00566422102392879,-0.000998754991214773,0.0835329604128802));
#5626=CARTESIAN_POINT('',(0.,0.,0.0118762750464971));
#5627=CARTESIAN_POINT('',(0.,0.,0.11250999866702));
#5628=CARTESIAN_POINT('',(-0.015,0.,0.11250999866702));
#5629=CARTESIAN_POINT('',(3.51489030399472E-19,8.48569584215775E-19,0.113));
#5630=CARTESIAN_POINT('',(0.0138581929876693,-0.00574025148547635,0.113));
#5631=CARTESIAN_POINT('',(-0.0350012301733151,0.0144979842375295,0.0591490395112746));
#5632=CARTESIAN_POINT('',(-0.0281540852170838,-0.0253500521929683,0.0591490395112746));
#5633=CARTESIAN_POINT('',(-0.0378331383841847,-0.00198275076602313,0.0591490395112746));
#5634=CARTESIAN_POINT('',(7.02978060798945E-19,1.69713916843155E-18,0.113));
#5635=CARTESIAN_POINT('',(7.02978060798945E-19,1.69713916843155E-18,0.105908019557921));
#5636=CARTESIAN_POINT('',(-0.0277163859753386,0.0114805029709527,0.105908019557921));
#5637=CARTESIAN_POINT('',(7.02978060798945E-19,1.69713916843155E-18,0.113));
#5638=CARTESIAN_POINT('',(0.0277163859753386,-0.0114805029709527,0.113));
#5639=CARTESIAN_POINT('',(0.,0.,0.113));
#5640=CARTESIAN_POINT('',(-0.0221731087802709,0.00918440237676216,0.113));
#5641=CARTESIAN_POINT('',(-0.0207410955048784,0.00859124305659627,0.113));
#5642=CARTESIAN_POINT('',(0.00918440237676216,0.0221731087802709,0.113));
#5643=CARTESIAN_POINT('',(0.0106164156521547,0.021579949460105,0.113));
#5644=CARTESIAN_POINT('',(0.0221731087802709,-0.00918440237676217,0.113));
#5645=CARTESIAN_POINT('',(0.0236051220556634,-0.00977756169692806,0.113));
#5646=CARTESIAN_POINT('',(-0.00918440237676217,-0.0221731087802709,0.113));
#5647=CARTESIAN_POINT('',(-0.00775238910136968,-0.0227662681004368,0.113));
#5648=CARTESIAN_POINT('',(7.61270869160358E-17,-3.15328718645774E-17,0.103));
#5649=CARTESIAN_POINT('',(7.61270869160358E-17,-3.15328718645774E-17,0.10396933985264));
#5650=CARTESIAN_POINT('',(-0.0275411041282152,0.0114078988526364,0.10396933985264));
#5651=CARTESIAN_POINT('',(3.84150324884174E-17,-1.4917866348073E-17,0.105908019557921));
#5652=CARTESIAN_POINT('',(-0.00918440237676217,-0.0221731087802709,-0.0183352146665186));
#5653=CARTESIAN_POINT('',(-0.00918440237676217,-0.0221731087802709,0.108));
#5654=CARTESIAN_POINT('',(-0.00775238910136968,-0.0227662681004368,0.108));
#5655=CARTESIAN_POINT('',(0.0221731087802709,-0.00918440237676217,-0.0183352146665186));
#5656=CARTESIAN_POINT('',(0.0221731087802709,-0.00918440237676217,0.108));
#5657=CARTESIAN_POINT('',(0.0236051220556634,-0.00977756169692806,0.108));
#5658=CARTESIAN_POINT('',(0.00918440237676216,0.0221731087802709,-0.0183352146665186));
#5659=CARTESIAN_POINT('',(0.00918440237676216,0.0221731087802709,0.108));
#5660=CARTESIAN_POINT('',(0.0106164156521547,0.021579949460105,0.108));
#5661=CARTESIAN_POINT('',(-0.0221731087802709,0.00918440237676216,-0.0183352146665186));
#5662=CARTESIAN_POINT('',(-0.0221731087802709,0.00918440237676216,0.108));
#5663=CARTESIAN_POINT('',(-0.0207410955048784,0.00859124305659627,0.108));
#5664=CARTESIAN_POINT('',(-0.0221731087802709,0.00918440237676216,0.083));
#5665=CARTESIAN_POINT('',(-0.0221731087802709,0.00918440237676216,0.108));
#5666=CARTESIAN_POINT('',(-0.019401470182737,0.00803635207966689,0.108));
#5667=CARTESIAN_POINT('',(0.,0.,0.108));
#5668=CARTESIAN_POINT('',(0.00918440237676216,0.0221731087802709,0.083));
#5669=CARTESIAN_POINT('',(0.00918440237676216,0.0221731087802709,0.108));
#5670=CARTESIAN_POINT('',(0.011956040974296,0.0210250584831756,0.108));
#5671=CARTESIAN_POINT('',(0.,0.,0.108));
#5672=CARTESIAN_POINT('',(0.0221731087802709,-0.00918440237676217,0.083));
#5673=CARTESIAN_POINT('',(0.0221731087802709,-0.00918440237676217,0.108));
#5674=CARTESIAN_POINT('',(0.0249447473778048,-0.0103324526738574,0.108));
#5675=CARTESIAN_POINT('',(0.,0.,0.108));
#5676=CARTESIAN_POINT('',(-0.00918440237676217,-0.0221731087802709,0.083));
#5677=CARTESIAN_POINT('',(-0.00918440237676217,-0.0221731087802709,0.108));
#5678=CARTESIAN_POINT('',(-0.00641276377922831,-0.0233211590773662,0.108));
#5679=CARTESIAN_POINT('',(0.,0.,0.108));
#5680=CARTESIAN_POINT('',(0.,0.,0.0799607952436085));
#5681=CARTESIAN_POINT('',(-0.0199304442359012,-0.028463624208987,0.0799607952436085));
#5682=CARTESIAN_POINT('',(-0.00603386942405432,-0.0342197739665863,0.0799607952436085));
#5683=CARTESIAN_POINT('',(-0.00329898266912758,-0.00471143552319133,0.0835329604128802));
#5684=CARTESIAN_POINT('',(-0.000998754991214776,-0.00566422102392879,0.0835329604128802));
#5685=CARTESIAN_POINT('',(0.,0.,0.0855547735626008));
#5686=CARTESIAN_POINT('',(-0.0192007379034096,-0.0274214955647322,0.0855547735626008));
#5687=CARTESIAN_POINT('',(-0.00581295348881248,-0.0329668974393855,0.0855547735626008));
#5688=CARTESIAN_POINT('',(-0.00329898266912758,-0.00471143552319133,0.0835329604128802));
#5689=CARTESIAN_POINT('',(-0.000998754991214776,-0.00566422102392879,0.0835329604128802));
#5690=CARTESIAN_POINT('',(0.,0.,0.0629950929692717));
#5691=CARTESIAN_POINT('',(-0.0189183926188195,-0.0270182647093317,0.0629950929692717));
#5692=CARTESIAN_POINT('',(-0.00572747448194491,-0.0324821219017785,0.0629950929692717));
#5693=CARTESIAN_POINT('',(-0.00329898266912758,-0.00471143552319133,0.0835329604128802));
#5694=CARTESIAN_POINT('',(-0.000998754991214776,-0.00566422102392879,0.0835329604128802));
#5695=CARTESIAN_POINT('',(0.,0.,0.0685282542940548));
#5696=CARTESIAN_POINT('',(-0.019787360471278,-0.0282592794157434,0.0685282542940548));
#5697=CARTESIAN_POINT('',(-0.00599055133529426,-0.0339741048773409,0.0685282542940548));
#5698=CARTESIAN_POINT('',(-0.00329898266912758,-0.00471143552319133,0.0835329604128802));
#5699=CARTESIAN_POINT('',(-0.000998754991214776,-0.00566422102392879,0.0835329604128802));
#5700=CARTESIAN_POINT('',(0.,0.,0.0742342975352887));
#5701=CARTESIAN_POINT('',(-0.0201277419182733,-0.0287453945008016,0.0742342975352887));
#5702=CARTESIAN_POINT('',(-0.0060936005790156,-0.034558526179783,0.0742342975352887));
#5703=CARTESIAN_POINT('',(-0.00329898266912758,-0.00471143552319133,0.0835329604128802));
#5704=CARTESIAN_POINT('',(-0.000998754991214776,-0.00566422102392879,0.0835329604128802));
#5705=CARTESIAN_POINT('',(0.,0.,0.0908509604887254));
#5706=CARTESIAN_POINT('',(-0.0338921626901558,0.0017762129816906,0.0916435085131617));
#5707=CARTESIAN_POINT('',(-0.0338921626901558,-0.00177621298169063,0.0916435085131617));
#5708=CARTESIAN_POINT('',(0.00527054661318729,-0.000276217643604899,0.0118762750464971));
#5709=CARTESIAN_POINT('',(0.00527054661318729,0.000276217643604903,0.0118762750464971));
#5710=CARTESIAN_POINT('',(0.,0.,0.0908509604887254));
#5711=CARTESIAN_POINT('',(-0.0227094058231018,0.0252213503114719,0.0916435085131617));
#5712=CARTESIAN_POINT('',(-0.0252213503114719,0.0227094058231018,0.0916435085131617));
#5713=CARTESIAN_POINT('',(0.00353152388186813,-0.00392215461962092,0.0118762750464971));
#5714=CARTESIAN_POINT('',(0.00392215461962092,-0.00353152388186813,0.0118762750464971));
#5715=CARTESIAN_POINT('',(0.,0.,0.0908509604887254));
#5716=CARTESIAN_POINT('',(0.0017762129816906,0.0338921626901558,0.0916435085131617));
#5717=CARTESIAN_POINT('',(-0.00177621298169063,0.0338921626901558,0.0916435085131617));
#5718=CARTESIAN_POINT('',(-0.000276217643604899,-0.00527054661318729,0.0118762750464971));
#5719=CARTESIAN_POINT('',(0.000276217643604903,-0.00527054661318729,0.0118762750464971));
#5720=CARTESIAN_POINT('',(0.,0.,0.0908509604887254));
#5721=CARTESIAN_POINT('',(0.0252213503114719,0.0227094058231018,0.0916435085131617));
#5722=CARTESIAN_POINT('',(0.0227094058231018,0.0252213503114719,0.0916435085131617));
#5723=CARTESIAN_POINT('',(-0.00392215461962092,-0.00353152388186813,0.0118762750464971));
#5724=CARTESIAN_POINT('',(-0.00353152388186813,-0.00392215461962092,0.0118762750464971));
#5725=CARTESIAN_POINT('',(0.,0.,0.0908509604887254));
#5726=CARTESIAN_POINT('',(0.0338921626901558,-0.0017762129816906,0.0916435085131617));
#5727=CARTESIAN_POINT('',(0.0338921626901558,0.00177621298169063,0.0916435085131617));
#5728=CARTESIAN_POINT('',(-0.00527054661318729,0.000276217643604898,0.0118762750464971));
#5729=CARTESIAN_POINT('',(-0.00527054661318729,-0.000276217643604904,0.0118762750464971));
#5730=CARTESIAN_POINT('',(0.,0.,0.0908509604887254));
#5731=CARTESIAN_POINT('',(0.0227094058231018,-0.0252213503114719,0.0916435085131617));
#5732=CARTESIAN_POINT('',(0.0252213503114719,-0.0227094058231018,0.0916435085131617));
#5733=CARTESIAN_POINT('',(-0.00353152388186813,0.00392215461962092,0.0118762750464971));
#5734=CARTESIAN_POINT('',(-0.00392215461962092,0.00353152388186813,0.0118762750464971));
#5735=CARTESIAN_POINT('',(0.,0.,0.0908509604887254));
#5736=CARTESIAN_POINT('',(-0.0017762129816906,-0.0338921626901558,0.0916435085131617));
#5737=CARTESIAN_POINT('',(0.00177621298169064,-0.0338921626901558,0.0916435085131617));
#5738=CARTESIAN_POINT('',(0.000276217643604898,0.00527054661318729,0.0118762750464971));
#5739=CARTESIAN_POINT('',(-0.000276217643604904,0.00527054661318729,0.0118762750464971));
#5740=CARTESIAN_POINT('',(0.,0.,0.0908509604887254));
#5741=CARTESIAN_POINT('',(-0.0252213503114719,-0.0227094058231018,0.0916435085131617));
#5742=CARTESIAN_POINT('',(-0.0227094058231018,-0.0252213503114719,0.0916435085131617));
#5743=CARTESIAN_POINT('',(0.00392215461962092,0.00353152388186813,0.0118762750464971));
#5744=CARTESIAN_POINT('',(0.00353152388186813,0.00392215461962092,0.0118762750464971));
#5745=CARTESIAN_POINT('',(0.,0.,0.11250999866702));
#5746=MECHANICAL_DESIGN_GEOMETRIC_PRESENTATION_REPRESENTATION('',(#3032),
#5747);
#5747=(
GEOMETRIC_REPRESENTATION_CONTEXT(3)
GLOBAL_UNCERTAINTY_ASSIGNED_CONTEXT((#5748))
GLOBAL_UNIT_ASSIGNED_CONTEXT((#5751,#5750,#5749))
REPRESENTATION_CONTEXT('Fixing','TOP_LEVEL_ASSEMBLY_PART')
);
#5748=UNCERTAINTY_MEASURE_WITH_UNIT(LENGTH_MEASURE(2.E-5),#5751,
'DISTANCE_ACCURACY_VALUE','Maximum Tolerance applied to model');
#5749=(
NAMED_UNIT(*)
SI_UNIT($,.STERADIAN.)
SOLID_ANGLE_UNIT()
);
#5750=(
NAMED_UNIT(*)
PLANE_ANGLE_UNIT()
SI_UNIT($,.RADIAN.)
);
#5751=(
LENGTH_UNIT()
NAMED_UNIT(*)
SI_UNIT($,.METRE.)
);
#5752=PRODUCT_DEFINITION_SHAPE('','',#5753);
#5753=PRODUCT_DEFINITION('','',#5755,#5754);
#5754=PRODUCT_DEFINITION_CONTEXT('',#5761,'design');
#5755=PRODUCT_DEFINITION_FORMATION_WITH_SPECIFIED_SOURCE('','',#5757,
 .NOT_KNOWN.);
#5756=PRODUCT_RELATED_PRODUCT_CATEGORY('','',(#5757));
#5757=PRODUCT('Fixing','Fixing','Fixing',(#5759));
#5758=PRODUCT_CATEGORY('','');
#5759=PRODUCT_CONTEXT('',#5761,'mechanical');
#5760=APPLICATION_PROTOCOL_DEFINITION('international standard',
'ap242_managed_model_based_3d_engineering',2020,#5761);
#5761=APPLICATION_CONTEXT('managed model based 3d engineering');
ENDSEC;
END-ISO-10303-21;
